,author,body,created,created_utc,permalink,subreddit
0,sweetjoe221,!new,1572770012.0,1572741212.0,/r/soccer/comments/dqmt6n/aston_villa_11_liverpool_robertson/f69fjee/,soccer
1,sweetjoe221,We say football,1571733110.0,1571704310.0,/r/offmychest/comments/dkxxfy/i_feel_fucking_awsome/f4ongvp/,offmychest
2,sweetjoe221,I might be available for your Paris visit,1571438086.0,1571409286.0,/r/solotravel/comments/dhb9iy/general_chattermeetup_thread_week_of_october_13/f46imcz/,solotravel
3,sweetjoe221,"Yeah but if you want to stay for an extended period of time, you still need a visa",1564378155.0,1564349355.0,/r/privacy/comments/ciq2d1/us_visa_application_state_department_now_requires/evajmht/,privacy
4,sweetjoe221,Where does it say so in the article?,1564350666.0,1564321866.0,/r/privacy/comments/ciq2d1/us_visa_application_state_department_now_requires/ev9hil5/,privacy
6,sweetjoe221,How does it compare with Carla?,1562432797.0,1562403997.0,/r/SelfDrivingCars/comments/c5pfrc/microsoft_airsim_now_available_on_unity/et1u9vp/,SelfDrivingCars
0,sweetjoe221,Google Keep syncs reminders despite having the sync option OFF. ,1561239515.0,1561210715.0,/r/privacy/comments/c3pssy/google_keep_syncs_reminders_despite_having_the/,privacy
1,sweetjoe221,Google Keep syncs reminders despite having sync option OFF !. [removed],1561230213.0,1561201413.0,/r/Android/comments/c3of8i/google_keep_syncs_reminders_despite_having_sync/,Android
7,sweetjoe221,"In my case, the problem was a factory-installed Acer firefox.

Adwcleaner is a good tool tho",1560790331.0,1560761531.0,/r/firefox/comments/c1ci24/my_firefox_homepage_has_been_replaced_by_the_msn/erdwgnz/,firefox
8,sweetjoe221,Thanks ! Shady from acer. I guess i'll uninstall and reinstall a clean firefox version !,1560790095.0,1560761295.0,/r/firefox/comments/c1ci24/my_firefox_homepage_has_been_replaced_by_the_msn/erdwbv8/,firefox
9,sweetjoe221,Not a firefox extension at least. I only use well recommended addons.,1560757468.0,1560728668.0,/r/firefox/comments/c1ci24/my_firefox_homepage_has_been_replaced_by_the_msn/erd26cf/,firefox
10,sweetjoe221,Thanks i'll check this out.,1560744171.0,1560715371.0,/r/firefox/comments/c1ci24/my_firefox_homepage_has_been_replaced_by_the_msn/erclhyx/,firefox
11,sweetjoe221,"New tabs is set to the same yes, however it works as expected.",1560743506.0,1560714706.0,/r/firefox/comments/c1ci24/my_firefox_homepage_has_been_replaced_by_the_msn/erckmmf/,firefox
12,sweetjoe221,yeah but it doesn't solve the issue of why the page was hijacked,1560740384.0,1560711584.0,/r/firefox/comments/c1ci24/my_firefox_homepage_has_been_replaced_by_the_msn/ercgkv9/,firefox
13,sweetjoe221,Firefox Home (Default),1560740335.0,1560711535.0,/r/firefox/comments/c1ci24/my_firefox_homepage_has_been_replaced_by_the_msn/ercgij6/,firefox
2,sweetjoe221,"My firefox homepage has been replaced by the msn portal. How do I get everything back to normal ?. Whenever I click on the Firefox Home Page button I go to this page instead : https://www.msn.com/fr-fr/?cobrand=acer15.msn.com&ocid=ACERDHP15&pc=ACTE

I have run Malwarebytes and it didn't find anything. I also tried to refresh Firefox (https://support.mozilla.org/en-US/kb/refresh-firefox-reset-add-ons-and-settings) 

My settings in Firefox : https://imgur.com/a/lkBogjx
(New tab works as expected)

I don't have Msn installed and I suppose it must come from some preinstalled garbage from the Laptop manufacturer. 

The recent software updates include Microsoft Office and Freetube.

Does anyone have a clue on what I should do ?

Edit : Solved ! Thanks to u/okradonkey ! It appears the problem was caused by a factory installed Acer program.

In about:config , the browser.startup.homepage value should be set to about:home !",1560735166.0,1560706366.0,/r/firefox/comments/c1ci24/my_firefox_homepage_has_been_replaced_by_the_msn/,firefox
14,sweetjoe221,"Well thats disappointing. The udacity couse felt quite complete.

Between the udacity and the coursera one, which one would you recommend?",1559411389.0,1559382589.0,/r/SelfDrivingCars/comments/bv9i1a/how_do_you_rank_the_coursera_specialization_about/eppk0tw/,SelfDrivingCars
3,sweetjoe221,"How do you rank the coursera specialization about self driving cars compared to the nanodegree from Udacity ?. The udacity one seems a lot more expensive. ($2000 compared to $300)

How about on the technical side ? Which one would you recommend ? Did anyone take any of these courses? Is a job guaranteed with the Udacity one?

The coursera doesn't seem to use C++ at all.",1559348022.0,1559319222.0,/r/SelfDrivingCars/comments/bv9i1a/how_do_you_rank_the_coursera_specialization_about/,SelfDrivingCars
15,sweetjoe221,Extras,1557285230.0,1557256430.0,/r/LiverpoolFC/comments/blumuu/match_thread_liverpool_vs_barcelona_uefa/emrjb49/,LiverpoolFC
16,sweetjoe221,Where did you see that Network Analyzer was opensource ?,1555197757.0,1555168957.0,/r/privacy/comments/b9vgds/does_anyone_have_any_first_hand_experience_with/eksuzwt/,privacy
17,sweetjoe221,Nice one ! I'll check the link,1555110405.0,1555081605.0,/r/AskProgramming/comments/bcdxjb/what_ressources_would_you_recommend_to_learn_deep/ekpz0r6/,AskProgramming
4,sweetjoe221,What ressources would you recommend to learn deep learning from? I'm currently considering cs231 or the deep learning package from deeplearning.ai.. ,1555106650.0,1555077850.0,/r/AskProgramming/comments/bcdxjb/what_ressources_would_you_recommend_to_learn_deep/,AskProgramming
18,sweetjoe221,Username nearly checks out,1554873114.0,1554844314.0,/r/soccer/comments/bb5x7r/drinkwater_charged_with_drink_driving/eki0muq/,soccer
19,sweetjoe221,He plays football like rocket league player ,1554697330.0,1554668530.0,/r/soccer/comments/bak3po/choupomoting_goal_line_clearance_on_nkunkus_chip/ekc681u/,soccer
20,sweetjoe221,So would you recommend Network analyzer (oprn source) over Fing ? ,1554585430.0,1554556630.0,/r/privacy/comments/b9z6uz/airbnb_guest_found_hidden_surveillance_camera_by/ek8u571/,privacy
21,sweetjoe221,Isn't that a concern for a privacy sub ?,1554583350.0,1554554550.0,/r/privacy/comments/b9z6uz/airbnb_guest_found_hidden_surveillance_camera_by/ek8sdcs/,privacy
22,sweetjoe221,Ariana Grande ( ͡° ͜ʖ ͡°),1553926862.0,1553898062.0,/r/AskReddit/comments/b73jj6/if_you_could_remote_control_one_person_who_would/ejoznzd/,AskReddit
23,sweetjoe221,All the people clapping like maniacs are fucking dumb,1553591962.0,1553563162.0,/r/CryptoCurrency/comments/b5himz/apple_is_launching_a_credit_card_with_no_fees/ejdv7nn/,CryptoCurrency
24,sweetjoe221,Redditors have no jobs,1553503421.0,1553474621.0,/r/AskReddit/comments/b53tua/what_is_the_weirdest_thing_that_has_happened_at/ejb0rwi/,AskReddit
25,sweetjoe221,She's hot. I'm not.,1553503275.0,1553474475.0,/r/AskReddit/comments/b53uj4/why_arent_you_dating_your_crush_right_now/ejb0l92/,AskReddit
26,sweetjoe221,Nope ?,1553503116.0,1553474316.0,/r/mildlyinteresting/comments/b53v3o/my_chicken_tender_looks_like_the_millennium_falcon/ejb0dvv/,mildlyinteresting
27,sweetjoe221,"I don't want to ruin the mood, but I believe the phone number from a text message can be spoofed. So doublecheck the phonenumber",1552992919.0,1552964119.0,/r/RBI/comments/b2l6uy/my_little_sister_has_an_online_stalker_and_i_need/eiunnsg/,RBI
28,sweetjoe221,"I don't see it as a youtube replacement app but as a youtube player. Unique features : soundcloud integration, ability to track channels without a google account, design / user experience. A lot of the features are the same in the end, I do agree",1552946628.0,1552917828.0,/r/Android/comments/b1re1s/saturday_appreciation_mar_16_2019_your_weekly_app/eisw59z/,Android
29,sweetjoe221,Newpipe has some unique features too. So you're saying vanced has no issues ever ? Rubbish,1552906871.0,1552878071.0,/r/Android/comments/b1re1s/saturday_appreciation_mar_16_2019_your_weekly_app/eis0i34/,Android
30,sweetjoe221,Did you find a solution ? ,1552862916.0,1552834116.0,/r/RelayForReddit/comments/ab3sqy/gfycat_links_dont_load_with_an_adblocking_hosts/eiqesqt/,RelayForReddit
31,sweetjoe221,Rename r/soccer to r/football,1552820302.0,1552791502.0,/r/AskReddit/comments/b1sput/youre_now_ceo_of_reddit_what_would_you_change/eipgmpv/,AskReddit
32,sweetjoe221,It is in beta. It will improve,1552805270.0,1552776470.0,/r/Android/comments/b1re1s/saturday_appreciation_mar_16_2019_your_weekly_app/eioyddm/,Android
33,sweetjoe221,"Top left (left of Trending), you press. You should now see the left side panel. Press on youtube and you can switch it to soundcloud here",1552783215.0,1552754415.0,/r/Android/comments/b1re1s/saturday_appreciation_mar_16_2019_your_weekly_app/eio5x21/,Android
34,sweetjoe221,True true,1552781290.0,1552752490.0,/r/Android/comments/b1re1s/saturday_appreciation_mar_16_2019_your_weekly_app/eio39at/,Android
35,sweetjoe221,"Newpipe too, you can subscribe to channels without a google account. Quite handy",1552778752.0,1552749952.0,/r/Android/comments/b1re1s/saturday_appreciation_mar_16_2019_your_weekly_app/einzu89/,Android
36,sweetjoe221,"Dns66 received an update recently. Yeah true true

Oh okay. Newpipe also has a soundcloud client in beta i think. Tbh i prefer the design of newpipe over the youtube app. ",1552777901.0,1552749101.0,/r/Android/comments/b1re1s/saturday_appreciation_mar_16_2019_your_weekly_app/einypo6/,Android
37,sweetjoe221,Relay for reddit and shuttle for music,1552775908.0,1552747108.0,/r/Android/comments/b1re1s/saturday_appreciation_mar_16_2019_your_weekly_app/einw732/,Android
38,sweetjoe221,"Why does blokada get always recommended over dns66? 

Same with youtube vanced over newpipe?",1552775836.0,1552747036.0,/r/Android/comments/b1re1s/saturday_appreciation_mar_16_2019_your_weekly_app/einw3qv/,Android
39,sweetjoe221,It seems like i didnt receive it :( do you mind sending it back ? Thanks  ,1552182120.0,1552153320.0,/r/Piracy/comments/az53kz/what_websites_do_you_use_to_find_real_debrid/ei5h5m7/,Piracy
5,sweetjoe221,What websites do you use to find real debrid movies and tv show links?. [removed],1552177308.0,1552148508.0,/r/Piracy/comments/az53kz/what_websites_do_you_use_to_find_real_debrid/,Piracy
40,sweetjoe221,You have the humblebundle syndrome,1551515805.0,1551487005.0,/r/books/comments/aw4vee/im_worried_that_im_starting_to_enjoy_buying_books/ehlf9ma/,books
41,sweetjoe221,What a shit game,1551051707.0,1551022907.0,/r/LiverpoolFC/comments/au83xp/match_thread_manchester_united_vs_liverpool/eh6foq5/,LiverpoolFC
42,sweetjoe221,"Boring half ... apart the cube and Trent, no one is good on direct freekicks",1551049139.0,1551020339.0,/r/LiverpoolFC/comments/au8nev/halftime_thoughts_mun_0_0_liv/eh6cnd6/,LiverpoolFC
43,sweetjoe221,Not bad but can do better,1549368459.0,1549339659.0,/r/worldnews/comments/an9444/in_45_years_we_have_killed_60_of_earths_wildlife/efrw9q1/,worldnews
44,sweetjoe221,Mariano is ready for rocket league,1549258339.0,1549229539.0,/r/soccer/comments/amu8u7/mariano_first_touch_vs_alaves/efol8q1/,soccer
45,sweetjoe221,I was talking about 'search' feature. But i emptied cache now and it works so all good,1548311209.0,1548282409.0,/r/Addons4Kodi/comments/aij6a4/13clowns_recently_updated_and_scraping/eessv68/,Addons4Kodi
46,sweetjoe221,"For me, one word searches works but not multiple words 😑",1548286159.0,1548257359.0,/r/Addons4Kodi/comments/afu6er/13_clowns_search_funk/eerrray/,Addons4Kodi
6,sweetjoe221,"13 clown search question. Hello, 

I have a small question concerning the search function of 13 clowns.

When I search with one word for tv shows, it works. If i have multiple words, the search doesn't display any results. Is that normal behaviour or ?

Edit : cleared cache and works perfectly again",1548286090.0,1548257290.0,/r/Addons4Kodi/comments/aj0sew/13_clown_search_question/,Addons4Kodi
47,sweetjoe221,Did u manage to find a fix ?,1548285781.0,1548256981.0,/r/Addons4Kodi/comments/afu6er/13_clowns_search_funk/eerr8yp/,Addons4Kodi
48,sweetjoe221,Do you also have a problem for searching tv shows ?,1548283890.0,1548255090.0,/r/Addons4Kodi/comments/aij6a4/13clowns_recently_updated_and_scraping/eeros1v/,Addons4Kodi
7,sweetjoe221,"What do you all think of the ultrascope project? (In terms of design, cost compared to the quality of the observations you'll make, ... ). ",1547986140.0,1547957340.0,/r/space/comments/ahu26q/what_do_you_all_think_of_the_ultrascope_project/,space
50,sweetjoe221,Piers Morgan,1547721560.0,1547692760.0,/r/AskReddit/comments/agnh1o/what_exists_for_the_sole_purpose_of_pissing/ee8ub3e/,AskReddit
51,sweetjoe221,Okay avast updated itself and everything is back to normal now. ,1547419837.0,1547391037.0,/r/avast/comments/adkiky/avast_scans_are_not_showing_up_in_the_context/edz5oia/,avast
8,sweetjoe221,Mo Salah dancing and having a good time. ,1547067061.0,1547038261.0,/r/LiverpoolFC/comments/ae6j0t/mo_salah_dancing_and_having_a_good_time/,LiverpoolFC
52,sweetjoe221,"I'll try that, thanks for the tip",1546922014.0,1546893214.0,/r/avast/comments/adkiky/avast_scans_are_not_showing_up_in_the_context/edi53e8/,avast
9,sweetjoe221,"Avast scans are not showing up in the context menu ? (When I right click on a file, no option to scan it). I can't figure out how to fix this. Is my only option to uninstall reinstall?... ",1546914295.0,1546885495.0,/r/avast/comments/adkiky/avast_scans_are_not_showing_up_in_the_context/,avast
53,sweetjoe221,Wheres the ai in that,1546601448.0,1546572648.0,/r/philosophy/comments/ac4fo9/nous_a_new_podcast_tackling_deep_questions_about/ed76ksv/,philosophy
54,sweetjoe221,Aww can we know more about what you do?,1546598665.0,1546569865.0,/r/philosophy/comments/ac4fo9/nous_a_new_podcast_tackling_deep_questions_about/ed73cwb/,philosophy
55,sweetjoe221,Ah connaissait pas du tout ,1546402570.0,1546373770.0,/r/france/comments/abfpgg/forum_libre_20190101/ed165nn/,france
56,sweetjoe221,"Salut Air France ! 

C'est quoi les sites à la mode pour le téléchargement en Direct Download maintenant ? Je me suis arreter avec zone-telechargement .. ",1546385477.0,1546356677.0,/r/france/comments/abfpgg/forum_libre_20190101/ed0k7ec/,france
57,sweetjoe221,Does anyone know when oneplus chargers will be available again for the EU?,1546307235.0,1546278435.0,/r/oneplus/comments/ab7fix/moronic_monday_december_31_2018_your_weekly/ecyggy0/,oneplus
58,sweetjoe221,"Bring on Sturridge, lallana and / or keita",1546138308.0,1546109508.0,/r/LiverpoolFC/comments/aamzc3/matchthread_liverpool_vs_arsenal/ectfz7b/,LiverpoolFC
59,sweetjoe221,HT opinion : Arsenal is shit,1546136438.0,1546107638.0,/r/LiverpoolFC/comments/aamzc3/matchthread_liverpool_vs_arsenal/ectdmpg/,LiverpoolFC
60,sweetjoe221,How the hell do they manage this ?,1543217387.0,1543188587.0,/r/privacy/comments/a0dnu2/to_demonstrate_nso_asked_the_saudi_dep_intel/eagvl94/,privacy
10,sweetjoe221,"To demonstrate, NSO asked the Saudi dep. intel chief Qahtani to go to a nearby mall, buy an iPhone and give them its number. They showed how this was enough to hack into the new phone and record and photograph the participants in the meeting. ",1543217302.0,1543188502.0,/r/privacy/comments/a0dnu2/to_demonstrate_nso_asked_the_saudi_dep_intel/,privacy
61,sweetjoe221,What happened to placenta? :(,1543046155.0,1543017355.0,/r/Addons4Kodi/comments/9tasx5/requests_recommendations_basics_november_2018/eabvv5p/,Addons4Kodi
62,sweetjoe221,"True, if big.",1542175428.0,1542146628.0,/r/aww/comments/9wrzsi/i_met_an_icelandic_girl_doing_the_laugavegur_hike/e9n6rmg/,aww
63,sweetjoe221,Relay for reddit ,1540858006.0,1540829206.0,/r/oneplus/comments/9s870a/must_have_apps/e8o3o70/,oneplus
64,sweetjoe221,"Shit game. You're not missing much. 

I think maybe one shot on target for both sides",1538958480.0,1538929680.0,/r/LiverpoolFC/comments/9m5x7m/match_thread_liverpool_vs_man_city/e7c7n9s/,LiverpoolFC
65,sweetjoe221,Bring Sturridge on and put some balls in the box. ( ͡° ͜ʖ ͡°),1538958334.0,1538929534.0,/r/LiverpoolFC/comments/9m5x7m/match_thread_liverpool_vs_man_city/e7c7hgw/,LiverpoolFC
66,sweetjoe221,"Maybe we should start shooting from distance, cus man this half was boring as hell.",1538958084.0,1538929284.0,/r/LiverpoolFC/comments/9m5x7m/match_thread_liverpool_vs_man_city/e7c77dr/,LiverpoolFC
67,sweetjoe221,Tactical game ... Aka boring boring boring,1538957987.0,1538929187.0,/r/LiverpoolFC/comments/9m5x7m/match_thread_liverpool_vs_man_city/e7c73jr/,LiverpoolFC
68,sweetjoe221,Change of system. And to bring more physicality in the game,1538271423.0,1538242623.0,/r/LiverpoolFC/comments/9jya01/match_thread_chelsea_fc_vs_liverpool_premier/e6v2zsw/,LiverpoolFC
69,sweetjoe221,"I'd bring keita for gini. 

The cube for mane. Probably need to densify midfield and change shape",1538270638.0,1538241838.0,/r/LiverpoolFC/comments/9jya01/match_thread_chelsea_fc_vs_liverpool_premier/e6v247c/,LiverpoolFC
70,sweetjoe221,"Impressed by Gomez. Calm, composed, quick",1538270495.0,1538241695.0,/r/LiverpoolFC/comments/9jya01/match_thread_chelsea_fc_vs_liverpool_premier/e6v1ycg/,LiverpoolFC
71,sweetjoe221,"Chelsea doesn't seem affected by our pressing as much as other teams.

Our finishing needs improving... 

Chelsea dominating midfield.",1538270355.0,1538241555.0,/r/LiverpoolFC/comments/9jya01/match_thread_chelsea_fc_vs_liverpool_premier/e6v1snv/,LiverpoolFC
72,sweetjoe221,Didnt they partner with qwant just recently?,1537969279.0,1537940479.0,/r/ethtrader/comments/9ix3s6/yahoo_news_bat_taking_on_chrome_user_numbers/e6nn8pf/,ethtrader
73,sweetjoe221,Im starting to think that its the steam update that messed it up,1536362126.0,1536333326.0,/r/RocketLeague/comments/9b40h9/game_minimizes_every_couple_minutes/e5k5qv2/,RocketLeague
74,sweetjoe221,Same for me,1536199303.0,1536170503.0,/r/RocketLeague/comments/9c1p2m/huge_bug_rocket_league_keep_doing_back_windows/e5g47vz/,RocketLeague
75,sweetjoe221,Did you manage to fix the problem?,1536198344.0,1536169544.0,/r/RocketLeague/comments/9c81lx/anyone_else_having_the_game_minimize_randomly/e5g31tf/,RocketLeague
76,sweetjoe221,Hey ! Did you find a fix ?,1536198239.0,1536169439.0,/r/RocketLeague/comments/9b40h9/game_minimizes_every_couple_minutes/e5g2x7n/,RocketLeague
77,sweetjoe221,Did u find a solution?,1536198028.0,1536169228.0,/r/RocketLeague/comments/9c1p2m/huge_bug_rocket_league_keep_doing_back_windows/e5g2o61/,RocketLeague
78,sweetjoe221,Been having this too.. Its a nightmare now,1535934041.0,1535905241.0,/r/RocketLeague/comments/9c1p2m/huge_bug_rocket_league_keep_doing_back_windows/e59t17j/,RocketLeague
79,sweetjoe221,Nicee ! Thanks,1533794667.0,1533765867.0,/r/LiverpoolFC/comments/9521y8/meta_no_stupid_questions_aug_18/e3uoc0k/,LiverpoolFC
80,sweetjoe221,Even for games at 13:30 bst ?,1533713868.0,1533685068.0,/r/LiverpoolFC/comments/9521y8/meta_no_stupid_questions_aug_18/e3slgf3/,LiverpoolFC
81,sweetjoe221,"americans, what is recommended to watch the first match of the season ? Is pub an option or ? 

Edit: thanks all !",1533709630.0,1533680830.0,/r/LiverpoolFC/comments/9521y8/meta_no_stupid_questions_aug_18/e3sh0zc/,LiverpoolFC
82,sweetjoe221,"The price for a masternode is so damn appealing... 

I'm afraid about competition and real partnerships.",1533292554.0,1533263754.0,/r/CryptoMoonShots/comments/91nafw/ambrosus/e3iicbd/,CryptoMoonShots
83,sweetjoe221,"Do you know when the mainnet launch is for ? I thought it was due for July ?


Also, do you think the masternode are going to be profitable? The price keeps sinking... So i'm just wondering if there is an opportunity or if it's a warning of a future debacle ",1533274189.0,1533245389.0,/r/CryptoMoonShots/comments/91nafw/ambrosus/e3hz0bg/,CryptoMoonShots
84,sweetjoe221,"Not related, but how do you find microg ?",1532428145.0,1532399345.0,/r/privacytoolsIO/comments/917uu7/signal_should_be_removed_as_it_doesnt_work/e2x89kq/,privacytoolsIO
85,sweetjoe221,"https://www.reddit.com/r/RFIDBlockchain/comments/8ehy0w/amb_v_tefood/

I'd love some opinions on this...",1531556569.0,1531527769.0,/r/CryptoMoonShots/comments/8x63md/any_moonshots_with_upcoming_milestones/e2cnl8y/,CryptoMoonShots
86,sweetjoe221,Is it really that bad?,1528449492.0,1528420692.0,/r/AskReddit/comments/8pbya5/when_did_your_something_is_very_wrong_here/e0avwv0/,AskReddit
87,sweetjoe221,"Okay it seems to work. I did everything from the computercellar website. If you any help :)

I only lost my background pic and my taskbar layout. The rest seems fine",1527187775.0,1527158975.0,/r/windows/comments/8l86jf/can_anyone_help_me_out_here_just_done_an_update/dzhuqad/,windows
88,sweetjoe221,"I'm trying this : 
https://www.reddit.com/r/Windows10/comments/8l5vim/the_latest_update_debacle_windows_10_1803_upgrade/
",1527137406.0,1527108606.0,/r/windows/comments/8l86jf/can_anyone_help_me_out_here_just_done_an_update/dzgrgfe/,windows
89,sweetjoe221,Yes please ,1527125254.0,1527096454.0,/r/windows/comments/8l86jf/can_anyone_help_me_out_here_just_done_an_update/dzgdfx7/,windows
90,sweetjoe221,No other way out ? :(,1527125218.0,1527096418.0,/r/windows/comments/8l86jf/can_anyone_help_me_out_here_just_done_an_update/dzgdeew/,windows
91,sweetjoe221,"Injured Lallana > Fit Welbeck

Dumb decision not to take him",1526505292.0,1526476492.0,/r/LiverpoolFC/comments/8jurpe/adam_lallana_not_in_england_squad/dz2kbeu/,LiverpoolFC
92,sweetjoe221,Isn't she dating Adil Rami?,1525806641.0,1525777841.0,/r/Music/comments/8hsaue/elon_musk_is_dating_grimes/dymvlrq/,Music
93,sweetjoe221,Alexander Arnold is a bit like Lovren. Excellent most of the time but switches of from time to time....,1525321528.0,1525292728.0,/r/LiverpoolFC/comments/8gjs78/match_thread_as_roma_vs_liverpool_uefa_champions/dycesq9/,LiverpoolFC
94,sweetjoe221,Roma has been really poor. Really tells you about Barca's level.. Its a shame we couldn't play Barca. I would have loved to see Cout' face when we'd rekt them ¯\\\_(ツ)\_/¯,1525318946.0,1525290146.0,/r/LiverpoolFC/comments/8gjs78/match_thread_as_roma_vs_liverpool_uefa_champions/dycbrsc/,LiverpoolFC
95,sweetjoe221,Try r/ethtrader or r/Cryptomarkets ,1525154028.0,1525125228.0,/r/findareddit/comments/8g0cim/a_sub_like_rcryptocurrency_but_where_not_every/dy8h9pk/,findareddit
96,sweetjoe221,"Oh come on, cocks out ! Lets celebrate ! We can be that shit to concede 3 goals on the next game ¯\\\_(ツ)\_/¯",1524631303.0,1524602503.0,/r/LiverpoolFC/comments/8enqog/postmatch_thread_liverpool_vs_roma_champions/dxwmo3f/,LiverpoolFC
97,sweetjoe221,Its more us switching off defensively than them being good,1524631165.0,1524602365.0,/r/LiverpoolFC/comments/8emtwe/match_thread_liverpool_vs_as_roma_uefa_champions/dxwmi38/,LiverpoolFC
98,sweetjoe221,"The main weakness of our team is our bench. Not enough fit or experienced players available. 
But if no one gets injured, we winning this trophy ¯\\\_(ツ)\_/¯",1524627872.0,1524599072.0,/r/LiverpoolFC/comments/8emtwe/match_thread_liverpool_vs_as_roma_uefa_champions/dxwij5r/,LiverpoolFC
99,sweetjoe221,Bobby has been immense today. What a fucking player. Our little brazilian magician ( ͡° ͜ʖ ͡°),1524627649.0,1524598849.0,/r/LiverpoolFC/comments/8emtwe/match_thread_liverpool_vs_as_roma_uefa_champions/dxwi9eu/,LiverpoolFC
100,sweetjoe221,Guess i'm not gonna study tonight ...,1523418027.0,1523389227.0,/r/LiverpoolFC/comments/8ba5dc/match_thread_manchester_city_vs_liverpool_uefa/dx572yy/,LiverpoolFC
101,sweetjoe221,"Since when don't we fuck up a 3 goal advantage ? 

Anyway good game. We missed Salah in the second half but good defensive performance. We need Lallana back on the bench at least",1522903390.0,1522874590.0,/r/LiverpoolFC/comments/89t9ae/postmatch_thread_liverpool_vs_manchester_city/dwtchx3/,LiverpoolFC
102,sweetjoe221,even at 8-0 i'll be afraid of a comeback,1522899944.0,1522871144.0,/r/LiverpoolFC/comments/89sa2f/match_thread_liverpool_fc_vs_manchester_city/dwt88x7/,LiverpoolFC
103,sweetjoe221,I want barcelona in the next round. And just destroy them and see Coutinho's face ( ͡° ͜ʖ ͡°),1522899777.0,1522870977.0,/r/LiverpoolFC/comments/89sa2f/match_thread_liverpool_fc_vs_manchester_city/dwt8222/,LiverpoolFC
104,sweetjoe221,I can't even remember Coutinho ... This team is sooo good,1522899537.0,1522870737.0,/r/LiverpoolFC/comments/89sa2f/match_thread_liverpool_fc_vs_manchester_city/dwt7sdw/,LiverpoolFC
105,sweetjoe221,The Ox what a signing he's been. ,1522899499.0,1522870699.0,/r/LiverpoolFC/comments/89sa2f/match_thread_liverpool_fc_vs_manchester_city/dwt7r00/,LiverpoolFC
106,sweetjoe221,"Okay boys. I don't want to get too excited, but we're winning the champions league",1522899429.0,1522870629.0,/r/LiverpoolFC/comments/89sa2f/match_thread_liverpool_fc_vs_manchester_city/dwt7ocn/,LiverpoolFC
107,sweetjoe221,"Any reviews on 'Complete Electronics self teaching guide with projects' and 'electronics for dummies' ? 

I'm looking for books that cover this subject extensively..",1521171916.0,1521143116.0,/r/humblebundles/comments/84fgw1/humble_book_bundle_diy_electronics_by_wiley/dvr9h95/,humblebundles
108,sweetjoe221,I have no clue ¯\\\_(ツ)\_/¯,1520211978.0,1520183178.0,/r/nanocurrency/comments/81pqt2/daily_general_discussion_march_3_2018/dv66qy8/,nanocurrency
109,sweetjoe221,Cash is private and government don't mind. ,1520211922.0,1520183122.0,/r/nanocurrency/comments/81pqt2/daily_general_discussion_march_3_2018/dv66p7i/,nanocurrency
110,sweetjoe221,"Hey i had a question : nano is perfect for payments, but it lacks privacy features.


Would it be possible to have some nodes, a bit similar to Tor, to hide the sender and the receiver ? If it's possible, would it be interesting or is it a stupid idea ??",1520118708.0,1520089908.0,/r/nanocurrency/comments/81pqt2/daily_general_discussion_march_3_2018/dv4enfx/,nanocurrency
111,sweetjoe221,"Yeay i think it came preinstalled with the OS. I already uninstalled the program long time ago, but it always comes back (not the program itself). I never notice it. I only see it through malwarebytes scans.

This time i deleted the registry keys and then deleted all the files with Malwarebyted. I'll see how this works out this time

Thanks for the input !",1519947842.0,1519919042.0,/r/privacytoolsIO/comments/80yt6l/how_do_i_remove_this_amazon_crapware/dv0pfsg/,privacytoolsIO
112,sweetjoe221,That is not false. I'll move to linux when the new version is around,1519940948.0,1519912148.0,/r/privacytoolsIO/comments/80yt6l/how_do_i_remove_this_amazon_crapware/dv0j2kc/,privacytoolsIO
113,sweetjoe221,"Nope, no toolbars ",1519928511.0,1519899711.0,/r/privacytoolsIO/comments/80yt6l/how_do_i_remove_this_amazon_crapware/dv0cbuf/,privacytoolsIO
11,sweetjoe221,"How do I remove this amazon crapware ?. https://imgur.com/mz3eZLo

I keep getting these PUPs every once in a while. Every time it comes from Amazon. I remove them with Malwarebytes but it always comes back. I've got no amazon addons installed and no programms. Any ideas ? ",1519874916.0,1519846116.0,/r/privacytoolsIO/comments/80yt6l/how_do_i_remove_this_amazon_crapware/,privacytoolsIO
114,sweetjoe221,"It comes back every time after a while. 

Any ideas how to make sure it doesn't come back ? Malwarebytes removes it, but it usually comes back somehow... I don't have any amazon software on my laptop (and no firefox addons). I would love some recommendations to get rid of this !",1519874643.0,1519845843.0,/r/privacy/comments/80yqlm/how_do_i_remove_this_amazon_crapware_for_good/duz4pro/,privacy
12,sweetjoe221,How do i remove this amazon crapware for good ?. ,1519874397.0,1519845597.0,/r/privacy/comments/80yqlm/how_do_i_remove_this_amazon_crapware_for_good/,privacy
115,sweetjoe221,What about the OPX :{(((,1519587771.0,1519558971.0,/r/oneplus/comments/802crs/official_lineageos_151_builds_start_on_monday_5t/dussgko/,oneplus
116,sweetjoe221,Whats wrong with magisk??,1519281284.0,1519252484.0,/r/LineageOS/comments/7z56bw/lineage_extras_has_anyone_gotten_openweathermaps/dumduif/,LineageOS
117,sweetjoe221,All my kucoin coins have taken a huge hit :( ethereum why did i leave you ?,1517849046.0,1517820246.0,/r/ethtrader/comments/7vcvdo/daily_altcoin_discussion_february_5_2018/dtrgj8a/,ethtrader
118,sweetjoe221,What sort of apps dont work ?,1517844339.0,1517815539.0,/r/privacy/comments/7v8dr5/if_you_were_to_buy_a_new_android_smartphone/dtregf7/,privacy
119,sweetjoe221,Now is probably the worst time. Its getting listed on binance anytime soon :(,1517095928.0,1517067128.0,/r/RaiBlocks/comments/7t9w9g/has_anyone_successfully_terminated_their_account/dtbmj0k/,RaiBlocks
120,sweetjoe221,Sweet ! I'll join the Osprey family then ༼ つ ◕_◕ ༽つ,1517008438.0,1516979638.0,/r/solotravel/comments/7t2y3h/want_to_travel_around_the_world_and_dont_know/dt9vp08/,solotravel
121,sweetjoe221,Does it pass the carry on measurements when your separate the two bags ? ,1517006186.0,1516977386.0,/r/solotravel/comments/7t2y3h/want_to_travel_around_the_world_and_dont_know/dt9tou3/,solotravel
122,sweetjoe221,What's your opinion on the osprey fairpoint 55 ? ,1517002062.0,1516973262.0,/r/solotravel/comments/7t2y3h/want_to_travel_around_the_world_and_dont_know/dt9qilu/,solotravel
123,sweetjoe221,Just let us withdraw plzzzzz... ,1516859503.0,1516830703.0,/r/RaiBlocks/comments/7sqff7/update_from_bitgrail_soon_hopefully_some_good_news/dt6ruj5/,RaiBlocks
124,sweetjoe221,You have to verify to move funds out.,1516859055.0,1516830255.0,/r/ethtrader/comments/7sl6xp/daily_altcoin_discussion_january_24_2018/dt6rd7o/,ethtrader
125,sweetjoe221,"If you have funds on Bitgrail, prepare to cry :(",1516858804.0,1516830004.0,/r/ethtrader/comments/7sl6xp/daily_altcoin_discussion_january_24_2018/dt6r3pd/,ethtrader
126,sweetjoe221,"What do you all think of High Performance  Blockchain (HPB) ? 

It's apparently getting listed on Kucoin soon and has some partnerships with a massive chinese version of Mastercard. 

I haven't seen it mentioned here yet",1516575766.0,1516546966.0,/r/ethtrader/comments/7rw4ji/daily_altcoin_discussion_january_21_2018/dt0gbpi/,ethtrader
127,sweetjoe221,Seems like its the only difference,1516167321.0,1516138521.0,/r/humblebundles/comments/7qmiat/humble_book_bundle_national_parks_by_lonely_planet/dss8m9g/,humblebundles
128,sweetjoe221,Defensively very good game. Shame we conceided ,1515977634.0,1515948834.0,/r/LiverpoolFC/comments/7qcl6t/match_thread_liverpool_vs_manchester_city_english/dso4wk9/,LiverpoolFC
129,sweetjoe221,The Ox what a beast! Exactly the sort of player we needed ,1515977452.0,1515948652.0,/r/LiverpoolFC/comments/7qcl6t/match_thread_liverpool_vs_manchester_city_english/dso4qwn/,LiverpoolFC
130,sweetjoe221,I never used ED. And I thought it was better to avoid since the change of owner!?,1515467580.0,1515438780.0,/r/ethtrader/comments/7oz7ir/as_cred_hits_a_new_ath_it_enters_the_top_3_best/dsdmsx2/,ethtrader
131,sweetjoe221,Is it safe and easy to buy using a ledger ? ,1515465597.0,1515436797.0,/r/ethtrader/comments/7oz7ir/as_cred_hits_a_new_ath_it_enters_the_top_3_best/dsdktvp/,ethtrader
13,sweetjoe221,Les dangers de l'IA : on ne pourra plus chier tranquille et boucher les toilettes. ,1515194763.0,1515165963.0,/r/france/comments/7obuzh/les_dangers_de_lia_on_ne_pourra_plus_chier/,france
132,sweetjoe221,Lallana this haircut tho :(,1514853064.0,1514824264.0,/r/LiverpoolFC/comments/7nffvd/match_thread_burnley_vs_liverpool/ds1g6ux/,LiverpoolFC
133,sweetjoe221,SIR YESS SIR ! ,1514852404.0,1514823604.0,/r/LiverpoolFC/comments/7nffvd/match_thread_burnley_vs_liverpool/ds1fqjl/,LiverpoolFC
134,sweetjoe221,Imo the problem has been midfield. No way Solanke could do much better with such deliveries.. ,1514850918.0,1514822118.0,/r/LiverpoolFC/comments/7nffvd/match_thread_burnley_vs_liverpool/ds1er1q/,LiverpoolFC
135,sweetjoe221,I want Milner in asap. The midfield has been very poor. Maybe add Firmino at some point,1514850651.0,1514821851.0,/r/LiverpoolFC/comments/7nffvd/match_thread_burnley_vs_liverpool/ds1ekzo/,LiverpoolFC
14,sweetjoe221,"New features idea. What if the game had a limited number of tanks and we could just rent them out to earn profit ? 

If we have tanks getting more and more expensive it becole less and less sustainable. 
Instead we could have a number of tanks, and customize them. The winner of the battle earns some eth from the loser. 

Also, nobody could call this game a ponzi anymore ...

What do you all think?",1514799633.0,1514770833.0,/r/ethtanks/comments/7ncgpo/new_features_idea/,ethtanks
136,sweetjoe221,Is now the last time to have some cheap eth or nah ? ,1514775318.0,1514746518.0,/r/ethtrader/comments/7n987q/alpha_casper_testnet/ds07noa/,ethtrader
137,sweetjoe221,"I used it last night (3 am), to buy and withdraw, no problem at all.",1514774823.0,1514746023.0,/r/ethtrader/comments/7n6zd1/daily_general_discussion_december_31_2017/ds0779i/,ethtrader
138,sweetjoe221,Lt 2 sucks compared to the prices of tank and tank 2 :( ,1514723391.0,1514694591.0,/r/ethtanks/comments/7n4ide/daily_discussion_on_ethertanks/drzfg4p/,ethtanks
139,sweetjoe221,No thats another dapp ¯\\\_(ツ)\_/¯,1514694577.0,1514665777.0,/r/ethtrader/comments/7n0fvv/new_gameethertanks_wallet_up_from_1k_to_12k_in/dryt1o0/,ethtrader
140,sweetjoe221,They just gave all their profits to users.. I'm buying my tank once they updated their smartcontract,1514693418.0,1514664618.0,/r/ethtrader/comments/7n0twp/this_user_made_462_ether_210000_in_3_days_trading/drys36k/,ethtrader
141,sweetjoe221,Binance is quite good. Withdraw fees are a biy high tho,1514683292.0,1514654492.0,/r/CryptoCurrency/comments/7n00ly/daily_general_discussion_december_30_2017/dryjlyp/,CryptoCurrency
142,sweetjoe221,"Yeah but who doesn't like tanks ? 

Lol i want this but part of me knows i'm getting screwed",1514677535.0,1514648735.0,/r/ethtrader/comments/7n0twp/this_user_made_462_ether_210000_in_3_days_trading/dryf2pe/,ethtrader
143,sweetjoe221,Maybe you'll find some help/answers on xda ,1514632936.0,1514604136.0,/r/LineageOS/comments/7mysgi/issue_with_lineageos_141_samsung_galaxy_s7_videos/drxsyyi/,LineageOS
144,sweetjoe221,You're looking for Privacy Guard. Check out Lineage OS :),1514607317.0,1514578517.0,/r/Android/comments/7mu8hk/so_it_turns_out_some_apps_do_use_your_microphone/drx86zi/,Android
145,sweetjoe221,I don't have a definite answer either. I just know that ripple is legit but the token (xrp) isn't really connected to the company's success. ,1514593262.0,1514564462.0,/r/CryptoCurrency/comments/7mtoow/ripple_at_second_place_by_market_cap_surpassed/drwvk8c/,CryptoCurrency
146,sweetjoe221,"Yeah but banks would contact ripple directly to buy xrp and not go on exchanges. Ripple owns a shit ton of xrp, so they can control the price if they want.",1514592918.0,1514564118.0,/r/CryptoCurrency/comments/7mtoow/ripple_at_second_place_by_market_cap_surpassed/drwv9n3/,CryptoCurrency
147,sweetjoe221,Thats the tech behind it. But does xrp have real value ? Great project tho,1514591430.0,1514562630.0,/r/CryptoCurrency/comments/7mtoow/ripple_at_second_place_by_market_cap_surpassed/drwu0om/,CryptoCurrency
148,sweetjoe221,Isn't xrp (the token) pretty much useless? ,1514583045.0,1514554245.0,/r/CryptoCurrency/comments/7mtoow/ripple_at_second_place_by_market_cap_surpassed/drwo8hh/,CryptoCurrency
149,sweetjoe221,"Le prix est fixé selon l'offre et la demande, il est bien trop volatil pour la majorité des fonds",1514522437.0,1514493637.0,/r/france/comments/7molop/la_bri_la_banque_centrale_des_banques_centrales/drvlvst/,france
150,sweetjoe221,Absolument vrai pour ce qui est du bitcoin.. Ils investissent sans rien comprendre,1514517674.0,1514488874.0,/r/france/comments/7molop/la_bri_la_banque_centrale_des_banques_centrales/drvhjhy/,france
151,sweetjoe221,Bitcoin c'est plus des particuliers qu'autre chose. Meme s'ils veulent rentrer dans la danse,1514517560.0,1514488760.0,/r/france/comments/7molop/la_bri_la_banque_centrale_des_banques_centrales/drvhfpi/,france
152,sweetjoe221,Comment ca se fait qu'on en parle tres peu ?? ,1514516572.0,1514487772.0,/r/france/comments/7molop/la_bri_la_banque_centrale_des_banques_centrales/drvgiz5/,france
15,sweetjoe221,"La BRI, la banque centrale des banques centrales, met en garde contre un nouveu krach. ",1514516530.0,1514487730.0,/r/france/comments/7molop/la_bri_la_banque_centrale_des_banques_centrales/,france
153,sweetjoe221,Ohh ok! But yeah thanks for the post ,1514246999.0,1514218199.0,/r/oneplus/comments/7m0uvr/if_youre_rooting_its_better_to_use_magisk_than/drqqgah/,oneplus
154,sweetjoe221,"Oh snap, it's actually working ¯\\\_(ツ)\_/¯

So why would you take supersu's file if you have magisk ?",1514245507.0,1514216707.0,/r/oneplus/comments/7m0uvr/if_youre_rooting_its_better_to_use_magisk_than/drqpk4b/,oneplus
155,sweetjoe221,How do you root once magisk installed ? And aren't you suppose to take the supersu file from the lineage website ?,1514241784.0,1514212984.0,/r/oneplus/comments/7m0uvr/if_youre_rooting_its_better_to_use_magisk_than/drqnj3p/,oneplus
156,sweetjoe221,Oh didnt know that. Thanks for sharing,1514011512.0,1513982712.0,/r/privacy/comments/7lhyp6/tutanota_is_the_first_to_enable_search_on/drmzh8y/,privacy
157,sweetjoe221,"Doesn't wire already allow search on encrypted data?

I hope signal starts working on the search feature..",1513996437.0,1513967637.0,/r/privacy/comments/7lhyp6/tutanota_is_the_first_to_enable_search_on/drmmmu8/,privacy
158,sweetjoe221,Why would eth crash with it ? Wouldn't people switch from bitcoin to eth ? (At least for the ppl who knows about crypto),1512715980.0,1512687180.0,/r/CryptoCurrency/comments/7i4gb3/daily_general_discussion_december_7_2017/dqx9ksa/,CryptoCurrency
159,sweetjoe221,"What's your opinion on this guys : 

If bitcoin collapsed, what would happen to ethereum ? ",1512708934.0,1512680134.0,/r/CryptoCurrency/comments/7i4gb3/daily_general_discussion_december_7_2017/dqx3pf4/,CryptoCurrency
160,sweetjoe221,"Must confess i haven't tried these features so i can't comment. However since i switched from stock to lineage, i couldnt be happier. ",1512609842.0,1512581042.0,/r/privacy/comments/7hwqzc/no_escape_from_google_google_now_collects_all/dquxuht/,privacy
161,sweetjoe221,When did you try it ? I have it and it runs smoothly,1512601383.0,1512572583.0,/r/privacy/comments/7hwqzc/no_escape_from_google_google_now_collects_all/dquq9t9/,privacy
162,sweetjoe221,Another bundle i'll buy and won't read :( anyone knows if the books are good tho?,1512512072.0,1512483272.0,/r/humblebundles/comments/7hopyu/humble_book_bundle_network_security_certification/dqstj4b/,humblebundles
163,sweetjoe221,"Agreed, i checked about it a long time ago",1512507013.0,1512478213.0,/r/CryptoCurrency/comments/7hmhdx/privacy_coins_will_be_big_if_cryptocurrency/dqsq6pk/,CryptoCurrency
164,sweetjoe221,"No of course not. But with these coins with high potential, you need to act fast before it gets listed on too many exchanges.",1512498368.0,1512469568.0,/r/CryptoCurrency/comments/7hnseh/daily_general_discussion_december_5_2017/dqsmgbi/,CryptoCurrency
165,sweetjoe221,Wow didnt know about this 25 crypto currency thing... Do you recommend buying now or waiting for a dip?,1512488170.0,1512459370.0,/r/CryptoCurrency/comments/7hmhdx/privacy_coins_will_be_big_if_cryptocurrency/dqsiiis/,CryptoCurrency
166,sweetjoe221,"Damn boys, look at us who missed the hype train :( i think im gonna wait for a price correction first, what about you?",1512487909.0,1512459109.0,/r/CryptoCurrency/comments/7hnseh/daily_general_discussion_december_5_2017/dqsie75/,CryptoCurrency
167,sweetjoe221,Is there a big update coming or nah?,1512447450.0,1512418650.0,/r/CryptoMarkets/comments/7hi1c2/withdrew_from_kraken/dqrk1zx/,CryptoMarkets
168,sweetjoe221,Im on LOS on an Opx and no issues at all,1512334170.0,1512305370.0,/r/oneplus/comments/7h8gtr/my_gf_oneplus_x_is_acting_up/dqp6p43/,oneplus
169,sweetjoe221,Too late for me now. But will think about it in the future. Thanks for the input,1511935384.0,1511906584.0,/r/privacy/comments/7g4qzr/hp_quietly_installs_systemslowing_spyware_on_its/dqh5htu/,privacy
170,sweetjoe221,"If you reinstall windows, aren't you going to keep the bloatware? Because when you first install windows there's already the bloatware from the constructor.",1511932958.0,1511904158.0,/r/privacy/comments/7g4qzr/hp_quietly_installs_systemslowing_spyware_on_its/dqh2wxl/,privacy
171,sweetjoe221,Kraken has really become a joke... ,1511930424.0,1511901624.0,/r/CryptoCurrency/comments/7g5pdv/post_your_rarest_krakencom_error_ill_start/dqh06xj/,CryptoCurrency
172,sweetjoe221,How do you reinstall the OS in the case of windows ? Don't you need to buy it then?,1511928959.0,1511900159.0,/r/privacy/comments/7g4qzr/hp_quietly_installs_systemslowing_spyware_on_its/dqgyl49/,privacy
173,sweetjoe221,Yeah thats the thing :(,1511903076.0,1511874276.0,/r/CryptoCurrency/comments/7fsg54/a_trading_cheat_sheet_of_all_the_things_ive_found/dqgatqb/,CryptoCurrency
174,sweetjoe221,"How's coinbase compared to bittrex or binance ? 

Edit : did my homework, its not for alts",1511903004.0,1511874204.0,/r/CryptoCurrency/comments/7fzqd5/my_reason_for_why_you_should_buy_litecoin_before/dqgas8w/,CryptoCurrency
175,sweetjoe221,"Any other tips for 4chan for a newbie ? 

We're talking about /biz right ?",1511840043.0,1511811243.0,/r/CryptoCurrency/comments/7fsg54/a_trading_cheat_sheet_of_all_the_things_ive_found/dqf2zlm/,CryptoCurrency
176,sweetjoe221,"As i know nothing about magisk, i was hoping to avoid it",1511742798.0,1511713998.0,/r/LineageOS/comments/7fmspe/is_there_an_easy_way_to_play_animal_crossing_on/dqd3fj5/,LineageOS
177,sweetjoe221,"You can download it from the play store but you get an error after playing it for 2 minutes. Based on what i read, its because of custom roms. So yeah apparently, we need magisk .. Just wanted to see if there was another solution",1511739025.0,1511710225.0,/r/LineageOS/comments/7fmspe/is_there_an_easy_way_to_play_animal_crossing_on/dqd0n4h/,LineageOS
16,sweetjoe221,Is there an easy way to play Animal Crossing on LOS? (Non rooted device). ,1511730521.0,1511701721.0,/r/LineageOS/comments/7fmspe/is_there_an_easy_way_to_play_animal_crossing_on/,LineageOS
178,sweetjoe221,Guess who sold at 1.8$ .... You can all thank me ,1511316195.0,1511287395.0,/r/CryptoCurrency/comments/7ehn3h/iconomis_flagship_fund_blx_reaches_incredible/dq5f0su/,CryptoCurrency
179,sweetjoe221,Thanks!,1511165132.0,1511136332.0,/r/LineageOS/comments/7e09hm/signal_and_whatsapp_without_gapps/dq2fmlp/,LineageOS
180,sweetjoe221,Anyone got an answer ? Interested in this as well ...,1511149330.0,1511120530.0,/r/LineageOS/comments/7e09hm/signal_and_whatsapp_without_gapps/dq214ay/,LineageOS
17,sweetjoe221,"[LPT] When you're playing like shit, just say you're drunk.. ",1511068626.0,1511039826.0,/r/RocketLeague/comments/7dvtj9/lpt_when_youre_playing_like_shit_just_say_youre/,RocketLeague
181,sweetjoe221,Cheers !,1510718604.0,1510689804.0,/r/firefox/comments/7cvea7/double_noscript/dptk9jj/,firefox
182,sweetjoe221,Is umatrix really useful if we have ublock + noscript?,1510709988.0,1510681188.0,/r/firefox/comments/7cvea7/double_noscript/dptb5vv/,firefox
183,sweetjoe221,Are the tab group and imagus addons compatible ? ,1510709025.0,1510680225.0,/r/firefox/comments/7cvpen/firefox_quantum_has_begun_rolling_out/dpta4rl/,firefox
184,sweetjoe221,Is the app still in development ? The last update was in 2016?,1510678292.0,1510649492.0,/r/privacytoolsIO/comments/7cqcy1/what_app_do_you_use_for_reminders/dpspv51/,privacytoolsIO
185,sweetjoe221,"I can't get rid of the led notification. 
And i only use google keep to set reminders, i dont use it for storing photos or voice notes, so its a bit of an overkill app. Also its google so not the best for privacy",1510677841.0,1510649041.0,/r/privacytoolsIO/comments/7cqcy1/what_app_do_you_use_for_reminders/dpspovc/,privacytoolsIO
18,sweetjoe221,"What app do you use for reminders?. I'm looking for an Android app. 

I'm growing tired of google keep

Edit : i'll check these out. Thanks guys !",1510636596.0,1510607796.0,/r/privacytoolsIO/comments/7cqcy1/what_app_do_you_use_for_reminders/,privacytoolsIO
186,sweetjoe221,"Switch to Shuttle ! Best decision i made. 

Open source and made by a redditor. And awesome looking",1510583047.0,1510554247.0,/r/Android/comments/7cf8yq/swiping_to_delete_a_song_is_ruining_my_google/dpqrwd5/,Android
187,sweetjoe221,"Lots of good content but the addon is a bit too slow on a RPi. 
The playlist are quite good, eventhough you often dont think to look for them",1510478423.0,1510449623.0,/r/Addons4Kodi/comments/7a1x2x/requests_recommendations_basics_november_2017/dpot0er/,Addons4Kodi
188,sweetjoe221,I'd say : do a backup of your stock ROM using twrp and that's all ?,1509915564.0,1509886764.0,/r/LineageOS/comments/7ax8oe/uninstalling_lineageos_and_revert_back_to_stock/dpdiq6r/,LineageOS
189,sweetjoe221,It also feels like ethereum is in the discontinuity phase of bitcoin. Therefore its creating a new s curve where it would be between the ferment and the take off phase.,1509873351.0,1509844551.0,/r/CryptoMarkets/comments/7aukqo/what_do_you_think_of_the_conclusion_of_this/dpcxvm0/,CryptoMarkets
190,sweetjoe221,"I know its quite old (1 month) but i wanted your opinion on the article. 

When he showed these examples of bubbles who didnt recover, it feels like bitcoin could be one of them. It was meant as a mean of decentralized currency at first, but with these mining pools it is arguably not anymore. Other currencies are doing the same as bitcoin, so why would bitcoin recover after a crash this time ? ",1509872928.0,1509844128.0,/r/CryptoMarkets/comments/7aukqo/what_do_you_think_of_the_conclusion_of_this/dpcxjt8/,CryptoMarkets
19,sweetjoe221,What do you think of the conclusion of this article ? [$50000 bitcoin could happen if this isnt a bubble but an s curve (cointelegraph)]. ,1509871994.0,1509843194.0,/r/CryptoMarkets/comments/7aukqo/what_do_you_think_of_the_conclusion_of_this/,CryptoMarkets
191,sweetjoe221,"Hum i will follow how this unfolds. 

Your program seems interesting. But i do have doubts about the strategy involved. I suppose we'll have answers after the fork happens. 

Wish you luck tho !",1509849162.0,1509820362.0,/r/CryptoMarkets/comments/7a20lc/im_the_author_the_foss_crypto_trading_bot/dpceaap/,CryptoMarkets
192,sweetjoe221,Vergeee ( ͡° ͜ʖ ͡°),1509837748.0,1509808948.0,/r/CryptoMarkets/comments/7aq2ci/monero_wikipedia_page_is_vandalized_by_unknown/dpc4xr4/,CryptoMarkets
193,sweetjoe221,"Looks very good ! 

One question tho : what if the price of bitcoin falls, that would lead to an overall increase in altcoin prices, so wouldn't that create some losses (considering you only have a 2% benefit on each trade and that you cash back in btc) ?",1509835684.0,1509806884.0,/r/CryptoMarkets/comments/7a20lc/im_the_author_the_foss_crypto_trading_bot/dpc3gcs/,CryptoMarkets
195,sweetjoe221,Oh .. I should check xda more often i guess,1509436292.0,1509407492.0,/r/privacytoolsIO/comments/79g3sl/android_is_andotp_a_viable_alternative_to_freeotp/dp4a67g/,privacytoolsIO
196,sweetjoe221,My only problem is that its not very popular. I only found 2 posts on reddit about it ... But yeah it does sound interesting,1509434855.0,1509406055.0,/r/privacytoolsIO/comments/79g3sl/android_is_andotp_a_viable_alternative_to_freeotp/dp48z5u/,privacytoolsIO
197,sweetjoe221,Nope,1509426067.0,1509397267.0,/r/privacytoolsIO/comments/79ot2g/does_fdroid_not_have_apps_reviews/dp41chn/,privacytoolsIO
198,sweetjoe221,"Dang i like freeotp ...hey op, is it really worth the change ? ",1509423414.0,1509394614.0,/r/privacytoolsIO/comments/79g3sl/android_is_andotp_a_viable_alternative_to_freeotp/dp3yuov/,privacytoolsIO
199,sweetjoe221,Cheers,1509386312.0,1509357512.0,/r/shuttle/comments/79gyzs/what_is_the_whitelist_feature_for/dp360a7/,shuttle
200,sweetjoe221,"Oh sweet, thanks!",1509386236.0,1509357436.0,/r/shuttle/comments/79gyzs/what_is_the_whitelist_feature_for/dp35zbn/,shuttle
201,sweetjoe221,And if a kind soul could explain me what the 'gmail style placeholders' are? :) i could really use an eli5 ʘ‿ʘ thanks !,1509318883.0,1509290083.0,/r/shuttle/comments/79gyzs/what_is_the_whitelist_feature_for/dp1tq10/,shuttle
20,sweetjoe221,What is the whitelist feature for ?. ,1509318569.0,1509289769.0,/r/shuttle/comments/79gyzs/what_is_the_whitelist_feature_for/,shuttle
202,sweetjoe221,Worst is the desktop app.. Takes forever to open ,1508997392.0,1508968592.0,/r/privacytoolsIO/comments/78n46y/encrypted_messaging_app_wire_is_taking_on_slack/dovzdeu/,privacytoolsIO
203,sweetjoe221,"No i dont believe so. What they are doing actually benefits the community imo. 

What other subreddit has general news about crypto in general ? Ethtrader?",1508773305.0,1508744505.0,/r/CryptoCurrency/comments/78329k/mods_have_setup_an_automoderator_posting_critical/dordo6o/,CryptoCurrency
204,sweetjoe221,What subreddits do you check on reddit for crypto? Also what do you think of r/Ethtrader ? ,1508621050.0,1508592250.0,/r/CryptoCurrency/comments/77rtjq/daily_general_discussion_october_21_2017/doogtlp/,CryptoCurrency
206,sweetjoe221,Who knew we had so much in common ? I drink whiskey and i'm involved with rockets too.. Well rocket league but still... ,1508048007.0,1508019207.0,/r/space/comments/76e79c/i_am_elon_musk_ask_me_anything_about_bfr/dodh2wo/,space
207,sweetjoe221,"Not at all. Bat is just a feature of the browser. You don't have to use it or turn it on. 

It's a very good browser. A lot better than chrome",1507486260.0,1507457460.0,/r/privacy/comments/74v0zd/mozilla_to_launch_firefox_cliqz_experiment_with/do2kyiy/,privacy
208,sweetjoe221,Brave !,1507453764.0,1507424964.0,/r/privacy/comments/74v0zd/mozilla_to_launch_firefox_cliqz_experiment_with/do23riv/,privacy
209,sweetjoe221,Salah motm !!!,1505601055.0,1505572255.0,/r/LiverpoolFC/comments/70gxpt/match_thread_liverpool_vs_burnley_premier_league/dn328gg/,LiverpoolFC
210,sweetjoe221,Oh bobby <3 ,1505366464.0,1505337664.0,/r/LiverpoolFC/comments/6zxg0f/firmino_in_tears_at_the_end_of_the_match/dmytgp6/,LiverpoolFC
211,sweetjoe221,"Wow what a shit result. Typical liverpool. Dominating the game so much, ends up as a draw. Poor second half ... Should have put sturridge much earlier on ..",1505364080.0,1505335280.0,/r/LiverpoolFC/comments/6zwm38/match_thread_liverpool_vs_sevilla_fc_uefa/dmyr8qa/,LiverpoolFC
212,sweetjoe221,When is the new wallet coming in brave?,1505326509.0,1505297709.0,/r/CryptoCurrency/comments/6zojx3/basic_attention_token_brave_browser/dmxx3mn/,CryptoCurrency
213,sweetjoe221,Totally agree. Besides you should probably use something like copperhead if you're really concerned,1505093512.0,1505064712.0,/r/Android/comments/6z721z/what_phone_feature_did_you_not_know_existed_and/dmtihxu/,Android
214,sweetjoe221,You end up paranoid if you think of all the hacks possible. But yeah you're right,1505085356.0,1505056556.0,/r/Android/comments/6z721z/what_phone_feature_did_you_not_know_existed_and/dmtc0tv/,Android
215,sweetjoe221,"Its not bulletproof, yes. But it does the job. You activate wifi when you know you're near the wifi hotspot, so for me there's no security concern. ",1505082529.0,1505053729.0,/r/Android/comments/6z721z/what_phone_feature_did_you_not_know_existed_and/dmta3yi/,Android
216,sweetjoe221,Yeah well thats what it supposed to do ,1505081644.0,1505052844.0,/r/Android/comments/6z721z/what_phone_feature_did_you_not_know_existed_and/dmt9jze/,Android
217,sweetjoe221,"You can use profiles for this. For example, you could say 'if i'm connected to this wifi' no password required'",1505078800.0,1505050000.0,/r/Android/comments/6z721z/what_phone_feature_did_you_not_know_existed_and/dmt7zm0/,Android
218,sweetjoe221,Vous en pensez quoi des pillages à saint martin ? C'est quand meme grave flippant de se dire qu'il pourrait y avoir la meme chose ici ... ,1504950785.0,1504921985.0,/r/france/comments/6yxz0d/forum_libre_20170909/dmr9q0t/,france
219,sweetjoe221,I guess i'll have ti try it out. Thanks!,1504755698.0,1504726898.0,/r/LineageOS/comments/6y72mw/and_this_is_why_i_love_lineage/dmnhz8d/,LineageOS
220,sweetjoe221,I only wanted better battery life really.. But i'm not keen on rooting so i'll pass,1504686029.0,1504657229.0,/r/LineageOS/comments/6y72mw/and_this_is_why_i_love_lineage/dmm7y7a/,LineageOS
221,sweetjoe221,Oh snap :( ,1504683170.0,1504654370.0,/r/LineageOS/comments/6y72mw/and_this_is_why_i_love_lineage/dmm5map/,LineageOS
222,sweetjoe221,"Hey ! For the franco kernel, do you need the app to configure it ? Or does it do a pretty good job without touching anything? 

For magisk, do you use it for rooting or are there any other must have stuff with it?",1504671643.0,1504642843.0,/r/LineageOS/comments/6y72mw/and_this_is_why_i_love_lineage/dmlvgiz/,LineageOS
223,sweetjoe221,"Dns66 to block ads

Forecastie for weather forecast

Shuttle for music (dont think its available on fdroid but its opensource) 

Signal is good as an sms app alternative. 

You should also look up for microg if you ditch google services.",1504622357.0,1504593557.0,/r/LineageOS/comments/6y1iab/collection_of_fdroid_app_suggestions_alternatives/dmkz0ld/,LineageOS
224,sweetjoe221,Hendo looks like a commander in the Handmaid's Tale ,1504588423.0,1504559623.0,/r/LiverpoolFC/comments/6y2ew3/adam_lallanas_vested_interest/dmkbwev/,LiverpoolFC
225,sweetjoe221,"Np 

Ok thanks will try it out",1504587328.0,1504558528.0,/r/Addons4Kodi/comments/6r241a/requests_recommendations_megathread_august_2017/dmkb130/,Addons4Kodi
226,sweetjoe221,"37.5$ for 6 month, that sure is a good deal . ",1504428391.0,1504399591.0,/r/Addons4Kodi/comments/6xiwun/any_alternative_to_sportie/dmhnaxv/,Addons4Kodi
227,sweetjoe221,"Hey ! Did you manage to get to v.12? Because i haven't :( do you know if we need to restart the nextcloud box or something?
Edit : okay i checked github, the snap is still on 11. But i guess it should be coming soon",1504422789.0,1504393989.0,/r/NextCloud/comments/6u1g8w/nextcloud_snap_update_pending/dmhjg4l/,NextCloud
228,sweetjoe221,So are the anti adblock killer by reek and ublock protector lists useless then? (Ps do we need aak for these two filter lists?),1504356330.0,1504327530.0,/r/firefox/comments/6xe3xz/over_one_million_ublock_origin_users_may_have/dmgh4en/,firefox
229,sweetjoe221,75 per month for both of you? :o,1504354622.0,1504325822.0,/r/Addons4Kodi/comments/6xiwun/any_alternative_to_sportie/dmgfsvo/,Addons4Kodi
230,sweetjoe221,"Il y a quel pack où t'etais décu ? Moi la plupart que j'ai pris, ils etaient pas mal.",1504310176.0,1504281376.0,/r/france/comments/6x3vfg/humble_book_bundle_data_science_presented_by/dmfglcb/,france
231,sweetjoe221,"Agreed but its always good to diversify. Ardor seems quite unique and I think it has been flying under the radar in the last month or so. Once they launch the platform it will certainly get huge for a few days.

I had only checked the ardor subreddit. Thanks for mentioning the other one. But yeah you don't have to participate in the ico if you just want Ardor.. ",1504088508.0,1504059708.0,/r/CryptoCurrency/comments/6wob2g/thoughts_on_ardor/dmb7ycb/,CryptoCurrency
232,sweetjoe221,"What other opportunity if i may ? :) 

What bothers you with this ignis ico?",1504085740.0,1504056940.0,/r/CryptoCurrency/comments/6wob2g/thoughts_on_ardor/dmb5rdn/,CryptoCurrency
233,sweetjoe221,One point i find important with Siacoin is the integration with Nextcloud. Nextcloud users are not like the average joe...  They are well informed and ready to experiment new tech. So it could get some momentum from them while waiting for some companies partnerships which would dramatically increase the coins value. ,1504064256.0,1504035456.0,/r/CryptoCurrency/comments/6wsxpp/analysis_on_sia_the_network_and_coin_after_doing/dmanibc/,CryptoCurrency
21,sweetjoe221,Noobie question : what are the main flaws of Ethereum and how can it affect other Cryptos/services built around the Ethereum blockchain ?. ,1504004583.0,1503975783.0,/r/CryptoCurrency/comments/6woin6/noobie_question_what_are_the_main_flaws_of/,CryptoCurrency
234,sweetjoe221,"Sure : 
https://nextcloud.com/blog/nextcloud-box-updates-raspberry-pi-3-nextcloud-12-and-looking-for-a-new-provider/",1503889684.0,1503860884.0,/r/NextCloud/comments/6u1g8w/nextcloud_snap_update_pending/dm7atus/,NextCloud
236,sweetjoe221,"Did the acestreams links work for you ? 

Also how's sportswold? ",1503878166.0,1503849366.0,/r/Addons4Kodi/comments/6r241a/requests_recommendations_megathread_august_2017/dm71pzq/,Addons4Kodi
237,sweetjoe221,Nope. I read it on the blog of the main website :),1503865124.0,1503836324.0,/r/NextCloud/comments/6u1g8w/nextcloud_snap_update_pending/dm6u0zj/,NextCloud
238,sweetjoe221,The privacy guard feature is holding me back to LOS.,1503655509.0,1503626709.0,/r/LineageOS/comments/6vridl/lineage_os_vs_paranoid_android_which_is_better_in/dm3bb8b/,LineageOS
239,sweetjoe221,"Thats freaking awesome for the 2 gb sizelimit news.

For nextcloudpi : it does seem to have a lot more potential and to be more frequently updated. 

So yeah thanks for the links ! And great work for nextcloudpi :)",1503642212.0,1503613412.0,/r/NextCloud/comments/6vrvdb/raspberry_pi_and_nextcloud_box_questions/dm31cck/,NextCloud
22,sweetjoe221,"Raspberry pi and nextcloud box questions. Hello, 
I bought quite some time ago a nextcloud box with ubuntu core on it and been quite happy with it. I heard about nextcloudpi today and i had a few questions : 

1. Once nextcloud-snap gets the update for v.12, will the two softwares be similar ? Or does nextcloudpi bring far more features to nextcloud ? 

2. People who have tried both, is changing from nextcloud-snap (ubuntu) to nextcloudpi worth the hassle ? 

3. Did you find a workaround for the 2 gb sizelimit due to the 32 bit OS? ",1503619789.0,1503590989.0,/r/NextCloud/comments/6vrvdb/raspberry_pi_and_nextcloud_box_questions/,NextCloud
240,sweetjoe221,Coming up at the end of the month according to a blog post,1503618618.0,1503589818.0,/r/NextCloud/comments/6u1g8w/nextcloud_snap_update_pending/dm2f9j1/,NextCloud
241,sweetjoe221,Okay sweet ! Cheers mate,1502954471.0,1502925671.0,/r/Addons4Kodi/comments/6u2dfc/salts_alluc_fix/dlq6pnx/,Addons4Kodi
242,sweetjoe221,Is alluc a must if you already have rd with elysium?,1502953417.0,1502924617.0,/r/Addons4Kodi/comments/6u2dfc/salts_alluc_fix/dlq5ufy/,Addons4Kodi
243,sweetjoe221,"Isn't qtum a scam ? 
One of the previous owners of bitbay is part of the team.. Also saw a post on r/CryptoCurrency about people having doubts about the token... ",1502160294.0,1502131494.0,/r/ICONOMI/comments/6s0i12/which_coins_currently_in_icnx_would_you/dlamegz/,ICONOMI
244,sweetjoe221,Is it updated or?,1502144953.0,1502116153.0,/r/Addons4Kodi/comments/6r241a/requests_recommendations_megathread_august_2017/dla83vr/,Addons4Kodi
245,sweetjoe221,"Un fork qui est prévu. Il y aura du BTC et du BCC. C'est pas recommandé de faire des transferts lors des forks, les transactions pourrait disparaitre. Mais j'ai pas trop suivi dernierement, donc faut peut etre se renseigner davantage",1501455768.0,1501426968.0,/r/france/comments/6q757c/forum_libre_20170729/dkxcl2p/,france
246,sweetjoe221,"Ils ont des wallets integrés au site. Apres si c'est pour une longue période, il vaut mieux transferer les bitcoins sur des wallets où tu as les clés.

Pour des wallets, ce qui est conseillé c'est de choisir ceux mentionné sur les sites officiels. Sinon exodus ou jaxx c'est cool aussi. 

Dernierement, attend quelque semaine avant d'acheter du bitcoin.",1501452671.0,1501423871.0,/r/france/comments/6q757c/forum_libre_20170729/dkxaki2/,france
247,sweetjoe221,"Essaie kraken, tu devras faire une vérifications jusqu'aux tiers deux. ",1501451229.0,1501422429.0,/r/france/comments/6q757c/forum_libre_20170729/dkx9ot2/,france
248,sweetjoe221,"if you have limited money, try finding some vouchers code. I collected maybe 100+ courses for free like that. I can't remember where i found them but try googling it. ",1501445708.0,1501416908.0,/r/AskProgramming/comments/6qdieq/is_udemy_worth_the_money/dkx6uyp/,AskProgramming
249,sweetjoe221,Where are you all hanging out before the match lads ? ,1501351347.0,1501322547.0,/r/LiverpoolFC/comments/6q9amh/prematch_thread_liverpool_vs_hertha_berlin/dkvq11b/,LiverpoolFC
250,sweetjoe221,"Oh man, that looks badass. ",1501311349.0,1501282549.0,/r/LineageOS/comments/6q47to/how_do_i_buy_and_install_paid_apps_from_the_play/dkv4cue/,LineageOS
251,sweetjoe221,Microg being?,1501305875.0,1501277075.0,/r/LineageOS/comments/6q47to/how_do_i_buy_and_install_paid_apps_from_the_play/dkv00lr/,LineageOS
252,sweetjoe221,Same. But isn't the location service by google more precise and quicker ?,1501297699.0,1501268899.0,/r/LineageOS/comments/6q47to/how_do_i_buy_and_install_paid_apps_from_the_play/dkusqa6/,LineageOS
253,sweetjoe221,Anyone knows the new repo? Or if it is being maintained ? Bdcause i havent heard much since the dev switch,1501214527.0,1501185727.0,/r/Addons4Kodi/comments/6l35nw/requests_recommendations_megathread_july_2017/dkt65lv/,Addons4Kodi
254,sweetjoe221,When should we start looking back into investing again? 1st of august or should we wait a few more days/weeks after that for things to settle down ?,1500252445.0,1500223645.0,/r/CryptoCurrency/comments/6nm2y0/everyone_seems_to_have_forgotten_the_number_1/dkaoes1/,CryptoCurrency
255,sweetjoe221,Oh okay sorry ,1500055056.0,1500026256.0,/r/privacytoolsIO/comments/6mxjwz/best_way_to_make_android_phone_more_secure_and/dk7fq1y/,privacytoolsIO
256,sweetjoe221,"Its not for dns66 but for adguard. But as they do the same, i guess it could maybe work. 
Here's the link : https://www.reddit.com/r/Android/comments/67kb8w/slug/dgrx1xd",1500052216.0,1500023416.0,/r/privacytoolsIO/comments/6mxjwz/best_way_to_make_android_phone_more_secure_and/dk7eqi8/,privacytoolsIO
257,sweetjoe221,I'm not sure but i think i read you could have a vpn work with dns66. I think i saw post explaining how but cant remember.,1500046960.0,1500018160.0,/r/privacytoolsIO/comments/6mxjwz/best_way_to_make_android_phone_more_secure_and/dk7ctmm/,privacytoolsIO
258,sweetjoe221,"I thought you had to uninstall the app and reinstall a new one or idk .. 

Dns66 seems way better than adaway, why isn't it more widely popular ?",1500008027.0,1499979227.0,/r/privacytoolsIO/comments/6mxjwz/best_way_to_make_android_phone_more_secure_and/dk6nmkf/,privacytoolsIO
259,sweetjoe221,"Yalp and dns66 seems both amazing. 

Got just two questions :

*  How does updates work with yalp for apps? Do you lose all your data once u update ?

*  Is dns66 safe to use privacy wise ? Because i've been considering adaway, but if dns66 doesn't require root, then its quite a good argument",1499996780.0,1499967980.0,/r/privacytoolsIO/comments/6mxjwz/best_way_to_make_android_phone_more_secure_and/dk6d1fs/,privacytoolsIO
260,sweetjoe221,Nope. But it never really bothered me really since they are time sensitive ,1499833630.0,1499804830.0,/r/privacy/comments/6mmfda/twofactor_authentication_is_a_mess/dk37gdc/,privacy
261,sweetjoe221,We'll still concede on corners,1499824742.0,1499795942.0,/r/LiverpoolFC/comments/6mlzmj/7_of_the_10_players_jurgen_klopp_has_signed_for/dk2yva7/,LiverpoolFC
262,sweetjoe221,FreeOTP is pretty cool. ,1499824402.0,1499795602.0,/r/privacy/comments/6mmfda/twofactor_authentication_is_a_mess/dk2yj14/,privacy
263,sweetjoe221,Just had to clear the app cache actually. Thanks anyway :),1499292009.0,1499263209.0,/r/LineageOS/comments/6ldsgw/opx_camera_doesnt_work_anymore/djt3e8l/,LineageOS
264,sweetjoe221,Okay will try that then. Thannks,1499290452.0,1499261652.0,/r/LineageOS/comments/6ldsgw/opx_camera_doesnt_work_anymore/djt2970/,LineageOS
265,sweetjoe221,I was on oxygenOS before that :/ ,1499288933.0,1499260133.0,/r/LineageOS/comments/6ldsgw/opx_camera_doesnt_work_anymore/djt18ka/,LineageOS
23,sweetjoe221,"[OPX] Camera doesn't work anymore. Hello, just switched to the latest official LOS build. 
It used to work fine but now when the camera is launched from the icon, it doesn't work and only shows a black screen. However it does work if launched from shortcuts (like a double tap).

I tried rebooting but no luck. I also think it causes my device to overheat.  

Any good camera alternatives or a solution ? Plzzzz

Edit : Problem solved. If you have the same problem, try clearing the cache of the app.",1499287599.0,1499258799.0,/r/LineageOS/comments/6ldsgw/opx_camera_doesnt_work_anymore/,LineageOS
266,sweetjoe221,What version are you on ?,1499254319.0,1499225519.0,/r/LineageOS/comments/6l9nan/oneplus_one_insane_battery_drain_overheating_and/djskyuf/,LineageOS
267,sweetjoe221,"You could try travelling by bus, its really cheap. 

I recommend hostelworld to find your hostels, they got a good app. Also for things to do, try the lonely planet app",1498642352.0,1498613552.0,/r/solotravel/comments/6jvhw9/is_it_alright_to_go_to_europe_with_zero_plan/djhpgij/,solotravel
268,sweetjoe221,Is RD also shit on Salts for people today?,1498470687.0,1498441887.0,/r/Addons4Kodi/comments/6jbtb1/anyone_with_issues_for_urlresolver_realdebrid/djefcjv/,Addons4Kodi
269,sweetjoe221,He joined noobsandnerds. New addon is expected to come soon,1498165814.0,1498137014.0,/r/Addons4Kodi/comments/6is4q1/has_dandymedia_addon_stopped_working/dj8uzta/,Addons4Kodi
270,sweetjoe221,"Cheers,  will check it out.",1498164718.0,1498135918.0,/r/Addons4Kodi/comments/6i29mt/salts_fix/dj8u98z/,Addons4Kodi
271,sweetjoe221,I agree with most of what you said. Crypto is no where near mass adoption yet. Bitcoin which is the most popular coin is still widely unknown for a large part of the population. The problem is that some day to day traders are coming to the market investing in the big names pushing the prices up .. however i don't believe btc will crash,1498164646.0,1498135846.0,/r/CryptoCurrency/comments/6ilxqe/what_coins_are_you_holding_why/dj8u7la/,CryptoCurrency
272,sweetjoe221,You can't see the file via samba share.. well i didnt manage to see it either,1498099074.0,1498070274.0,/r/Addons4Kodi/comments/6i29mt/salts_fix/dj7ng64/,Addons4Kodi
273,sweetjoe221,I did it on win10 via ssh,1498099036.0,1498070236.0,/r/Addons4Kodi/comments/6i29mt/salts_fix/dj7neuc/,Addons4Kodi
274,sweetjoe221,"Icn is not necessary. Its just a share in the platform. Icnx is where the potential stands. Its a bit like an ETF. They select for you coins with high potential. 

I guess its to secure everything up and for transparency. Idk ",1498094334.0,1498065534.0,/r/CryptoCurrency/comments/6ilxqe/what_coins_are_you_holding_why/dj7iser/,CryptoCurrency
275,sweetjoe221,"It probably will. But some coins will resist imo. 

A lot depends of bitcoin still",1498093997.0,1498065197.0,/r/CryptoCurrency/comments/6ilxqe/what_coins_are_you_holding_why/dj7igji/,CryptoCurrency
276,sweetjoe221,Well ICN represents shares in the platform. The index is ICNX and its getting its public release in a few months. Its worth checking out imo,1498089105.0,1498060305.0,/r/CryptoCurrency/comments/6ilxqe/what_coins_are_you_holding_why/dj7dqjq/,CryptoCurrency
277,sweetjoe221,"Isn't that what iconomi is there for ? It's expected to be launching in a few weeks / months, looks very promising",1498087224.0,1498058424.0,/r/CryptoCurrency/comments/6ilxqe/what_coins_are_you_holding_why/dj7byav/,CryptoCurrency
278,sweetjoe221,Ugh don't forget OPX too :( this phone didnt get the love it deserved,1498035639.0,1498006839.0,/r/oneplus/comments/6ifoic/oneplus_please_dont_forget_too_soon_about_op33t/dj6hck0/,oneplus
279,sweetjoe221,"Its something like :
special://userdata/addon_data/plugin.video.salts/salts_lib",1498001414.0,1497972614.0,/r/Addons4Kodi/comments/6i29mt/salts_fix/dj5ly84/,Addons4Kodi
280,sweetjoe221,Oh .. didn't know that.. thanks,1497881910.0,1497853110.0,/r/Addons4Kodi/comments/6i29mt/salts_fix/dj3hd5q/,Addons4Kodi
281,sweetjoe221,Why would it be suspended ? ,1497858137.0,1497829337.0,/r/Addons4Kodi/comments/6i29mt/salts_fix/dj325iy/,Addons4Kodi
282,sweetjoe221,Yes indeed ! Thanks so much i struggled to find it ! :),1497587785.0,1497558985.0,/r/AskEurope/comments/6hglc9/do_you_remember_this_thread_about_these_not/diyehw9/,AskEurope
24,sweetjoe221,"Do you remember this thread about these not widely known things you could get as an European citizan?. Hey,

I just can't find this thread anymore. 

It had lists of lots of tips on cool things we were granted as Europeans like getting old books from their libraries, or used flags.. ",1497577215.0,1497548415.0,/r/AskEurope/comments/6hglc9/do_you_remember_this_thread_about_these_not/,AskEurope
283,sweetjoe221,What happens at the end of july? Bitcoin segwit?,1497563211.0,1497534411.0,/r/CryptoCurrency/comments/6he7x9/its_really_sad/dixru1m/,CryptoCurrency
284,sweetjoe221,Why is salts down ? I thought it was only getting a new dev ?,1497167165.0,1497138365.0,/r/Addons4Kodi/comments/6gh78h/for_anyone_that_is_as_confused_as_i_was_about/diqi3br/,Addons4Kodi
285,sweetjoe221,"What about cryptowat.ch (i believe its this one) ? 

(I'm talking about the platform kraken bought)",1496903925.0,1496875125.0,/r/CryptoCurrency/comments/6eldar/monthly_general_discussion_june_01_2017/dilmman/,CryptoCurrency
286,sweetjoe221,"Take what i say with a grain of salt, but i believe quite a few.

* Bitcoin has been adopted by mainstream internet retailers as a solution of payment and even countries

* Sia is up and running, ready for mass adoption

* Monero is up and running in the darknet (i haven't checked ( ͡° ͜ʖ ͡°) )

* Ripple is being used by a few banks if i recall correctly

* Ethereum is backed by a few tech companies (maybe wrong on this one)",1496449102.0,1496420302.0,/r/CryptoCurrency/comments/6ev5j3/almost_all_coins_have_gone_up_tremendously_yet/didajce/,CryptoCurrency
25,sweetjoe221,[AMA Request] Katherine Langford from Thirteen Reasons Why. [removed],1496043126.0,1496014326.0,/r/IAmA/comments/6dwwq1/ama_request_katherine_langford_from_thirteen/,IAmA
287,sweetjoe221,Kraken,1495594961.0,1495566161.0,/r/CryptoCurrency/comments/6coxrg/stop_using_poloniex/dhxy66p/,CryptoCurrency
288,sweetjoe221,Gotcha ! Cheers !,1494837474.0,1494808674.0,/r/CryptoCurrency/comments/6b4avp/is_it_ok_to_keep_several_crypto_wallets_on_the/dhkco9r/,CryptoCurrency
289,sweetjoe221,"Gotcha! I wasn't very familiar with the full node thing until 5 minutes ago. I see now why you recommend it.  

Anyway thanks for all the tips and explanations. ",1494837306.0,1494808506.0,/r/CryptoCurrency/comments/6b4avp/is_it_ok_to_keep_several_crypto_wallets_on_the/dhkck5g/,CryptoCurrency
290,sweetjoe221,"Oh okay. I would have thought one wallet for all the currencies (or most of the main ones) would be the most appropriate.

Final question before i stop annoying you, do you prefer wallets on android or windows ? ",1494833706.0,1494804906.0,/r/CryptoCurrency/comments/6b4avp/is_it_ok_to_keep_several_crypto_wallets_on_the/dhka1iy/,CryptoCurrency
291,sweetjoe221,Oh nice. Do you have a preference for a wallet ? ,1494831858.0,1494803058.0,/r/CryptoCurrency/comments/6b4avp/is_it_ok_to_keep_several_crypto_wallets_on_the/dhk8qli/,CryptoCurrency
292,sweetjoe221,"I see. So i guess if you're gonna keep a coin for long its better to keep it in an offline wallet ? 

And can you easily back up wallets or is it a pain in the ass ? Thats one the things i'm really afraid of ..",1494829641.0,1494800841.0,/r/CryptoCurrency/comments/6b4avp/is_it_ok_to_keep_several_crypto_wallets_on_the/dhk72g2/,CryptoCurrency
293,sweetjoe221,I'll look into it. I read something about it bringing more problems than it actually solved. But yeah i'll see if it makes the experience worth it,1494823152.0,1494794352.0,/r/Addons4Kodi/comments/6b44jp/tips_to_use_kodi_on_rpi_3/dhk1mxe/,Addons4Kodi
294,sweetjoe221,"Why not ? Isn't it more secure than the average user wallet ? (I mean if we use double authentification on the exchange account, surely they can't get stolen ?)",1494822848.0,1494794048.0,/r/CryptoCurrency/comments/6b4avp/is_it_ok_to_keep_several_crypto_wallets_on_the/dhk1e6y/,CryptoCurrency
295,sweetjoe221,Agreed. Relay lacks these options.,1494822366.0,1494793566.0,/r/RelayForReddit/comments/6b3rco/request_when_browsing_multireddits_could_we_have/dhk1032/,RelayForReddit
296,sweetjoe221,"I considered switching to arctic zephyr once but i'm so used to confluence.. and i got metalliq configured now with the libraries so maybe in the future

No i haven't touched the cache. I never got the ''cache is full'' message. My main issue was poor wifi and i think i fixed the issue. Thanks for the input tho",1494822254.0,1494793454.0,/r/Addons4Kodi/comments/6b44jp/tips_to_use_kodi_on_rpi_3/dhk0wt9/,Addons4Kodi
297,sweetjoe221,I'll try the wifi repeater idea! Cheers for the idea,1494804070.0,1494775270.0,/r/Addons4Kodi/comments/6b44jp/tips_to_use_kodi_on_rpi_3/dhjnf74/,Addons4Kodi
26,sweetjoe221,Tips to use Kodi on RPI 3. [removed],1494800605.0,1494771805.0,/r/Addons4Kodi/comments/6b44jp/tips_to_use_kodi_on_rpi_3/,Addons4Kodi
27,sweetjoe221,"[request] when browsing multireddits, could we have the list of subreddits in the multireddits sidebar?. ",1494795413.0,1494766613.0,/r/RelayForReddit/comments/6b3rco/request_when_browsing_multireddits_could_we_have/,RelayForReddit
298,sweetjoe221,"Okay thanks for the advices ! 
I'll check all these links out then ʕ•ᴥ•ʔ",1494184762.0,1494155962.0,/r/oneplus/comments/69oazr/oneplus_5_the_verge_announcement_megathread/dh8nbuk/,oneplus
299,sweetjoe221,"Cheets ! I'll try to install it for the opx then. But i'm just so afraid to fuck the installation process. 

Hows the camera in your experience?",1494181384.0,1494152584.0,/r/oneplus/comments/69oazr/oneplus_5_the_verge_announcement_megathread/dh8m8zr/,oneplus
300,sweetjoe221,What does lineageOS brings you that makes it so good compared to oxygenos?,1494147259.0,1494118459.0,/r/oneplus/comments/69oazr/oneplus_5_the_verge_announcement_megathread/dh8679u/,oneplus
301,sweetjoe221,Not for me i think. Well not that i know of... ,1493775829.0,1493747029.0,/r/AskReddit/comments/68dpi0/whats_a_random_fact_about_your_dad/dh1e518/,AskReddit
302,sweetjoe221,Lmao we share a common ancestor,1493652818.0,1493624018.0,/r/AskReddit/comments/68dpi0/whats_a_random_fact_about_your_dad/dgz7e62/,AskReddit
303,sweetjoe221,Omg you too! How do you manage it when you drink ? Ugh i need some tips ...,1493621729.0,1493592929.0,/r/AskReddit/comments/68dpi0/whats_a_random_fact_about_your_dad/dgyp2qh/,AskReddit
304,sweetjoe221,Agreed,1493602487.0,1493573687.0,/r/raspberry_pi/comments/68ft5v/this_weekends_play_project/dgyad61/,raspberry_pi
305,sweetjoe221,Whaaaaaaat ? I feel dumb for buying them now .. especially as i never read them ,1493601150.0,1493572350.0,/r/raspberry_pi/comments/68ft5v/this_weekends_play_project/dgy9b5b/,raspberry_pi
306,sweetjoe221,These sort of books are often on humblebundle for very cheap (if you dont mind ebooks of course),1493597101.0,1493568301.0,/r/raspberry_pi/comments/68ft5v/this_weekends_play_project/dgy6cfp/,raspberry_pi
308,sweetjoe221,Youtube was invented for these videos ,1492930436.0,1492901636.0,/r/videos/comments/66yxii/wrong_hole_old_but_gold/dgmbvv2/,videos
28,sweetjoe221,Wrong hole - old but gold. ,1492930348.0,1492901548.0,/r/videos/comments/66yxii/wrong_hole_old_but_gold/,videos
309,sweetjoe221,Is it me or does this thing look absolutely disgusting?,1492807169.0,1492778369.0,/r/food/comments/66o1ys/i_ate_a_very_juicy_hotdog/dgk3r2y/,food
310,sweetjoe221,"They prevented a terrorist attack days ago. The target was presidential candidates. Police even asked F.Fillon to wear a bullet proof vest in one of his meetings, which he refused",1492767094.0,1492738294.0,/r/news/comments/66k3vp/champs_elysees_shooting_1_police_officer_killed/dgjk3kv/,news
311,sweetjoe221,Or maybe France is being targeted because they actually do a shit to fight terrorism in the world,1492766827.0,1492738027.0,/r/news/comments/66k3vp/champs_elysees_shooting_1_police_officer_killed/dgjjvk8/,news
312,sweetjoe221,That is petty if true ,1492716984.0,1492688184.0,/r/Addons4Kodi/comments/64rne4/is_there_are_an_addon_that_allows_you_to_search/dgie83h/,Addons4Kodi
313,sweetjoe221,Why are TVA pissed at metalliq?,1492715326.0,1492686526.0,/r/Addons4Kodi/comments/64rne4/is_there_are_an_addon_that_allows_you_to_search/dgidi44/,Addons4Kodi
314,sweetjoe221,"Nice read. 

What do you think of the website santiment from which the author comes from?",1492556605.0,1492527805.0,/r/CryptoCurrency/comments/663cn6/transformation_in_crypto_the_start_of_year_2017/dgf83uy/,CryptoCurrency
29,sweetjoe221,Transformation in crypto: The start of year 2017. ,1492556484.0,1492527684.0,/r/CryptoCurrency/comments/663cn6/transformation_in_crypto_the_start_of_year_2017/,CryptoCurrency
315,sweetjoe221,I would if i was living in south korea ,1492071042.0,1492042242.0,/r/news/comments/651nv3/foreign_journalists_in_north_korea_told_to/dg6tavu/,news
316,sweetjoe221,I doubt about the little collateral damage. NK has one of the biggest army in the world ...,1492070911.0,1492042111.0,/r/news/comments/651nv3/foreign_journalists_in_north_korea_told_to/dg6t748/,news
317,sweetjoe221,"The situation is very concerning. NK seems to have lost support of their only allies (china) who are prepared to intervene if the situation crosses a red line. Also China have send thousands of soldiers at their borders... **Grabs popcorn**

Edit : NK just opened a new street :/ china didn't send troops at their borders actually",1492070016.0,1492041216.0,/r/news/comments/651nv3/foreign_journalists_in_north_korea_told_to/dg6shlf/,news
318,sweetjoe221,Just thought people who can't afford the liverpool store would like to know as it was pretty cheap,1491875575.0,1491846775.0,/r/LiverpoolFC/comments/64k7sf/2000_home_shirt_201516_sportsdirect/dg2yyv8/,LiverpoolFC
319,sweetjoe221,Also 30% off home kits on the official liverpool stores,1491866602.0,1491837802.0,/r/LiverpoolFC/comments/64k7sf/2000_home_shirt_201516_sportsdirect/dg2qnpr/,LiverpoolFC
30,sweetjoe221,[request] block pop ups in the internal browser. ,1491802519.0,1491773719.0,/r/RelayForReddit/comments/64fjup/request_block_pop_ups_in_the_internal_browser/,RelayForReddit
321,sweetjoe221,"Fair enough. But why not take a fork of zcash then?  like zclassic ? Basically the same with no 20% reward ..

Oh didnt know about the devs of shadowcash. ",1491614363.0,1491585563.0,/r/privacytoolsIO/comments/640bab/changes_in_the_cryptocurrencies_section/dfyp0hi/,privacytoolsIO
31,sweetjoe221,"Changes in the cryptocurrencies section. I was wondering why zcash is being mentioned ? It has got a scam reputation mainly because of the 20% reward for the devs and the early adopters. 


Monero should be among the top 3 mentioned alongside shadowcash and bitcoin. 


And maybe add the pivx coin in the worth mentioning section. 

I might be wrong, so lets see what everyone thinks. 
",1491599914.0,1491571114.0,/r/privacytoolsIO/comments/640bab/changes_in_the_cryptocurrencies_section/,privacytoolsIO
322,sweetjoe221,Nice ! I'll be updating then. Thanks !,1491259790.0,1491230990.0,/r/Addons4Kodi/comments/633mmc/upgrading_to_the_latest_version_of_kodi_is_now/dfrswqs/,Addons4Kodi
323,sweetjoe221,Oh okay. How are you finding krypton? Is it running smoothly? :),1491257699.0,1491228899.0,/r/Addons4Kodi/comments/633mmc/upgrading_to_the_latest_version_of_kodi_is_now/dfrr88u/,Addons4Kodi
324,sweetjoe221,Thanks didnt see that ! Isn't it suppose to update itself automatically on the pi3?,1491255335.0,1491226535.0,/r/Addons4Kodi/comments/633mmc/upgrading_to_the_latest_version_of_kodi_is_now/dfrpi0h/,Addons4Kodi
325,sweetjoe221,Anyone knows when Krypton is coming for LibreELEC?,1491250947.0,1491222147.0,/r/Addons4Kodi/comments/633mmc/upgrading_to_the_latest_version_of_kodi_is_now/dfrmtto/,Addons4Kodi
326,sweetjoe221,But bob is sooo good. Isn't there a way to use only one urlresolver for all the addons?,1491168922.0,1491140122.0,/r/Addons4Kodi/comments/60rznz/real_debrid_links_not_fully_loading/dfq6ouw/,Addons4Kodi
327,sweetjoe221,"I'm buying the pro version. Fuck It (งツ)ว what a badass app. Dbrady amazing job

",1489621819.0,1489593019.0,/r/RelayForReddit/comments/5ziby0/relay_for_reddit_81_is_now_out_of_beta_and_is/deyoodt/,RelayForReddit
328,sweetjoe221,Damn what are all these people with gfs and wives ? ,1489565240.0,1489536440.0,/r/RocketLeague/comments/5zdffz/when_your_wife_pokes_fun_at_you_for_playing_to/dexsayh/,RocketLeague
329,sweetjoe221,Yep lemonde. Tu peux voir le passage mentionné dans pocket. C'est quasiment au debut,1489355745.0,1489326945.0,/r/france/comments/5ystov/francois_fillon_cest_un_gamin/detwhmu/,france
330,sweetjoe221,Wow thanks for the answer !,1489288810.0,1489260010.0,/r/BitcoinMarkets/comments/5yqtgu/daily_discussion_saturday_march_11_2017/desy2p7/,BitcoinMarkets
331,sweetjoe221,"Stupid question : on kraken, what does this additional fee mean : ''processing fee for paper copies of communications : 60$/page'' ? 

Anyone got an answer for this ? Thanks",1489286140.0,1489257340.0,/r/BitcoinMarkets/comments/5yqtgu/daily_discussion_saturday_march_11_2017/desw58w/,BitcoinMarkets
332,sweetjoe221,"Non, c'est un homme honnete ! Il devait surment acheter les dvds avec le salaire de penelope :)",1489278563.0,1489249763.0,/r/france/comments/5ystov/francois_fillon_cest_un_gamin/desqrbl/,france
333,sweetjoe221,Ouais c'est pas une serie qu'il faut regarder en étant fatigué :) un peu mon petit regret de pas l'avoir regardé avec suffisamment d'attention,1489275994.0,1489247194.0,/r/france/comments/5ystov/francois_fillon_cest_un_gamin/desp3io/,france
334,sweetjoe221,"Sopranos ca reste assez lent en terme de rythme. Dans the wire, on s'ennuie jamais... Mon ''fanboyisme'' envers the wire intervient pour te contredire :D",1489272242.0,1489243442.0,/r/france/comments/5ystov/francois_fillon_cest_un_gamin/desmvwt/,france
335,sweetjoe221,False positive,1489271427.0,1489242627.0,/r/ImagesOfFrance/comments/5ystp1/francois_fillon_cest_un_gamin/desmg8t/,ImagesOfFrance
32,sweetjoe221,Francois fillon c'est un gamin. ,1489270434.0,1489241634.0,/r/france/comments/5ystov/francois_fillon_cest_un_gamin/,france
336,sweetjoe221,"Stupid question : on kraken, what does this additional fee mean : ''processing fee for paper copies of communications : 60$/page'' ? 

I feel like it's all in the name, but i'm still struggling :/ what's this paper about ?",1489226836.0,1489198036.0,/r/BitcoinMarkets/comments/5yjzlj/daily_discussion_friday_march_10_2017/des3gas/,BitcoinMarkets
338,sweetjoe221,"I'm using Salts at the moment, but the new features look promising on paper. (French and german languages) will certainly install soon. 

What's this about ads and queries to the tvaddons website tho ? ",1488673357.0,1488644557.0,/r/Addons4Kodi/comments/5xdk17/the_beginning_of_a_new_era_for_the_exodus_addon/dei41er/,Addons4Kodi
339,sweetjoe221,"If you add all your subreddits in one multireddit, wouldn't that solve our issue ? Or is there some limitation in multireddits too?",1486758956.0,1486730156.0,/r/RelayForReddit/comments/5t46ik/you_probably_dont_know_this_but_when_you_browse/ddkkkgj/,RelayForReddit
340,sweetjoe221,"
* you get access to the local network (of the house)

* no ads on your phone

* secure connection (in case your using free wifi, it can be smart to use your vpn)",1486624085.0,1486595285.0,/r/raspberry_pi/comments/5spqua/those_who_use_their_pis_daily_what_are_they_for/ddiamuf/,raspberry_pi
341,sweetjoe221,Okay thanks a lot. I'm gonna look into it then :),1485991402.0,1485962602.0,/r/oneplus/comments/5q71ed/lineage_os_for_opx_and_op2_is_out_now/dd6wi4m/,oneplus
342,sweetjoe221,"Hey op, i'm thinking of switching to lineage as well ! 

1. How do you like it so far ? Would you consider waiting a bit for fixes or is it stable ? 

2. Btw what backup app did you use ? Titanium / helium ?

3. And why did you chose the experimental build over the nightly ? 

Sorry for all the questions, i'm a newbie :)
",1485981226.0,1485952426.0,/r/oneplus/comments/5q71ed/lineage_os_for_opx_and_op2_is_out_now/dd6q7c3/,oneplus
33,sweetjoe221,"What is your opinion on Simplenote privacy wise ?. It looks very neat and i'm wondering if i should switch from Google Keep. My main problem is with the ''business transfers'' in the privacy policy which states ''Automattic, Inc may sell, transfer or otherwise share some or all of its assets, including your personally identifiable information''. This and the fact that its based in the US, why would it be better that G. Keep?  should i pass and wait for a more privacy friendly app or is it safe as its listed in Privacytools?

Edit : if you're looking for a note app => turtl ",1484619106.0,1484590306.0,/r/privacytoolsIO/comments/5ocdmc/what_is_your_opinion_on_simplenote_privacy_wise/,privacytoolsIO
343,sweetjoe221,Sorry to hear that :/ What mistake did you make ? Did you put everything on one coin ? ,1484477217.0,1484448417.0,/r/CryptoCurrency/comments/5nxmr2/people_who_have_invested_in_cryptocurrencies_how/dcfwur4/,CryptoCurrency
344,sweetjoe221,Thanks for the detailed answer ! Very interesting ,1484455835.0,1484427035.0,/r/CryptoCurrency/comments/5nxmr2/people_who_have_invested_in_cryptocurrencies_how/dcfgign/,CryptoCurrency
345,sweetjoe221,Nice one!,1484455663.0,1484426863.0,/r/CryptoCurrency/comments/5nxmr2/people_who_have_invested_in_cryptocurrencies_how/dcfge6k/,CryptoCurrency
34,sweetjoe221,"People who have invested in cryptocurrencies : how did it go ?. And what websites / ressources / tools did you find the most useful to learn about crypto currencies ?

Edit : thanks for all the answers ! Learnt a lot.
You might be interested in 'blockfolio'. Nice android app, easy to use, could be handy for a few of you :)
",1484432483.0,1484403683.0,/r/CryptoCurrency/comments/5nxmr2/people_who_have_invested_in_cryptocurrencies_how/,CryptoCurrency
346,sweetjoe221,This rocks ! Thanks ,1483687451.0,1483658651.0,/r/CryptoCurrency/comments/5m6ds9/happy_red_thursday_everybody/dc1xct9/,CryptoCurrency
347,sweetjoe221,What app do you use OP ? ,1483676600.0,1483647800.0,/r/CryptoCurrency/comments/5m6ds9/happy_red_thursday_everybody/dc1nvtw/,CryptoCurrency
348,sweetjoe221,"The worst for me is when i miss a simple tap in, 5 meters in front of goal. ",1482112133.0,1482083333.0,/r/LiverpoolFC/comments/5iz7g4/rliverpoolfc_rocket_league_tournament_steampc/dbciutz/,LiverpoolFC
349,sweetjoe221,Oh damn me too. I'm like Mignolet trying to touch a ball on corners :(,1482097071.0,1482068271.0,/r/LiverpoolFC/comments/5iz7g4/rliverpoolfc_rocket_league_tournament_steampc/dbca75r/,LiverpoolFC
350,sweetjoe221,The Chatroulette interview show. It's absolutely brilliant ,1479523721.0,1479494921.0,/r/AskReddit/comments/5dk3id/what_youtube_channel_is_the_best_to_binge/da5zogi/,AskReddit
351,sweetjoe221,"Must have addon for sure, but it doesn't serve the same purposes as Wot unfortunetaly :(",1478112140.0,1478083340.0,/r/firefox/comments/5ak5rl/article_in_german_web_of_trust_addon_spies_on_its/d9i69v5/,firefox
352,sweetjoe221,What does everyone recommend for an alternative addon ? The avast one just for web reputation ?,1478076159.0,1478047359.0,/r/firefox/comments/5ak5rl/article_in_german_web_of_trust_addon_spies_on_its/d9hoguj/,firefox
353,sweetjoe221,How do you get more halloween item drops ? I seem to have one per hour tops :(,1476943093.0,1476914293.0,/r/RocketLeague/comments/588ma7/ask_dumb_questions_newbies_welcoming_wednesday/d8ze341/,RocketLeague
354,sweetjoe221,Faut repèrer les victimes avant par contre,1476923525.0,1476894725.0,/r/france/comments/588m23/forum_libre_20161019/d8yx2ho/,france
355,sweetjoe221,"Salut ! Et vous utilisez quoi comme site pour acheter des fringues vous ? 

Edit : Asos et zalando d'apres les masses, merci beaucoup ! :)",1476901124.0,1476872324.0,/r/france/comments/588m23/forum_libre_20161019/d8yjolj/,france
356,sweetjoe221,"French people, match available for free on Numero 23",1476730339.0,1476701539.0,/r/LiverpoolFC/comments/57my8j/prematch_thread_liverpool_vs_manchester_united/d8vjpbp/,LiverpoolFC
357,sweetjoe221,Is anyone happy with this update ?  ,1475955192.0,1475926392.0,/r/oneplus/comments/55f4ku/oneplus_x_post_313_bug_megathread/d8j3evv/,oneplus
358,sweetjoe221,I'll have a look :),1475907260.0,1475878460.0,/r/oneplus/comments/56cn8f/opx_i_havent_updated_to_marshmallow_yet_would_you/d8ihxdn/,oneplus
35,sweetjoe221,"[OPX] I haven't updated to Marshmallow yet, would you recommend it ? I've seen lots of complaints here, should i wait for some updates?. ",1475891187.0,1475862387.0,/r/oneplus/comments/56cn8f/opx_i_havent_updated_to_marshmallow_yet_would_you/,oneplus
359,sweetjoe221,L'app ? C'est que dispo sur desktop,1475863361.0,1475834561.0,/r/france/comments/569sj2/forum_libre_20161007/d8hosl7/,france
360,sweetjoe221,Thunderbird!?,1475853248.0,1475824448.0,/r/france/comments/569sj2/forum_libre_20161007/d8hlwsc/,france
361,sweetjoe221,Protonmail !,1475850359.0,1475821559.0,/r/france/comments/569sj2/forum_libre_20161007/d8hkvjo/,france
362,sweetjoe221,Any idea if Valhalla or Blue might reappear on another addon ?,1475402289.0,1475373489.0,/r/Addons4Kodi/comments/559hqf/any_word_from_phoenixtva_as_to_why_two_devs_have/d8aaeio/,Addons4Kodi
363,sweetjoe221,Twitter,1474073005.0,1474044205.0,/r/LiverpoolFC/comments/52s1m9/for_people_living_in_france_liverpool_chelsea/d7pfhgp/,LiverpoolFC
364,sweetjoe221,Not for free. Pub is always an option ,1473947976.0,1473919176.0,/r/LiverpoolFC/comments/52s1m9/for_people_living_in_france_liverpool_chelsea/d7nhwl8/,LiverpoolFC
36,sweetjoe221,"For people living in France, Liverpool - Chelsea will be aired for free on Numéro 23 !. If this was already posted, i'll delete my post :)",1473907815.0,1473879015.0,/r/LiverpoolFC/comments/52s1m9/for_people_living_in_france_liverpool_chelsea/,LiverpoolFC
365,sweetjoe221,"People who have tried them, would you rather go with Resilio Sync or Syncthing ? ",1473036223.0,1473007423.0,/r/raspberry_pi/comments/5149k0/whats_your_raspberry_server_running/d798sl4/,raspberry_pi
366,sweetjoe221,"Dumb question, but isnt apache installed by default when you install owncloud ?",1473035086.0,1473006286.0,/r/raspberry_pi/comments/5149k0/whats_your_raspberry_server_running/d7983ok/,raspberry_pi
367,sweetjoe221,Hey Asa ! What's a secret only a few know about you ? ,1470637263.0,1470608463.0,/r/IAmA/comments/4wmp36/iama_asa_akira/d68alkg/,IAmA
368,sweetjoe221,"Personne qui propose The Wire ou Bojack Horseman ? 
Si vous voulez une bonne surprise, il y a Generation Kill, une mini série by Hbo :)",1468280135.0,1468251335.0,/r/france/comments/4s9ako/forum_libre_20160711/d57ygou/,france
369,sweetjoe221,Denis Balbir aux commentaires c'est plus possible ...,1466398741.0,1466369941.0,/r/france/comments/4ougyb/france_suisse_21h_causons/d4frmem/,france
370,sweetjoe221,"Smart man with a smart answer :) probably the best thing to do, cheers !",1464688752.0,1464659952.0,/r/Addons4Kodi/comments/4lqe7g/installing_kodi_in_a_virtual_machine/d3pv8yp/,Addons4Kodi
371,sweetjoe221,"Okay thanks, i guess i won't try a virtualbox then. ",1464673572.0,1464644772.0,/r/Addons4Kodi/comments/4lqe7g/installing_kodi_in_a_virtual_machine/d3plzys/,Addons4Kodi
372,sweetjoe221,"I'm just saying ''it could'' from what i've read. Nothing to worry about tho at the moment, there hasn't been any instances where it did happen. ",1464673452.0,1464644652.0,/r/Addons4Kodi/comments/4lqe7g/installing_kodi_in_a_virtual_machine/d3plxax/,Addons4Kodi
373,sweetjoe221,"Thats what i've been doing up to now, but i was a bit concerned as so many people use android boxes  ",1464673058.0,1464644258.0,/r/Addons4Kodi/comments/4lqe7g/installing_kodi_in_a_virtual_machine/d3plotf/,Addons4Kodi
374,sweetjoe221,Okay thanks for the answer ! I'll try it out in the next few days ,1464662026.0,1464633226.0,/r/Addons4Kodi/comments/4lqe7g/installing_kodi_in_a_virtual_machine/d3peut7/,Addons4Kodi
37,sweetjoe221,"Installing kodi in a virtual machine ?. It's probably a dumb question, but i just wanted to be sure. I keep reading that we shouldn't use kodi (with un-official addons) on our main computer as it could harm the system or delete some files. 
So my question is : does installing kodi on a virtual machine make sense ? And would it work still fine ? 
Thanks for reading",1464655608.0,1464626808.0,/r/Addons4Kodi/comments/4lqe7g/installing_kodi_in_a_virtual_machine/,Addons4Kodi
375,sweetjoe221,Interesting answer ! ,1461717704.0,1461688904.0,/r/AskReddit/comments/4gej96/is_the_food_in_the_usa_as_bad_as_we_say_it_is_or/d2i3u5c/,AskReddit
376,sweetjoe221,Thanks for the answer,1461717533.0,1461688733.0,/r/AskReddit/comments/4gej96/is_the_food_in_the_usa_as_bad_as_we_say_it_is_or/d2i3p5e/,AskReddit
377,sweetjoe221,People from the internet,1461717388.0,1461688588.0,/r/AskReddit/comments/4gej96/is_the_food_in_the_usa_as_bad_as_we_say_it_is_or/d2i3kxl/,AskReddit
378,sweetjoe221,Don't they work the same amount of europeans on average?,1461717268.0,1461688468.0,/r/AskReddit/comments/4gej96/is_the_food_in_the_usa_as_bad_as_we_say_it_is_or/d2i3hcm/,AskReddit
379,sweetjoe221,Both !,1461717188.0,1461688388.0,/r/AskReddit/comments/4gej96/is_the_food_in_the_usa_as_bad_as_we_say_it_is_or/d2i3f01/,AskReddit
38,sweetjoe221,Is the food in the USA as bad as we say it is? Or is it just a myth ?. [removed],1461635925.0,1461607125.0,/r/AskReddit/comments/4gej96/is_the_food_in_the_usa_as_bad_as_we_say_it_is_or/,AskReddit
380,sweetjoe221,Whaat a fucking game. I didn't think EL could have this effect ,1460696675.0,1460667875.0,/r/LiverpoolFC/comments/4eta2t/liverpool_fc_semi_finalists_upvote_party/d234egx/,LiverpoolFC
381,sweetjoe221,"Why doesn't joe allen get more play time ? He's been pretty good so far when he played and with all the fixtures coming up, it could have been good to rest some players ",1454471129.0,1454442329.0,/r/LiverpoolFC/comments/43vuu1/match_thread_leicester_city_v_liverpool_222016/czlcc9y/,LiverpoolFC
39,sweetjoe221,How do you wake up from coma ?. Just curious ,1453268069.0,1453239269.0,/r/askscience/comments/41qvak/how_do_you_wake_up_from_coma/,askscience
382,sweetjoe221,"Why don't you ever come to europe ? Dicks aren't exclusive to america and japan :) 
Ps : sushis are yummy, do you have some family secret yummy recipes ? :D",1449129505.0,1449100705.0,/r/IAmA/comments/3v7mzy/iama_published_author_director_a_wicked_picture/cxl18pi/,IAmA
383,sweetjoe221,I can't see the landscape with these ears,1443381396.0,1443352596.0,/r/RoastMe/comments/3mk7in/my_street_name_is_two_teeth/cvfoso1/,RoastMe
384,sweetjoe221,"Just buy a packet of sweets, always worked at school. 
Seriously though, try joining a sports club or something :)",1443297245.0,1443268445.0,/r/Needafriend/comments/3mfwns/how_do_i_make_new_friends_in_a_new_city_24m/cvepqcn/,Needafriend
40,sweetjoe221,Can a girafe vomit ?. I'm just wondering if it's possible with their long neck.,1442784348.0,1442755548.0,/r/AskReddit/comments/3lo95r/can_a_girafe_vomit/,AskReddit
385,sweetjoe221,"You should be careful with her feelings. She's not gone, so talk to her, and show / prove her its not the end. Surprise her, and don't stop after 2 days of effort ;) also try helping in her daily life ",1442468490.0,1442439690.0,/r/Needafriend/comments/3l6i2j/wife_wants_to_separate_from_me_26m_and_i_need/cv3zkq2/,Needafriend
386,sweetjoe221,Whats the problem btw ? ,1442455717.0,1442426917.0,/r/Needafriend/comments/3l6i2j/wife_wants_to_separate_from_me_26m_and_i_need/cv3qqch/,Needafriend
387,sweetjoe221,"It's not over yet, don't give up ! Communication is key :) good luck homie",1442452522.0,1442423722.0,/r/Needafriend/comments/3l6i2j/wife_wants_to_separate_from_me_26m_and_i_need/cv3ojse/,Needafriend
388,sweetjoe221,Try without gel next time,1442395388.0,1442366588.0,/r/RoastMe/comments/3l4290/im_so_average_im_used_as_the_base_of_the_110/cv317ls/,RoastMe
389,sweetjoe221,"Based on his facial expression, he's got a dick in the arse",1442395233.0,1442366433.0,/r/RoastMe/comments/3l405v/after_a_year_of_reddit_i_think_i_am_ready/cv314d8/,RoastMe
390,sweetjoe221,Nice smile ,1442393161.0,1442364361.0,/r/RoastMe/comments/3l412o/this_man_wants_to_be_black_roast_him/cv2zxo9/,RoastMe
