,author,body,created,created_utc,permalink,subreddit
0,albrechtsbergerr,How to you pronounce Kanji words?. I know the meaning of some kanji words from when I learned old Korean(한자)... but I'm so confused as to how they're supposed to be pronounced. I'm sorry if this is a stupid question.,1566710507.0,1566681707.0,/r/LearnJapanese/comments/cuzaeg/how_to_you_pronounce_kanji_words/,LearnJapanese
0,albrechtsbergerr,There are no laws in my state regarding leaving kids alone at home so I figure it'd be the same with cars.,1566699482.0,1566670682.0,/r/SelfDrivingCars/comments/cu5pdd/kids_and_self_driving_cars/exzu1dk/,SelfDrivingCars
1,albrechtsbergerr,"Yea, even 6-year-olds are capable of being way more independent than we give them credit for. They're perfectly able to walk to school alone, to dress, to shower, and even prepare a meal.",1566699406.0,1566670606.0,/r/SelfDrivingCars/comments/cu5pdd/kids_and_self_driving_cars/exztuju/,SelfDrivingCars
2,albrechtsbergerr,Nothing would go wrong when you leave a baby by itself while you shower for 15 minutes and I don't see why leaving a baby in a car for 15 minutes would be any different as long as the temperature in the car is suitable.,1566699243.0,1566670443.0,/r/SelfDrivingCars/comments/cu5pdd/kids_and_self_driving_cars/exzt6xw/,SelfDrivingCars
3,albrechtsbergerr,"I didn't suggest that I'd rather be sexually harassed. It's really not a conscious decision to not react to these situations. I don't mean to freeze... I want to be able to fight or flight but I'm just too in shock. Do you really think that I don't know what it's like to be sexually harassed? Completely aside from being Asian in America, I think every woman in this world knows what it's like to be sexually harassed to one extent or another whether it's catcalls or groping or worse.",1566614562.0,1566585762.0,/r/aznidentity/comments/ck51hb/things_that_suck_about_being_asian/exumxuq/,aznidentity
1,albrechtsbergerr,Kids and Self Driving Cars. Would I be able to just put a baby in a self-driving car to go to their grandparent's house?,1566546148.0,1566517348.0,/r/SelfDrivingCars/comments/cu5pdd/kids_and_self_driving_cars/,SelfDrivingCars
4,albrechtsbergerr,"Yes, I live in a large city and I don't drive.",1565100198.0,1565071398.0,/r/AskReddit/comments/cmft6m/if_you_got_offered_1000000_but_it_meant_that/ew3bp6e/,AskReddit
5,albrechtsbergerr,"Thanks, I needed to hear that :)",1565057171.0,1565028371.0,/r/aznidentity/comments/ck51hb/things_that_suck_about_being_asian/ew1p8vn/,aznidentity
6,albrechtsbergerr,That's not sexual harassment.,1565057110.0,1565028310.0,/r/aznidentity/comments/ck51hb/things_that_suck_about_being_asian/ew1p5cn/,aznidentity
2,albrechtsbergerr,"Things that suck about being Asian. 1. When I meet new people and they ask me where I'm from, I say ""I'm from Boston but my parents are from Korea,"" as a way to explain why I look the way I do and to take away their chance of being racist by asking the dreaded... ""but where are you reaaaallllllly from?""
2. I feel guilty for saying that my parents are Korean because this implies that I'm not, although I am. I have a Korean citizenship, I speak Korean, and I go back home often. I'm just that desperate to belong here and I don't want to seem different. 
3. I feel guilty that I'm not proud of being Asian. I love my country but I just don't see it as an accomplishment to simply be Korean. 
4. Dating a White guy makes me a traitor and whiteworshiper although I'm with that person because I like them... not their skin. 
5. I feel guilty for never having had an Asian boyfriend although no Asian guy has ever asked me out.
6. I get told that I'm the least Asian-Asian ever and I'm expected to take that as a compliment.
7. I changed my name to conform to an English-sounding name and that makes me wonder if this is a form of internalized racism although it's made my life easier and I don't regret it.  
8. I avoid complaining about racism because I don't want my racial identity to be the entirety of my identity and talking about the struggles of being an Asian American woman instantly labels me as the Asian chick.
9. People assume that I'm good at the piano because I'm Asian but it was actually all the hours of practice and dedication and the expensive lessons. 
10. I hate myself for being perpetuating a stereotype by pursuing being pre-med.
11. I hate myself for being perpetuating a stereotype by being so docile when I'm being sexually harassed by a racist in public. I want to speak out but I just freeze. 
12. My struggles just don't seem valid compared to Black people or Latinos or Native Americans. 
13. I constantly wonder if I should even be in this country. I really could just go back and not have to deal with any of this.",1564586354.0,1564557554.0,/r/aznidentity/comments/ck51hb/things_that_suck_about_being_asian/,aznidentity
