,author,body,created,created_utc,permalink,subreddit
0,pseudospock,Don't give up!,1573805833.0,1573777033.0,/r/AskReddit/comments/dvo2yk/girls_what_do_you_actually_think_when_you_notice/f7jgcz0/,AskReddit
1,pseudospock,"I don't feel my time was wasted at all.  You seem to prefer to argue with people who have an educated view point, right?  I've educated myself about you to some degree to make an educated argument.

I see now two things.  One, you are projecting.  You're associating my story with your own mishaps with your adoptive parents, and possibly even associating my child's behavior with your own.  You don't like it when your parents accused you of lying, yet you also boast of some of your lies:

https://www.reddit.com/r/MaliciousCompliance/comments/dfynzu/you_must_get_a_doctors_note/f3ncya3/?context=3

https://www.reddit.com/r/aspergers/comments/du9ozr/anybody_else_sometimes_sound_like_they_are_lying/f75o7o9/?context=3

You also exhibit a desire for violence and murder, although, I have yet to see if you espouse to have acted on it:

https://www.reddit.com/r/AskReddit/comments/doad77/youre_12_years_old_again_it_is_1am_at_night_your/f5sowg2/?context=3

https://www.reddit.com/r/AskReddit/comments/ctfqyk/what_will_you_never_stop_complaining_about/exln89t/?context=3

You also repeatedly tell people you argue logically, yet then you admin you can't even recognize sarcasm.  If you can't even understand sarcasm, what makes you so certain your interpretation of my words is correct?

https://www.reddit.com/r/IdiotsInCars/comments/dtvqir/truck_driver_falls_asleep/f71z3xt/?context=3

So.  I can see how you empathize with my kid... you show some similar traits, but not so nearly as bad, thank goodness.  I believe your rose colored glasses have you seeing more to my statement than is there.  ...But don't pretend now that you're intentions were altruistic.  Your post history reveals your character, and while usually not bad, you do have the flaws you claim your parents said you have.  Lying (forged notes), manipulation (having lies on hand as a backdoor out of a situation, bad mouthing your parents while they help you buy a car and let you live with them while you were making only small amounts of money).  Not good enough for you, but you still take their money.  How nice you must be.",1573736642.0,1573707842.0,/r/AskReddit/comments/dv0prc/serious_what_is_a_seemingly_harmless_parenting/f7glrwo/,AskReddit
2,pseudospock,"""And because I'm so certain that I just have to say this one more thing and then it'll be clear to them, I just keep going...""  You're doing it again.",1573733445.0,1573704645.0,/r/AskReddit/comments/dv0prc/serious_what_is_a_seemingly_harmless_parenting/f7gi94z/,AskReddit
3,pseudospock,"> My kid was and still is a pathological liar.

I did not ""say even as a child"", you said that.  For me, her trip to crapville starts at about 15, when the sex and drugs began, as all I wrote attested to.  Did I tell you a story of her being a liar before then?  Did you read anything past the first sentence, or did you just see that and write me off and assume what came next?  Were you projecting yourself and your own issues into my story?  Are you just trolling?  You don't get to put words in my mouth, thank you very much.",1573723739.0,1573694939.0,/r/AskReddit/comments/dv0prc/serious_what_is_a_seemingly_harmless_parenting/f7g5bfh/,AskReddit
4,pseudospock,I'd go full Thanos.,1573714283.0,1573685483.0,/r/AskReddit/comments/dvxpmw/god_has_become_tired_of_humanity_recently_retired/f7frzdo/,AskReddit
5,pseudospock,"Do one better, send them to North Korea.",1573713844.0,1573685044.0,/r/worldnews/comments/dvwqsr/mainland_chinese_students_in_south_korea_harass/f7fr43p/,worldnews
6,pseudospock,How on earth did praising this scientist get me a down vote?,1573712885.0,1573684085.0,/r/videos/comments/dvts2j/this_researcher_created_an_algorithm_that_removes/f7fp7s7/,videos
8,pseudospock,"Very cool, nice job!",1573697115.0,1573668315.0,/r/videos/comments/dvts2j/this_researcher_created_an_algorithm_that_removes/f7ey4ir/,videos
9,pseudospock,Imagine the grimacing emoji.,1573696146.0,1573667346.0,/r/AskReddit/comments/dvo2yk/girls_what_do_you_actually_think_when_you_notice/f7ewixl/,AskReddit
10,pseudospock,"So maybe they weren't checking you out, but were watching the TV behind you, or the person behind or beside you.  Maybe your watch or something reflected brightness in their eye and it drew their attention for a moment.  Also, maybe they did look at you, but ruled you out before you noticed and yawned.",1573695924.0,1573667124.0,/r/AskReddit/comments/dvo2yk/girls_what_do_you_actually_think_when_you_notice/f7ew5q7/,AskReddit
11,pseudospock,Almost made me spit my coffee!,1573695769.0,1573666969.0,/r/AskReddit/comments/dvo2yk/girls_what_do_you_actually_think_when_you_notice/f7evwjt/,AskReddit
12,pseudospock,"I've been able to control the yawn to not be visible by clenching my jaw shut throughout it... but the impulse and muscles still try, quite stubbornly.  Does that mean I'm a psychopath?  Or would I have to not even get the impulse, not have to struggle to fight the yawn?",1573695677.0,1573666877.0,/r/AskReddit/comments/dvo2yk/girls_what_do_you_actually_think_when_you_notice/f7evray/,AskReddit
13,pseudospock,I've trained for that.  Most you can see is my jaw clenching some as I keep my mouth shut through the yawn impulse.  :),1573695523.0,1573666723.0,/r/AskReddit/comments/dvo2yk/girls_what_do_you_actually_think_when_you_notice/f7evih3/,AskReddit
14,pseudospock,Banning people for pointing to archives is stupid.,1573695423.0,1573666623.0,/r/AskReddit/comments/dvo2yk/girls_what_do_you_actually_think_when_you_notice/f7evcox/,AskReddit
15,pseudospock,"Had you read what I said, you would see the dislike only came later, after getting involved in drugs, sex, skipping school, and so on.  Your assumption that she was disliked or made to feel disliked prior to her doing that is mistaken.",1573694230.0,1573665430.0,/r/AskReddit/comments/dv0prc/serious_what_is_a_seemingly_harmless_parenting/f7etg5b/,AskReddit
16,pseudospock,"What you describe in the first paragraph is normal for any kid with an imagination and a healthy wish for attention.  But once sneaking boys into the house, and keeping weed and molly in her dresser (where I put her folded clothes, this wasn't a search), sneaking out the window at night (I had made sure she got the room you can get out of in a fire, not the one I made my den that was a 2 story drop), school telling me she skipped when I've always dropped her off at school, and her own friends at school proactively coming and telling me stuff they see her doing and are worried, and setting a fire in a school garbage can while skipping class, and all the legal trouble that caused her, at that point, the cries of ""I was at so-n-so's, why won't you believe me?!?"" accompanied by her shouting and tears.  No.  That's when daddy puts you into a rehab program.  That's when daddy takes the phone (and was mortified at what she's been sending out with it).  That's when daddy says no, you can't have your trip to Hawaii with your step grandmother (who she hadn't robbed yet).  When your kid gets in with the wrong crowd and gets into drugs and sex, you can no longer afford to believe them.  You need to act to save them.  And they will hate you for it.  Only now that she's graduated high school late, had a child, been kidnapped by an abusive boyfriend and beaten severely by him, gone through being a meth addict while leaving her son with either us or her grandparents for months at a time (this is after the time I mentioned in the first post.), having disappeared twice to find she was running around making money doing sugar daddy web sites, paying 2 private investigators to find her and bring her home, and more... She is finally becoming a semi-responsible adult.  She has quit meth (been a year and a half now) on her own, but is passing weekly drug tests.  Before the meth, she trained to be a nursing assistant... but we think she took advantage of some elderly people at the start of her meth issue.  Now, she has re-certified and is keeping clean, and is not dealing with vulnerable patients anymore.  She's keeping her son in school.  She's finally identified or admitted who his father is, and added him to her son's birth record, and is sharing custody.  They share two sides of a duplex.  Even he (the father) can see she is no one to be in a serious relationship with, but is working to be as together as possible for their son.  And she's making it work.  She has messed up her brain with drugs and the boyfriend that beat her and now needs to be on meds for schizophrenia, otherwise she suffers from hallucinations and voices (auditory hallucinations), but with medication, she seems ok.  She is actively taking her meds for it, willingly.  She does not like being off of them, a good sign.  She's 25 now.  I have hope that by the time she's 30, she can begin to repair some relationships.  She using an excuse of her having a criminal record, thus not being able to cross into Canada, as reason not to let us have her son visit anymore... Hurts my wife, as she has a hard time coming into the U.S. since Trump... Border guard called her ""not Canadian enough"" because she was an immigrant and not white, and did it while wearing his MAGA hat.  She can get through sometimes, but it's more often then not she gets denied entry without cause.  I can come see him by going to see him myself, but it's not fair that only I get to see him, so I don't do so as much as I'd like.  Note, through all of her bull shit, she's always known her son is safe with us, and it's why she's left him with us so many times while she went on her drug and sex benders.  She doesn't fear us, she doesn't fear him being with us, because despite shit she says for drama, she knows we did our best for her, and always will for her son, as well.  If she had been raised abusively or harshly, she wouldn't have come to us, we have plenty of good family and friends she could have turned to.  And her wonderful boy also tells tall tales, as kids do.  But as it was with her as a kid, it's make believe right now, and that is totally cool.  At 4, when he wanted to try using a sharp knife, and we said not yet, you're too little... ""When I was a liiiiiiiiiittle baby, I went to knife school.  I can do it.""  See?  Normal kid stuff.  Interestingly, he has almost always owned up to when he's done a no-no.  And he knows telling the truth gets him a hug and a talk, but the lie gets him time out (5 min) and still the talk.  His mom, however, never admitted she'd done a no no until she was 17.  And that was when she had be caught trying to sell my playstation to a family friend... who's a Nun, by the way.  Yeah, she tried to sell her dad's playstation to the Nun in the family.  *boggles the mind*  But that time, she called me and told me what she'd tried to do, as our friend gave her the choice to tell me herself, or she would.  :)  No, we don't have lots of Nun's or religious authorities in the family and circle of friends.  This was the only one.  :)",1573617968.0,1573589168.0,/r/AskReddit/comments/dv0prc/serious_what_is_a_seemingly_harmless_parenting/f7ccd8n/,AskReddit
17,pseudospock,"Well she was, she was the only child!  ;)",1573560926.0,1573532126.0,/r/AskReddit/comments/dv0prc/serious_what_is_a_seemingly_harmless_parenting/f7al4j3/,AskReddit
18,pseudospock,"You have to at least try everything on your plate.  And if it's something I know you hate, I'm not going to put it on your plate.  But none of that, ""I don't like it"" without trying it first.",1573560741.0,1573531941.0,/r/AskReddit/comments/dv0prc/serious_what_is_a_seemingly_harmless_parenting/f7akwd9/,AskReddit
19,pseudospock,"Sort of.  Do now, explanation can come later once there is compliance.  Teach them this.  Otherwise you can end up with situations where they get hurt or worse if they don't mind right away.  ""Out of the street!""  Ask me why once you're safe and out of the street.  Don't stand there demanding to know why while you get run over.",1573560551.0,1573531751.0,/r/AskReddit/comments/dv0prc/serious_what_is_a_seemingly_harmless_parenting/f7ako6s/,AskReddit
20,pseudospock,"Interesting.  My kid was and still is a pathological liar.  Seems to be a familial trait she has in common with my mother (hypochondriac).  She continues to lie about and be or cause drama over the craziest things.  Like, ""Can you watch my son for a couple weeks so I can go do x y and z?""  Sure!  2 days later my father (her grandfather) calls to tell me she's telling her friends we've kidnapped her son and won't let her see him.  Uh, you drove him the 3 hours to get here and drop him off with us!  He wasn't even a year old yet!  So I call her up and tell her drop whatever she's doing, I'm bringing her son back.  I won't be accused of taking and keeping her kid from her.  She says she was just talking, didn't mean anything by it, please keep watching him.  No.  My wife and I are packing our grandson's stuff right now, and I'm bringing him to you, where are you?  ""I'm not home, I can't take him yet for at least a couple days.""  To bad, get your shit together, I'm bringing him either to you, or your grandpa (who lived near her).  You don't tell people my wife and I stole your kid and expect us to just hold on to him, especially across an international border.  Get home, because we're coming.

AND yes, she only used feelings to manipulate.  And now she uses access to our grandson to manipulate us, her own grandparents, and anyone else who cares about him.

Suppose it should go without saying she's being messing with drugs and sex since at least 15, when I found out about both by coming home from work early one day... TO TAKE HER TO A MOVIE!

I get it, you can say those 3 things should not be said or thought about your kids... but there are some out there where this is true.  And for all you other parents out there that have had one of these kinds of children, I feel for you.  You love em, and they use that love to mess with you.  Whether to try and get money, drugs, a ride to somewhere they shouldn't go... you name it.  And it leaves you with envy for other parents who have the good kids, and guilt for feeling that way.",1573559929.0,1573531129.0,/r/AskReddit/comments/dv0prc/serious_what_is_a_seemingly_harmless_parenting/f7ajuax/,AskReddit
21,pseudospock,"Why yes, yes I absolutely would!",1573542820.0,1573514020.0,/r/television/comments/duvj2l/rick_morty_uk_season_premiere_moved_up_from/f79s157/,television
22,pseudospock,She looks great for being 1900!,1573542661.0,1573513861.0,/r/OldSchoolCool/comments/durlja/my_greatgreat_aunt_around_1900_or_slightly_earlier/f79rrqt/,OldSchoolCool
23,pseudospock,"So here's my conspiracy theory after watching this...  Epstein (alive and well), his girlfriend, and the guy that procured him the models, are all in Turkey.  Erdogan's price  for keeping them there, and keeping them silent, Trump agrees to pull the U.S. out of Syria.  After all, Epstein has been seen with both Trump and Bill Clinton.",1573480612.0,1573451812.0,/r/television/comments/dugdk6/the_story_abc_hid_exposing_jeffrey_epsteins/f77dd0q/,television
24,pseudospock,Wonder why folks chose to down vote me remembering this from my childhood.,1573279994.0,1573251194.0,/r/Futurology/comments/drzfdj/microsoft_successfully_archives_warner_bros/f6xk3ty/,Futurology
0,pseudospock,"Uber’s Self-Driving Car Didn’t Know Pedestrians Could Jaywalk. [https://www.wired.com/story/ubers-self-driving-car-didnt-know-pedestrians-could-jaywalk/](https://www.wired.com/story/ubers-self-driving-car-didnt-know-pedestrians-could-jaywalk/)

So Uber's car doesn't recognize J-Walkers / pedestrians not in a crosswalk.",1573279692.0,1573250892.0,/r/SelfDrivingCars/comments/dtmpfo/ubers_selfdriving_car_didnt_know_pedestrians/,SelfDrivingCars
26,pseudospock,"That'd be, your mom. ;)",1573194953.0,1573166153.0,/r/AskReddit/comments/dswnyr/what_upgrade_was_totally_worth_the_price/f6upjv8/,AskReddit
27,pseudospock,"More than likely they denied her because she is a REAL French speaker, something Québecois actually dislike, because they can hardly understand it.  They speak pidgin French.",1573188341.0,1573159541.0,/r/nottheonion/comments/dt07cm/quebec_denies_french_citizens_immigration/f6u8ncv/,nottheonion
28,pseudospock,"Preach it, yes!",1573152789.0,1573123989.0,/r/pics/comments/dsmd95/modesto_ca_is_woke/f6s0g3n/,pics
29,pseudospock,"Well, that's as far as this conversation can go before those that love or are the police in the U.S. hop in and ruin the thread.  Glad you have a force you like.  I'm out.",1573102532.0,1573073732.0,/r/PublicFreakout/comments/ds10qu/heres_the_deal_show_me_your_id_or_go_to_jail/f6qaf5b/,PublicFreakout
30,pseudospock,The battle is real!,1573102119.0,1573073319.0,/r/funny/comments/dskb1s/no_it_is_here/f6q9na6/,funny
31,pseudospock,"1. How do you know that young person isn't disabled?
2. Just because you are a senior does not mean you are disabled.
3. Sit down in that seat right behind you and shut up, Karen.",1573097495.0,1573068695.0,/r/insanepeoplefacebook/comments/dsi7no/no_respect_for_elders_anymore/f6q1100/,insanepeoplefacebook
32,pseudospock,"Drake?  Yeah, I'm going to have to go with Drake.",1573096470.0,1573067670.0,/r/AskReddit/comments/dsed8z/which_famous_singer_sucks_at_singing/f6pzgn5/,AskReddit
33,pseudospock,"No damage would have happened had he complied.  Best to save it for court.  Pulling one over on suspicion of driving with a suspended license is a valid reason to pull someone over.  That *is* probable cause.

Running the plate, the officer would have seen it was owned by a suspended driver.  That is all the probable cause necessary to justify the stop.

You as the person being pulled over, cannot know for sure there is no justifiable reason to be pulled over.  You can be pulled over for a signal light being out, tire tread being too worn, being seen without your hands on the wheel.  Seriously, anything.  Once pulled over, if requested, you MUST provide your drivers license.  After doing so, the officer will discuss with you why you were pulled over.  At that point, if you choose, you can try to explain, but be warned, anything you say can be used against you.  And if being arrested, oh dear me, don't get yourself beat up by resisting.  Just comply, get cuffed, and handle it in court.  Now, if you are complying and get a beat down anyway, that's different, obviously.  That is never ok.

But if you were driving on public roads, just give them the dang license, save yourself a world of trouble.",1573095935.0,1573067135.0,/r/PublicFreakout/comments/ds10qu/heres_the_deal_show_me_your_id_or_go_to_jail/f6pymh5/,PublicFreakout
34,pseudospock,"""Friends, I will be voting for Donald Trump.""  Everyone would know something was wrong if I posted that.",1573095334.0,1573066534.0,/r/AskReddit/comments/dsfgao/youve_been_kidnapped_but_the_kidnapper_allows_you/f6pxof2/,AskReddit
35,pseudospock,"In my state, there is an RCW (law on the books) stating you must.  Most states have a similar statute.  However, the Supreme Court has ruled you don't need to if the stop was an illegal stop... but, debating that with the officer at the time is not where to do that, as that can lead to other charges that do hold up.  So best to do it, and if the stop was illegal, have your day in court to get it tossed.  If you do refuse, you risk the actions you saw here... damage to your vehicle, additional charges against you.  And if you refuse to follow orders once told you are being arrested, that's another entire mess of charges, and allows the officers to escalate to ridiculous levels of violence in your detention, for which they most likely will never be in trouble for.  Take your ticket, have your day in court.  If you're driving with a suspended license, you will get arrested, unless their jail is full, in which case they may cuff and release you, but told not to continue driving the vehicle (including from right where you are, btw).",1573020382.0,1572991582.0,/r/PublicFreakout/comments/ds10qu/heres_the_deal_show_me_your_id_or_go_to_jail/f6nhfrf/,PublicFreakout
36,pseudospock,Holy shit!  Thank you for posting that.,1573017966.0,1572989166.0,/r/politics/comments/ds22xe/poll_62_of_trump_supporters_say_nothing_he_could/f6ndazp/,politics
37,pseudospock,"But if you use the crosswalk, you need to walk.  If you are going to ride it, obey the traffic lights as a vehicle.",1573017019.0,1572988219.0,/r/videos/comments/drzbls/girl_with_electric_scooter_is_run_over_seconds/f6nbowz/,videos
38,pseudospock,"Refusing to get out of the vehicle when you've been told you are under arrest means they can and will come and remove you from the vehicle by force.  The officer offered the individual several chances to first, present his license, and then, told him he was committing an arrestable offense, and even gave him a last chance / final warning.  As much as I hate police (oh and I really do), this officer tried very hard not to use force.  If only all law enforcement were as calm and as patient as this guy.",1573016791.0,1572987991.0,/r/PublicFreakout/comments/ds10qu/heres_the_deal_show_me_your_id_or_go_to_jail/f6nbbf0/,PublicFreakout
39,pseudospock,"Driving is a privilege, not a right.  During a traffic stop, you do need to provide your drivers license, vehicle registration, and proof of insurance, if asked for.  If you're walking, you don't.  If you're a passenger, you don't.  But to drive, this is part of the deal.  By driving on public roadways, this obligation applies to you.

Note, driving on private property can be different, depending on local laws.",1573016507.0,1572987707.0,/r/PublicFreakout/comments/ds10qu/heres_the_deal_show_me_your_id_or_go_to_jail/f6naspy/,PublicFreakout
40,pseudospock,I would wait until the reading of your will.,1573013304.0,1572984504.0,/r/AskReddit/comments/dryslz/what_is_the_appropriate_amount_of_time_to_wait/f6n49gb/,AskReddit
41,pseudospock,Gold.  This thread is pure gold!,1573013008.0,1572984208.0,/r/AskReddit/comments/dryybu/what_happens_when_one_karen_asks_to_speak_to_the/f6n3n5g/,AskReddit
42,pseudospock,"Ah, but a quorum requires Karen^(3).",1573012848.0,1572984048.0,/r/AskReddit/comments/dryybu/what_happens_when_one_karen_asks_to_speak_to_the/f6n3bc4/,AskReddit
43,pseudospock,Oh goodness that gave me a good laugh!  Thank you.,1573012684.0,1572983884.0,/r/AskReddit/comments/dryybu/what_happens_when_one_karen_asks_to_speak_to_the/f6n2zah/,AskReddit
44,pseudospock,I love that your hate for it gets more points than it did itself.  :),1573012556.0,1572983756.0,/r/AskReddit/comments/dryybu/what_happens_when_one_karen_asks_to_speak_to_the/f6n2psr/,AskReddit
45,pseudospock,"Man, I came up with this idea, but with a full cube of the glass, when I was a kid.  Even before CD's.  You could use different focal points through the medium to record data through different layers... and on top of that, if used with different colors/frequencies of laser light, you should be able to encode data multiple times through the cube, each from a different side of the cube, without interfering with the data from other sides.  Wish I'd known a patent lawyer when I was 8.  My parents thought it was a great idea.",1573010409.0,1572981609.0,/r/Futurology/comments/drzfdj/microsoft_successfully_archives_warner_bros/f6myj70/,Futurology
46,pseudospock,"Liking my work all the time.  Sure, I enjoy it some of the time, but not as often as I portray that I do.  That goes for some co-workers, too...  While I have genuine friends at work, I also have to ""be nice"" to the person who throws everyone under the bus, or have to be nice to another division's director (to his face, anyway) even when he's making terrible choices that later bubble up into our organization to deal with.  One of the things I do miss, was we had a customer who valued the truth so much, that they wanted to hear the bad about themselves, so they knew they weren't crazy about their own companies' issues.",1573004917.0,1572976117.0,/r/AskReddit/comments/drxin2/what_part_of_your_personality_do_you_fake/f6mojwb/,AskReddit
47,pseudospock,"Man, I was sure the penguins flying would propel me into thousands of points.  Swing and a miss.  :)",1572668527.0,1572639727.0,/r/AskReddit/comments/dp7h1c/if_you_could_teleport_what_would_be_the_easiest/f61g4ov/,AskReddit
48,pseudospock,"I love your ""Edit: I don't want to get rid of conservatives! They're fine! I just don't like repeat trolls"" addition.  I find it pretty telling if conservatives thought you meant them.  Does that mean they self identify as trolls?  This amuses me.  Now, not being from Melbourne, nor of your country at all, while finding humor in your anti-troll thread, I am well aware this, itself, being a form of troll.  For which I apologize.  I just had to share how your edit came across to me.  Sorry.",1572666401.0,1572637601.0,/r/melbourne/comments/dpdyjv/altright_invasion_of_rmelbourne/f61c5sw/,melbourne
49,pseudospock,"Any reason?  Ok.  Besides all the real ones, how about because it might irritate ya. ;)",1572665776.0,1572636976.0,/r/politics/comments/dq4msy/majority_of_women_and_collegeeducated_whites/f61b28w/,politics
50,pseudospock,"AutoModerator rules, ""**Do not encourage, glorify, or incite violence.""  You're kidding, right?  These kids were assaulted, and you expect the parent in me not to speak as to what I would have done had that happened to my kids?  What's the point of the discussion then, if it isn't a bunch of angry parents sharing what they would do, or what this parent should do?**",1572665273.0,1572636473.0,/r/iamatotalpieceofshit/comments/dq00p9/shooting_trick_or_treaters_with_paintballs/f61a6xi/,iamatotalpieceofshit
51,pseudospock,"Let's see, I could teleport penguins up into the air and then take pictures of them ""flying"" from the ground.  Everyone would be amazed!  Scientists and the public, both, would pay top dollar for my photos.  I'd get greedy of course, and start branching out into other creatures who can't fly, the public would finally switch from awe to suspicion.  But then that's where it being legal ends... as I have to start teleporting undercover members of the press into orbit for having been caught following me.  But I digress...",1572517568.0,1572488768.0,/r/AskReddit/comments/dp7h1c/if_you_could_teleport_what_would_be_the_easiest/f5vgfuo/,AskReddit
52,pseudospock,"Destroy my enemies,of course!",1572480391.0,1572451591.0,/r/AskReddit/comments/dp2qtb/you_just_inherited_100_billion_what_ridiculous/f5t6m8z/,AskReddit
53,pseudospock,One word response... Duh!,1572480016.0,1572451216.0,/r/news/comments/dp5lr1/jeffrey_epsteins_autopsy_more_consistent_with/f5t60w6/,news
54,pseudospock,"Thank you, Dennis!",1572445975.0,1572417175.0,/r/bobiverse/comments/dp2fn9/the_next_bobiverse_books_get_a_title_and_update/f5s8z2m/,bobiverse
55,pseudospock,I'd have to say that answer would be suicide.,1572424127.0,1572395327.0,/r/AskReddit/comments/douu21/whats_the_fastest_way_to_lose_all_of_your_friends/f5rir5j/,AskReddit
56,pseudospock,Or you're telling him he just won the lotto.,1571503301.0,1571474501.0,/r/Showerthoughts/comments/djwqdn/youre_a_lucky_man_is_a_nice_way_of_telling_a_guy/f49muxd/,Showerthoughts
57,pseudospock,"You haven't met my kid, obviously!",1571502074.0,1571473274.0,/r/Showerthoughts/comments/djzpyk/the_human_body_is_pretty_silent_given_everything/f49m2pp/,Showerthoughts
58,pseudospock,"So these would be okay then?  ""When you getting out?""  ""What are you in for?""  ""Got smokes?""  ""I'll trade you my lunches for 3 months for that cell phone.""  ""Let me show you how to make a shiv.""  ""Pull those pants up!  Ain't nobody want to see your nasty ass!""  ""Hey, you got something in your...oh oh, that IS your tooth!  My bad!  My bad!""  ""Damn, you tall!""  ""Hey!  Today visitation day?!?""  ""Drive!  ...  I SAID DRIVE!""  ""It's goin' down tonight.""  ""I stole you that toothbrush you wanted.""",1571501780.0,1571472980.0,/r/funny/comments/djyuxj/wise_words_from_a_weird_man/f49lvq6/,funny
59,pseudospock,That is very good to hear.  Thank you. :),1571501050.0,1571472250.0,/r/PublicFreakout/comments/djqfii/guy_going_to_work_loses_it_when_activists_block/f49leil/,PublicFreakout
60,pseudospock,"Good.  Can she PLEASE go away now?  Hell, just today she basically just challenged someone to go third party and split the Democratic vote.  Clinton, and everything she does, costs us elections!",1571500957.0,1571472157.0,/r/politics/comments/djw67m/investigation_of_clinton_emails_ends_finding_no/f49lc76/,politics
61,pseudospock,"They're lucky they weren't blocking a USPS mail truck, or an emergency vehicle.",1571499488.0,1571470688.0,/r/PublicFreakout/comments/djqfii/guy_going_to_work_loses_it_when_activists_block/f49kccx/,PublicFreakout
62,pseudospock,"Ah, hyperbole.  Did you care to make a point, or were you just trying to be seen?",1571499363.0,1571470563.0,/r/news/comments/djsqsv/morals_over_money_waitress_fired_after_refusing/f49k9e1/,news
63,pseudospock,"There didn't have to be.  The moment they showed their lack of self control by trying to impose their hateful opinion on their server, they exhibited a lack of restraint that indicated they were not content to keep the hate to themselves.  The act of imposing it on their server was a warning that the other person was not safe.",1571499273.0,1571470473.0,/r/news/comments/djsqsv/morals_over_money_waitress_fired_after_refusing/f49k78r/,news
64,pseudospock,"The server did exactly as she should, she talked to her boss. The boss made the wrong choice.",1571499098.0,1571470298.0,/r/news/comments/djsqsv/morals_over_money_waitress_fired_after_refusing/f49k32i/,news
65,pseudospock,"No, the crossed the line when they tried to impose their view on the server, which showed they had a lack of restraint.  That is something that concerns the safety of others in the establishment.",1571499065.0,1571470265.0,/r/news/comments/djsqsv/morals_over_money_waitress_fired_after_refusing/f49k2a1/,news
66,pseudospock,"Here's my question... Do you people with little children, still unable to control themselves, honestly NEED to fly with them?  Short of funerals, moving, or some other equally life altering event, why do you fly with them?  Vacation?  No.  Your 3 year old isn't going to remember it, save money and stay home.  You do the kid a favor and everyone else a favor.  And if the child is a baby, you can actually be hurting them by flying with them.  Eustachian tubes in babies aren't finished forming and can have a hard time equalizing the pressure in their ears, making it feel like being stabbed in the ear when the cabin pressure changes.  Leave them home, safe and comfortable.  If you MUST travel with them, bring benedryl with you in case their ears are causing them to suffer.  Mostly, just do your kids a favor and stay home until they're like 8 or so. They're happier for it.  You'll be happier for it.  And the rest of us will be happier for it.",1571498965.0,1571470165.0,/r/AmItheAsshole/comments/djpun8/aita_for_forcing_a_6_year_old_kid_to_be_separated/f49jzvj/,AmItheAsshole
68,pseudospock,"No, you aren't an asshole.  You picked the seat you wanted, and did so before you knew this person would ask you.  It is not your fault they didn't pick the seats they wanted in advance, as you had.  Nor is it your duty to put up with either of them.  You simply were existing, and got yelled at by a woman for reasons not your own.

I recently was asked by a mom if I would switch my isle seat with her kid, which was a row up in the section next to the bathroom wall.  No.  I paid extra for my seat, and I don't care to be by the bathroom odor, nor a row that had many other kids in it.  Not my fault they are in their situation, and not my obligation to fix it.  Especially when I paid more for my seat.

Don't let people with kids push you around.",1571498058.0,1571469258.0,/r/AmItheAsshole/comments/djpun8/aita_for_forcing_a_6_year_old_kid_to_be_separated/f49je2j/,AmItheAsshole
69,pseudospock,"Yet.  They escalated it to the point of making their own server uncomfortable.  Can you be sure it was going to stop there?  Next steps might have been a run-in in the bathroom with the transgender customer.  Or in the parking lot.  Had they not tried to rope in the server to their hateful conversation, that would have shown restraint.  But they were exhibiting a lack of restraint, instead.  That is a warning sign that the transgender person could be jumped / harmed / attacked / insulted.  Don't ignore the signs.",1571496281.0,1571467481.0,/r/news/comments/djsqsv/morals_over_money_waitress_fired_after_refusing/f49i5zp/,news
70,pseudospock,Not when the 2 at the table escalated the situation by pushing the topic onto their server.  That shows intent to escalate.,1571495827.0,1571467027.0,/r/news/comments/djsqsv/morals_over_money_waitress_fired_after_refusing/f49hu9x/,news
71,pseudospock,And you expect it to stop there?  Simply trying to rope another individual into the disparaging conversation shows their intent to escalate the conversation beyond just themselves.  These customers were not content to be keeping it to themselves.,1571495767.0,1571466967.0,/r/news/comments/djsqsv/morals_over_money_waitress_fired_after_refusing/f49hsml/,news
72,pseudospock,"Because management appears to agree with the transphobic remarks, apparently.",1571494990.0,1571466190.0,/r/news/comments/djsqsv/morals_over_money_waitress_fired_after_refusing/f49h8ok/,news
73,pseudospock,"He has the crazy idea that you can pay people to not have jobs, and expect the government to maintain that.  It's going to require a lot more than cutting checks.  You'll need taxes on automation that replace jobs... good luck getting that passed.  He is a pie in the sky dreamer with little basis in facts or reality.",1571475908.0,1571447108.0,/r/IAmA/comments/djpf40/iama_presidential_candidate_andrew_yang_ama/f48rt7o/,IAmA
74,pseudospock,"So I've been going through the posts and again posting if parents are paying, shut up and deal.  But yeah, if they aren't paying, they have no place to dictate anything.  Being responsible for your own bills comes with freedom.",1571475766.0,1571446966.0,/r/insaneparents/comments/djlqlc/in_university_parents_track_my_location_and_knows/f48rmyv/,insaneparents
75,pseudospock,"Wait what?  They pay to get him an education, a phone, and probably a place to live, and expect he doesn't screw off and ruin the investment in him... and he should thank them by running out on them as soon as he gets what he wants?  What type of ingrate piece of shit kid are you?",1571475611.0,1571446811.0,/r/insaneparents/comments/djlqlc/in_university_parents_track_my_location_and_knows/f48rg1c/,insaneparents
76,pseudospock,"Preach it, bro.",1571475521.0,1571446721.0,/r/insaneparents/comments/djlqlc/in_university_parents_track_my_location_and_knows/f48rc2t/,insaneparents
77,pseudospock,"Because the majority of them are other entitled shitty kids, that's why.",1571475368.0,1571446568.0,/r/insaneparents/comments/djlqlc/in_university_parents_track_my_location_and_knows/f48r5ei/,insaneparents
78,pseudospock,Not if they're paying for it.,1571475260.0,1571446460.0,/r/insaneparents/comments/djlqlc/in_university_parents_track_my_location_and_knows/f48r0r7/,insaneparents
79,pseudospock,"Tis a good way to lose any financial help from them for school, for phones, for lodging... hell, even to come home for dinner or do laundry.  Don't f yourself kids, if they're paying for it and giving you the free ride, shut up and do what you're told... otherwise, get a job ya effin' ingrate.",1571475232.0,1571446432.0,/r/insaneparents/comments/djlqlc/in_university_parents_track_my_location_and_knows/f48qzky/,insaneparents
80,pseudospock,Oh yeah?  Watch them stop paying for school and drop your phone account.  Get a job.,1571475110.0,1571446310.0,/r/insaneparents/comments/djlqlc/in_university_parents_track_my_location_and_knows/f48qu72/,insaneparents
81,pseudospock,It's not crazy if they're footing the bill for the school and the phone.,1571475019.0,1571446219.0,/r/insaneparents/comments/djlqlc/in_university_parents_track_my_location_and_knows/f48qq5i/,insaneparents
82,pseudospock,"If they are paying for it, they'd better have access to it.",1571474915.0,1571446115.0,/r/insaneparents/comments/djlqlc/in_university_parents_track_my_location_and_knows/f48qlew/,insaneparents
83,pseudospock,"If your parents are paying for it, you tow the line, kid.  You want to skip class, even if your project/homework/assignment/whatever is done?  Pay for school, room and board yourself.  If you aren't spending your own money, you don't make the rules.  Whine to your therapist, not to us.",1571474864.0,1571446064.0,/r/insaneparents/comments/djlqlc/in_university_parents_track_my_location_and_knows/f48qj2s/,insaneparents
84,pseudospock,That I don't like telling little facts about myself.,1571474298.0,1571445498.0,/r/AskReddit/comments/djlwrc/whats_a_fun_little_fact_about_yourself/f48pu7c/,AskReddit
85,pseudospock,Time to delete the imgur account.,1571474262.0,1571445462.0,/r/technology/comments/djtk30/imgur_wont_support_reddits_nsfw_communities/f48psj4/,technology
86,pseudospock,Why won't you and the others just go away and let us have Bernie?,1571472997.0,1571444197.0,/r/IAmA/comments/djpf40/iama_presidential_candidate_andrew_yang_ama/f48o84b/,IAmA
87,pseudospock,"Easy, [homestarrunner.com](https://homestarrunner.com), IIRC.  :)",1571298782.0,1571269982.0,/r/Showerthoughts/comments/dipa25/they_say_once_data_is_on_the_internet_its_on/f3zir1i/,Showerthoughts
88,pseudospock,"Well that's a silly question, they aren't going to answer you.  :P",1571298196.0,1571269396.0,/r/AskReddit/comments/disw9y/people_who_dont_comment_on_posts_why_not/f3zhuob/,AskReddit
89,pseudospock,"Hate to tell you this, B-dizzle... but you're just a sandbox Bob.  You're just awaiting hacking attempts from various incoming communications... (thud) aaaand there it is.",1571207511.0,1571178711.0,/r/bobiverse/comments/di32o5/dont_tell_bob/f3vlau7/,bobiverse
90,pseudospock,"Where the Bob's got plans for fusion bombs.  Completely had forgotten where he got that.

I'd list them all, but as I just finished book 3 again, I can't be sure now.",1569479856.0,1569451056.0,/r/bobiverse/comments/d6n8q0/i_always_find_something_i_think_i_missed/f1fr6q2/,bobiverse
91,pseudospock,"Might be a good fan fic, I'd read that.",1569479727.0,1569450927.0,/r/bobiverse/comments/d042z5/it_hits_me_in_the_feels_everytime/f1fr0mh/,bobiverse
1,pseudospock,"I always find something I think I missed.. Currently in my fourth journey through the Bobiverse, and still amazed at things I didn't remember before in book 2.  Eager to see what I've forgotten in book 3!",1568969542.0,1568940742.0,/r/bobiverse/comments/d6n8q0/i_always_find_something_i_think_i_missed/,bobiverse
92,pseudospock,Well there's the voice we all know!  Welcome!  It's been a pleasure to listen to you.,1568969363.0,1568940563.0,/r/bobiverse/comments/cw5u6w/we_are_legion_rerecorded/f0uh1zb/,bobiverse
93,pseudospock,What'cha wanna bet he's gone and got himself stuck just inside the event horizon of a black hole?,1568969069.0,1568940269.0,/r/bobiverse/comments/cx2gak/just_finished_book_3/f0ugo2g/,bobiverse
94,pseudospock,"Should have forcefully scanned him, put him in a matrix with a hell VR he has no control over.  For eternity.",1568968877.0,1568940077.0,/r/bobiverse/comments/d042z5/it_hits_me_in_the_feels_everytime/f0ugeqj/,bobiverse
95,pseudospock,"""Get some wood and build it 300 cubits by 80 cubits by 40 cubits."" -- Comedian I should probably not quote anymore...",1568966762.0,1568937962.0,/r/bobiverse/comments/d6fd93/future_of_the_deltans/f0ucqtc/,bobiverse
96,pseudospock,"You don't think that by the time the Deltan's found his matrix, they wouldn't be ready to learn some of their own history from him?",1568966600.0,1568937800.0,/r/bobiverse/comments/d6fd93/future_of_the_deltans/f0ucdut/,bobiverse
97,pseudospock,Great.  One more thing on my credit card that won't survive the microwave!  FFS!  ;),1568966024.0,1568937224.0,/r/mildlyinteresting/comments/d6hsnz/new_credit_card_3_digit_cvv_changes_every_4_hours/f0ub4y6/,mildlyinteresting
98,pseudospock,"Ah yes, locals wanting to punish non-locals for driving through their territory.  I fricken hate that.",1568951900.0,1568923100.0,/r/AskReddit/comments/d6dfbb/what_is_something_we_can_all_agree_on_being_a/f0tj7sl/,AskReddit
99,pseudospock,Moving a dildo from your old house to your new house.,1568951495.0,1568922695.0,/r/AskReddit/comments/d6dfbb/what_is_something_we_can_all_agree_on_being_a/f0tig4u/,AskReddit
100,pseudospock,"I wish he would have scanned Archimedes and put him in a matrix, waiting to be switched on by future Deltans.",1568949632.0,1568920832.0,/r/bobiverse/comments/d6fd93/future_of_the_deltans/f0teru1/,bobiverse
101,pseudospock,Anyone care to put a scope on those outlets while the microwave is running?  I'd be VERY interested to see how clean the power is during that.,1568779023.0,1568750223.0,/r/mildlyinteresting/comments/d5hbwm/this_microwave_has_outlets/f0mpga2/,mildlyinteresting
102,pseudospock,But Dad!,1568778955.0,1568750155.0,/r/mildlyinteresting/comments/d5hbwm/this_microwave_has_outlets/f0mpccw/,mildlyinteresting
103,pseudospock,There are enough of us now we should start having moots. :),1568693201.0,1568664401.0,/r/bobiverse/comments/d3qy59/another_bob_signing_in/f0jw2z4/,bobiverse
104,pseudospock,"""Your mom."" ?",1568691542.0,1568662742.0,/r/AskReddit/comments/d4zwmi/whats_a_proper_response_to_whats_up/f0jtly1/,AskReddit
105,pseudospock,"I knew this witch named Becky...  
She like to talk real sexy (Ugh, nasty witch)...

Then just trail off into mumbling with the same rhythm.",1568681840.0,1568653040.0,/r/AskReddit/comments/d4zwmi/whats_a_proper_response_to_whats_up/f0j9kfy/,AskReddit
106,pseudospock,"How is, ""You're Mom"" not number one answer? ;)",1568523052.0,1568494252.0,/r/AskReddit/comments/d460rk/what_was_a_huge_trend_that_everyone_forgot_about/f095d1y/,AskReddit
107,pseudospock,"Oh crap, it's Officer Cosby!  We are so f*cked! ... Literally.",1568243698.0,1568214898.0,/r/news/comments/d2o9yo/arizona_state_trooper_arrested_on_61_sexrelated/ezwen1j/,news
108,pseudospock,That title of respect has been unearned for decades.,1568243613.0,1568214813.0,/r/news/comments/d2o9yo/arizona_state_trooper_arrested_on_61_sexrelated/ezweidz/,news
110,pseudospock,"Good on you, mate!",1567234899.0,1567206099.0,/r/bobiverse/comments/cvsk25/just_borrowed_all_these_worlds_from_the_library/eymdm65/,bobiverse
111,pseudospock,And I thought they smelled bad on the OUTSIDE!,1567234361.0,1567205561.0,/r/Showerthoughts/comments/cxhneb/we_only_smell_how_disgusting_things_like_poo_and/eymcx53/,Showerthoughts
112,pseudospock,"Getting to cruise on cruise ships after installing our Video on Demand and Digital Signage products on those ships.  Often the customer would like to have someone on-board the first week or two after installation, in case they have any problems.  Usually it ended up being nice trouble free cruises!",1567234097.0,1567205297.0,/r/AskReddit/comments/cxh438/what_were_some_i_cant_believe_im_getting_paid_for/eymcl25/,AskReddit
113,pseudospock,"Well, since I've not met you, I can afford to still be nice.  I'm sorry that happened.",1567043043.0,1567014243.0,/r/Showerthoughts/comments/cwbwjg/attractive_people_probably_think_that_everyone_is/eyd9qqd/,Showerthoughts
114,pseudospock,"Ah yes, Trent.",1567042934.0,1567014134.0,/r/AskReddit/comments/cwj2wv/what_is_something_that_makes_you_say_man_i_fing/eyd9kmz/,AskReddit
115,pseudospock,People.  Juuuuust plain old run of the mill people.,1567042864.0,1567014064.0,/r/AskReddit/comments/cwj2wv/what_is_something_that_makes_you_say_man_i_fing/eyd9gn3/,AskReddit
116,pseudospock,"Chapter 37.  Second Date

""Some of us know who you are,"" she said.  ""You are the reason our ancestors warned us against traveling the stars.""

I was flummoxed.  Who did she think we were?  ""Priestess Kanara, I'm sorry, what?  My species has only had interstellar travel for 50 years, there is no way you could have met us before.""

She stopped walking and stared at the night sky.  ""You have traveled before, but it is possible you have forgotten.  Your world once warred with ours, when you served your reptilian masters.""

I stood there, aghast.  Dinosaurs?  Reptilian masters?  No freackin' way!  ""I,"" I hesitated, ""I don't think that's possible.  We evolved long after the dominant reptiles on Earth were wiped out by an asteroid impact... what we call an 'extinction level event'... and they weren't even sentient.""

""That impact was our doing, to end the war.  Followed by my people clearing anyone left who had survived,"" Kanara said.  ""We thought we finished all of you, but it appears we were wrong.  My ancestors should have been more thorough.""

My mind was reeling.  This flew in the face of everything our own science had uncovered about Earth's history.  I forced myself back into the moment, realizing I could deal with this information later.  ""So your people are still out there, walking the stars?""

Kanara explained, ""No.  We are a people of great conscience, of great law.  While our ancestors knew they had to act to preserve our species, it did not change the fact that such an act was against the law of nature.  While it is natural for an animal to kill another, it is not the balance of nature to completely destroy another species.  For that, we were guilty.  For that, our penance had been to never again walk the stars.""

""You speak of the judgement as past tense?"" I asked.

""You and your world survived, "" Kanara said with a long pause, ""We are not guilty of the great crime.  Once again my people are free, and can rule the stars as we once did.""

Did...  Did she just say rule?  Aww hell...",1567042039.0,1567013239.0,/r/WritingPrompts/comments/cwcuqe/wp_you_find_yourself_stranded_on_a_backwater/eyd86sc/,WritingPrompts
117,pseudospock,"Hah, you tried to include yourself... No.  ;)",1566996276.0,1566967476.0,/r/Showerthoughts/comments/cwbwjg/attractive_people_probably_think_that_everyone_is/eyaq7s7/,Showerthoughts
118,pseudospock,"Anyone ever been nice to you online, but it stopped after they met you?",1566996213.0,1566967413.0,/r/Showerthoughts/comments/cwbwjg/attractive_people_probably_think_that_everyone_is/eyaq49c/,Showerthoughts
119,pseudospock,"Soooo... Solo both shot first, and did not shoot first.  Damn you, Lucas!",1566995982.0,1566967182.0,/r/space/comments/cw2njh/physicists_discovered_a_new_kind_of_quantum_time/eyaprd6/,space
120,pseudospock,"@OP: Well, where are you right now?",1566993556.0,1566964756.0,/r/AskReddit/comments/cwasad/if_the_earth_had_a_butthole_where_would_it_be/eyakjy6/,AskReddit
121,pseudospock,I am Noot!,1566993391.0,1566964591.0,/r/funny/comments/cwdp0a/noot_noot/eyak5t1/,funny
122,pseudospock,Welcome to Bobnet!,1566875491.0,1566846691.0,/r/bobiverse/comments/cvsk25/just_borrowed_all_these_worlds_from_the_library/ey63o7r/,bobiverse
123,pseudospock,"Thank you.  Some googling, of course, helped me find him actually talking about it.  Bummer.  I really enjoy that song cranked loud when stuck in traffic. ;)",1566874766.0,1566845966.0,/r/AskReddit/comments/cvfd35/what_are_some_great_fuck_you_songs/ey62l5q/,AskReddit
124,pseudospock,What?  Source?,1566866045.0,1566837245.0,/r/AskReddit/comments/cvfd35/what_are_some_great_fuck_you_songs/ey5pf7b/,AskReddit
125,pseudospock,Because our half doesn't like talking to them.,1566828079.0,1566799279.0,/r/AskReddit/comments/cvebds/why_does_it_seem_like_half_of_all_redditors_seem/ey4nt1p/,AskReddit
126,pseudospock,Why would you down vote that?  It's basically suicide by proxy.,1566827991.0,1566799191.0,/r/AskReddit/comments/cvidy6/whats_a_surprisingly_simple_way_to_die/ey4nqe6/,AskReddit
127,pseudospock,Magnets.  Wires.  Water.  My superior intellect.  Sour lemons.  Worms.  Gravity.  Beams of light.  Cocaine.  Racism.  Labor.,1566824934.0,1566796134.0,/r/AskReddit/comments/cvdfej/what_is_something_that_works_even_when_cut_in_half/ey4l0og/,AskReddit
128,pseudospock,"My daughter's best friends parents asked me to teach their 19 year old (the older sister) to drive.  After a few weeks, she surprised me by telling me she wanted to fuck me.  I was shocked!  I told her I don't just sleep with people, I'd have to be in a relationship.  She wanted that.  So we met with her dad and told him.  He said he wasn't surprised, we were spending a lot of time together.  I reminded him that it was for her to learn to drive, I'd made no moves on her.  He knew that was true.  He went to talk to her mom, there was some arguing we could slightly hear.  Eventually he came back and told us ""How often do we get to know our kids romantic interests as well as we've known you?  You have our permission... here are the ground rules.""  2 year relationship from that, and she was very toxic, it turned out.  It ended with her flying a 'texting friend' up for Valentines day to fuck him before allowing me to propose, as she felt she needed more sexual experience before marriage.  Nope.  Her dad told me, ""You really dodged a bullet there, son.""  And he was right.",1566824572.0,1566795772.0,/r/AskReddit/comments/cvd8eh/whats_the_weirdest_way_you_ever_got_a/ey4komj/,AskReddit
129,pseudospock,Sleeping with your enemies mom.,1566824077.0,1566795277.0,/r/AskReddit/comments/cvidy6/whats_a_surprisingly_simple_way_to_die/ey4k84c/,AskReddit
130,pseudospock,My marriage.  j/k,1566823966.0,1566795166.0,/r/AskReddit/comments/cv6d1o/ladies_and_gents_of_reddit_what_do_you_think_is/ey4k4dk/,AskReddit
131,pseudospock,Drowning.  All 3 times.  Not a joke.,1566823671.0,1566794871.0,/r/AskReddit/comments/cvdjs8/what_didnt_scare_you_as_a_kid_that_shouldve/ey4ju9o/,AskReddit
132,pseudospock,"You laughing and saying maniacally, ""Dance puppet, dance!""  ...  I'm not your puppet!  ;)",1566823266.0,1566794466.0,/r/AskReddit/comments/cv66ex/stop_what_youre_doing_for_10_second_what_do_you/ey4jg8s/,AskReddit
133,pseudospock,I let them live...  I let them ALL live.  More than I can say for you.,1566822311.0,1566793511.0,/r/AskReddit/comments/cv8h15/youre_dead_and_supposedly_god_asks_you_for_one/ey4iiq9/,AskReddit
134,pseudospock,I'm an asshole - Denis Leary,1566821105.0,1566792305.0,/r/AskReddit/comments/cvfd35/what_are_some_great_fuck_you_songs/ey4hb3y/,AskReddit
136,pseudospock,"Just once I'd like someone to pop into VR and say, ""It's...  It's bigger on the inside!""",1566820446.0,1566791646.0,/r/bobiverse/comments/cuolm6/registering_from_gliese_570/ey4gm75/,bobiverse
137,pseudospock,What the!  You just popped into my VR!,1566712939.0,1566684139.0,/r/bobiverse/comments/cuolm6/registering_from_gliese_570/ey0vluj/,bobiverse
138,pseudospock,That there only a few bad apples on the force?,1566401851.0,1566373051.0,/r/AskReddit/comments/ct4hgn/cops_of_reddit_whats_the_most_bullshit_sounding/exk4ujm/,AskReddit
139,pseudospock,"When the Skip the Dishes driver steals my meal / doesn't deliver it, marks it as delivered, and I've been waiting an HOUR!  Then Skip calls, offers me re-order or refund, I choose re-order... and 10 minutes later still gives me a damn refund!  Tell the wife to get dressed so we can go fucking eat... and she says I'm too angry (or hangry) to drive!  So now she insists on doing ANOTHER delivery order that we have to wait for.

Seriously, WTF Skip the Dishes?!?  Fuck you, motherfucker!",1566284881.0,1566256081.0,/r/AskReddit/comments/cqdzky/what_are_times_that_make_you_want_to_yell/exg5q7k/,AskReddit
140,pseudospock,Your mom.,1566034788.0,1566005988.0,/r/AskReddit/comments/cr8y1r/what_could_have_been_awesome_if_people_hadnt/ex4jun6/,AskReddit
142,pseudospock,So take the phone away.,1565427987.0,1565399187.0,/r/pihole/comments/b1vbjg/how_to_block_tiktok/ewh6hrb/,pihole
143,pseudospock,"Not going to happen.  You get a 'cruise card' or similar when you board.  They scan your card and take your picture with a little windows mobile device, put's you and your new barcode number into their system.  Every time you leave or return to the ship, you present your card for scanning, so they know \*exactly\* who is on board at all times.  If you hide during disembarkation, the hunt for you begins.  Announcements, and dozens of folks armed with the mobile devices or printouts of your face go looking for you.  They will check your cabin.  They have a record of where you like to hang out, from your cruise purchases done with this same cruise card, they will look for you there, too.  As well as the rest of the ship.  Doesn't take long, couple hours at most.  Also, where would you sleep?  Your card is your room key.  How could you go ashore in various destinations?  They'd need to scan your card. Where will you stow your things?  If you need the Dr., etc etc.  Even us contractors who can stow things in an onboard workroom / workshop when spanning a couple cruises, still have to disembark, and re-embark.  That gets our passports all checked in for the next cruise, new cruise card, new room, etc... and depending on the country, they may not want you to stow your stuff aboard during the process.

Just don't even think about it.  It's illegal, plus the cruise line will fine you and ban you.  And many cruise lines are related.  Get banned on say, Princess, then consider all of Carnival, HAL, and it's various cruise lines now off limits to you.",1565426642.0,1565397842.0,/r/AskReddit/comments/co16i3/redditors_who_have_tried_to_hide_on_your_cruise/ewh4rym/,AskReddit
144,pseudospock,Why would you do that?,1562049076.0,1562020276.0,/r/pihole/comments/b1vbjg/how_to_block_tiktok/esiu698/,pihole
145,pseudospock,"""Objection, your honor,"" said Phelps.

""On what grounds, Mr. Phelps?"" replied the judge.

""My client is unable to lie.  Strange things happen when he lies.""

&#x200B;

""Is it your assertion that he intends to lie to this court?""

&#x200B;

Phelps, clearly sweating now, ""Well no, your honor... But it does present an unfair burden when compared to anyone else's testimony.  People can lie unintentionally, either they don't know all the facts, or believe the facts incorrectly.  'The truth and nothing but the truth,' still allows for human error.  My client's... condition, does not.""

&#x200B;

The judge, curious and annoyed, ""Tell me more about his... 'condition', as you call it.""

Terry grimaces and nods to Phelps.  Phelps proceeds, ""If he lies, a disembodied voice, we know not who's, proceeds explain the lie in perfect detail.  Everyone here will hear it.""  Having a moment of inspiration, he adds, ""I submit, your honor, that as we cannot know the identity or origin of the voice, we cannot verify the veracity of it's detailed explanations, nor their truthfulness.""

&#x200B;

A disturbing silence fell across the court room, as the judge considered this.  Not sure she believed it, herself, she came up with a plan.  ""Have him approach the bench.""

""Your honor?"" said Phelps.

&#x200B;

""I'll decide if he will take the stand.  Terry, please present yourself to me here,"" she said.  Terry approached the bench.  ""Bailiff, have him sworn in.""

&#x200B;

Bailiff Sands was caught off guard, as he'd allowed his mind to drift.  Startled, he hurried to his feet, presented the Bible and began, ""Do you swear to tell the truth, the whole truth and nothing but the truth, so help you God?""

&#x200B;

""I do."" said Terry, but was immediately interrupted by a thunderous omnipresent voice...  ""He means he will try, but has very little confidence in his own ability to do so.""

&#x200B;

Everyone in the court room was stunned, even Terry, himself.  ""Even when I tell the truth, it does that, it always twists what I say.""  The booming voice retorted, ""Such an exaggeration, Terry.  You wound me.""

&#x200B;

Judge Conner is now genuinely out of her seat, leaning over in curiosity at Terry.  ""Incredible!  But I think I know how to determine if this narrator of yours is credible.""  She let Terry and everyone else ponder that for a moment, then continued, ""Terry... would you say I am an attractive woman?""

&#x200B;

Terry was horrified at the question.  The judge looked to be a hundred years old to him, a dried up old prune, who would have made anyone's own grandmother look better in comparison.  He was doomed.

&#x200B;

""Well?"" said the judge?

&#x200B;

""No... No you're honor.  I'm afraid I think you're too elderly to be attractive,"" said Terry, wincing with one eye closed.  There was almost no hesitation between Terry's finish to the voice of truth adding, ""But if you're free Friday night, we can make this thing happen!""

&#x200B;

The court room broke out with laughter, as Judge Connor looked at Terry with a sly glint.

&#x200B;

... and I'm out of story at this point.  I'd need a day to think about it from here.  Damn, sorry.",1561197196.0,1561168396.0,/r/WritingPrompts/comments/c3ag9g/wp_you_cannot_tell_a_lie_not_because_youre_unable/erresyq/,WritingPrompts
146,pseudospock,"When Gohan said, ""I need an adult."" and I realized I am an adult.",1561194523.0,1561165723.0,/r/AskReddit/comments/c39vz7/when_did_you_realise_you_werent_a_child_anymore/errbkpv/,AskReddit
149,pseudospock,"Nah, I’d never do business with him again after the StarOffice debacle.   I was promised I’d get it as a member, which is why I bought in… Only  to be screwed out of it when he made it minimum of Silver level.  I  fought and argued, and insisted I get what I was promised I’d paid for,  only for them to force a refund on me I didn’t want.  I wanted  StarOffice, as promised.  I get it, he made a mistake promising  something cheaper than Sun ended up allowing him to sell it for.  But  that was HIS problem, not ours.  He chose to screw us rather than pay up  for his mistake.  Not a characteristic any customer should want.  Avoid  him and his businesses like the plague.",1556784786.0,1556755986.0,/r/elementaryos/comments/aectqz/the_e_and_everything_just_seems_too_ironic/em9ucwx/,elementaryos
150,pseudospock,"Nah, I’d never do business with him again after the Star Office debacle.   I was promised I’d get it as a member, which is why I bought in… Only  to be screwed out of it when he made it minimum of Silver level.  I  fought and argued, and insisted I get what I was promised I’d paid for,  only for them to force a refund on me I didn’t want.  I wanted  Star Office, as promised.  I get it, he made a mistake promising  something cheaper than Sun ended up allowing him to sell it for.  But  that was HIS problem, not ours.  He chose to screw us rather than pay up  for his mistake.  Not a characteristic any customer should want.  Avoid  him and his businesses like the plague.",1556784684.0,1556755884.0,/r/opensource/comments/bipjn2/gael_duval_father_of_user_friendly_linux_on/em9u7c9/,opensource
151,pseudospock,Would you find it creepy if he was younger and more attractive?,1556267296.0,1556238496.0,/r/TwoXChromosomes/comments/bh9qs4/how_do_i_kindly_tell_a_creeper_at_the_gym_to_fuck/elsit4f/,TwoXChromosomes
152,pseudospock,"Oh hell no, don't rack up miles that depreciate the value of your car just for them.  Just say no.",1530413726.0,1530384926.0,/r/teslamotors/comments/8utjke/discussion_road_trip_gas_money/e1kcps9/,teslamotors
153,pseudospock,Bad boss was fired today.  I'm free.,1525527045.0,1525498245.0,/r/jobs/comments/7e7vhi/what_can_i_do_about_this_boss/dyh8p3m/,jobs
154,pseudospock,Replicators!,1520431058.0,1520402258.0,/r/mildlyinteresting/comments/82fflc/this_texas_shaped_brick_in_texas/dvb4nd5/,mildlyinteresting
155,pseudospock,"Yeah, looking for another job.  Debating contracting or maybe freelance.  I prefer direct hire, however, for better benefits.",1511312059.0,1511283259.0,/r/jobs/comments/7e7vhi/what_can_i_do_about_this_boss/dq5aufc/,jobs
156,pseudospock,That's awful!,1511311968.0,1511283168.0,/r/jobs/comments/7e7vhi/what_can_i_do_about_this_boss/dq5ar5a/,jobs
157,pseudospock,Thanks.  Company has rebranded once already to shed it's Glassdoor reviews.,1511311946.0,1511283146.0,/r/jobs/comments/7e7vhi/what_can_i_do_about_this_boss/dq5aqd8/,jobs
158,pseudospock,"Seniority, and he really only knows how to report status and make spreadsheets. I happen to make a lot more than him.",1511311886.0,1511283086.0,/r/jobs/comments/7e7vhi/what_can_i_do_about_this_boss/dq5ao6w/,jobs
159,pseudospock,"Yup, in the US and over 40.  We have an HR, but they are more concerned with protecting the company image than employees.",1511311840.0,1511283040.0,/r/jobs/comments/7e7vhi/what_can_i_do_about_this_boss/dq5ami7/,jobs
2,pseudospock,"What can I do about this boss?. He's openly stated to two of us he only wants to hire young people, as their 1st or 2nd job, so he can pay them less and make them into what he wants them to be.  Meanwhile, he turns down experienced older candidates while we continually suffer being severely understaffed.  He tries to bait and bully the older staff, hoping they'll quit, yet never firing them.  He has stated after work, while drunk at the customer's location, that he hates that I earn more than he does, and hates that I was getting a big raise and bonus, and that he had no say in the matter, our 2nd level did.  He is jealous if his staff are sent to exotic customer locations, and yells things like, ""Not if I don't get to go first!""  It's a great place to work, except for him.  He insists he'll never let anyone move up or lateral transfer... he even threatened to fire me for trying to transfer laterally to get out from under him.  And finally, how can I safely warn people interviewing here about him?  I mean, we need more people, but they need to know what they're getting in to.  Thoughts?",1511201133.0,1511172333.0,/r/jobs/comments/7e7vhi/what_can_i_do_about_this_boss/,jobs
160,pseudospock,"She chews with her mouth open, very loudly.",1510592252.0,1510563452.0,/r/AskReddit/comments/7ckd6u/what_is_something_that_instantly_killed_a_crush/dpqvx4l/,AskReddit
161,pseudospock,ಠ_ಠ,1504313183.0,1504284383.0,/r/videos/comments/6xd5vh/nurse_arrested_for_following_hospital_policy/dmfjckk/,videos
162,pseudospock,Yup!,1504313102.0,1504284302.0,/r/videos/comments/6xd5vh/nurse_arrested_for_following_hospital_policy/dmfj9ut/,videos
163,pseudospock,lol,1504312986.0,1504284186.0,/r/videos/comments/6xd5vh/nurse_arrested_for_following_hospital_policy/dmfj5wn/,videos
164,pseudospock,"Him, his lieutenant, and at least two other officers did this.  How do you mess it up this bad?  When you're desperate for a scapegoat, because your department is already in way over it's head with trouble.
",1504312794.0,1504283994.0,/r/videos/comments/6xd5vh/nurse_arrested_for_following_hospital_policy/dmfizga/,videos
165,pseudospock,"Did you see the two other officers in the video just stand there and let it happen?  From the Washington Post article, ""A neighboring police department sent Payne, a trained police phlebotomist, to collect blood from the patient and check for illicit substances, as the Tribune reported. The goal was reportedly to protect the trucker, who was not suspected of a crime. His lieutenant ordered him to arrest Wubbels if she refused to let him draw a sample, according to the Tribune.""  You see that last line?

This was not one man's decision.  A liutenant, and at least 2 other officers at the scene, thought this was ok.  You get that?  This wasn't 1 '****head', as you put it, it was institutional with that department.  Period.  You cannot debate those facts.  Make all the excuses you want, but you are wrong, plain and clearly wrong.",1504312556.0,1504283756.0,/r/videos/comments/6xd5vh/nurse_arrested_for_following_hospital_policy/dmfirfv/,videos
166,pseudospock,But why?,1497951384.0,1497922584.0,/r/TinyTits/comments/6hzf0m/jodi_taylor_a_tinytit_thats_not_a_stick/dj4teq9/,TinyTits
