,author,body,created,created_utc,permalink,subreddit
0,dennyspurr,"It gets you a $100 option to buy the full self driving package at $100. If they have some form of self driving by 2022, self-driving will go from $9900 to $40,000+. You can lock in at $9900.",1574507760.0,1574478960.0,/r/teslamotors/comments/e098kv/if_reservation_numbers_are_sequential_based_off/f8d5lmt/,teslamotors
1,dennyspurr,Anybody else buying a call option on full self driving for $100 with a deposit on the Cybertruck? I mean if Tesla solves it by 2022 $9900 is going to be a steal!,1574486424.0,1574457624.0,/r/teslainvestorsclub/comments/dzyk1l/tsla_daily_investor_discussion_november_22_2019/f8ccxs6/,teslainvestorsclub
2,dennyspurr,That will increase S & X sales by 30-50% in 2020!,1574235452.0,1574206652.0,/r/teslainvestorsclub/comments/dyi1bh/tsla_daily_investor_discussion_november_19_2019/f838hga/,teslainvestorsclub
3,dennyspurr,S & X refresh. Plaid  coming out January  and Model Y to start in January!,1574235394.0,1574206594.0,/r/teslainvestorsclub/comments/dyi1bh/tsla_daily_investor_discussion_november_19_2019/f838dzv/,teslainvestorsclub
4,dennyspurr,"Running and Russian pullies If you are doing classic and don’t have snow, but rollar skiing would be better",1572088467.0,1572059667.0,/r/xcountryskiing/comments/dn5hjc/how_to_train_for_the_birkie_without_groomed_trails/f58n5tw/,xcountryskiing
5,dennyspurr,Definitely a pretty spot! Well the good thing is there is a lot of walking anyways. Always fun to adventure and try something a little outside of your comfort zone!,1570600079.0,1570571279.0,/r/bicycling/comments/derdgl/this_summer_i_did_a_mountain_bike_tour_of/f31at27/,bicycling
0,dennyspurr,This summer I did a mountain bike Tour of Chilcotins in BC. Anyone else have any other mount bike tour recommendations that are comparable? We were able to bike with smaller packs and stay in canvass tents along the way to minimize our loads. Trying to plan where to go next summer?!?!. ,1570518259.0,1570489459.0,/r/bicycling/comments/derdgl/this_summer_i_did_a_mountain_bike_tour_of/,bicycling
6,dennyspurr,Should be after....Last week of Oct at the earliest for the earnings call and as late as the first week of November.,1569575241.0,1569546441.0,/r/teslainvestorsclub/comments/d9m4my/tesla_produces_complete_model_3_bodyinwhite_at/f1l5e1y/,teslainvestorsclub
7,dennyspurr,Do you think they can hit 1000 cars per week by December? What an impressive project. GF3 was a mud pile in January!,1569544706.0,1569515906.0,/r/teslainvestorsclub/comments/d9m4my/tesla_produces_complete_model_3_bodyinwhite_at/f1iwyl6/,teslainvestorsclub
1,dennyspurr,"Tesla produces complete Model 3 body-in-white at Gigafactory 3, production to start Oct. 14. ",1569544628.0,1569515828.0,/r/teslainvestorsclub/comments/d9m4my/tesla_produces_complete_model_3_bodyinwhite_at/,teslainvestorsclub
8,dennyspurr,"Sorry, that was a typo...you are right it should be 5472x3648, not 5742 x 3648.",1569116538.0,1569087738.0,/r/EarthPorn/comments/d7dguu/early_morning_view_of_bugaboo_glacier_bugaboo/f0z6piy/,EarthPorn
2,dennyspurr,Early morning view of Bugaboo Glacier - Bugaboo Provincial Park [OC] (5742x3648). ,1569115804.0,1569087004.0,/r/EarthPorn/comments/d7dguu/early_morning_view_of_bugaboo_glacier_bugaboo/,EarthPorn
3,dennyspurr,Riding the remote South Chilcotins in British Columbia via float plane access. ,1568768896.0,1568740096.0,/r/mountainbiking/comments/d5jxs3/riding_the_remote_south_chilcotins_in_british/,mountainbiking
9,dennyspurr,It's a small detour (400m one way) off the main Berg Lake Trail. Well worth it. You can actually bike the first 7km of the trail to Kinny Lake after Kinny lake its about a 7km hike to Emperor Falls.,1568287243.0,1568258443.0,/r/EarthPorn/comments/d2ybbs/mount_robson_towers_over_emperor_falls_mount/ezy5lk1/,EarthPorn
4,dennyspurr,Mount Robson towers over Emperor Falls - Mount Robson Provincial Park - Highest Peak in the Canadian Rockies. (5472 x 3648) [OC]. ,1568270182.0,1568241382.0,/r/EarthPorn/comments/d2ybbs/mount_robson_towers_over_emperor_falls_mount/,EarthPorn
10,dennyspurr,Cool video...even cooler song! What lake is in the background?,1564552017.0,1564523217.0,/r/Songwriters/comments/cjxqu9/inspired_by_the_story_of_the_last_male_oo_in/evha6zk/,Songwriters
11,dennyspurr,Doesn't even make the front page of CNBC's website....this I would consider to be a pretty big executive departure. What if it were Elon?!?!,1562377226.0,1562348426.0,/r/teslainvestorsclub/comments/c9gfm5/bmws_ceo_is_stepping_down/esys42i/,teslainvestorsclub
5,dennyspurr,Breaking news...Elon has decided to switch back to lidar with a new sleek design to be put on all cars starting tomorrow.. ,1557458192.0,1557429392.0,/r/SelfDrivingCars/comments/bmnwzg/breaking_newselon_has_decided_to_switch_back_to/,SelfDrivingCars
12,dennyspurr,Actually Elon changed his mind and is going back to Lidar...,1557457717.0,1557428917.0,/r/teslamotors/comments/bmm3ex/saw_this_bad_boy_parked_in_my_apartment_complex/emy20rq/,teslamotors
13,dennyspurr,This might be a dumb question but how do we buy these bonds? Do they have a ticket symbol? I haven’t traded bonds before.,1557367729.0,1557338929.0,/r/teslainvestorsclub/comments/bm0puf/how_awesome_are_teslas_convertible_notes/emun82p/,teslainvestorsclub
14,dennyspurr,Borrow her car for the weekend and you might not even be able to wait for the Y!,1557157888.0,1557129088.0,/r/teslamotors/comments/bl8bqx/my_fiance_bought_her_tesla_model_3_it_is_amazing/emmmmgf/,teslamotors
15,dennyspurr,Starts at 27:00 mark,1556708188.0,1556679388.0,/r/teslainvestorsclub/comments/bjb1y3/chamath_palihapitiya_musks_tesla_is_the_clear/em71xiz/,teslainvestorsclub
16,dennyspurr,Love how the CNBC reporter still kept trying to be negative on Tesla....Chamath destroyed him!,1556706937.0,1556678137.0,/r/teslamotors/comments/bj65ak/chamath_palihapitiya_on_tesla_musk_is_the_clear/em7089k/,teslamotors
17,dennyspurr,Tesla starts at 27:00 min mark,1556705013.0,1556676213.0,/r/teslainvestorsclub/comments/bjb6w3/billionaire_chamath_palihapitiya_defends_tesla/em6xh3v/,teslainvestorsclub
18,dennyspurr,Solid work! I was hoping for something more magical I guess. It just seems odd that they have not talked about it at all. You would thing they would communicate that they have a parts centre coming to improve service since that has been a nagging issue!,1556697659.0,1556668859.0,/r/teslainvestorsclub/comments/bj973c/new_tesla_lathrop_facility/em6m7sg/,teslainvestorsclub
6,dennyspurr,"New Tesla Lathrop Facility. What does everything think is going to happen at the New Tesla Lathrop facility? It seems  no one ever talks about it and nobody is curious either. They've placed ads for parts distribution centre but is this the case or will distribution be in another Lathrop facility that already exists? Could this plant be for S,X, 3, Y or semi production? I have have not heard Elon talk about this new Lathrop facility.  [https://www.teslarati.com/tesla-tsla-lathrop-ca-parts-distribution-center-update/](https://www.teslarati.com/tesla-tsla-lathrop-ca-parts-distribution-center-update/)",1556689885.0,1556661085.0,/r/teslainvestorsclub/comments/bj973c/new_tesla_lathrop_facility/,teslainvestorsclub
19,dennyspurr,So maybe S & X production were purposely reduced in Q1 to prep for these updates? Will S&X get 2170 cells later this year and when do we thing the interior refresh will come?,1556095692.0,1556066892.0,/r/teslainvestorsclub/comments/bgo3xt/the_longestrange_electric_vehicle_now_goes_even/elmb0xy/,teslainvestorsclub
20,dennyspurr,Elon's working the sales desk now too?,1555898234.0,1555869434.0,/r/teslamotors/comments/bfotg1/my_nearly_70_year_old_father_pulling_the_trigger/elfsl4h/,teslamotors
7,dennyspurr,"Wow, real vision must have a big Tesla short...they are pushing out negative videos every week now! Can't scare me!. ",1555826931.0,1555798131.0,/r/teslainvestorsclub/comments/bfhqab/wow_real_vision_must_have_a_big_tesla_shortthey/,teslainvestorsclub
8,dennyspurr,A short seller who got burned in 2013 is back...hopefully to only get burnt again one more time in 2019!. ,1555651402.0,1555622602.0,/r/teslainvestorsclub/comments/beqxho/a_short_seller_who_got_burned_in_2013_is/,teslainvestorsclub
21,dennyspurr,Sorry i thought I added. I just added again...,1555202433.0,1555173633.0,/r/backpacking/comments/bcsb90/ama_dablam_and_lhotse_with_everest_hidden_behind/ekt1brz/,backpacking
22,dennyspurr,travel,1555202378.0,1555173578.0,/r/backpacking/comments/bcsb90/ama_dablam_and_lhotse_with_everest_hidden_behind/ekt195y/,backpacking
9,dennyspurr,Ama Dablam and Lhotse with Everest hidden behind the yellow flag.. ,1555201969.0,1555173169.0,/r/backpacking/comments/bcsb90/ama_dablam_and_lhotse_with_everest_hidden_behind/,backpacking
23,dennyspurr,Still don't know why people even by gas cars when you can order a $35K model 3!,1555059641.0,1555030841.0,/r/teslamotors/comments/bc7iuj/i_cant_be_the_only_one_smiling_when_reading_this/ekoeua7/,teslamotors
24,dennyspurr,model 3 gives me a semi!,1554811493.0,1554782693.0,/r/teslamotors/comments/bb3cnj/cant_believe_i_hadnt_noticed_this_yet_but_are/ekg3sw5/,teslamotors
25,dennyspurr,I think very few people would have courage to jump that one! Looks high! ,1554087204.0,1554058404.0,/r/CostaRicaTravel/comments/b7q354/eco_chontales_waterfall_has_a_large_drop_and_is/ejtms3v/,CostaRicaTravel
26,dennyspurr,"Haha, for sure...definitely block heaters! ",1552886384.0,1552857584.0,/r/electricvehicles/comments/asy6da/shockingly_electric_vehicles_are_taking_off_in/eirayav/,electricvehicles
10,dennyspurr,"5 minute drive from Squamish, BC and a 10 min heli ride brings you to a whole new world!. ",1552621740.0,1552592940.0,/r/skiing/comments/b14uq3/5_minute_drive_from_squamish_bc_and_a_10_min_heli/,skiing
27,dennyspurr,"Haha, yeah that would be night! It would be the best place to nurse a hangover!",1551072104.0,1551043304.0,/r/backpacking/comments/aucjev/mount_robson_the_highest_point_in_the_canadian/eh785lz/,backpacking
28,dennyspurr,That’s a bummer...I couldn’t imagine taking a helicopter in...the hike in was spectacular!,1551071971.0,1551043171.0,/r/backpacking/comments/aucjev/mount_robson_the_highest_point_in_the_canadian/eh77ylb/,backpacking
29,dennyspurr,Helicopter free that trip but definitely a bunch of planes flying overtop on a clear day!,1551071662.0,1551042862.0,/r/backpacking/comments/aucjev/mount_robson_the_highest_point_in_the_canadian/eh77iw0/,backpacking
30,dennyspurr,My favourite place in the Rockies. Any one have any other wilderness hiking suggestions? ,1551071472.0,1551042672.0,/r/backpacking/comments/aucjev/mount_robson_the_highest_point_in_the_canadian/eh7797a/,backpacking
11,dennyspurr,Mount Robson - the highest point in the Canadian Rockies. ,1551070976.0,1551042176.0,/r/backpacking/comments/aucjev/mount_robson_the_highest_point_in_the_canadian/,backpacking
31,dennyspurr,Totally! Most of Canada is set up for EV’s!,1550750254.0,1550721454.0,/r/electricvehicles/comments/asy6da/shockingly_electric_vehicles_are_taking_off_in/egxj0gp/,electricvehicles
12,dennyspurr,"Shockingly electric vehicles are taking off in Northern Saskatchewan on a -30c day! Trucks, vans, cars...you name it...everything was plugged in:). ",1550748859.0,1550720059.0,/r/electricvehicles/comments/asy6da/shockingly_electric_vehicles_are_taking_off_in/,electricvehicles
13,dennyspurr,Bird living at YVR by gate c41 domestic...is it a pet or does it need to be rescued? What can we do to help the little guy?. ,1550625324.0,1550596524.0,/r/vancouver/comments/ascqh8/bird_living_at_yvr_by_gate_c41_domesticis_it_a/,vancouver
32,dennyspurr,"Is that guy using Bugatti ski's?  Looks fast!

&#x200B;",1549889135.0,1549860335.0,/r/vancouver/comments/apbgfp/best_way_to_get_around_today/eg7d7kl/,vancouver
14,dennyspurr,Filming in 2019 with the THE CANON 310 XL released in 1981. The retro look is really cool...reminds me of the Wonder Years! Anyone else have one of these antiques?. ,1548842896.0,1548814096.0,/r/videography/comments/al7r0k/filming_in_2019_with_the_the_canon_310_xl/,videography
33,dennyspurr,Looks like a legend! We need more happy people like this guy in our world! ,1548842593.0,1548813793.0,/r/skiing/comments/al6xmw/t_bar_lift_operator_at_a_small_german_ski_hill/efbio1l/,skiing
34,dennyspurr,"Hmm, so when does we think they will use the model 3 battery cells in the S & X? Was hoping this would happen now! ",1548842504.0,1548813704.0,/r/teslamotors/comments/al5sp7/tesla_launches_new_cheaper_model_s_and_model_x/efbijc5/,teslamotors
35,dennyspurr,Haha! Ah ok! Well I'm never one to shy away from self improvement...but yeah it does look and feel way smoother;)  Sorry Alpiners! ,1547461700.0,1547432900.0,/r/telemark/comments/afmv1c/is_it_just_me_or_does_tele_look_so_much_more_pure/ee0tgui/,telemark
36,dennyspurr,I'm definitely no pro! Any tips? ,1547442833.0,1547414033.0,/r/telemark/comments/afmv1c/is_it_just_me_or_does_tele_look_so_much_more_pure/ee05hd7/,telemark
15,dennyspurr,Is it just me or does Tele look so much more pure in POW vs. skiing....I'm the free heeler here so maybe I'm biased?. ,1547436800.0,1547408000.0,/r/telemark/comments/afmv1c/is_it_just_me_or_does_tele_look_so_much_more_pure/,telemark
37,dennyspurr,Photo of the year1!,1547436565.0,1547407765.0,/r/EarthPorn/comments/afiwoh/the_final_ascent_of_mt_ishizuchi_ehime_prefecture/edzuyfg/,EarthPorn
38,dennyspurr,Over the air updates....minimal carbon foot print....camper mode...what's not to love in a model s!! ,1547436515.0,1547407715.0,/r/teslamotors/comments/afhetw/one_year_later_im_more_in_love_with_my_car_now/edzuvgt/,teslamotors
16,dennyspurr,Mount Cain is a small retro ski resort on Vancouver Island with great back country skiing...totally worth checking out if you have the time to access the place!. ,1547190528.0,1547161728.0,/r/skiing/comments/aeosr9/mount_cain_is_a_small_retro_ski_resort_on/,skiing
39,dennyspurr,"Haha, I love Toronto but you aren't the first person who has labelled it the centre of the universe. I always found it funny saying I grew up in Northern Ontario when my town borders the US. ",1541549826.0,1541521026.0,/r/teslamotors/comments/9uick2/tesla_starting_to_invade_even_remote_northern/e95zevw/,teslamotors
40,dennyspurr,"Yes, I always find it strange they call everything north of Toronto Northern Ontario.....Sault Ste. Marie is on the border with the United States....but is classified as Northern Ontario. As for remote, when you go to Lake Superior Provincial park it is off the transcanada highway but you will be lucky if you seen 5-10 people at any of the attractions. It would be extremely difficult to take a Tesla from Sault Ste. Marie to Thunder Bay currently....only some level 2 chargers for a 700Km drive....should be solved by next summer if all the super chargers planned are built! ",1541549754.0,1541520954.0,/r/teslamotors/comments/9uick2/tesla_starting_to_invade_even_remote_northern/e95zbph/,teslamotors
17,dennyspurr,Tesla starting to invade even remote Northern Ontario....although super chargers across all of Canada would still be nice!. ,1541485691.0,1541456891.0,/r/teslamotors/comments/9uick2/tesla_starting_to_invade_even_remote_northern/,teslamotors
41,dennyspurr,Doesn't he run his homes on Tesla solar shingles? So his only carbon foot print is his gulfstream which give him 10 years he will make that electric too. ,1536318703.0,1536289903.0,/r/teslamotors/comments/9cjzxe/tsla_weekly_investor_discussion_september_03_2018/e5jak40/,teslamotors
18,dennyspurr,"Finally, a good news story on CNBC and it comes from Jay Leno and he covers a lot of the negative rhetoric about electric cars. He drives a Tesla and likes government grants!. [removed]",1535794210.0,1535765410.0,/r/teslamotors/comments/9bza9o/finally_a_good_news_story_on_cnbc_and_it_comes/,teslamotors
19,dennyspurr,"Finally, a good news story on CNBC and it comes from Jay Leno and he covers a lot of the negative rhetoric about electric cars. He drives a Tesla and likes government grants!. [removed]",1535794129.0,1535765329.0,/r/teslamotors/comments/9bz9xq/finally_a_good_news_story_on_cnbc_and_it_comes/,teslamotors
20,dennyspurr,Jay Leno supports Electric and Tesla!. [removed],1535793794.0,1535764994.0,/r/teslamotors/comments/9bz8ow/jay_leno_supports_electric_and_tesla/,teslamotors
21,dennyspurr,Mount Robson/Berg Lake and Snowbird Pass.. ,1534735905.0,1534707105.0,/r/CampingandHiking/comments/98mv2g/mount_robsonberg_lake_and_snowbird_pass/,CampingandHiking
42,dennyspurr,You can still buy some new boots to fit the old salomon bindings just make sure the SNS compatible. They make some good mid level boots that are probably offering a good discount this time of year. Something like this...[http://www.xcskishop.com/boots/cross-country-skate-ski-boots/salomon-active-8-cross-country-skate-12-13.html](http://www.xcskishop.com/boots/cross-country-skate-ski-boots/salomon-active-8-cross-country-skate-12-13.html),1534735029.0,1534706229.0,/r/xcountryskiing/comments/97apih/budgetish_skate_bootsbindings/e4h5upg/,xcountryskiing
43,dennyspurr,The buffalo are amazing! Saw a few in early July by the lake! ,1534734586.0,1534705786.0,/r/CampingandHiking/comments/98lhd2/first_time_ever_in_yellowstone_and_i_cant_get/e4h5elo/,CampingandHiking
44,dennyspurr,Stunning!,1534732264.0,1534703464.0,/r/CampingandHiking/comments/98jmwp/pretty_obscure_hike_in_iceland_led_us_to_this/e4h322k/,CampingandHiking
22,dennyspurr,Hargreaves Lake Lookout overlooking Berg Lake on the Berg Lake Trail in BC....great view of Mount Robson and the Berg Glacier!. ,1533803819.0,1533775019.0,/r/hiking/comments/95rqvq/hargreaves_lake_lookout_overlooking_berg_lake_on/,hiking
45,dennyspurr,Decent! WHat part of Northern BC? ,1533780214.0,1533751414.0,/r/hiking/comments/95gsw0/on_top_of_the_world_china_knows_mountain_northern/e3u6rhu/,hiking
46,dennyspurr,Are you guys related to ET?  Looks like you daughter might have that Extra-Terrestrial sense riding over the lake in the sky!!,1533341945.0,1533313145.0,/r/bicycling/comments/949a1l/my_daughter_struggled_to_get_onto_two_wheels_i_am/e3jky4o/,bicycling
47,dennyspurr,There are regular hub cabs underneath these aerowheel covers that improve the efficiency as mentioned above. ,1530502815.0,1530474015.0,/r/teslamotors/comments/8vc1l0/spotted_my_first_model_3_in_edmonton_ab_canada/e1m947c/,teslamotors
48,dennyspurr,Did that months ago....hopefully it doesn't hit $5600 on monday;) ......cause I don't want to sell even at that price yet:),1530332327.0,1530303527.0,/r/teslamotors/comments/8ryp2e/biweekly_tsla_investor_thread/e1ine0h/,teslamotors
49,dennyspurr,Probably dreaming! They need to make a few more cars quickly to pull that off!,1530248364.0,1530219564.0,/r/teslamotors/comments/8ryp2e/biweekly_tsla_investor_thread/e1gmuz9/,teslamotors
50,dennyspurr,Yikes...wouldn't that be something! Per week!,1530248300.0,1530219500.0,/r/teslamotors/comments/8ryp2e/biweekly_tsla_investor_thread/e1gmscg/,teslamotors
51,dennyspurr,"6500 model 3's per day, maybe a week later cross america autonomous trip complete from LA to NYC..or are we getting something out of left field? Maybe autonomous trip complete and launch of Tesla ride sharing....any other ideas?",1530180811.0,1530152011.0,/r/teslamotors/comments/8ryp2e/biweekly_tsla_investor_thread/e1f0zir/,teslamotors
52,dennyspurr,They usually save good updates for the Annual Shareholder meeting which is 2:30pm PST on June 5. I suspect June 6 could be a good day for investors...let's hope so! ,1527575093.0,1527546293.0,/r/teslamotors/comments/8l00rf/biweekly_tsla_investor_thread/dzqbbgp/,teslamotors
53,dennyspurr,"A round is 18 holes...doesn't matter..ended up with a final score of 110. ...it was tragic, but a nice course! ",1526014520.0,1525985720.0,/r/golf/comments/8if8py/classic_fail_island_green_17_at_sawgrass/dyrxdta/,golf
23,dennyspurr,Classic fail - Island Green #17 at Sawgrass. ,1525990891.0,1525962091.0,/r/golf/comments/8if8py/classic_fail_island_green_17_at_sawgrass/,golf
54,dennyspurr,Next Generation S? ,1525953204.0,1525924404.0,/r/teslamotors/comments/8ib2vc/tesla_quarterly_video_shared_by_elon_on_twitter/dyql6ui/,teslamotors
55,dennyspurr,Jim Chanos 4 year short on tesla can't be good. He has been shorting for the same reasons the entire time and must be getting nervous that production will be good on the earnings call next week. Hope you give us a good short squeeze when you exit your position Jim. [https://www.cnbc.com/video/2018/04/26/jim\-chanos\-on\-teslas\-stunning\-accelerated\-rate\-of\-executive\-departures.html](https://www.cnbc.com/video/2018/04/26/jim-chanos-on-teslas-stunning-accelerated-rate-of-executive-departures.html),1524779693.0,1524750893.0,/r/teslamotors/comments/8eanv7/biweekly_tsla_investor_thread/dy01q98/,teslamotors
56,dennyspurr,"No he is right...they aren't reinvesting anything....the world's largest super charging network with the Tesla logo all over it is actually a weed.  Those supercharges just grow on their own and do not cost anything.  Development work on the Semi, Y and Roadster is also free, plus they are staying stagnant on battery development as well and they will not introduce a new version of the S & X when all the competitors come out with so called equivalent cars, only because they aren't reinvesting anything!! ",1524636420.0,1524607620.0,/r/teslamotors/comments/8eanv7/biweekly_tsla_investor_thread/dxws774/,teslamotors
24,dennyspurr,TIL you can make coffee with maple sap water. ,1523661485.0,1523632685.0,/r/todayilearned/comments/8bzy3a/til_you_can_make_coffee_with_maple_sap_water/,todayilearned
57,dennyspurr,Looks like a few firms are trying to sell more put options and need their analysts to help them try to bring in sales....way to fight back Elon! ,1523426672.0,1523397872.0,/r/teslamotors/comments/8bbt4z/elon_musk_to_goldman_sachs_place_your_bets/dx5hbfq/,teslamotors
58,dennyspurr,Well done galieleo! Keep up the good work at HyperChange!,1522756168.0,1522727368.0,/r/teslamotors/comments/898zjy/why_i_bought_tesla_today_at_255share/dwpm9b2/,teslamotors
25,dennyspurr,Discussion: Does anyone think we will see a Model S & X refresh soon?. [removed],1522670452.0,1522641652.0,/r/teslamotors/comments/88wndh/discussion_does_anyone_think_we_will_see_a_model/,teslamotors
26,dennyspurr,Model S & X Refresh?!?!. [removed],1522670332.0,1522641532.0,/r/teslamotors/comments/88wmzl/model_s_x_refresh/,teslamotors
59,dennyspurr,"96 million votes for and 23 million against Elon's new comp plan.  A noble compensation plan where he only get's paid after he achieves big targets and shares need to vest for 5 years!
http://ir.tesla.com/secfiling.cfm?filingid=1564590-18-6479&CIK=1318605 ",1521703997.0,1521675197.0,/r/teslamotors/comments/83u6w1/biweekly_tsla_investor_thread/dw2stob/,teslamotors
60,dennyspurr,Did you check out the vin #?,1521377558.0,1521348758.0,/r/teslamotors/comments/859aew/thought_it_would_take_a_lot_longer_before/dvvpde7/,teslamotors
61,dennyspurr,Tesla has fought back already.... https://techcrunch.com/2018/01/25/tesla-responds-to-fresh-reports-of-model-3-production-issues/,1516960077.0,1516931277.0,/r/teslamotors/comments/7qj2ca/biweekly_tsla_investor_thread/dt920mk/,teslamotors
27,dennyspurr,Tesla fights back to CNBC article claiming quality and battery issue. ,1516951123.0,1516922323.0,/r/teslamotors/comments/7t0be6/tesla_fights_back_to_cnbc_article_claiming/,teslamotors
62,dennyspurr,Crazy! Two-three hours to wait in line to see an ordinary car!,1515913989.0,1515885189.0,/r/teslamotors/comments/7q6gsw/tesla_the_new_apple/dsn1ycz/,teslamotors
28,dennyspurr,The next upcoming CNN or ABC News Anchor. ,1515913120.0,1515884320.0,/r/aww/comments/7q7y6q/the_next_upcoming_cnn_or_abc_news_anchor/,aww
63,dennyspurr,Looks great! Lots of fresh lines to be had!,1515912340.0,1515883540.0,/r/skiing/comments/7q43kk/off_piste_morning_powder_at_jahorina_in_bosnia/dsn0g94/,skiing
64,dennyspurr,Good thing CNN got an older male to test drive the car. Old people are usually the most tech savvy!,1515744617.0,1515715817.0,/r/teslamotors/comments/7przbj/cnn_test_drives_model_3_the_model_3_is_definitely/dsjp6r6/,teslamotors
29,dennyspurr,Discussion -Does anyone know how much one supercharger costs for the unit and then to install? Curious what it would cost other car manufacturers to build a supercharging network. [removed],1515681861.0,1515653061.0,/r/teslamotors/comments/7pmb13/discussion_does_anyone_know_how_much_one/,teslamotors
65,dennyspurr,Super adorable! ,1515386583.0,1515357783.0,/r/Kayaking/comments/7ot3z3/my_5_year_old_loves_to_kayak_she_wanted_to_tell/dsc1lhz/,Kayaking
66,dennyspurr,Just in time to dominate with the model 3! ,1513903168.0,1513874368.0,/r/teslamotors/comments/7lajgx/major_navigation_overhaul_coming_in_early_2018/drkqu61/,teslamotors
67,dennyspurr,"Best lake on the planet, it's big and you always have it to yourself!",1503559781.0,1503530981.0,/r/ontario/comments/6vemh3/always_enjoy_my_time_at_lake_superior_provincial/dm1g0j1/,ontario
68,dennyspurr,Do you see many loons in this park? Definitely my favourite bird! ,1503393398.0,1503364598.0,/r/CampingandHiking/comments/6v2mk6/some_of_my_favourite_hiking_and_camping_sites_are/dly6tqr/,CampingandHiking
69,dennyspurr,Late finish or early start to the season or do you live down there?,1503181982.0,1503153182.0,/r/skiing/comments/6um67d/getting_after_the_goods_in_the_frey_backcountry/dlud20d/,skiing
70,dennyspurr,10km.,1502526822.0,1502498022.0,/r/Outdoors/comments/6t25b6/stunning_hiketrail_run_at_the_summit_of_whistler/dli1cwr/,Outdoors
71,dennyspurr,Great shot! ,1502496946.0,1502468146.0,/r/Outdoors/comments/6sfyer/mukeshpuri_mountains/dlhal79/,Outdoors
30,dennyspurr,Stunning hike/trail run at the summit of Whistler Peak....you can even take a chairlift up to save some vert!. ,1502496528.0,1502467728.0,/r/Outdoors/comments/6t25b6/stunning_hiketrail_run_at_the_summit_of_whistler/,Outdoors
72,dennyspurr,Adda girl Debbie! Glad we can enjoy those chemical filled treats year round!,1502450261.0,1502421461.0,/r/mildlyinteresting/comments/6sy62n/debbie_finally_figured_out_what_to_do_with_the/dlgj943/,mildlyinteresting
73,dennyspurr,Legends before they became legends!,1502441504.0,1502412704.0,/r/OldSchoolCool/comments/6su1a9/nirvana_relaxing_in_the_pool_during_the_nevermind/dlgc90x/,OldSchoolCool
74,dennyspurr,Don't slip off the edge!! ,1502441403.0,1502412603.0,/r/pics/comments/6sxpku/hiked_up_a_volcano_and_took_a_picture_of_the/dlgc635/,pics
75,dennyspurr,Looks like a beauty!,1502441282.0,1502412482.0,/r/skiing/comments/6sgd4z/official_trailer_for_the_new_tgr_film_rogue/dlgc2h4/,skiing
76,dennyspurr,"That is torchere!
",1502441174.0,1502412374.0,/r/gifs/comments/6sutn7/in_the_masters_chambers_they_gathered_for_the/dlgbz97/,gifs
31,dennyspurr,"What is your favourite ""buddy golf"" destination to build your memories on? From prestigious to hidden gems.. ",1499729468.0,1499700668.0,/r/golf/comments/6mf66l/what_is_your_favourite_buddy_golf_destination_to/,golf
77,dennyspurr,"Costal route is your best bet.  The central highway can get quite foggy and make your drive a little long.  I prefer to rent a car.  You can find great costa rica upgrades for your GPS.  Although once you get to the toll highway, the drive is straight forward.  Have a blast!  Beautiful area.",1499729219.0,1499700419.0,/r/costa_rica/comments/6mamw8/what_is_the_best_way_to_get_to_dominical_from_san/dk120u8/,costa_rica
78,dennyspurr,Great coast to watch a sunset from!,1499729062.0,1499700262.0,/r/bermuda/comments/6cvhpe/sunset_taken_at_belmont_hills_apartments/dk11vx9/,bermuda
79,dennyspurr,Beautiful fishery,1499729022.0,1499700222.0,/r/Fishing/comments/6me9sc/northern_minnesota_is_always_such_a_damn_good/dk11uns/,Fishing
80,dennyspurr,"I think this can be done with weight, length and photo now.",1499728996.0,1499700196.0,/r/Fishing/comments/6maoq3/my_first_walleye_27_6lb_10oz_hell_be_a_tough_pb/dk11tt6/,Fishing
81,dennyspurr,"Always nice to pull in a large walleye, I prefer to let the larger ""spawners"" go, and keep the smaller ones.  They usually fry up better as well.",1499728928.0,1499700128.0,/r/Fishing/comments/6maoq3/my_first_walleye_27_6lb_10oz_hell_be_a_tough_pb/dk11rnu/,Fishing
82,dennyspurr,I can see Banff getting hit hard with tourist trying to get there token photos with wildlife.  They are going to need a lot of patrols out ready to educate.,1499728805.0,1499700005.0,/r/Outdoors/comments/6m6uiu/parks_canada_preparing_for_busy_canada_150_season/dk11nuf/,Outdoors
83,dennyspurr,Those critters can be quite aggressive!,1499728704.0,1499699904.0,/r/Kayaks/comments/6lp6vn/raccoon_attempts_to_rob_woman_in_kayak/dk11kpy/,Kayaks
84,dennyspurr,How do you deal with obnoxious flirts?,1499728633.0,1499699833.0,/r/golf/comments/6mbg0x/im_a_beverage_cart_girl_at_a_golf_course_in/dk11ik7/,golf
85,dennyspurr,THat's what I was getting at! Wide fairways for pro's they should be a.o.k! ,1497678812.0,1497650012.0,/r/golf/comments/6hmt80/erin_hills_is_the_easiest_us_open_course/dj04w4v/,golf
86,dennyspurr,Doesn't seem like anyone is getting to low today so far! ,1497678777.0,1497649977.0,/r/golf/comments/6hmt80/erin_hills_is_the_easiest_us_open_course/dj04v51/,golf
87,dennyspurr,"Yeah, I felt the same. Course is nice but doesn't have the character of other big time courses!
",1497678742.0,1497649942.0,/r/golf/comments/6hmt80/erin_hills_is_the_easiest_us_open_course/dj04u4j/,golf
88,dennyspurr,"Haha, no worries. Yeah we are hackers anyways. I seems like it should be easier but based on scores today they aren't running away with it!",1497678634.0,1497649834.0,/r/golf/comments/6hmt80/erin_hills_is_the_easiest_us_open_course/dj04r0l/,golf
89,dennyspurr,"Definitely not, you know just saying. Curious what everyone else thinks! ",1497667884.0,1497639084.0,/r/golf/comments/6hmt80/erin_hills_is_the_easiest_us_open_course/dizvkc7/,golf
90,dennyspurr,"Oh wow, so they can still add some yards...I wonder why they didn't bring it closer to max length?",1497667850.0,1497639050.0,/r/golf/comments/6hmt80/erin_hills_is_the_easiest_us_open_course/dizvj8j/,golf
91,dennyspurr,"Yeah, always hard to see what the rough of a US Open is like when you aren't allow to play it! If you do have a big miss hitting out of the hay would be tough as a lot of other courses you miss and have pine straw on the big misses!",1497667801.0,1497639001.0,/r/golf/comments/6hmt80/erin_hills_is_the_easiest_us_open_course/dizvhpc/,golf
92,dennyspurr,"Haha, well never easy just didn't seem as hard as other courses that I've been lucky enough to play. I guess we will see how low the scores go after today. I think all the par 5's will help with the low scores.
",1497667705.0,1497638905.0,/r/golf/comments/6hmt80/erin_hills_is_the_easiest_us_open_course/dizveoi/,golf
32,dennyspurr,"Erin Hills is the easiest US Open Course ever....Rough is deeper, greens are faster but seemed easy when we played..... ",1497651616.0,1497622816.0,/r/golf/comments/6hmt80/erin_hills_is_the_easiest_us_open_course/,golf
93,dennyspurr,"I think the 17 includes the penalty shots! 
",1494651026.0,1494622226.0,/r/golf/comments/6atags/17_shots_on_the_par_3_17th_at_tpc_sawgrasswill/dhhdkb8/,golf
94,dennyspurr,"Haha, yeah its a pretty scary shot for the first time!",1494651005.0,1494622205.0,/r/golf/comments/6atags/17_shots_on_the_par_3_17th_at_tpc_sawgrasswill/dhhdjqo/,golf
95,dennyspurr,That's how I usually get my birdies too!,1494645389.0,1494616589.0,/r/golf/comments/6arcvl/typical_birdie_for_dustin_johnson/dhh8p2o/,golf
33,dennyspurr,17 shots on the par 3 17th at TPC Sawgrass...will anyone else have the same fate this weekend?. ,1494644540.0,1494615740.0,/r/golf/comments/6atags/17_shots_on_the_par_3_17th_at_tpc_sawgrasswill/,golf
96,dennyspurr,Did they film this with an iphone 4? Pretty shaky!,1494484159.0,1494455359.0,/r/golf/comments/6ag0mg/dustin_johnson_in_a_bout_of_anger_from_not/dhe9du4/,golf
97,dennyspurr,Arby's!,1494483940.0,1494455140.0,/r/AskReddit/comments/6ag2t2/who_has_the_best_curly_fries/dhe97ke/,AskReddit
98,dennyspurr,"best to wax them with a warm weather was first then scrap off while the wax is still warm. This cleans out the base. After you scrap rewax with a colder wax, let harden then scrap off on the first day of next season!",1494483881.0,1494455081.0,/r/skiing/comments/6af0mp/putting_the_skis_away_for_the_summer_do_you_do/dhe95wx/,skiing
99,dennyspurr,Curly fries are so 1998! It's all about sweet potato fries or yam fries this day and age!  ,1494483743.0,1494454943.0,/r/AskReddit/comments/6ag2t2/who_has_the_best_curly_fries/dhe9214/,AskReddit
100,dennyspurr,I've been there! Loved it. Such a fun place to see. What time of year was this? ,1490599771.0,1490570971.0,/r/NationalPark/comments/61lful/one_of_my_favourite_places_to_snorkel_is_at/dfg3b3s/,NationalPark
101,dennyspurr,Coke = sugar water. This is great! ,1489737658.0,1489708858.0,/r/funny/comments/5zuaw3/diet_water_is_nothing_like_actual_water/df13iln/,funny
102,dennyspurr,He has hair like a leprechaun! ,1489737582.0,1489708782.0,/r/gifs/comments/5zuauy/trump_already_celebrating_st_patricks_day/df13gh1/,gifs
103,dennyspurr,"Sorry, not my videos, but my cousin. Love his work and so does my 11 month old niece. ",1489737498.0,1489708698.0,/r/Nanny/comments/5zqn6p/my_toddler_woudnt_focus_until_this_started/df13e64/,Nanny
104,dennyspurr,daily by the hour,1489703800.0,1489675000.0,/r/AskReddit/comments/5zqx9p/when_did_you_realize_you_were_fed_up_with_being/df08sbx/,AskReddit
105,dennyspurr,Great Find!,1489703705.0,1489674905.0,/r/mildlyinteresting/comments/5zn15a/this_brick_which_was_shaped_by_the_surf/df08ph8/,mildlyinteresting
106,dennyspurr,Great idea...maybe I'll start to carry my bed around the house!!! ,1489703631.0,1489674831.0,/r/aww/comments/5zqwl7/my_cat_drags_his_blanket_around_the_house_until/df08n9t/,aww
107,dennyspurr,Proud and happy!,1489703551.0,1489674751.0,/r/aww/comments/5zq000/very_proud_mama/df08kv0/,aww
34,dennyspurr,Old MacDonald had a rainforst!!. ,1489701513.0,1489672713.0,/r/KidSafeVideos/comments/5zqpr0/old_macdonald_had_a_rainforst/,KidSafeVideos
35,dennyspurr,My toddler woudn't focus until this started playing...then he was mesmerized by the animals!. [removed],1489700670.0,1489671870.0,/r/Nanny/comments/5zqn6p/my_toddler_woudnt_focus_until_this_started/,Nanny
108,dennyspurr,Don't they have only 1 or 2 games?  ,1489283639.0,1489254839.0,/r/gaming/comments/5ytv9a/i_just_love_my_new_nintendo_switch/desub5x/,gaming
109,dennyspurr,It's pretty easy to get on Alpine club of Canada but the trouble is having a weather window for the helicopter. Otherwise its a two day ski tour in along with a challenging river crossing in the winter. ,1488679157.0,1488650357.0,/r/Outdoors/comments/5xhtyp/skiing_the_beautiful_remote_tantalus_range_of_bc/dei82q0/,Outdoors
36,dennyspurr,"Can you fly a drone in Cuba in 2017?. I know drones were banned in Cuba in 2016, does anyone know if the rules have changed for 2017? 
",1484317323.0,1484288523.0,/r/drones/comments/5np13r/can_you_fly_a_drone_in_cuba_in_2017/,drones
110,dennyspurr,"Thanks for sharing the map! This is helpful!
",1479539449.0,1479510649.0,/r/canada/comments/5djqno/gray_jay_named_canadas_national_bird_today_maybe/da6bfpp/,canada
111,dennyspurr,"Yeah lots of tough choices to pick just one....looks like they did a 2 year search and had over 50,000 votes",1479520161.0,1479491361.0,/r/canada/comments/5djqno/gray_jay_named_canadas_national_bird_today_maybe/da5wtdc/,canada
112,dennyspurr,They are friendly like Canadians!  What other bird interacts with humans like that? ,1479471575.0,1479442775.0,/r/canada/comments/5djqno/gray_jay_named_canadas_national_bird_today_maybe/da592c9/,canada
113,dennyspurr,"Anyone know which provinces Gray Jay's live in? I saw them in Ontario as a kid, but not so much anymore. Definitely in BC! ",1479471114.0,1479442314.0,/r/canada/comments/5djqno/gray_jay_named_canadas_national_bird_today_maybe/da58rue/,canada
37,dennyspurr,Gray Jay named Canada's National Bird today? Maybe cause they are literally all over this Canadian!. ,1479461274.0,1479432474.0,/r/canada/comments/5djqno/gray_jay_named_canadas_national_bird_today_maybe/,canada
38,dennyspurr,Drones in Bermuda?. Does anyone know if you you can fly a phantom 4 in Bermuda?,1477995069.0,1477966269.0,/r/drones/comments/5agmy8/drones_in_bermuda/,drones
114,dennyspurr,Noted! Thanks! ,1474268728.0,1474239928.0,/r/trailrunning/comments/533a6a/running_the_sleeping_giant_on_the_canadian_shield/d7sev2e/,trailrunning
39,dennyspurr,Running the Sleeping Giant on the Canadian Shield. Anyone else know of good runs in Northern Ontario?. ,1474078527.0,1474049727.0,/r/trailrunning/comments/533a6a/running_the_sleeping_giant_on_the_canadian_shield/,trailrunning
40,dennyspurr,Shhh! Don't wake the Giant....lovely run on the Beast!. ,1473566668.0,1473537868.0,/r/Outdoors/comments/524vet/shhh_dont_wake_the_giantlovely_run_on_the_beast/,Outdoors
41,dennyspurr,Shhh....Don't Wake the Giant!!!. ,1473566117.0,1473537317.0,/r/videos/comments/524tu8/shhhdont_wake_the_giant/,videos
115,dennyspurr,Incredibly clear water...any idea what gives it the color? It looks like it could be in the Caribbean! ,1473299901.0,1473271101.0,/r/NationalPark/comments/51m5jb/lake_superior_provincial_park_is_remote_and/d7d2ssc/,NationalPark
116,dennyspurr,Tough situation in a busy area! ,1473242897.0,1473214097.0,/r/Kayaking/comments/51hck2/hudson_river_ferry_collides_with_manhattan_kayak/d7caya3/,Kayaking
117,dennyspurr,Lure or bait? ,1473242719.0,1473213919.0,/r/Fishing/comments/51hf44/monster_bass/d7cau1w/,Fishing
118,dennyspurr,How long was the hike in? ,1473242498.0,1473213698.0,/r/skiing/comments/51fnjt/skiing_glacier_pow_on_september_3rd_in_british/d7caoss/,skiing
119,dennyspurr,Is that his real hair? ,1473242356.0,1473213556.0,/r/golf/comments/51ghxe/mcilroy_back_to_winning_back_to_being_funny/d7cal9e/,golf
120,dennyspurr,I saw this. Beautiful! Heard it is dangerous to paddle there...didn't the lake sink an Ocean liner? ,1473242291.0,1473213491.0,/r/Kayaking/comments/51ii48/north_shore_of_lake_superior_is_still_as/d7cajmt/,Kayaking
121,dennyspurr,Beautiful! How come nobody goes there?,1473127067.0,1473098267.0,/r/travel/comments/51amqy/lake_superior_at_its_finest_recommend_it_to/d7ahht6/,travel
122,dennyspurr,That is the most adorable reaction! What a cutie!,1472514470.0,1472485670.0,/r/aww/comments/505jku/a_babys_sweet_reaction_to_his_first_taste_of/d71bc00/,aww
123,dennyspurr,I'm still always mesmerized by drone footage! Incredible up there! ,1471556855.0,1471528055.0,/r/Mountaineering/comments/4ycak3/mount_baker_summit_from_10800ft_with_a_drone_and/d6mkimp/,Mountaineering
42,dennyspurr,Our trip from Vancouver to the Summit of Mount Baker with a drone!. https://www.youtube.com/watch?v=tfE-TTI9JLs,1471346170.0,1471317370.0,/r/roadtrip/comments/4xxg9d/our_trip_from_vancouver_to_the_summit_of_mount/,roadtrip
43,dennyspurr,"10,800FT above the ground at the Summit of Mount Baker. ",1470688757.0,1470659957.0,/r/Outdoors/comments/4wpxtg/10800ft_above_the_ground_at_the_summit_of_mount/,Outdoors
124,dennyspurr,"Stunning
",1470688508.0,1470659708.0,/r/EarthPorn/comments/4wo32a/oregon_coast_oc_3264x2448/d68xbwc/,EarthPorn
125,dennyspurr,It's back!,1470688467.0,1470659667.0,/r/videos/comments/4woo9w/the_best_piece_of_olympic_broadcasting_ever_aired/d68xb9o/,videos
126,dennyspurr,Unreal!,1470688200.0,1470659400.0,/r/golf/comments/4wlh5s/jim_furyk_shoots_58_at_the_travelers_championship/d68x74w/,golf
127,dennyspurr,One is opening in Vancouver as well! ,1470688004.0,1470659204.0,/r/ZeroWaste/comments/4wmynl/zerowaste_grocery_store_opening_in_montreal/d68x47o/,ZeroWaste
128,dennyspurr,Cool list! Thanks for sharing!,1470687864.0,1470659064.0,/r/Outdoors/comments/4vvtnx/9_northeastern_hikes_with_amazing_views/d68x241/,Outdoors
129,dennyspurr,How far is this from Vegas? ,1470687415.0,1470658615.0,/r/Outdoors/comments/4wkxy4/video_zion_national_park_utah_usa_2016_oc/d68wve6/,Outdoors
130,dennyspurr,Was there many people out camping?,1470431931.0,1470403131.0,/r/CampingandHiking/comments/4waajw/mount_baker_icefields_are_still_in_great_shape/d65axvp/,CampingandHiking
44,dennyspurr,My friend is too shy to post his video of the Mount Baker Summit...so I will! What a stunning Mountain!. ,1470392414.0,1470363614.0,/r/videos/comments/4w87ci/my_friend_is_too_shy_to_post_his_video_of_the/,videos
131,dennyspurr,"Yeah, not much skiing but cool they got to the summit! I found another video with more skiing action by the same guy https://www.youtube.com/watch?v=ao-G7-O2dvM",1470295789.0,1470266989.0,/r/skiing/comments/4w10gg/summitting_and_skiing_mount_baker_in_july/d6372qa/,skiing
132,dennyspurr,"Wow, I never saw anyone bring a drone up there! Stunning!",1470289234.0,1470260434.0,/r/skiing/comments/4w10gg/summitting_and_skiing_mount_baker_in_july/d632dyv/,skiing
133,dennyspurr,Poor little girl...she didn't learn after the first time! You live and you learn! ,1468996825.0,1468968025.0,/r/fail/comments/4tnwlf/charlotte_gets_hosed/d5iskgg/,fail
134,dennyspurr,Do many people get on via standby?,1468888330.0,1468859530.0,/r/golf/comments/4tfn2f/headed_to_scotland_to_play_the_old_course_at_st/d5gyjq0/,golf
135,dennyspurr,Isn't it a penalty shot when it hits you? ,1468021863.0,1467993063.0,/r/golf/comments/4runrd/when_bunkers_fight_back_cheers_to_the_scottish/d54dioh/,golf
136,dennyspurr,Agreed. She's got driving the cart down but now needs to work on her short game:) ,1465972365.0,1465943565.0,/r/golf/comments/4o2h1g/took_my_3_year_old_daughter_golfing_for_the_first/d49f6lg/,golf
137,dennyspurr,Atleast housing is affordable here!,1463828335.0,1463799535.0,/r/vancouver/comments/4k9cuy/yvr_airport_international_arrivals_billboard/d3dqwly/,vancouver
138,dennyspurr,How cute! Puppy love!,1463642970.0,1463614170.0,/r/aww/comments/4jzm59/my_daughter_got_a_new_best_buddy/d3awvzu/,aww
139,dennyspurr,You have a choice every day when you wake up....you can consider it to be a sunny or rainy day with your attitude. Just wake up and consider it sunny and take things as they come. You can't change what happens so stay positive and avoid the negative. ,1463642932.0,1463614132.0,/r/AskReddit/comments/4jzlop/people_who_are_unhappy_what_is_your_day_like/d3awv5f/,AskReddit
140,dennyspurr,Puppy love:),1463642825.0,1463614025.0,/r/aww/comments/4jzlq2/his_nose_looks_like_a_little_heart/d3awsu1/,aww
141,dennyspurr,"Get a puffer from your doctor for the asthma and start with running 200 yards, then walk 200 yard x 5 then increase by 100 yards every other day. The first week will be hard and then it will only get easier from there. It takes a few days for the body to adapt. ",1463642775.0,1463613975.0,/r/Fitness/comments/4jzl5t/how_to_get_in_shape/d3awrp5/,Fitness
142,dennyspurr,Haha!!,1463442154.0,1463413354.0,/r/FloridaMan/comments/4jl8g7/florida_man_shots_17_on_the_17th_at_tpc_sawgrass/d37kx18/,FloridaMan
45,dennyspurr,Florida Man shots 17 on the 17th at TPC Sawgrass and loses to Jason Day at The Players. Better luck next year!. ,1463435341.0,1463406541.0,/r/FloridaMan/comments/4jl8g7/florida_man_shots_17_on_the_17th_at_tpc_sawgrass/,FloridaMan
46,dennyspurr,A must see 17 on the par 3 17th at TPC Sawgrass. Glad Jason Day made it look much easier.. ,1463432197.0,1463403397.0,/r/sports/comments/4jl0q3/a_must_see_17_on_the_par_3_17th_at_tpc_sawgrass/,sports
143,dennyspurr,That is probably the best way to do it!,1463405339.0,1463376539.0,/r/ZeroWaste/comments/4igkl8/good_news_in_nyc_005_charge_imposed_on_using/d376mps/,ZeroWaste
144,dennyspurr,Bought it on aliexpess ordered in from China. You need about 4-6 weeks for it to come on time. That is my thoughts.  A great alternative to a go pro if you only use a few times a year. ,1463122995.0,1463094195.0,/r/Cameras/comments/4it86u/better_than_a_go_pro_60usd_says_so/d33bzku/,Cameras
145,dennyspurr,"I agree. Not as good as a go pro, however, you save about $300-400. I find most gopro's shoot best in bright sunny conditions. Maybe this is equivalent to a go pro 2 or 3? The Hero 4 is quite good!
",1463001864.0,1462973064.0,/r/Cameras/comments/4it86u/better_than_a_go_pro_60usd_says_so/d318zid/,Cameras
47,dennyspurr,Better than a go pro? $60USD says so!. ,1462968905.0,1462940105.0,/r/Cameras/comments/4it86u/better_than_a_go_pro_60usd_says_so/,Cameras
48,dennyspurr,Good news in NYC. $0.05 charge imposed on using plastic bags. ,1462773446.0,1462744646.0,/r/ZeroWaste/comments/4igkl8/good_news_in_nyc_005_charge_imposed_on_using/,ZeroWaste
49,dennyspurr,Waterfall Waterslide in Costa Rica...how cool!!(1:24 mark). ,1462773219.0,1462744419.0,/r/videos/comments/4igk29/waterfall_waterslide_in_costa_ricahow_cool124_mark/,videos
50,dennyspurr,"Waterfalls, Ocean, Jungle...COSTA RICA a perfect place for a vacation!. ",1462772329.0,1462743529.0,/r/Travel_HD/comments/4ighwm/waterfalls_ocean_junglecosta_rica_a_perfect_place/,Travel_HD
146,dennyspurr,I guess it depends on the experience you are looking for!,1462703085.0,1462674285.0,/r/videos/comments/4iajoe/helicopters_and_drones_from_ocean_to_summit_in_bc/d2x0l5a/,videos
51,dennyspurr,Helicopters and drones from ocean to summit in BC. ,1462666118.0,1462637318.0,/r/videos/comments/4iajoe/helicopters_and_drones_from_ocean_to_summit_in_bc/,videos
52,dennyspurr,Coolest dress...made of plastic! Hopefully the fashion world rides this movement!. ,1462665694.0,1462636894.0,/r/ZeroWaste/comments/4iaili/coolest_dressmade_of_plastic_hopefully_the/,ZeroWaste
147,dennyspurr,Place looks amazing! Definitely jealous!,1462350477.0,1462321677.0,/r/vlog/comments/4hrrin/the_tantalus_range_of_bc_via_helicopter_and_drone/d2rrwyj/,vlog
148,dennyspurr,Those drone shots were incredible! What kind of drone did you use? Hope your buddy did t get hurt on that bail!,1462350251.0,1462321451.0,/r/vlog/comments/4hrrin/the_tantalus_range_of_bc_via_helicopter_and_drone/d2rrqub/,vlog
53,dennyspurr,Save the Food - The Extraordinary Life and Times of Strawberry. ,1462050294.0,1462021494.0,/r/ZeroWaste/comments/4h4dd5/save_the_food_the_extraordinary_life_and_times_of/,ZeroWaste
54,dennyspurr,Backcountry ski adventure to the Tantalus Range in BC. ,1461181009.0,1461152209.0,/r/Outdoors/comments/4fmweb/backcountry_ski_adventure_to_the_tantalus_range/,Outdoors
149,dennyspurr,"Haha! Well done! I didn't race but yes, the traffic was bad even on all the side streets in Kitsilano",1460973118.0,1460944318.0,/r/vancouver/comments/4f9j7c/my_thoughts_on_the_sun_run_from_signing_up_to/d270rwt/,vancouver
55,dennyspurr,Backcountry skiing in BC with a drone! Those are some impressive views!. ,1460926803.0,1460898003.0,/r/skiing/comments/4f6hpj/backcountry_skiing_in_bc_with_a_drone_those_are/,skiing
150,dennyspurr,I'd go back any day!,1455548473.0,1455519673.0,/r/Outdoors/comments/45tj30/backcountry_skiing_at_a_small_resort_on_vancouver/d00fgu8/,Outdoors
56,dennyspurr,This guy's attempt to help clean the ocean is amazing!. ,1455520534.0,1455491734.0,/r/ZeroWaste/comments/45tkza/this_guys_attempt_to_help_clean_the_ocean_is/,ZeroWaste
57,dennyspurr,Backcountry skiing at a small resort on Vancouver Island. A weekend of Adventure!. ,1455519845.0,1455491045.0,/r/Outdoors/comments/45tj30/backcountry_skiing_at_a_small_resort_on_vancouver/,Outdoors
151,dennyspurr,"Haha! ""swave"" indeed"". You must be a telemarker? I think I want to try it after watching this!",1455307603.0,1455278803.0,/r/skiing/comments/45czfr/my_friend_just_posted_this_videomaybe_the_coolest/czx7fn9/,skiing
152,dennyspurr,"I love the telemarkers! Those guys look smooth!
",1455286037.0,1455257237.0,/r/skiing/comments/45czfr/my_friend_just_posted_this_videomaybe_the_coolest/czx19zt/,skiing
58,dennyspurr,"Slims River, Yukon....A true gift for words with spectacular views. ",1454813613.0,1454784813.0,/r/CampingandHiking/comments/44hj2o/slims_river_yukona_true_gift_for_words_with/,CampingandHiking
153,dennyspurr,Stunning! Great find!,1452262061.0,1452233261.0,/r/videos/comments/3zzsjp/lofoten_norway_on_steroidsthe_northern_lights_at/cyqc0gk/,videos
59,dennyspurr,Bambie meets canine...the oddest of friends...does anyone else know of a dog who friended a deer? How does this happen?https://www.youtube.com/watch?v=cmOMA6CqL68. [removed],1451724472.0,1451695672.0,/r/dogs/comments/3z2wyd/bambie_meets_caninethe_oddest_of_friendsdoes/,dogs
154,dennyspurr,Evolution! You never looked better!,1451629602.0,1451600802.0,/r/creepy/comments/3yyken/googled_how_will_my_life_look_like_in_the_future/cyhqnrh/,creepy
60,dennyspurr,Make out or treasure hunt fail?. ,1451628812.0,1451600012.0,/r/fail/comments/3yyj1j/make_out_or_treasure_hunt_fail/,fail
155,dennyspurr,Looks a lot cleaner. They didn't litter the streets with a bunch of confetti.,1451628316.0,1451599516.0,/r/videos/comments/3yyhsb/new_year_celebrations_at_time_square_looked/cyhpyxv/,videos
156,dennyspurr,"Fear of not knowing what to do, lack of confidence. ",1451628142.0,1451599342.0,/r/AskReddit/comments/3yyhoc/late_bloomers_of_reddit_what_kept_you_from_a/cyhpvqy/,AskReddit
61,dennyspurr,Line of the year? More like most insane ski line EVER! It's lights out if you fall.. ,1451626250.0,1451597450.0,/r/skiing/comments/3yyece/line_of_the_year_more_like_most_insane_ski_line/,skiing
158,dennyspurr,someone who offers you $1 million,1451625024.0,1451596224.0,/r/AskReddit/comments/3yybdb/whats_something_everyone_should_say_yes_to/cyho6ux/,AskReddit
159,dennyspurr,The company went bankrupt. We all lose our jobs!,1451624541.0,1451595741.0,/r/AskReddit/comments/3yyaeh/whats_the_worst_thing_you_can_hear_at_your_job/cyhnx78/,AskReddit
160,dennyspurr,"It's only a name. A traditionalism might actually care, a modern individual won't care. ",1451624422.0,1451595622.0,/r/AskReddit/comments/3yyaks/would_you_take_your_sos_last_name_would_you_want/cyhnuwv/,AskReddit
161,dennyspurr,"people use to text and drive.....what is texting? what is driving, is that like teleporting?",1451624338.0,1451595538.0,/r/AskReddit/comments/3yy9r8/in_100_years_from_now_what_is_going_to_be_a/cyhnt8k/,AskReddit
162,dennyspurr,"Definitely start with cardio. You should aim to do 30 minutes of cardio first. Running is the best and it is free. Perhaps you can run to the gym. If you aren't fit enough to run at first, start by walking and run as much as you can. Each day run a little more then you will eventually be able to run the entire way. The key is to be consistent. Running is way easier the 4th and 5th run of the year and then it will start to feel good. Fat will not turn to muscle. You will burn fat and create muscle. Consider working with a personal trainer the first week so they can access your strengths and weaknesses.  My recommendation would be to run 3-4x per week for 30-45 minutes followed by 30-45 minutes at the gym working on all muscle groups. You need to do arms, back, stomach and legs. Most people forget the legs but if you want to grow muscle your body needs to be working to build everything. 
",1451624179.0,1451595379.0,/r/Fitness/comments/3yy95h/15_year_old_male_need_some_workout_advice/cyhnpya/,Fitness
163,dennyspurr,Most other countries use celsisus. Perhaps he just moved here?  It's actually a better system. 0 is the freezing point and not 32. ,1451623728.0,1451594928.0,/r/AskReddit/comments/3yy8r2/is_it_normal_that_a_50_year_old_american_citizen/cyhngl4/,AskReddit
164,dennyspurr,Relationships between boys and girls 85% of the time.,1451623542.0,1451594742.0,/r/AskReddit/comments/3yy8p9/what_should_start_out_as_a_good_thing_but_ends_up/cyhncoc/,AskReddit
165,dennyspurr,"A resolution for the 1% and I'm not talking about the rich 1%, more the tree hugger types. If only 25% of people followed this 80% of the time we would reduce waste significantly! ",1451623337.0,1451594537.0,/r/videos/comments/3yu5yf/small_acts_can_have_big_impactsa_new_years/cyhn8ho/,videos
62,dennyspurr,Can anyone prove or disprove Ryder had a motor in his bike? I've always wondered and was discussing with a friend last night. We couldn't agree.. ,1451621298.0,1451592498.0,/r/peloton/comments/3yy467/can_anyone_prove_or_disprove_ryder_had_a_motor_in/,peloton
