,author,body,created,created_utc,permalink,subreddit
0,oryil,"React Native vs Xamarin in terms of personal skill set education and future planning. Hello everyone,

so I have a very basic app idea which I want to crossdevelop on iOS and Android.

The subject is to apply a basic drunk detection model on an input image.

I have read a lot about both frameworks and their pro's and con's.

Unfortunately I still do not know on which framework I should start implementing my idea.

Since it is a very basic app I dont really care about performance and other stuff.

I am doing this project to improve my skill set hence I do not know which framework will suit better for the future and give me more benefits.

&#x200B;

E.g. there seem to be way more react jobs than xamarin.

On the other hand when I learn Xamarin with C# I can use that knowledge also in the whole Microsoft ecosystem like Unity.

A bit confused, maybe you guys can share your experiences :-)

Thanks in advance!",1571784254.0,1571755454.0,/r/reactnative/comments/dliwm4/react_native_vs_xamarin_in_terms_of_personal/,reactnative
0,oryil,Which platforms do not tie you down?,1568043778.0,1568014978.0,/r/SelfDrivingCars/comments/czlthy/which_self_driving_car_platform_for_developing_do/ezo1ggd/,SelfDrivingCars
1,oryil,"Which self driving car platform for developing do you prefer and why. What are your experiences so far with the different platforms like NVIDIA Drive, Apollo and Autoware?

I am trying to create a comparison sheet for those platforms hence any valuable experience you guys had so far will be very appreciated.",1567637075.0,1567608275.0,/r/SelfDrivingCars/comments/czlthy/which_self_driving_car_platform_for_developing_do/,SelfDrivingCars
