,author,body,created,created_utc,permalink,subreddit
0,chimsei,Midoriya,1574350351.0,1574321551.0,/r/Stadia/comments/dzdmlu/post_your_name_here_to_start_your_friends_list/f879cah/,Stadia
0,chimsei,Just got in! Add me! (6/25). ,1574327105.0,1574298305.0,/r/Stadia/comments/dzbhac/just_got_in_add_me_625/,Stadia
1,chimsei,"Do you want to know how I got these scars?. Do you want to know how got these scars? My father was gamer, and a fiend. And one launch day he goes off crazier on Reddit than usual. Mommy unplugs the router to defend herself.  He doesn't like that. Not. One. Bit. So, with me watching, he takes the Stadia Controller™ to her, laughing while he does it. He turns to me, and he says, ""Why so serious?"" He comes at me with the controller, ""Why so serious?"" He sticks the controller in my mouth, ""LET ME IN REEEEEE!"" 

And...Why so serious?",1574232571.0,1574203771.0,/r/Stadia/comments/dysbzm/do_you_want_to_know_how_i_got_these_scars/,Stadia
1,chimsei,Artist cred: https://www.etsy.com/shop/TravisChapmanArt,1567869805.0,1567841005.0,/r/PrequelMemes/comments/d0t0xb/we_didnt_start_the_fire/ezcvasw/,PrequelMemes
2,chimsei,We didn't start the fire. ,1567869783.0,1567840983.0,/r/PrequelMemes/comments/d0t0xb/we_didnt_start_the_fire/,PrequelMemes
2,chimsei,The rich get richer,1561981476.0,1561952676.0,/r/nba/comments/c7njup/wojnarowski_golden_state_and_brooklyn_have_agreed/esggvy5/,nba
3,chimsei,"Knicks fans... just listen to this it'll be ok 😂

https://youtu.be/_UnbmCj-0QU",1561977018.0,1561948218.0,/r/nba/comments/c7jf9m/wojnarowski_kevin_durant_is_planning_to_sign_with/esgbdbk/,nba
3,chimsei,Waymo Introduces Open Source Dataset to Accelerate Autonomous Driving Research. ,1560826498.0,1560797698.0,/r/SelfDrivingCars/comments/c1rhhj/waymo_introduces_open_source_dataset_to/,SelfDrivingCars
4,chimsei,"Pixel 3 Promo code: 
B-4Z14QUTPV8JT6GJW4EJN5LY

Pixel 3 XL Promo code: 
B-4YWDPYTCFSFVG2VD1S2JKG6",1545526400.0,1545497600.0,/r/google/comments/a6clsn/pixel_3_promo_codes/ecbu8xy/,google
5,chimsei,I'm guessing this doesn't apply to MasterCard debit cards?,1542427551.0,1542398751.0,/r/GooglePixel/comments/9xoqsd/pixel_33xl_owners_you_might_be_eligible_for_a/e9u47hn/,GooglePixel
6,chimsei,Young people,1519790125.0,1519761325.0,/r/AskReddit/comments/80phz7/with_all_of_the_negative_headlines_dominating_the/dux7i13/,AskReddit
7,chimsei,Favorite Kanye song?,1519274774.0,1519245974.0,/r/mkbhd/comments/7z8w01/february_askmkbhd_questions_thread/dum6q17/,mkbhd
8,chimsei,What do you think the name for Android P will be?,1519274749.0,1519245949.0,/r/mkbhd/comments/7z8w01/february_askmkbhd_questions_thread/dum6p0b/,mkbhd
9,chimsei,Lit,1478501881.0,1478473081.0,/r/food/comments/5behag/homemade_gnocchi_with_mushroom_cream_sauce/d9orsaj/,food
4,chimsei,France. Might the (what I think is) French pop music playing in the credits be foreshadowing a season 3 based in France?,1473095105.0,1473066305.0,/r/narcos/comments/518l8g/france/,narcos
