,author,body,created,created_utc,permalink,subreddit
0,davidtab,"Take your cinema with you, anywhere!. ",1573952330.0,1573923530.0,/r/projectors/comments/dx9dwm/take_your_cinema_with_you_anywhere/,projectors
0,davidtab,"I've been on Yandex's (Russia's Google) self driving car, in Tel Aviv. They also have them in Las Vegas and Moscow. I even made a YouTube video about the experience (https://youtu.be/bgNjY3pgDmc) even though they, too, don't allow you yet to film inside, they do let anybody take a ride in the middle of one of the highest traffic roads in Tel Aviv.",1573675077.0,1573646277.0,/r/SelfDrivingCars/comments/dvhvst/waymo_ama_this_thursday/f7e4mth/,SelfDrivingCars
1,davidtab,"Yeah, I use studio, but it doesn't look like that 🙂",1573538451.0,1573509651.0,/r/YouTube_startups/comments/dur29i/let_the_hard_work_begin_currently_at_10_next_stop/f79m5jm/,YouTube_startups
2,davidtab,What's this application?,1573504013.0,1573475213.0,/r/YouTube_startups/comments/dur29i/let_the_hard_work_begin_currently_at_10_next_stop/f77tmd3/,YouTube_startups
3,davidtab,"Thanks a lot for doing this!

&#x200B;

1. Hacking Modern Life, [https://www.youtube.com/channel/UCyqx3xBGkJ-moaP6NmAVyPg/](https://www.youtube.com/channel/UCyqx3xBGkJ-moaP6NmAVyPg/)
2. Take your cinema with you, anywhere!, [https://www.youtube.com/watch?v=oJujjez0lR4](https://www.youtube.com/watch?v=oJujjez0lR4)
3. Twitter: @davidtab, LinkedIn: [https://www.linkedin.com/in/nethunter](https://www.linkedin.com/in/nethunter), don't use Instagram/Facebook",1573496182.0,1573467382.0,/r/SmallYTChannel/comments/dunpqx/let_me_review_your_channel/f77o8cy/,SmallYTChannel
1,davidtab,"Make a portable cinema with a Nebula Capsule, JBL Flip 4 and Joby Gorillapod Action! [6:25]. ",1573454492.0,1573425692.0,/r/mealtimevideos/comments/duiqx9/make_a_portable_cinema_with_a_nebula_capsule_jbl/,mealtimevideos
4,davidtab,"Thank you for doing this! Here's my latest video, posted yesterday: [https://www.youtube.com/watch?v=oJujjez0lR4](https://www.youtube.com/watch?v=oJujjez0lR4)",1573428130.0,1573399330.0,/r/NewTubers/comments/dubr01/going_to_be_reviewing_videos/f748mxf/,NewTubers
5,davidtab,"I'm sorry if you feel this is ""viral advertising"". I didn't advertise any specific company, and I didn't get paid or sponsored by any of those products. I just shared a good combination of gadgets that work well for me. Maybe the title is a bit clickbaity?",1573428036.0,1573399236.0,/r/lifehacks/comments/dubgaj/take_your_cinema_with_you_anywhere/f748bei/,lifehacks
2,davidtab,"Take your cinema with you, anywhere!. ",1573421556.0,1573392756.0,/r/lifehacks/comments/dubgaj/take_your_cinema_with_you_anywhere/,lifehacks
3,davidtab,"Take your cinema with you, anywhere!. ",1573410262.0,1573381462.0,/r/Reviews/comments/du9u2t/take_your_cinema_with_you_anywhere/,Reviews
4,davidtab,"Take your cinema with you, anywhere!. ",1573394582.0,1573365782.0,/r/TravelHacks/comments/du7qn2/take_your_cinema_with_you_anywhere/,TravelHacks
5,davidtab,"Take your cinema with you, anywhere!. ",1573377631.0,1573348831.0,/r/travel/comments/du4wdt/take_your_cinema_with_you_anywhere/,travel
6,davidtab,"Take your cinema with you, anywhere!. ",1573376176.0,1573347376.0,/r/YouTube_startups/comments/du4mdo/take_your_cinema_with_you_anywhere/,YouTube_startups
7,davidtab,"Take your cinema with you, anywhere!. ",1573375469.0,1573346669.0,/r/anker/comments/du4hfm/take_your_cinema_with_you_anywhere/,anker
8,davidtab,"Take your cinema with you, anywhere!. ",1573374866.0,1573346066.0,/r/digitalnomad/comments/du4d60/take_your_cinema_with_you_anywhere/,digitalnomad
9,davidtab,"Take your cinema with you, anywhere!. ",1573374268.0,1573345468.0,/r/videos/comments/du492x/take_your_cinema_with_you_anywhere/,videos
6,davidtab,"I was about to go to present our company at 3 different conferences in 3 weeks, so I started it as a practice to speak in front of the camera, but then people loved the content, so I just kept on going...",1573055362.0,1573026562.0,/r/SmallYTChannel/comments/dsaoj7/what_was_everyones_reason_for_starting_youtube/f6oohpp/,SmallYTChannel
7,davidtab,"Neither does Yandex - that's why I didn't record inside the car, only taking pictures",1573016003.0,1572987203.0,/r/SelfDrivingCars/comments/drrsth/test_ride_in_a_self_driving_car_by_russias_yandex/f6n9qup/,SelfDrivingCars
8,davidtab,"Furthermore, once Google proved this is possible, companies like Yandex, Uber and Apple are investing millions of dollars into engineers, and VCs pour millions of dollars into smaller companies. The technology is no longer driven only by a few ""crazy ones"", but by almost the whole industry.

Similar to what happened to the PC in the 80s, and the smartphone after 2007.",1572981119.0,1572952319.0,/r/SelfDrivingCars/comments/drrsth/test_ride_in_a_self_driving_car_by_russias_yandex/f6llyuk/,SelfDrivingCars
9,davidtab,"The competition in the space is what's gonna keep the quality up, not government regulation. The mass business opportunity is mostly taxis, and there's a lot of money to be made in that - so the company with the safest cars would win more of the business.",1572973308.0,1572944508.0,/r/SelfDrivingCars/comments/drrsth/test_ride_in_a_self_driving_car_by_russias_yandex/f6lh2dv/,SelfDrivingCars
10,davidtab,"Heh, I did take a shot of the Louvre as well, but I love how the light shines through the pyramids, and I love the combination of the old architecture with the new.",1572965488.0,1572936688.0,/r/ArchitecturePorn/comments/drp8fd/louvre_pyramids_oc6000x3375/f6lbraw/,ArchitecturePorn
11,davidtab,Who is Roy Purdy? Didn't understand what I just watched...,1572965187.0,1572936387.0,/r/YouTube_startups/comments/drri5w/why_yandexs_self_driving_car_is_safer_than_googles/f6lbj2r/,YouTube_startups
12,davidtab,"Exactly, and yet Yandex cars are already on the roads of Tel Aviv, Moscow and Las Vegas, even if only in limited deployments...",1572964807.0,1572936007.0,/r/SelfDrivingCars/comments/drrsth/test_ride_in_a_self_driving_car_by_russias_yandex/f6lb8hl/,SelfDrivingCars
13,davidtab,I don't think any one manufacturer would ever make this claim. It just makes sense based on how/where the car is being developed and tested.,1572964727.0,1572935927.0,/r/SelfDrivingCars/comments/drrsth/test_ride_in_a_self_driving_car_by_russias_yandex/f6lb6a1/,SelfDrivingCars
14,davidtab,"Sure, the video begins with ""I got a chance to take a ride in the vehicle""...",1572964603.0,1572935803.0,/r/SelfDrivingCars/comments/drrsth/test_ride_in_a_self_driving_car_by_russias_yandex/f6lb2u2/,SelfDrivingCars
10,davidtab,Why Yandex's self driving car is safer than Google's?. ,1572946362.0,1572917562.0,/r/Futurology/comments/drry23/why_yandexs_self_driving_car_is_safer_than_googles/,Futurology
15,davidtab,"Where are you guys from? We're actually a company connecting scholarships to students in the US. We're mostly remote, but originally from Tel Aviv. We'd love to meet up.",1572946055.0,1572917255.0,/r/telaviv/comments/do96qe/looking_for_someone_to_help_out_students/f6kp4n2/,telaviv
11,davidtab,Test ride in a self driving car by Russia's Yandex. ,1572945703.0,1572916903.0,/r/SelfDrivingCars/comments/drrsth/test_ride_in_a_self_driving_car_by_russias_yandex/,SelfDrivingCars
12,davidtab,Why Yandex's Self Driving Taxi is safer than Google's?. ,1572945020.0,1572916220.0,/r/curiousvideos/comments/drrn6k/why_yandexs_self_driving_taxi_is_safer_than/,curiousvideos
13,davidtab,Why Yandex's self driving car is safer than Google's?. ,1572944413.0,1572915613.0,/r/YouTube_startups/comments/drri5w/why_yandexs_self_driving_car_is_safer_than_googles/,YouTube_startups
14,davidtab,Why Yandex's Self Driving Taxi is safer than Google's?. ,1572943809.0,1572915009.0,/r/videos/comments/drrdbd/why_yandexs_self_driving_taxi_is_safer_than/,videos
15,davidtab,Belgrade [OC][5166x2906]. ,1572935725.0,1572906925.0,/r/CityPorn/comments/drphqh/belgrade_oc5166x2906/,CityPorn
16,davidtab,Louvre Pyramids [OC][6000x3375]. ,1572934656.0,1572905856.0,/r/ArchitecturePorn/comments/drp8fd/louvre_pyramids_oc6000x3375/,ArchitecturePorn
16,davidtab,"A friend suggested that it might be ""Politika""?",1572717344.0,1572688544.0,/r/serbia/comments/dp8ua9/fireworks_in_belgrade/f645qdj/,serbia
17,davidtab,"As long as it's consistent, it doesn't matter as much. Especially, if your content is really international.",1572676276.0,1572647476.0,/r/SmallYTChannel/comments/dq9fff/best_time_of_day_for_posting_lets_have_a/f61umw2/,SmallYTChannel
18,davidtab,"I tried to figure it out myself, but couldn't... I think it might be Dom Omladine?",1572561074.0,1572532274.0,/r/serbia/comments/dp8ua9/fireworks_in_belgrade/f5wxqyt/,serbia
19,davidtab,That's true! Didn't even notice that at first.,1572543047.0,1572514247.0,/r/serbia/comments/dp8ua9/fireworks_in_belgrade/f5w4zk5/,serbia
17,davidtab,Narcissist? I thought it's about me!. Had he laughing so hard...,1572509869.0,1572481069.0,/r/BoJackHorseman/comments/dpfj6j/narcissist_i_thought_its_about_me/,BoJackHorseman
20,davidtab,"It was taken about 2 weeks ago, so yeah, might be",1572508057.0,1572479257.0,/r/serbia/comments/dp8ua9/fireworks_in_belgrade/f5utvpo/,serbia
18,davidtab,Fireworks in Belgrade. ,1572480471.0,1572451671.0,/r/serbia/comments/dp8ua9/fireworks_in_belgrade/,serbia
21,davidtab,"So we've been running remotely for 4 years now, have 40 employees in 12 countries. What we have is the main company in EU, as well as a few subsidiaries where we have larger concentrations of employees. In the countries where we have more employees - they are employed by the local subsidiaries, all the rest - are solopreneurs with exclusive agreements with the main company, invoicing the main company every month. They send their invoice until the 3rd of each month, and we pay the salary by the 10th of each month for the previous month.

If you have any other questions, and need help with anything, feel free to DM me, and we can jump on a call, I'll gladly share any more tips I might have.",1572479228.0,1572450428.0,/r/remotework/comments/dp6apu/hiring_remote_international_staff_as_contractors/f5t4s23/,remotework
22,davidtab,"I'd love to hear your opinion on my channel:

[https://www.youtube.com/channel/UCyqx3xBGkJ-moaP6NmAVyPg/](https://www.youtube.com/channel/UCyqx3xBGkJ-moaP6NmAVyPg/)",1572402504.0,1572373704.0,/r/NewTubers/comments/doo152/ill_critique_your_videos/f5q7qd7/,NewTubers
23,davidtab,"Finally, a place you can actually work from. Outside is not practical, and co-workings just became hanging out places, with everybody coming to talk to you, even when you have headphones on... I'll definitely try working from a laundry 😁",1572370067.0,1572341267.0,/r/digitalnomad/comments/do6yoq/all_the_people_posting_pictures_from_the_beach/f5ozige/,digitalnomad
24,davidtab,$bid,1571721919.0,1571693119.0,/r/slavelabour/comments/dl4ape/offer_99_i_will_write_you_a_highaccuracy_ai_for/f4ntwbs/,slavelabour
25,davidtab,"I had a similar issue when I had the Trakt.tv plugin installed. It ended up Trakt syncing to my account what others watched. To fix it, I found instructions in the Trakt plugin.",1571636051.0,1571607251.0,/r/PleX/comments/dkgw7c/whats_going_on_i_get_strange_viewing_history_and/f4io79v/,PleX
26,davidtab,"I'm the CEO of a startup that connects students to scholarship providers, and everybody in our company works from wherever they want. 

I make ""today I found out"" style videos as well as share my experience of building and running your business remotely.

Here's one of my latest videos, about why we have unlimited vacation days in our company: 
https://youtu.be/NNqhbw2k2IQ

And another one about why I felt like I was stealing while at an ""Amazon Go"" shop: 
https://youtu.be/gYCa9g0SVKk

And yeah, I filled the survey, I think the surprising metric will be what types of videos most people are making 🙂

Thank you, for building such a great community!",1571549327.0,1571520527.0,/r/NewTubers/comments/dk5pk8/selfintroduction_saturday_tell_us_all_about_you/f4bya2d/,NewTubers
27,davidtab,"That's really helpful, thank you for sharing!",1571268942.0,1571240142.0,/r/NewTubers/comments/diotne/almost_1000_subscribers_now_in_6_months_how_i_do/f3xlcn7/,NewTubers
28,davidtab,2-3 days? That's a lot of time! If an employee skipped 1 daily I usually try to understand why...,1571225071.0,1571196271.0,/r/startups/comments/di9ciw/remote_vs_onsite/f3waqpa/,startups
29,davidtab,International,1571210186.0,1571181386.0,/r/startups/comments/di9ciw/remote_vs_onsite/f3vp6e9/,startups
30,davidtab,"Ah, ok, so it's just the founders for now? We're currently 40 people over 12 countries, from Las Vegas to Bali...",1571210009.0,1571181209.0,/r/startups/comments/di9ciw/remote_vs_onsite/f3voxjs/,startups
31,davidtab,"Interesting article! Thanks for that! How many people are in your company right now, and spread over how many countries/timezones/economic zones?",1571209737.0,1571180937.0,/r/startups/comments/di9ciw/remote_vs_onsite/f3vojon/,startups
32,davidtab,"We have a few open positions, want to see if we could work together on filling them in?",1571209186.0,1571180386.0,/r/startups/comments/di9ciw/remote_vs_onsite/f3vnr96/,startups
33,davidtab,"One of the most important things for me in a team is that the team is engaged and self managed, so no ""boss"" in the classic meaning. I never give out tasks to the teams, the teams figure out themselves what needs to be built to make a better product... Each team has a daily video meeting, in which they sync and align, and they work together with a product owner to analyse user behaviour and figure out how to make a better product.",1571209124.0,1571180324.0,/r/startups/comments/di9ciw/remote_vs_onsite/f3vno2k/,startups
34,davidtab,"It seems to me that your not a remote team, but rather an outsourcing/outstaffing company, with all your employees being ""on-site"", just on a different site than your clients. When I say ""remote"", I mean something like us - 40 employees in 12 different countries... Or similar to Gitlab and Automattic.",1571208933.0,1571180133.0,/r/startups/comments/di9ciw/remote_vs_onsite/f3vne7j/,startups
35,davidtab,You just fire them on the spot? What's your average employee retention?,1571208799.0,1571179999.0,/r/startups/comments/di9ciw/remote_vs_onsite/f3vn79i/,startups
36,davidtab,"Not at the moment, but be sure to check our open positions at https://careers.scholarshipowl.com/",1571208759.0,1571179959.0,/r/startups/comments/di9ciw/remote_vs_onsite/f3vn58j/,startups
19,davidtab,"Remote vs On-site. Hi,

I've been managing development teams on-site for 12 years, and been managing a remote startup for 4 years now. In some ways running a remote startup is very different from a physical one, but in other things - like motivating employees and building teams - is very similar to a physical company.

&#x200B;

I'd love to hear a bit from other entrepreneurs - what caused you to choose an on-site team, or a remote team, or maybe even an outsourcing/outstaffing solution? Were you afraid you won't be able to get enough control of the team if the team isn't with you in a room? Or are you afraid to lose some of the brainstorm power? Are you afraid of the different labour laws around the world, or how to pay salaries?

&#x200B;

Do you know how to handle an employee that doesn't show up to work? Either in a remote space or a physical one?

&#x200B;

I'd love to hear what kind of things stop you from growing your team remotely. Please share your experience!

&#x200B;

Thanks!",1571181457.0,1571152657.0,/r/startups/comments/di9ciw/remote_vs_onsite/,startups
37,davidtab,"As a CEO of a remote startup, I post videos on the remote startup culture as well as ""today I learned"" style videos from different places in the world. Here's one I shot last week: [https://www.youtube.com/watch?v=gYCa9g0SVKk](https://www.youtube.com/watch?v=gYCa9g0SVKk)",1571174418.0,1571145618.0,/r/NewTubers/comments/di5bou/ill_critique_your_content_from_a_strategic_point/f3tte8k/,NewTubers
38,davidtab,[https://www.youtube.com/channel/UCyqx3xBGkJ-moaP6NmAVyPg/](https://www.youtube.com/channel/UCyqx3xBGkJ-moaP6NmAVyPg/) \- let's see what you've got :-),1571174334.0,1571145534.0,/r/NewTubers/comments/di61ft/let_me_roast_your_channel/f3tta1b/,NewTubers
20,davidtab,Remote vs on-site startups. [removed],1571166128.0,1571137328.0,/r/startups/comments/di6a89/remote_vs_onsite_startups/,startups
39,davidtab,The travel industry - startups in this space are hard to lunch and easy to crash. But when they do grow - they become huge. See kiwi.com for example.,1570991484.0,1570962684.0,/r/Entrepreneur/comments/dgxrsu/what_industry_do_you_consider_so_saturated_that/f3k7msq/,Entrepreneur
40,davidtab,We use a combination of WebinarJam and HasOffers and that worked pretty well for us so far. Cannot compare it to ClickFunnels though.,1570991234.0,1570962434.0,/r/Entrepreneur/comments/dh8pi9/advice_best_tool_for_autowebinar_funnels_2020/f3k6lly/,Entrepreneur
41,davidtab,"I'm the CEO of a remote company, trying to share some of my knowledge about running a remote company as well as share thoughts from the places I visit.

Here's a video I shot last week in Chicago:

https://youtu.be/gYCa9g0SVKk",1570983037.0,1570954237.0,/r/NewTubers/comments/dh5euv/drop_your_vids_i_will_try_my_best_to_give_you/f3jkpul/,NewTubers
21,davidtab,5 unbelievable stories from international borders [5:57]. ,1570927001.0,1570898201.0,/r/mealtimevideos/comments/dgxgst/5_unbelievable_stories_from_international_borders/,mealtimevideos
42,davidtab,Thank you! I subscribed as well!,1570895610.0,1570866810.0,/r/GetMoreViewsYT/comments/dg3ah5/thanks_for_all_the_help_thats_not_much_yet_but/f3eb6x5/,GetMoreViewsYT
43,davidtab,Thank you!,1570805562.0,1570776762.0,/r/GetMoreViewsYT/comments/dg3ah5/thanks_for_all_the_help_thats_not_much_yet_but/f3ak21p/,GetMoreViewsYT
22,davidtab,Did I just steal from Amazon Go? - Cashierless Store Review. ,1570765888.0,1570737088.0,/r/AdvertiseYourVideos/comments/dg3hzv/did_i_just_steal_from_amazon_go_cashierless_store/,AdvertiseYourVideos
44,davidtab,Thank you!,1570765784.0,1570736984.0,/r/GetMoreViewsYT/comments/dg3ah5/thanks_for_all_the_help_thats_not_much_yet_but/f38ixvd/,GetMoreViewsYT
23,davidtab,"Thanks for all the help! That's not much yet, but it's a great start! Check out the video the got me over the 1000: https://youtu.be/gYCa9g0SVKk. ",1570765063.0,1570736263.0,/r/GetMoreViewsYT/comments/dg3ah5/thanks_for_all_the_help_thats_not_much_yet_but/,GetMoreViewsYT
45,davidtab,"The idea of the content is interesting, and I'd love to watch this and further videos. But - the audio is almost impossible to hear and understand, and the video is super-shaky. Buy a small Lav microphone, such as this: [https://www.bhphotovideo.com/c/product/1059342-REG/rode\_smartlav\_smart\_lav\_lav\_mic\_for.html](https://www.bhphotovideo.com/c/product/1059342-REG/rode_smartlav_smart_lav_lav_mic_for.html?currency=EUR&gclid=Cj0KCQjwrfvsBRD7ARIsAKuDvMPMIpsXVcPcHTtZNtrASI_Qsi11Kx8ly_Oe2_ANaUQKB_hoArxRrBYaAiL5EALw_wcB) to make the sound clearer. About the video - put the camera on a table, or a tripod, or at least stabilise in your video editor - you can use DaVinci Resolve, which is a super-powerful free video editor, with great stabilisation and audio editing built in.

Also, try not to shoot from the bottom - it makes the image look distorted. Also, try to keep the framing in MS or MCU ([https://www.mediacollege.com/video/camera/tutorial/01-framing.html](https://www.mediacollege.com/video/camera/tutorial/01-framing.html))

But you have the hardest part nailed down - the content is interesting!",1570753041.0,1570724241.0,/r/youtubers/comments/dfyv8j/selling_on_amazon_rant_review_video/f37ckjt/,youtubers
46,davidtab,"Remote Startups and Tech Ideas channel. And this week - I shared my impression of the new Amazon Go shops:

[https://www.youtube.com/watch?v=gYCa9g0SVKk](https://www.youtube.com/watch?v=gYCa9g0SVKk)",1570750580.0,1570721780.0,/r/youtubers/comments/dcllcg/october_2019_monthly_showoff_thread_read_rules_in/f375s25/,youtubers
24,davidtab,"A review of Amazon's Go system, and how I felt like I steal from the shop. ",1570681503.0,1570652703.0,/r/Futurology/comments/dfmtqb/a_review_of_amazons_go_system_and_how_i_felt_like/,Futurology
25,davidtab,A review of Amazon Go. [removed],1570660432.0,1570631632.0,/r/amazon/comments/dfhvuw/a_review_of_amazon_go/,amazon
26,davidtab,Did I just steal from Amazon Go?. ,1570601820.0,1570573020.0,/r/GetMoreViewsYT/comments/df7bo8/did_i_just_steal_from_amazon_go/,GetMoreViewsYT
27,davidtab,Did I just steal from Amazon Go?. ,1570601144.0,1570572344.0,/r/YTPromo/comments/df75sm/did_i_just_steal_from_amazon_go/,YTPromo
28,davidtab,Did I just steal from Amazon Go?. ,1570595717.0,1570566917.0,/r/YouTube_startups/comments/df5tam/did_i_just_steal_from_amazon_go/,YouTube_startups
29,davidtab,Did I just steal from Amazon Go?. ,1570590859.0,1570562059.0,/r/videos/comments/df4o3q/did_i_just_steal_from_amazon_go/,videos
30,davidtab,"Mizpe Ramon, Israel [4947x3092] [OC]. ",1569167111.0,1569138311.0,/r/SkyPorn/comments/d7ne6p/mizpe_ramon_israel_4947x3092_oc/,SkyPorn
47,davidtab,"Hi, my name is David, and I'm a CEO of a remote-only company. Remote only means it's a new kind of Company, with no physical offices, where everybody works from wherever they want. I make videos about how such companies work, and some videos from my travels, under the title ""Hacking Modern Life"".

Why unlimited vacation is actually better for the company than for the employee? Find out the answer in my latest video here: https://youtu.be/NNqhbw2k2IQ

I am currently not active in Discord, maybe I should look into it.",1569127638.0,1569098838.0,/r/NewTubers/comments/d7cdwa/selfintroduction_saturday_tell_us_all_about_you/f0zmt69/,NewTubers
48,davidtab,"Well, that is changing very rapidly. When we started 4 years ago, there were hardly 20 companies I could find (other than us) that hired remotely. Now there are hundreds...",1569053688.0,1569024888.0,/r/remotework/comments/d70p4r/how_do_you_want_to_see_he_remote_work_ecosystem/f0x8i9a/,remotework
49,davidtab,"Started about 2 months ago, made 6 videos. But my content has been filmed over 3 countries so far, gonna be 5 more countries in the next 3 weeks...
Had my first ride in a driverless car today, so I'll make a video about that, and on Monday flying to New York, will shoot there.
Hopefully will make 3 more videos in those 2.5 weeks....",1568962222.0,1568933422.0,/r/NewTubers/comments/d6ect4/how_many_videos_have_you_uploaded_so_far/f0u3dpj/,NewTubers
50,davidtab,"I have a similar problem, I have the volume keys on the second layer, and on Bluetooth they don't work at all, but when connected by cable they work perfectly. Any idea what to do?",1568868796.0,1568839996.0,/r/AnnePro/comments/bpysuy/volume_media_keys_of_anne_pro_2_not_working_on/f0pohwu/,AnnePro
51,davidtab,"How would they comment on the amount of days off? If the request comes from an automated system, and the company is remote anyway, why would the manager feel comfortable commenting on the amount of days off taken?",1568676599.0,1568647799.0,/r/remotework/comments/d3xfb9/why_unlimited_vacation_is_worse_for_the_employee/f0iw95f/,remotework
52,davidtab,"I'm not sure if showing clearly how many days off everybody else took is a good strategy. It's OK seeing when somebody is off, but not a clear ""counter"". So you won't actually see if somebody else 25 days or 30. What do you think?",1568676550.0,1568647750.0,/r/remotework/comments/d3xfb9/why_unlimited_vacation_is_worse_for_the_employee/f0iw4mk/,remotework
53,davidtab,"The company that so far did the best recruitment for me, was ""1st Recruitment"" in Moscow. I have quite a few interesting stories about remote recruitment in the past 4 years, maybe I'll make a video in the future about it on my remote startups YouTube channel ([https://www.youtube.com/channel/UCyqx3xBGkJ-moaP6NmAVyPg](https://www.youtube.com/channel/UCyqx3xBGkJ-moaP6NmAVyPg))",1568663581.0,1568634781.0,/r/remotework/comments/d4oe89/hello_redditors_any_semi_or_100_remote_company/f0i27ln/,remotework
54,davidtab,"I'm a 100%-remote company CEO and been dealing a lot with recruitment as well, would gladly help with the research, or could connect you to our administrative assistant, or to a number of HR companies doing remote recruiting, if you're interested.",1568603293.0,1568574493.0,/r/remotework/comments/d4oe89/hello_redditors_any_semi_or_100_remote_company/f0ewhz9/,remotework
55,davidtab,"Thank you, beautiful footage! I subsribed! What are you shooting with?",1568587031.0,1568558231.0,/r/YouTube_startups/comments/d4cfym/why_unlimited_vacation_is_worse_for_the_employee/f0dsyj5/,YouTube_startups
56,davidtab,"I personally really like the triangle on the top, definitely looks cool. Not sure about the episode number - does it really matter?

I like the thumbnail. Not watching much of gaming content, but I think I'd click on this one.",1568561602.0,1568532802.0,/r/NewTubers/comments/d4gv47/how_would_you_go_about_making_your_own_thumbnail/f0bwpz8/,NewTubers
57,davidtab,"I'm also looking at that, any idea how could we find such YouTubers, and what are the going rates? Our product is in the education financing space",1568560189.0,1568531389.0,/r/youtubers/comments/d4g6vb/question_our_startup_is_looking_to_advertise/f0bsug1/,youtubers
31,davidtab,Why unlimited vacation is worse for the employee than for the company?. ,1568531417.0,1568502617.0,/r/YTPromo/comments/d4ckfq/why_unlimited_vacation_is_worse_for_the_employee/,YTPromo
32,davidtab,Why unlimited vacation is worse for the employee than for the company?. ,1568530807.0,1568502007.0,/r/YouTube_startups/comments/d4cfym/why_unlimited_vacation_is_worse_for_the_employee/,YouTube_startups
58,davidtab,"I wonder how could I regulate people not taking vacation? Seems kind of stupid to punish somebody for not taking time off... I also don't want to force everybody to take vacation... Something to think about. My partner in running the company took almost the whole month of August off, and we publish who's off when on Slack, so it's visible, I wonder if the average next year is gonna be higher.",1568504143.0,1568475343.0,/r/remotework/comments/d3xfb9/why_unlimited_vacation_is_worse_for_the_employee/f08548l/,remotework
59,davidtab,"Thank you, somehow ended up doing 2 videos this week, but none last week... Gonna be spending about 32 hours on planes in the coming weeks, gonna make it hard to make videos there, but at least I can write the scripts 😃",1568503976.0,1568475176.0,/r/NewTubers/comments/d3nb80/finding_the_time/f084tez/,NewTubers
60,davidtab,Sure! Be sure to check our open positions and apply here: https://careers.scholarshipowl.com/,1568496993.0,1568468193.0,/r/remotework/comments/d3xfb9/why_unlimited_vacation_is_worse_for_the_employee/f07stw0/,remotework
61,davidtab,Be sure to watch the video and let me know what you think!,1568496859.0,1568468059.0,/r/remotework/comments/d3xfb9/why_unlimited_vacation_is_worse_for_the_employee/f07slc1/,remotework
62,davidtab,"Yeah, the pressure not to use vacation time when it's unlimited is one of the main points I mention in the video. I'm not even sure where this pressure comes from, since we, as the management definitely don't put pressure on our teams not to take vacations. But the solution I propose is to create guidelines for minimum and suggested paid time off.",1568496829.0,1568468029.0,/r/remotework/comments/d3xfb9/why_unlimited_vacation_is_worse_for_the_employee/f07sj32/,remotework
63,davidtab,Most places I worked at in my life have unlimited sick days. So I kind of didn't think about this when making this video. I think that having unlimited sick days and limited vacation days will just cause some people to use sick days when they should've taken vacation days...,1568470762.0,1568441962.0,/r/remotework/comments/d3xfb9/why_unlimited_vacation_is_worse_for_the_employee/f06o2ys/,remotework
64,davidtab,"In most places I know, including our company, vacations are very rarely not approved. But to counterbalance a manager that never approves a vacation, we have a 2 level approval process, as well as a guideline for minimum days off a year.",1568470645.0,1568441845.0,/r/remotework/comments/d3xfb9/why_unlimited_vacation_is_worse_for_the_employee/f06nwix/,remotework
33,davidtab,Why unlimited vacation is worse for the employee than for the company?. ,1568446021.0,1568417221.0,/r/remotework/comments/d3xfb9/why_unlimited_vacation_is_worse_for_the_employee/,remotework
65,davidtab,"What kind of content are you recording? 30 minutes a day that's a lot of time, and sounds impressive. With my content I think about what exactly the next video is gonna be about, and then I shoot/edit with a day or 2...",1568445532.0,1568416732.0,/r/NewTubers/comments/d3nb80/finding_the_time/f05qh8e/,NewTubers
34,davidtab,Unlimited vacation?. ,1568419551.0,1568390751.0,/r/GetMoreViewsYT/comments/d3rfi8/unlimited_vacation/,GetMoreViewsYT
35,davidtab,Why unlimited vacation days are better for the company than for the employee?. ,1568418652.0,1568389852.0,/r/videos/comments/d3r7ft/why_unlimited_vacation_days_are_better_for_the/,videos
36,davidtab,"Finding the time. Just finished recording my 5th video, and thinking of the content, recording and editing takes huge amount of time, even though the content is something I do every day (Building remote companies, and interesting locations), and I really enjoy the editing.

But finding the time between work, travel and other things in life, I can hardly do it once every 2 weeks.

How do you guys find the time for it? Especially people that don't live off their content yet?

How does your writing/shooting/editing schedule looks like?",1568399726.0,1568370926.0,/r/NewTubers/comments/d3nb80/finding_the_time/,NewTubers
66,davidtab,"Wow, what a beautiful model!",1568065964.0,1568037164.0,/r/blender/comments/d1n3ez/heres_an_update_to_the_banjo_model_i_added_fur/ezpb7uz/,blender
37,davidtab,How to build a remote company?. ,1568012720.0,1567983920.0,/r/Solopreneur/comments/d1ifuh/how_to_build_a_remote_company/,Solopreneur
38,davidtab,"""How to build a remote company?"" What do you think about the thumbnail?. ",1568012116.0,1567983316.0,/r/SmallYTChannel/comments/d1ibgn/how_to_build_a_remote_company_what_do_you_think/,SmallYTChannel
39,davidtab,How to build a remote company?. ,1568008754.0,1567979954.0,/r/GetMoreViewsYT/comments/d1hmma/how_to_build_a_remote_company/,GetMoreViewsYT
40,davidtab,How to build a remote company?. ,1568008144.0,1567979344.0,/r/remotework/comments/d1hi1o/how_to_build_a_remote_company/,remotework
41,davidtab,How to build a remote company?. ,1568000165.0,1567971365.0,/r/YouTube_startups/comments/d1fpv2/how_to_build_a_remote_company/,YouTube_startups
42,davidtab,How to build remote companies? (A series of YouTube videos by a remote CEO). ,1567996432.0,1567967632.0,/r/digitalnomad/comments/d1eudd/how_to_build_remote_companies_a_series_of_youtube/,digitalnomad
43,davidtab,How to build remote companies?. ,1567995823.0,1567967023.0,/r/videos/comments/d1ep2n/how_to_build_remote_companies/,videos
67,davidtab,"LOL, yeah, that's definitely what it's worth",1567519118.0,1567490318.0,/r/nukedmemes/comments/cylawl/_/eyve5tl/,nukedmemes
44,davidtab,5 unbelievable stories from international borders. ,1567458900.0,1567430100.0,/r/videos/comments/cyotgt/5_unbelievable_stories_from_international_borders/,videos
68,davidtab,"Yeah, Royal Hookah is among the better ones in Belgrade, but still doesn't come close to an average one in Russia/Ukraine/Spain/US. The selection they have is still only Adalya, no Fumari, Tangiers, Social Smoke, or any of the good American/Russian premium brands.",1567386115.0,1567357315.0,/r/hookah/comments/cxd7h7/good_hookah_lounge_in_belgrade/eyqz8rp/,hookah
69,davidtab,"A little bit, yeah. How would you title this video?",1567348676.0,1567319876.0,/r/worldpolitics/comments/cy6i82/5_unbelievable_stories_from_international_borders/eyq1az6/,worldpolitics
45,davidtab,5 unbelievable stories from international borders. ,1567348548.0,1567319748.0,/r/geopolitics/comments/cy6pl9/5_unbelievable_stories_from_international_borders/,geopolitics
46,davidtab,5 unbelievable stories from international borders. ,1567346951.0,1567318151.0,/r/worldpolitics/comments/cy6i82/5_unbelievable_stories_from_international_borders/,worldpolitics
70,davidtab,"Why? What specifically you didn't like? We're working very hard to make the best scholarship application platform out there, and to add transparency to the very vague, unclear and frustrating process of applying to scholarships.",1567231439.0,1567202639.0,/r/scholarships/comments/cxagoe/whats_the_worst_aspect_of_existing_scholarship/eym93wj/,scholarships
71,davidtab,What would be the least shitty one then? Anything other than Adalya and the random Al Fakher anywhere?,1567201175.0,1567172375.0,/r/hookah/comments/cxd7h7/good_hookah_lounge_in_belgrade/eykzekx/,hookah
47,davidtab,"Good hookah lounge in Belgrade. Hi! I'm trying to find a good hookah lounge in Belgrade, with good tobacco (Fumari, Dark side, Tangier's), but all the places I've found have only pretty shitty tobaccos (Adalya), and usually don't really know how to make a good shisha.
 Any tips?",1567175970.0,1567147170.0,/r/hookah/comments/cxd7h7/good_hookah_lounge_in_belgrade/,hookah
72,davidtab,"Our scholarship platform (ScholashipOwl.com) is far from mediocre. Unlike most other sites, we verify manually every scholarship, and we give you status on your application, so you know if somebody on the other side has seen your application and reviewed it, and you know that there's a real winner behind the scholarship. In addition to that, if you subscribe to our premium service, we'll resubmit you application to every recurrence of the scholarship automatically, drastically improving your chances over manual applications. We're also working on showing you how many other users applied to every scholarship, so you wouldn't waste your time applying to overcrowded scholarships, and instead focus on the more niche ones where you have a higher chance of winning. We have over 4.5 million students on our platform, and a few thousands hand-picked scholarships. We even have a mobile app that helps you pick scholarships in the go.

Why do you think all scholarship sites suck? Do you find anything missing from our platform?",1567175775.0,1567146975.0,/r/scholarships/comments/cxagoe/whats_the_worst_aspect_of_existing_scholarship/eyke2y6/,scholarships
73,davidtab,"I have the Wireless Go, and it's awesome! I'm a huge fan. Today I also bought the smartLav+ to use with the Wireless Go, but in my early tests, the built in mic in the Wireless Go is actually better than the smartLav+!",1567052577.0,1567023777.0,/r/videography/comments/cwdh97/is_the_rode_wireless_go_worth_it/eydrpfe/,videography
74,davidtab,"Oh, I'd love some help with that!

Here's my channel: https://www.youtube.com/channel/UCyqx3xBGkJ-moaP6NmAVyPg

Doing educational content for entrepreneurs on the go. Here's my latest video: https://youtu.be/Q8w0pjBYFew

Been changing the thumbnail almost every hour after I published the video, since I was so unsure of it.",1567051935.0,1567023135.0,/r/NewTubers/comments/cwoxr0/ill_critique_your_thumbnails/eydqd40/,NewTubers
75,davidtab,"Not much there I didn't do already, but thanks anyway!",1566970503.0,1566941703.0,/r/YouTube_startups/comments/cw3erh/top_5_border_crossings_that_changed_history/ey9ethu/,YouTube_startups
48,davidtab,Top 5 border crossings that changed history. ,1566935874.0,1566907074.0,/r/YouTube_startups/comments/cw3erh/top_5_border_crossings_that_changed_history/,YouTube_startups
49,davidtab,Top 5 border crossings that changed history. ,1566935277.0,1566906477.0,/r/videos/comments/cw3b0k/top_5_border_crossings_that_changed_history/,videos
50,davidtab,Top 5 border crossings that changed history (Shot on Corfu). ,1566927397.0,1566898597.0,/r/greece/comments/cw21r8/top_5_border_crossings_that_changed_history_shot/,greece
76,davidtab,"I made a video, about the change in the Albanian/Greek border, as well as a few historic border crossings that made the world a bit more open. Hope you'll enjoy it.",1566920870.0,1566892070.0,/r/history/comments/cw15tw/top_5_border_crossings_that_changed_history/ey7o5o3/,history
51,davidtab,Top 5 border crossings that changed history. ,1566920736.0,1566891936.0,/r/history/comments/cw15tw/top_5_border_crossings_that_changed_history/,history
77,davidtab,"Thanks a lot for your comments! Yeah, I realise I need to redesign the intro/outro. Thanks a lot for your tips, they are super helpful! I changed the title to ""Top 5 border crossings that changed history"", I think I feel better with that.",1566834300.0,1566805500.0,/r/NewTubers/comments/cvb708/i_work_in_the_tvfilm_biz_and_ill_check_out_some/ey4scs5/,NewTubers
78,davidtab,"As a digital nomad myself, my vision for my channel is ""nuggets for the travelling mind"", which basically means it's videos relevant to frequent travellers, either history, tips, gear or techniques to make a living on the move.

Here's my latest video, would love to hear your opinion on the shooting/editing. I know I need to work on the ""acting"". - [https://youtu.be/Q8w0pjBYFew](https://youtu.be/Q8w0pjBYFew) \- Tales of fascinating country crossings or How to sneak into a country?

Also, been really struggling with the title for this video. Any tips/ideas would be greatly appreciated.",1566796048.0,1566767248.0,/r/NewTubers/comments/cvam18/double_critique_give_us_your_latest_video/ey3lbfu/,NewTubers
79,davidtab,"As a digital nomad myself, my vision for my channel is ""nuggets for the travelling mind"", which basically means it's videos relevant to frequent travellers, either interesting locations and their history, tips, gear or techniques to make a a living on the move.

Here's my latest video, would love to hear your opinion on the shooting/editing. I know I need to work on the ""acting"". - [https://youtu.be/Q8w0pjBYFew](https://youtu.be/Q8w0pjBYFew) \- Tales of fascinating country crossings or How to sneak into a country?

Also, been really struggling with the title for this video. Any tips/ideas would be greatly appreciated.",1566795437.0,1566766637.0,/r/NewTubers/comments/cvb3ap/i_will_critique_up_to_20_videos/ey3kgsv/,NewTubers
80,davidtab,"As a digital nomad myself, y vision for my channel is ""nuggets for the travelling mind"", which basically means it's videos relevant to frequent travellers, either history, tips, gear or techniques to make a living on the move.

[https://youtu.be/Q8w0pjBYFew](https://youtu.be/Q8w0pjBYFew) \- Top 5 stories of fascinating border crossings, or How to sneak into another country?

I'd love some ideas/tips on the title of the video, been really struggling with it, changed it like 5 times already. Thanks a lot!",1566795294.0,1566766494.0,/r/NewTubers/comments/cvcc32/show_me_your_content_and_ill_try_my_best/ey3k9h7/,NewTubers
81,davidtab,"As a digital nomad myself, y vision for my channel is ""nuggets for the travelling mind"", which basically means it's videos relevant to frequent travellers, either history, tips, gear or techniques to make a living on the move.

Here's my latest video, would love to hear your opinion on the shooting/editing. I know I need to work on the ""acting"". - [https://youtu.be/Q8w0pjBYFew](https://youtu.be/Q8w0pjBYFew) \- Tales of fascinating country crossings or How to sneak into a country?

Also, been really struggling with the title for this video. Any tips/ideas would be greatly appreciated. I'm willing to invest up to $1000 more into this channel.",1566795207.0,1566766407.0,/r/NewTubers/comments/cvb708/i_work_in_the_tvfilm_biz_and_ill_check_out_some/ey3k51a/,NewTubers
82,davidtab,"Well, get the VideoMicro then, $60, for amazing sound, even in strong wind. But $200 for a tiny wireless system with a built in lav is definitely not a lot, when just a good lav alone costs around $60, and competing microphones cost $350+.",1566745853.0,1566717053.0,/r/youtubers/comments/cuv8gi/question_does_anybody_have_any_recommendations/ey1z0lo/,youtubers
52,davidtab,How to sneak into another country?. ,1566704999.0,1566676199.0,/r/YTPromo/comments/cuy5tw/how_to_sneak_into_another_country/,YTPromo
83,davidtab,"For video, either use Rode VideoMicro (about $60), or Rode Wireless Go (about $200, but connects wirelessly to your camera, and has a built in Lav, and sounds amazing.

Check out the audio on my video: https://youtu.be/Q8w0pjBYFew
Recorded outside on Wireless Go and VideoMicro.",1566698846.0,1566670046.0,/r/youtubers/comments/cuv8gi/question_does_anybody_have_any_recommendations/exzrvid/,youtubers
53,davidtab,Top 5 stories of border crossings. ,1566636185.0,1566607385.0,/r/SmallYTChannel/comments/cumlax/top_5_stories_of_border_crossings/,SmallYTChannel
54,davidtab,How to sneak into another country. [removed],1566633968.0,1566605168.0,/r/travel/comments/cum6bo/how_to_sneak_into_another_country/,travel
84,davidtab,"Just posted a new video, I'd love to hear some feedback: [How to sneak into another country](https://www.youtube.com/watch?v=Q8w0pjBYFew)",1566633587.0,1566604787.0,/r/NewTubers/comments/cul8dz/hi_ill_critique_videos_for_the_next_hour_leave/exvqwd1/,NewTubers
85,davidtab,"About the upcoming Netflix vs Disney war:
https://youtu.be/hs8EtEh-Ou8",1566575012.0,1566546212.0,/r/NewTubers/comments/cu2uki/ill_watch_your_vids_to_the_end_10min_max/exsj2i0/,NewTubers
86,davidtab,"Switched to Mautic, and it's amazing. Kind of like WordPress for marketing.",1566314707.0,1566285907.0,/r/Blogging/comments/csoppx/alternatives_to_mailchimp/exh1ayz/,Blogging
87,davidtab,"Hey Joshua! I'd love to connect, you sound perfect for what I'm looking for, for short scripts for my new YouTube channel, about life hacks and interesting tidbits for remote employees and business owners. 

I have a full list of subjects, I'll work with you on sharing my knowledge on some of those subjects, and some of my research.

Here's the channel so far, needs a lot of work: https://www.youtube.com/channel/UCyqx3xBGkJ-moaP6NmAVyPg",1566229562.0,1566200762.0,/r/forhire/comments/cgwo5k/hiring_writer_for_my_creepy_youtube_mini/exe6hhc/,forhire
55,davidtab,Zlatar Mountain [OC]. ,1565903096.0,1565874296.0,/r/serbia/comments/cqpjsg/zlatar_mountain_oc/,serbia
88,davidtab,"Yeah, it's kind of a shame, since it seemed for a while that Netflix/Spotify were the solutions for piracy...",1565802405.0,1565773605.0,/r/PleX/comments/cq5hxg/will_the_competition_between_netflix_and_apple/ewubipv/,PleX
56,davidtab,"Will the competition between Netflix and Apple cause a raise in Plex usage, along with more piracy?. ",1565790732.0,1565761932.0,/r/PleX/comments/cq5hxg/will_the_competition_between_netflix_and_apple/,PleX
57,davidtab,"Belgrade, 2 nights ago. ",1565669462.0,1565640662.0,/r/serbia/comments/cphust/belgrade_2_nights_ago/,serbia
89,davidtab,"https://youtu.be/hs8EtEh-Ou8

Thanks a lot for doing this, I could really use some feedback!",1565628657.0,1565599857.0,/r/NewTubers/comments/cp8e73/let_me_critique_your_editingfilmmakinggaming/ewo0nl3/,NewTubers
90,davidtab,Thank you!,1565618152.0,1565589352.0,/r/YouTube_startups/comments/cp0fgo/thanks_you_guys_so_much_for_all_the_support_and/ewnsy26/,YouTube_startups
58,davidtab,"Netflix vs Disney+, what does it mean for us?. ",1565595758.0,1565566958.0,/r/netflix/comments/cp4b1z/netflix_vs_disney_what_does_it_mean_for_us/,netflix
91,davidtab,https://www.youtube.com/channel/UCyqx3xBGkJ-moaP6NmAVyPg,1565593442.0,1565564642.0,/r/YouTube_startups/comments/cp0fgo/thanks_you_guys_so_much_for_all_the_support_and/ewmzntz/,YouTube_startups
92,davidtab,"Just published my latest video, would love some critisim on the editing: [https://www.youtube.com/watch?v=hs8EtEh-Ou8](https://www.youtube.com/watch?v=hs8EtEh-Ou8)",1565590606.0,1565561806.0,/r/NewTubers/comments/cp2i60/i_will_judge_your_videos_editing_and_production/ewmvu6e/,NewTubers
93,davidtab,"Thank you, I've just posted a new video, would love to hear what you think: [https://www.youtube.com/watch?v=hs8EtEh-Ou8](https://www.youtube.com/watch?v=hs8EtEh-Ou8)",1565590565.0,1565561765.0,/r/NewTubers/comments/cp2bwh/ill_watch_your_videos/ewmvs2t/,NewTubers
94,davidtab,"I've just published this video, worked on it for almost a week now, would love to hear your opinion: [https://www.youtube.com/watch?v=hs8EtEh-Ou8](https://www.youtube.com/watch?v=hs8EtEh-Ou8)",1565590516.0,1565561716.0,/r/NewTubers/comments/cozta6/as_a_newtuber_myself_i_shall_judge_your_videos/ewmvpmz/,NewTubers
59,davidtab,My new video: Netflix vs Disney+ - The Streaming War. ,1565590468.0,1565561668.0,/r/YouTube_startups/comments/cp396z/my_new_video_netflix_vs_disney_the_streaming_war/,YouTube_startups
60,davidtab,Netflix vs Disney+ - The Streaming War. ,1565589799.0,1565560999.0,/r/videos/comments/cp340x/netflix_vs_disney_the_streaming_war/,videos
61,davidtab,"It was a stormy night, so I had to grab my camera. ",1565453524.0,1565424724.0,/r/pics/comments/cofef8/it_was_a_stormy_night_so_i_had_to_grab_my_camera/,pics
95,davidtab,Thank you!,1565357265.0,1565328465.0,/r/EarthPorn/comments/cntw39/zlatar_mountains_in_serbia_oc_2554x1435/ewem0lv/,EarthPorn
62,davidtab,Zlatar mountains in Serbia [OC] [2554x1435]. ,1565335665.0,1565306865.0,/r/EarthPorn/comments/cntw39/zlatar_mountains_in_serbia_oc_2554x1435/,EarthPorn
63,davidtab,"Lightning in Belgrade, Serbia [OC] [5208x3255]. ",1565334163.0,1565305363.0,/r/SkyPorn/comments/cntklp/lightning_in_belgrade_serbia_oc_5208x3255/,SkyPorn
96,davidtab,"Well, we offer hardware and co-working budgets. And we all fly in to a specific location once a year, to get to know each other and work together.",1565153224.0,1565124424.0,/r/remotework/comments/cl8yeu/remote_work_weekends/ew51cm7/,remotework
98,davidtab,"Thanks a lot for your feedback, it's extremely helpful! Yeah, the sound didn't come out well, I had a problem with the microphone and camera having a conflict, and generating a lot of noise, will definitely fix it for future videos. And I'll try to use a further zoom in the future, to make it feel less ""confined"". About zooming in - yeah, that makes a lot of sense, your absolutely right!",1565025297.0,1564996497.0,/r/NewTubers/comments/clw1gd/for_next_1hr_i_am_going_to_give_feedbacks_to_any/ew0mm8j/,NewTubers
64,davidtab,Don't waste time with stock footage. ,1564984499.0,1564955699.0,/r/videos/comments/cm26yy/dont_waste_time_with_stock_footage/,videos
99,davidtab,"[https://www.youtube.com/channel/UCyqx3xBGkJ-moaP6NmAVyPg/](https://www.youtube.com/channel/UCyqx3xBGkJ-moaP6NmAVyPg/) \- my channel dedicated to efficiency, remote work and side hustles.",1564957995.0,1564929195.0,/r/NewTubers/comments/clw1gd/for_next_1hr_i_am_going_to_give_feedbacks_to_any/evyclt8/,NewTubers
65,davidtab,"Learning Serbian for a Russian speaker. Hi, I'm looking for resources to learn Serbian for a Russian speaker. I found a lot of resources for English, but it seems to me that the path from Russian is much shorter, as grammar is more similar and many words are similar.

But, living in Belgrade fora year now, and other than a few common phrases I hardly speak the language at all.",1564933448.0,1564904648.0,/r/Serbian/comments/cltto3/learning_serbian_for_a_russian_speaker/,Serbian
100,davidtab,"We're a remote-only product company (so no external clients, but a lot of collaboration between the team members). Our company policy is that the core hours of the company are 9-5 CET, Mon-Fri, and everybody must work at least 4 hours in the core hours wherever they are, to facilitate communications, and the rest can be done at any time. No weekends, unless you choose so yourself. Works really well for us.",1564847015.0,1564818215.0,/r/remotework/comments/cl8yeu/remote_work_weekends/evv3ya0/,remotework
101,davidtab,"Thank you! I checked out your channel, and it's really nice!",1564845172.0,1564816372.0,/r/YouTube_startups/comments/cl9tyd/stock_footage_expectations_vs_reality_and_workflow/evv2mxa/,YouTube_startups
66,davidtab,Just made a video on the fastest way to make money on all those videos you have laying around anyway. ,1564843760.0,1564814960.0,/r/sidehustle/comments/clfsz2/just_made_a_video_on_the_fastest_way_to_make/,sidehustle
67,davidtab,How to prepare stock footage with DaVinci Resolve and Xpiks. ,1564809131.0,1564780331.0,/r/blackmagicdesign/comments/cla071/how_to_prepare_stock_footage_with_davinci_resolve/,blackmagicdesign
68,davidtab,Stock Footage: Expectations vs Reality and Workflow. ,1564808314.0,1564779514.0,/r/YouTube_startups/comments/cl9tyd/stock_footage_expectations_vs_reality_and_workflow/,YouTube_startups
69,davidtab,"Left a GoPro on the side of the road, a goat came to study it 😀. ",1564468726.0,1564439926.0,/r/SideOfTheRoad/comments/cjinrb/left_a_gopro_on_the_side_of_the_road_a_goat_came/,SideOfTheRoad
102,davidtab,"Yeah, for a minute I thought it will! But I guess the GoPro didn't smell like food.  😄 What a cool SubReddit! I'll definitely post there as well, thanks!",1564468655.0,1564439855.0,/r/gopro/comments/cj8qc6/left_my_gopro_on_the_side_of_the_road_and_this/evdjn9m/,gopro
103,davidtab,"You could try to play around with the compressor, to remove some of the frequencies where the majority of the wind is... But generally separating 2 types of similar noise from a not very high quality sound is very hard.",1564423593.0,1564394793.0,/r/gopro/comments/ciyuxj/wind_noice_reduction/evbu9iy/,gopro
70,davidtab,"Looking for a teacher of Serbian. Hi! Looking for a Serbian teacher, preferably that can teach Serbian for a Russian speaking student, since I think it should be easier?

Remotely would be preferable, but I can study in Belgrade as well.

Thanks!",1564422926.0,1564394126.0,/r/serbia/comments/cj94v7/looking_for_a_teacher_of_serbian/,serbia
104,davidtab,"Yeah, you press the ""Learn"" button, then play the part of the audio that includes only the noise, and then release the ""Learn"" button. It should clean the audio.",1564421498.0,1564392698.0,/r/gopro/comments/ciyuxj/wind_noice_reduction/evbsu8s/,gopro
71,davidtab,"Left my GoPro on the side of the road, and this goat decided to check it out. ",1564420088.0,1564391288.0,/r/gopro/comments/cj8qc6/left_my_gopro_on_the_side_of_the_road_and_this/,gopro
105,davidtab,"DaVinci Resolve is both more powerful and free... And has a ver powerful audio editing module included (similar to Adobe Audition). Though I use the Studio version, which is $300, one time payment, instead of the monthly subscription you pay for Premiere...",1564419937.0,1564391137.0,/r/gopro/comments/ciyuxj/wind_noice_reduction/evbrrr0/,gopro
106,davidtab,"You can use the noise reduction tool in DaVicni Resolve, if you have a part where there's only the wind, ""learn"" it, and it'll remove it from the rest of the audio",1564419806.0,1564391006.0,/r/gopro/comments/ciyuxj/wind_noice_reduction/evbroid/,gopro
72,davidtab,"Had one of my worst crashes while shooting this, just before I went into the water. ",1564382879.0,1564354079.0,/r/dji/comments/cj2ncq/had_one_of_my_worst_crashes_while_shooting_this/,dji
107,davidtab,"Many teenagers are scared of serving the duty to the country, and the mandatory army service. But the Israeli army isn't like other armies - it's extremely peaceful, focused on research and development, mostly of protective measures. To me, and many of my friends it helped us get jobs at Google/Intel and other companies as engineers, accountants, radio broadcasters and musicians. Also, many older Israelites went through racism or other hard parts of immigration. Cost of living is also high, compared to cheaper countries. But so is the opportunity for success... But it's very hard to see that at a young age.",1563953252.0,1563924452.0,/r/IWantOut/comments/cgwjiz/18m_israel_canada/eun5dei/,IWantOut
108,davidtab,"I went through the same thing when I was your age, I actually ran to Canada when I was 17, to avoid being drafted. Spent 2 months in British Columbia. Came back to Israel, did my army service for 3 years, not in a combat unit, which I regret to this day (I'm 35 now).

After it was very hard for my family to immigrate to Israel in 1990, and I've seen how cruel Israeli kids can be, I wanted to run away and never come back to this country.

But I'm definitely grateful to the Israeli army for my great life and my great career. After the army I went on to become a development team lead at 23, and been managing teams and companies for 12 years now, including companies like Google and other successful career choices, and travelling the world while managing my company. And today, I attribute almost everything I know about persistent and management and working with different people to the Israeli army.

And after living in 12 different countries, and visiting over 40 countries in total, I know that I will raise my kids only in Israel, and they will go to the Israeli army.

Unfortunately, I guess what I see from my experience now, you won't see at least for 5 more years, but since I've been where you are, and learned quite a bit, seen other countries and other cultures, and while the Israeli culture isn't perfect, it definitely puts trust in you from a very young age, and gives you tools to achieve amazing things, even if sometimes those tools seem a bit too ""sharp"".",1563952917.0,1563924117.0,/r/IWantOut/comments/cgwjiz/18m_israel_canada/eun4g6g/,IWantOut
109,davidtab,"I guess the lesson for me is just to trust the autotrack on the Mavic 2 Pro, and let it do it's thing",1563863667.0,1563834867.0,/r/dji/comments/cgdio2/almost_crashed_the_mavic_2_pro_into_my_friend/euhvajp/,dji
73,davidtab,"Our trip to the mountains of Georgia, Mavic Pro. ",1563863479.0,1563834679.0,/r/dji/comments/cgk3i4/our_trip_to_the_mountains_of_georgia_mavic_pro/,dji
74,davidtab,Mountain Goats in a park lot from a Mavic 2 Pro + GoPro. ,1563836620.0,1563807820.0,/r/dji/comments/cgebov/mountain_goats_in_a_park_lot_from_a_mavic_2_pro/,dji
75,davidtab,Almost crashed the Mavic 2 Pro into my friend. ,1563832584.0,1563803784.0,/r/dji/comments/cgdio2/almost_crashed_the_mavic_2_pro_into_my_friend/,dji
76,davidtab,Beautiful Views of Georgia. ,1563815379.0,1563786579.0,/r/travel/comments/cgaumo/beautiful_views_of_georgia/,travel
77,davidtab,"Digital Nomad / CEO Starting a YouTube Channel. So I'm thinking of starting a channel. Been managing development teams for the past 15 years, and last 3 years been a digital nomad. Trying to decide what exactly should I focus on in my channel.

Some of the ideas that passed through my mind: Digital Nomads? Building SaaS businesses? Travel vlog? Building teams? My portable cinema setup? Drones? Starting your online business?

Also thought of doing a series of videos on ""the future of work"", or the ""office free lifestyle"", where I show people who do interesting things for a living, living outside of an office.

What would you be most interested in?

Here's the channel so far: https://www.youtube.com/channel/UCyqx3xBGkJ-moaP6NmAVyPg",1563814463.0,1563785663.0,/r/YouTube_startups/comments/cgaqh5/digital_nomad_ceo_starting_a_youtube_channel/,YouTube_startups
78,davidtab,This mountain goat 🐐 wanted to steal my GoPro!. ,1563770882.0,1563742082.0,/r/videos/comments/cg3vu5/this_mountain_goat_wanted_to_steal_my_gopro/,videos
110,davidtab,"BTW, be sure to check out the video that I shot that this frame is from: https://youtu.be/Du9UdOIsh0U",1563548452.0,1563519652.0,/r/AnimalPorn/comments/cde5gt/nubian_ibex_in_mizpe_ramon/eu76h4i/,AnimalPorn
111,davidtab,"Thank you! The Ibex is a majestic creature, and I've been fascinated by them. Their eyes are some of the most beautiful of any creature I've seen.",1563548371.0,1563519571.0,/r/AnimalPorn/comments/cde5gt/nubian_ibex_in_mizpe_ramon/eu76e7s/,AnimalPorn
79,davidtab,Nubian Ibex in Mizpe Ramon. ,1563202578.0,1563173778.0,/r/AnimalPorn/comments/cde5gt/nubian_ibex_in_mizpe_ramon/,AnimalPorn
80,davidtab,Meeting some curious Nubian Ibexes in Israel (Mountain Goats). ,1563132993.0,1563104193.0,/r/travel/comments/cd21pr/meeting_some_curious_nubian_ibexes_in_israel/,travel
