,author,body,created,created_utc,permalink,subreddit
0,shyamusingreddit,Lucky guy,1573334409.0,1573305609.0,/r/progresspics/comments/dtii1k/m3351036427688_officially_hurts_my_1_year_mark/f6z0goe/,progresspics
1,shyamusingreddit,It is very slow but the characters are deep!,1573298197.0,1573269397.0,/r/German/comments/dt8j6i/id_like_to_recommend_this_incredible_movie_by/f6y6r71/,German
2,shyamusingreddit,"Hey man, do you do this Keto diet by yourself or you had help?",1573292774.0,1573263974.0,/r/progresspics/comments/dtii1k/m3351036427688_officially_hurts_my_1_year_mark/f6y0he0/,progresspics
3,shyamusingreddit,Slow and steady you make great progress!,1573063701.0,1573034901.0,/r/progresspics/comments/ds7oiz/f3957_264lbs_161lbs_103lbs_this_has_been_an/f6otzoz/,progresspics
4,shyamusingreddit,Are you Italian by any chance?,1573020982.0,1572992182.0,/r/progresspics/comments/ds0ilw/f3054185_150_35lbs_10months_face_gains_been/f6niejh/,progresspics
5,shyamusingreddit,Ayyo need not show again what it did to the seat lah :X,1572984187.0,1572955387.0,/r/singapore/comments/drhel1/let_me_have_a_seat/f6lodwv/,singapore
0,shyamusingreddit,What's the difference between these three?. ,1572858102.0,1572829302.0,/r/learnchinese/comments/dr9y7l/whats_the_difference_between_these_three/,learnchinese
6,shyamusingreddit,Wow! Don't tell me both are of the same person! Lol,1572712416.0,1572683616.0,/r/progresspics/comments/dqdjgb/f25515_236lbs1226114lbs_i_feel_very_vulnerable/f63udos/,progresspics
1,shyamusingreddit,Open drive format file - Road runner is expensive. I was thinking if it would make sense to have a python library with which we can edit open drive files since it is in the form of text. Does anyone think that would be a useful tool?,1571950688.0,1571921888.0,/r/SelfDrivingCars/comments/dmg12n/open_drive_format_file_road_runner_is_expensive/,SelfDrivingCars
7,shyamusingreddit,Wow! Great Job!,1571144368.0,1571115568.0,/r/progresspics/comments/dhpzah/f2557_436lbs_170lbs_266lbs_25yrs_9_weeks_postskin/f3t1wvh/,progresspics
8,shyamusingreddit,I agree with your comment. I am just interested to make friends on this app. Some people think they can date online and find a relationship or something like that while I see more sense of that happening in real life.,1570617466.0,1570588666.0,/r/HelloTalk/comments/crxgwu/hellotalk_experience_as_a_girl/f31z409/,HelloTalk
9,shyamusingreddit,😘,1569371292.0,1569342492.0,/r/progresspics/comments/d8fks6/f2050_180lbs125lbs55lbs_still_battling_a/f1btb4i/,progresspics
10,shyamusingreddit,Exactly. That's where it is. Are you from NUS?,1569326375.0,1569297575.0,/r/urbanplanning/comments/d815cx/do_you_see_the_problem_here_this_picture_is_taken/f1aljrr/,urbanplanning
11,shyamusingreddit,Exactly. That was the same thought for me.,1569326316.0,1569297516.0,/r/urbanplanning/comments/d815cx/do_you_see_the_problem_here_this_picture_is_taken/f1alhgt/,urbanplanning
2,shyamusingreddit,Do you see the problem here? (this picture is taken in Singapore). ,1569238845.0,1569210045.0,/r/urbanplanning/comments/d815cx/do_you_see_the_problem_here_this_picture_is_taken/,urbanplanning
12,shyamusingreddit,Wow! I can't believe my eyes.,1568590472.0,1568561672.0,/r/progresspics/comments/d4d6v4/f2655_280_188_92lbs_i_posted_here_using_this_same/f0e160k/,progresspics
3,shyamusingreddit,"E-mail friend - German and English Language Exchange.  

Hi guys,

I have bilingual proficiency in English and I am looking for a german native so we can write e-mails in German and english.

I can help you in writing e-mails in english. Kindly ping me or comment on this post and I will contact you. Nice day!",1568402941.0,1568374141.0,/r/German/comments/d3nun8/email_friend_german_and_english_language_exchange/,German
4,shyamusingreddit,"E-mail writing friend German english language exchange.  

Hi guys,

I am a bilingual proficiency in English and I am looking for a german native so we can write e-mails in German and english.

I can help you in e-mails in english as I have good skill in them considering that I have a job in an english speaking country.

Kindly ping me or comment on this post and I will contact you. Nice day!",1568397355.0,1568368555.0,/r/GermanPractice/comments/d3mxvl/email_writing_friend_german_english_language/,GermanPractice
5,shyamusingreddit,E-mail writing friend. [removed],1568396376.0,1568367576.0,/r/languagelearning/comments/d3mspj/email_writing_friend/,languagelearning
13,shyamusingreddit,INTP is not such a loser.,1567980105.0,1567951305.0,/r/INTP/comments/d17npy/yup/ezjw9yo/,INTP
14,shyamusingreddit,That's good idea. Thanks.,1567969671.0,1567940871.0,/r/Cuckold/comments/d0y2e6/i_got_a_cuckold_offer/ezj99or/,Cuckold
15,shyamusingreddit,I'm not sure how to pleasure the man. Maybe he's a watcher. How do I proceed then?,1567969597.0,1567940797.0,/r/Cuckold/comments/d0y2e6/i_got_a_cuckold_offer/ezj945b/,Cuckold
6,shyamusingreddit,"I got a cuckold offer. Hello guys. I am male 24 and I am planning to meet a couple in 30s both. I never had a relationship with a couple in the past. I'm excited yet nervous. The couple are asking me how should we start.

Can you suggest any tips on how to proceed?

Edit 1: I just got info from the couple who told me to meet and plan and let's not do knowing each other thing. Would it still make sense? It feels they are using me to satisfy their sexual desires.",1567902240.0,1567873440.0,/r/Cuckold/comments/d0y2e6/i_got_a_cuckold_offer/,Cuckold
16,shyamusingreddit,"Firstly, great Job. It requires quite an effort.

Looks Like you have used for almost a year. What do you think? Does Duolingo have a considerable effect on your language learning process?",1567616067.0,1567587267.0,/r/languagelearning/comments/cza8gy/the_past_month_ive_been_struggling_with/eyyhalt/,languagelearning
17,shyamusingreddit,"It's a pleasure to hear that. 

I need to improve my writing skills a little as the above post says. But thanks for the encouragement! It really helps.

I understand your frustration not as a fellow woman but because of the experiment. Good luck  with your language learning experience. 

Cheers!",1567445138.0,1567416338.0,/r/HelloTalk/comments/crxgwu/hellotalk_experience_as_a_girl/eysy0wd/,HelloTalk
18,shyamusingreddit,Then maybe I have something to learn from you. Lol.,1566907543.0,1566878743.0,/r/languagelearning/comments/crymy2/my_experiment_with_hellotalk/ey7cyl6/,languagelearning
19,shyamusingreddit,"I meant for an average man like me, it is a different story. Anyway, you must be from US. It's easy for you.",1566855950.0,1566827150.0,/r/languagelearning/comments/crymy2/my_experiment_with_hellotalk/ey5b5um/,languagelearning
20,shyamusingreddit,Thanks a lot for posting.,1566815174.0,1566786374.0,/r/singapore/comments/cvgqjv/release_of_3d_building_open_data_of_hdbs_in/ey4ak3a/,singapore
21,shyamusingreddit,I think he definitely will.,1566473750.0,1566444950.0,/r/INTP/comments/ctkvcz/arent_we_all/exn2t2h/,INTP
22,shyamusingreddit,"Glad to see that you liked my post. Your inputs are quite useful and are an encouragement to me

It is fun on HelloTalk. All you need a little bit of patience somtimes. The moments are a good idea actually. I mean people do help you a lot. It is mutual and it works perfect.",1566295553.0,1566266753.0,/r/languagelearning/comments/crymy2/my_experiment_with_hellotalk/exgkyeb/,languagelearning
23,shyamusingreddit,"Haha. Sometimes we talk about our problems and make a spreadsheet out of them. We are so calculative all the time.

But not necessarily always as the post claims.",1566248467.0,1566219667.0,/r/INTP/comments/csfphy/having_a_conversation/exem5aq/,INTP
24,shyamusingreddit,That's a solid explanation. Thanks. I'll remember the authors. Maybe I'll ping you if I need help. Hope you don't mind. Thanks :):),1566173938.0,1566145138.0,/r/CodeGeass/comments/cryzdb/i_drew_cc_digital/exc7zdz/,CodeGeass
25,shyamusingreddit,"The first part, I used the picture of an tv star. It's hard to get a permission. I just wanted to educate others who mock women for not replying. It happened one of my friend so. But that's a good point. Thanks for educating.

The second part, I'll need to improve. Thanks.",1566169957.0,1566141157.0,/r/HelloTalk/comments/crxgwu/hellotalk_experience_as_a_girl/exc01sh/,HelloTalk
26,shyamusingreddit,I'm sorry. I'll try to not waste your time in future. Can you suggest where I can improve?,1566168738.0,1566139938.0,/r/HelloTalk/comments/crxgwu/hellotalk_experience_as_a_girl/exbxwb6/,HelloTalk
27,shyamusingreddit,Hey buddy. Can you tell me where I can get to draw such beautiful pictures. I mean you can tell how you do it. Will be very helpful.,1566165350.0,1566136550.0,/r/CodeGeass/comments/cryzdb/i_drew_cc_digital/exbr1d2/,CodeGeass
28,shyamusingreddit,Glad to know that you find it interesting. Yes you're right. I guess the tips were useful 😊😊,1566152094.0,1566123294.0,/r/languagelearning/comments/crymy2/my_experiment_with_hellotalk/exb59i2/,languagelearning
29,shyamusingreddit,It's ok. How's the post atleast?,1566147569.0,1566118769.0,/r/languagelearning/comments/crymy2/my_experiment_with_hellotalk/exayi4m/,languagelearning
30,shyamusingreddit,"Sorry, you didn't like it?",1566147343.0,1566118543.0,/r/languagelearning/comments/crymy2/my_experiment_with_hellotalk/exay4qr/,languagelearning
7,shyamusingreddit,"My experiment with HelloTalk. Hello Guys, I wish everyone is doing well.

I am sure that many of the language learners are well aware of the the app HelloTalk. If not, it will be interesting to take at look at it :  [https://www.hellotalk.com/](https://www.hellotalk.com/) .

For the rest who already do, I am excited to share my experiment with HelloTalk and the results I found out are quite intriguing. Checkout this [Link](https://sniperbloggertom.home.blog/2019/08/18/hellotalk-experience-as-a-girl/) to find out. Do comment. Thanks :)

Have a nice day!",1566144960.0,1566116160.0,/r/languagelearning/comments/crymy2/my_experiment_with_hellotalk/,languagelearning
8,shyamusingreddit,HelloTalk Experience as a girl. Checkout this [Link](https://sniperbloggertom.home.blog/2019/08/18/hellotalk-experience-as-a-girl/) to find out how I share the experiences of being a girl on HelloTalk and what can we learn to have a better experience on the platform. Do comment. Thanks :),1566135764.0,1566106964.0,/r/HelloTalk/comments/crxgwu/hellotalk_experience_as_a_girl/,HelloTalk
31,shyamusingreddit,"Well, not to blame. INTPs are good at seeing things from. Many perspectives and sometimes get confused which approach to choose. 

When others are prudent so quickly we are so surprised. 

On a lazy Saturday morning, I contemplate for reasons to wake up in the morning. I see the pros and cons and I often get confused which one to choose. Lol. Well that's me. Lol 😂",1565950812.0,1565922012.0,/r/INTP/comments/cqsink/i_seem_to_be_both_simultaneously/ex0tr2v/,INTP
32,shyamusingreddit,"You're right. Buddy I gotta try that. But looks like it isn't that easy after all. 

But I will do my best.",1565950592.0,1565921792.0,/r/relationship_advice/comments/cqq0yd/this_japanese_girl_is_making_me_crazy/ex0tfaz/,relationship_advice
33,shyamusingreddit,But the issue is she is in Japan and I'm in Singapore. I don't how this can work.,1565908250.0,1565879450.0,/r/relationship_advice/comments/cqq0yd/this_japanese_girl_is_making_me_crazy/ewye0yc/,relationship_advice
34,shyamusingreddit,Sorry. I mean how should I ask her that I want to date her.,1565907950.0,1565879150.0,/r/relationship_advice/comments/cqq0yd/this_japanese_girl_is_making_me_crazy/ewydf1s/,relationship_advice
9,shyamusingreddit,"This Japanese girl is making me crazy. Hey guys! Thanks for stopping by. 

I'm an Indian based in Singapore and met a Japanese girl who is based in Japan via the online app Hello Talk. She is nice, very polite as all Japanese are, witty. 

We keep texting each other multiple times in a day for now in English. She is leaning English. She told me that she doesn't have any boy friend and also told me that she is looking for a relationship. 

I kinda like her and but I know proposing now doesn't make sense. I get the feeling from her messages that she is really interested in me and I am also very much interested in her. I want to tell her that I like her and want to start a LDR and see how things go.

I'm a shy guy and don't really know how to do that. I would be very happy to hear your suggestions guys.",1565905501.0,1565876701.0,/r/relationship_advice/comments/cqq0yd/this_japanese_girl_is_making_me_crazy/,relationship_advice
35,shyamusingreddit,I wonder why these kind of men find girl friends. The good ones are always left :(,1565695833.0,1565667033.0,/r/relationship_advice/comments/cpix9g/my_19f_boyfriend_19m_masturbated_on_me_in_front/ewqilys/,relationship_advice
36,shyamusingreddit,Thanks for your word. I appreciate that.,1565640469.0,1565611669.0,/r/relationship_advice/comments/cpaplg/im_talking_to_this_japanese_girl/ewo9wig/,relationship_advice
37,shyamusingreddit,"Thanks for your comment. I think that's a good point. I think I will keep talking to her and then I will know.

But but she is from Japan and I am not really able to understand if there will be some cultural misunderstandings. But then I think that will take time.",1565639187.0,1565610387.0,/r/relationship_advice/comments/cpaplg/im_talking_to_this_japanese_girl/ewo8nhp/,relationship_advice
38,shyamusingreddit,"Same here not biophysics but something else.

Same here not 21 but something else.

I want torn apart, and I gained strength to stitch and now I can live with it.


Just imagine if you go into wilderness. There won't be internet there and we cannot see your post nor you can see the comments. Think about it. Think of it as a trade-off.",1565617572.0,1565588772.0,/r/INTP/comments/cp7quv/i_feel_torn/ewnsg31/,INTP
39,shyamusingreddit,"Don't tell me you are both the same person. 

I can't believe my eyes.",1565607243.0,1565578443.0,/r/progresspics/comments/cp0fcp/f29511_311_210_101lbs_finally_hit_my_100lb_goal/ewnhl4w/,progresspics
40,shyamusingreddit,For casual chat F4R? what's wrong with the world?,1565603859.0,1565575059.0,/r/SkypePals/comments/cp5h04/26_f4r_europe_lf_a_casual_voice_chat/ewnd9gw/,SkypePals
41,shyamusingreddit,Wtf??? You got a desk. You must be rich kid,1565569114.0,1565540314.0,/r/INTP/comments/cox8bt/my_desk_dont_judge_the_painting_i_made_it_as_an/ewm0h43/,INTP
42,shyamusingreddit,To much stuff. What's your work?,1565563902.0,1565535102.0,/r/INTP/comments/cox8bt/my_desk_dont_judge_the_painting_i_made_it_as_an/ewlt0vf/,INTP
43,shyamusingreddit,Wow! I feel in love with your imagination.,1565561523.0,1565532723.0,/r/FullmetalAlchemist/comments/coktj3/i_trieddo_you_guys_like_it/ewlpxf9/,FullmetalAlchemist
10,shyamusingreddit,Join me. Let's learn together. Coding? Let’s see. Join me on SoloLearn now. https://www.sololearn.com/?ref=app-text4,1565560161.0,1565531361.0,/r/SoloLearn/comments/cowxqe/join_me_lets_learn_together/,SoloLearn
44,shyamusingreddit,You're f****** up as s*** yeah! I used Google voice to type for this as well.,1565444695.0,1565415895.0,/r/SkypePals/comments/codkju/26_m4f_anywhere_sleepy_voice_call/ewhp22i/,SkypePals
45,shyamusingreddit,Just guessed you wouldn't like it. Perfect!,1565135104.0,1565106304.0,/r/INTP/comments/cm4kjg/hey_intps/ew4a8ca/,INTP
46,shyamusingreddit,What's that flag for?,1565040964.0,1565012164.0,/r/HistoryMemes/comments/bnzonl/countries_in_the_east_be_like/ew10rua/,HistoryMemes
47,shyamusingreddit,Can give me the link for the video???,1565038815.0,1565010015.0,/r/funny/comments/cm8219/autofahren_in_amerika/ew0y5no/,funny
48,shyamusingreddit,"I think it depends how deep you are stuck in the emotional dilemma. What I mean by emotional dilemma here is that ""you are not in a position to stop saving people you don't want to"".

I would understand how deep are you stuck in this. Let's do a binary classification: deep, shallow. 

Shallow: Easy situation. You stop saving them once in a while so that they will understand that you are not there for all the time and they will start to know manage by themselves. This will take a while.

Deep: Just don't talk to them for a while by giving some excuses. So that in the time you are not there they will miss you and will realize your importance. This will only work if you will to stop talking to them by yourself and this is not so easy but trust it will help you a lot in the long run.

Well all this works well assuming that I understood you right. Correct me if I got your situation. All the best.",1565008315.0,1564979515.0,/r/INTP/comments/cm4kjg/hey_intps/ew08wdq/,INTP
49,shyamusingreddit,Cool. What are your problems?,1565006292.0,1564977492.0,/r/INTP/comments/cm4kjg/hey_intps/ew06qhj/,INTP
50,shyamusingreddit,"That's good to hear. But trust me, friendship with me could be tough. Not if you truly understand the INTP type though. 😁

And yeah, I think they should be 😊",1565005294.0,1564976494.0,/r/INTP/comments/cm4kjg/hey_intps/ew05m8u/,INTP
51,shyamusingreddit,"And I'm not upset when my friend faces any problem. I'm just thinking how I can solve his/her problem. When I share my idea he/she is even more upset. 

Then I am like, I used a lot of my energy in thinking for a way to solve my problem and now you are more upset? 

Fuck it whatever! Go solve your own problem and better don't share it with me next time. Haha.",1565004943.0,1564976143.0,/r/INTP/comments/cm4kjg/hey_intps/ew057mb/,INTP
11,shyamusingreddit,"When they say best country, here at least it is!. ",1565004762.0,1564975962.0,/r/singapore/comments/cm5rt3/when_they_say_best_country_here_at_least_it_is/,singapore
52,shyamusingreddit,Worst part is American media brainwashes other parts of the world too. Lol,1565004642.0,1564975842.0,/r/Jokes/comments/cm2eil/north_koreans_believe_they_live_in_the_best/ew04ut1/,Jokes
53,shyamusingreddit,It happens in India quite often. Farmers are affected a lot in most of the cases.,1565004575.0,1564975775.0,/r/urbanplanning/comments/clux43/is_this_just_an_american_thing_or_does_it_occur/ew04ry7/,urbanplanning
54,shyamusingreddit,"It's not easy though. So don't worry.

I'm upset when my theory or train of thought is completely wrong even after spending hours of time on it.",1565004206.0,1564975406.0,/r/INTP/comments/cm4kjg/hey_intps/ew04cba/,INTP
55,shyamusingreddit,"OMG! That's very painful. I feel you.


I think a heart break is necessary for everyone. It teaches you a lot. It teaches you to love yourself. It teaches you to be strong I mean mentally. It teaches you that you don't own anyone. It teaches you that when you love someone you cannot reciprocate the exact amount. It is an unique experience especially during ORD.

I'm not saying you should experience it. But if you do just think for a while what you have learnt. I mean not now but eventually you will. And the good thing now is that it is just the beginning. You have a way lot to go and experience. I wish you all the best for your life. 

To be very honest, if you commit suicide the girl will cry for you for a while and eventually move on. Your parents will suffer the most. 

Good life. I think you have a lot in life ahead.",1564950084.0,1564921284.0,/r/singapore/comments/cltova/i_need_help_really_i_feel_so_alone/evy3r3x/,singapore
56,shyamusingreddit,Still C.C. is my star!,1564949681.0,1564920881.0,/r/CodeGeass/comments/clk7ek/i_dont_know_if_we_talk_enough_about_how_stunning/evy3e3c/,CodeGeass
57,shyamusingreddit,"If I'm in Albert Park, I'll hit all the hobby photographers and maybe I'll hit you as well :)",1564949544.0,1564920744.0,/r/singapore/comments/cln6i4/to_the_lady_who_asked_me_what_i_was_taking/evy39ue/,singapore
12,shyamusingreddit,Well yeah! It does.. [removed],1564949050.0,1564920250.0,/r/singapore/comments/clvkyw/well_yeah_it_does/,singapore
58,shyamusingreddit,I'm from India. You know there is a belief in my country that if you have wrinkles on your forehead at a young age you are considered to be knowledgeable.,1564828812.0,1564800012.0,/r/Stress/comments/clchqb/forehead_wrinkles_at_15/evun4h2/,Stress
59,shyamusingreddit,Makes sense. Guy who trusted no matter what,1564612498.0,1564583698.0,/r/CodeGeass/comments/ck523k/rewatching_the_movies_and_i_just_have_to_say/evkml1e/,CodeGeass
13,shyamusingreddit,"Reading friend. Hello there. 

I like to read. I like to write as well. But for now, I am just looking for someone who I can read a book with. We can discuss when we both are free about the book so I think it is good that whenever one loses motivation the other person shares his/her interest and so we both have a great experience reading the book. Trust me it works like a charm. I tried it before with my friend but now she left to another country sadly :(

The book I am planning to read is Pillars of the Earth by Ken Follett.

If interested ping me, we can talk.",1564576443.0,1564547643.0,/r/MakeNewFriendsHere/comments/ck3gvj/reading_friend/,MakeNewFriendsHere
60,shyamusingreddit,Oh my @(€+_-#(@&@&&#&€!!!! Cannot believe my eyes. Great work.,1564104150.0,1564075350.0,/r/progresspics/comments/chhf9n/f2656255lb175lb80lb_2_years_nsv_i_can_finally/euwhp52/,progresspics
61,shyamusingreddit,Well don't worry. You deserve the best! Plus looks like you have a good heart too 😊,1564090991.0,1564062191.0,/r/MakeNewFriendsHere/comments/chkip9/i_had_no_one_else_to_tell/euvl6pj/,MakeNewFriendsHere
62,shyamusingreddit,Oops. My eyes!,1563835631.0,1563806831.0,/r/progresspics/comments/cgbzzg/f2554_200_lbs_134_lbs_66_lbs_i_am_still_amazed_at/eugfiav/,progresspics
63,shyamusingreddit,Pm sent :),1563745770.0,1563716970.0,/r/Chatpals/comments/cfhc1q/24_m4f_looking_for_friends_to_talk_with/eudgwxq/,Chatpals
64,shyamusingreddit,"Pessimistic about self. Use this to develop self.

Optimistic about world.

This is me. INTP-A.",1563739006.0,1563710206.0,/r/INTP/comments/cfxqy4/how_many_intps_are_pessimistic/eudamgu/,INTP
65,shyamusingreddit,"I think it is immature to do something even after knowing it is not right. Clearly you don't want to talk to him. If you think blocking is the only way it works then you better do it.

All the best!",1563732298.0,1563703498.0,/r/relationship_advice/comments/cfwrmh/is_it_immature_to_block_someone/eud63n7/,relationship_advice
66,shyamusingreddit,"""Singapore is a Garden City"", ""Let's the city our Garden"". These statements are self explanatory.",1563722044.0,1563693244.0,/r/singapore/comments/cfw8ev/singapore_architecture_is_so_futuristic_that/euczazg/,singapore
67,shyamusingreddit,Don't you think this is the reason for people to believe in religion?,1563709132.0,1563680332.0,/r/INTP/comments/cfng4g/you_got_us_bruce/eucnh6x/,INTP
14,shyamusingreddit,You got us Bruce. ,1563667585.0,1563638785.0,/r/INTP/comments/cfng4g/you_got_us_bruce/,INTP
68,shyamusingreddit,How often do you hike?,1563634531.0,1563605731.0,/r/ForeverAloneDating/comments/cfauib/23_f4m_im_tired_of_being_alone_so_here_i_am/eua8kmu/,ForeverAloneDating
15,shyamusingreddit,"Red colour in Singapore and China. Hey guys,

Got interested in national flags recently and realized that red color for Singapore says universal brother hood and equality of man.

While it means communist revolution in China. Interesting to see what red means in different countries. 

So I started looking at different meanings of the color red and came across this: https://www.colormatters.com/the-meanings-of-colors/red but of no help.

Is there a hidden meaning for the color red in Singapore flag?

Interesting to hear your views on this",1563624247.0,1563595447.0,/r/askSingapore/comments/cfhjle/red_colour_in_singapore_and_china/,askSingapore
16,shyamusingreddit,Red colour in Singapore and China. [removed],1563623638.0,1563594838.0,/r/singapore/comments/cfhgcn/red_colour_in_singapore_and_china/,singapore
17,shyamusingreddit,"24 [M4F] Looking for friends to talk with. All my friends say I'm a non-judgemental and honest person. Interested in meeting more people who promise good friendship. 

Let's talk about how your day went, philosophy, love, life, memes, anime, and even more if we connect well.

Cheers 😊",1563622835.0,1563594035.0,/r/Chatpals/comments/cfhc1q/24_m4f_looking_for_friends_to_talk_with/,Chatpals
69,shyamusingreddit,Happens to me quite often. But it takes so many losses for a win.,1563494157.0,1563465357.0,/r/INTP/comments/cemude/a_relevant_meme/eu4xfg9/,INTP
70,shyamusingreddit,Any tips for belly fat bro?,1563319909.0,1563291109.0,/r/progresspics/comments/cdt2pn/m2959_190lbs_176lbs_14lbs_6_month_progress_i_was/etx46cd/,progresspics
71,shyamusingreddit,How long did it take for you?,1563319718.0,1563290918.0,/r/progresspics/comments/cdmo47/m1856_198_159_39_lbs_its_been_a_hell_of_a_journey/etx3vut/,progresspics
72,shyamusingreddit,Any tips for the belly fat please?,1563319576.0,1563290776.0,/r/progresspics/comments/cds8sf/f1958_23017555_battling_depression_with_weight/etx3o6t/,progresspics
73,shyamusingreddit,I know just giving an example. Why do you exaggerate?,1563145626.0,1563116826.0,/r/singapore/comments/cd0aum/redditors_of_singapore_what_are_your_dating/etrb4pp/,singapore
74,shyamusingreddit,Now that you have to be happy that you did not contract any STD.,1563125362.0,1563096562.0,/r/singapore/comments/cd0aum/redditors_of_singapore_what_are_your_dating/etqplqe/,singapore
75,shyamusingreddit,It depends on the reason why you went there. Why did you go?,1563118044.0,1563089244.0,/r/China/comments/ccpe7p/i_visited_xinjiang_not_too_long_ago_in_one_city_a/etqklcd/,China
76,shyamusingreddit,fucking shit!!!!,1562600979.0,1562572179.0,/r/SingaporeRaw/comments/cahqq8/flasher_at_clarke_quay/et8vh87/,SingaporeRaw
77,shyamusingreddit,Maybe it is difficult to expect people to behave the way you want. Well said.,1562599088.0,1562570288.0,/r/singapore/comments/ca7wdn/racism_in_singapore/et8u4y3/,singapore
78,shyamusingreddit,Interesting to see prejudice in north and southern part of Singapore where both will be same place for a country like USA for example :P,1562543296.0,1562514496.0,/r/singapore/comments/ca7wdn/racism_in_singapore/et6kicl/,singapore
79,shyamusingreddit,You really made a point to ponder here. But I think this is not the complete idea.,1562543171.0,1562514371.0,/r/singapore/comments/ca7wdn/racism_in_singapore/et6k9pg/,singapore
80,shyamusingreddit,I think it needn't be like that. But unfortunately it is that way I guess,1562543097.0,1562514297.0,/r/singapore/comments/ca7wdn/racism_in_singapore/et6k4a9/,singapore
81,shyamusingreddit,I know that. It is definitely not easy. But way too much effort. Just wondering if you have a business case. But let me know what you think,1562542581.0,1562513781.0,/r/Python/comments/ca3phn/i_wanted_to_buy_headphones_for_cheap_from_amazon/et6j5tc/,Python
82,shyamusingreddit,Refer to the edited post. But thanks to raise the comment.,1562542275.0,1562513475.0,/r/singapore/comments/ca7wdn/racism_in_singapore/et6imqg/,singapore
83,shyamusingreddit,Haha. Got link?,1562542191.0,1562513391.0,/r/singapore/comments/ca7wdn/racism_in_singapore/et6ih3j/,singapore
84,shyamusingreddit,Really open minded perspective here. But what can be done to make this happen?,1562542124.0,1562513324.0,/r/singapore/comments/ca7wdn/racism_in_singapore/et6icyy/,singapore
85,shyamusingreddit,Would be interesting to know why is that. Are people so fucked up? What happened to the english word Open mind?,1562542010.0,1562513210.0,/r/singapore/comments/ca7wdn/racism_in_singapore/et6i69h/,singapore
86,shyamusingreddit,Nah. not really. How old  are you?,1562541842.0,1562513042.0,/r/singapore/comments/ca7wdn/racism_in_singapore/et6hwgu/,singapore
87,shyamusingreddit,"Instead, why don't you create a github repository with the code. Looks like too much effort for me.",1562541757.0,1562512957.0,/r/Python/comments/ca3phn/i_wanted_to_buy_headphones_for_cheap_from_amazon/et6hre7/,Python
88,shyamusingreddit,Haha. They definitely need one :P,1562540705.0,1562511905.0,/r/singapore/comments/ca77he/back_in_nyc_for_the_first_time_since_expatriating/et6g0s8/,singapore
89,shyamusingreddit,Really cool,1562540658.0,1562511858.0,/r/singapore/comments/ca5vd2/cool_pic_of_the_ndp_practice_flights/et6fy2z/,singapore
90,shyamusingreddit,Haha,1562540500.0,1562511700.0,/r/singapore/comments/ca6uw7/my_grab_drivers_name_is_relatively_interesting/et6foey/,singapore
91,shyamusingreddit,Haha. Had to laugh for a while lmao,1562540469.0,1562511669.0,/r/singapore/comments/ca6uw7/my_grab_drivers_name_is_relatively_interesting/et6fmld/,singapore
92,shyamusingreddit,Not sure. Actually. For me it looks like a video of reality but with no logical explanation unlike traffic simulation,1559843992.0,1559815192.0,/r/urbanplanning/comments/bwlt7c/traffic_simulation_vs_traffic_emulation/eq5vbv1/,urbanplanning
18,shyamusingreddit,"Traffic simulation vs Traffic emulation. The basic difference between simulation and emulation has a wide understanding but I realize that it is different in different disciplines. 

&#x200B;

What can be the difference between traffic simulation and traffic emulation? Is traffic emulation possible? What can be a good definition for traffic emulation? Is it effective?

&#x200B;

If it is effective, why can we not do it in spite of traffic simulation?

&#x200B;

Sorry for too many questions. I am just incredibly curious.",1559662009.0,1559633209.0,/r/transit/comments/bwlxpn/traffic_simulation_vs_traffic_emulation/,transit
19,shyamusingreddit,"Traffic simulation vs Traffic emulation. The basic difference between simulation and emulation has a wide understanding but I realize that it is different in different disciplines. 

&#x200B;

What can be the difference between traffic simulation and traffic emulation? Is traffic emulation possible? What can be a good definition for traffic emulation? Is it effective?

&#x200B;

If it is effective, why can we not do it in spite of traffic simulation?

&#x200B;

Sorry for too many questions. I am just incredibly curious.",1559660939.0,1559632139.0,/r/urbanplanning/comments/bwlt7c/traffic_simulation_vs_traffic_emulation/,urbanplanning
20,shyamusingreddit,"Traffic Simulation vs Traffic emulation. The basic difference between simulation and emulation has a wide understanding but I realize that it is different in different disciplines. 

&#x200B;

What can be the difference between traffic simulation and traffic emulation? Is traffic emulation possible? What can be a good definition for traffic emulation? Is it effective?

&#x200B;

If it is effective, why can we not do it in spite of traffic simulation?

&#x200B;

Sorry for too many questions. I am just incredibly curious.",1559660260.0,1559631460.0,/r/vissim/comments/bwlq5k/traffic_simulation_vs_traffic_emulation/,vissim
93,shyamusingreddit,I think I wanted to go but did not because of no money. Also the problem is they will expect me to pay them back and I cannot do that since. It is a farewell party but I will not enjoy since I will simply spend time there regretting the money that I am spending. Not sure if you understand me.,1558129966.0,1558101166.0,/r/Advice/comments/bprft8/did_i_make_a_mistake_by_not_going/enwpfj9/,Advice
21,shyamusingreddit,"Did I make a mistake by not going?. I have very less money with me. My roommate's farewell party is being planned and I was forced to come but I refused. I know that they will pay for me but I am not in a position to give back. And also I have very less money left with me. I am actually feeling very bad that I did not go but no one will listen to me.


Also I am sure that they want me to come just because it will cost them less if I join for the drinks. I am really lost here on to what to do.",1558129427.0,1558100627.0,/r/Advice/comments/bprft8/did_i_make_a_mistake_by_not_going/,Advice
94,shyamusingreddit,Great Job,1557686164.0,1557657364.0,/r/singapore/comments/bnlh7g/i_modelled_and_3d_printed_our_downtown_core/en7cst4/,singapore
95,shyamusingreddit,I think the definition of maturity and immaturity is purely subjective and from a philosophical point of view it is not as binary as it looks.,1557276964.0,1557248164.0,/r/INTP/comments/blq059/what_does_a_mature_and_healthy_intp_look_like/emr4w4n/,INTP
96,shyamusingreddit,Enjoy your moment,1556832202.0,1556803402.0,/r/German/comments/bjqwgl/my_first_time_ever_using_german_in_real_life/embbp9o/,German
97,shyamusingreddit,Isolation for a while is really good. But it is wise if you manage your life with a lot of isolation. I am not sure it an INTP thing but I read it somewhere that it is. I am also and INTP and I feel the same like you do.,1556723857.0,1556695057.0,/r/INTP/comments/bjcnro/isolating_yourself/em7gfsx/,INTP
98,shyamusingreddit,Does it mean that cars are completely prohibited or is it that cars have to pay high prices to use those roads?,1556723641.0,1556694841.0,/r/China/comments/bjdhf8/beijing_taxis/em7gat6/,China
99,shyamusingreddit,I still Dont understand how they don't get exhausted.,1556672124.0,1556643324.0,/r/infj/comments/bg91zy/mbtibased_dating/em5fv2u/,infj
100,shyamusingreddit,"I would write on a paper what I feel and then I would understand it better and realize that there is not much reason to feel bad about, in case it is a bad feeling.",1556563648.0,1556534848.0,/r/infj/comments/bi8tjv/how_do_you_find_out_what_youre_feeling/em1s14r/,infj
101,shyamusingreddit,Haha,1556301320.0,1556272520.0,/r/China/comments/bhi70e/mao_portrait_in_yinchuan/eltj4u0/,China
102,shyamusingreddit,"Hitler never killed any jews I guess. Hitler didn't even know that few of the camps ever existed.

Let the truth prevail!",1556299082.0,1556270282.0,/r/China/comments/bhi70e/mao_portrait_in_yinchuan/elthmyn/,China
103,shyamusingreddit,"You have raised an interesting point. When a person has a lot of work to do and then he realizes that that there are really simple tasks that he cannot spend time on and end up doing it in a hasty manner can be understood since it happens in life, from my experience.


But when you know you have time and are unable to do important task since you are lazy, it will only result in future regret and no advantage can be seen there.

I wasted a lot of time in my life but now I realize whenever I miss a skill I feel that I should have spent time on this skill when I was young and would have ended up well. But I don't do it very often these days since I don't have time for regret and it is a good thing because I have more action going on with critical thinking. Well, good for me.",1556284611.0,1556255811.0,/r/INTP/comments/bhhfar/procrastination_is_a_bitch/elt6sbx/,INTP
104,shyamusingreddit,Human billboard. Lol,1556063991.0,1556035191.0,/r/oneplus/comments/bgg4um/oneplus_7_launch_event_announcement_may_14th/elkyfwi/,oneplus
105,shyamusingreddit,why is he actually going that?,1556034817.0,1556006017.0,/r/China/comments/bgbq8o/a_worker_in_china_swimming_across_the_yangtze/elk3ple/,China
106,shyamusingreddit,"Haha, if that is a joke.",1556034762.0,1556005962.0,/r/China/comments/bgbq8o/a_worker_in_china_swimming_across_the_yangtze/elk3oej/,China
107,shyamusingreddit,"I mean ENTPs can speak for long duration and INFJ can listen for long. 

The only backdrop is that both INTP AND INFJ have social battery.",1556034507.0,1556005707.0,/r/infj/comments/bg91zy/mbtibased_dating/elk3j1b/,infj
108,shyamusingreddit,"That can be a sample proof for my hypothesis. You are FJ and you like the stuff by TP. But again, not sure.",1556011101.0,1555982301.0,/r/infj/comments/bg91zy/mbtibased_dating/eljg14d/,infj
109,shyamusingreddit,But I heard that TP gets connected well with FJ inspite of the initial miscommunications.,1556009793.0,1555980993.0,/r/infj/comments/bg91zy/mbtibased_dating/eljed7a/,infj
110,shyamusingreddit,I think we both are like the same. Just that I oversleep once in a while.,1555974748.0,1555945948.0,/r/INTP/comments/bforg5/is_every_activity_which_is_repetitive_boring_for/elhz1kh/,INTP
111,shyamusingreddit,"That's actually a good suggestion. But I didn't find the right mix yet. 

Sometimes I smoke. But I know it is very bad idea. Because after a while, you can't think without it.",1555900589.0,1555871789.0,/r/INTP/comments/bforg5/is_every_activity_which_is_repetitive_boring_for/elfvvmu/,INTP
112,shyamusingreddit,"Eating something new is cool. But that's only on few days. I don't feel interested in spending time on that. Occasionally yes.

Getting bored of sleeping means that I don't like sleeping but have to since brain cannot work all the time which would be lovely to imagine. I particularly love the 2hr work and 2hr sleep cycle. Uber man is cool but never tried.

When I watch a YouTube clip or something like that I get much interesting thoughts and will be distracted to work on that loosing productivity. So I think it won't work for me. 

So is there is a strategy?",1555899882.0,1555871082.0,/r/INTP/comments/bforg5/is_every_activity_which_is_repetitive_boring_for/elfuw21/,INTP
113,shyamusingreddit,When you say nothing is repetitive do you mean that every act is not repetitive since it doesn't happen the exact same way it happened previously. Not sure you mean that.,1555899380.0,1555870580.0,/r/INTP/comments/bforg5/is_every_activity_which_is_repetitive_boring_for/elfu737/,INTP
114,shyamusingreddit,"That's a good idea. That's one of my strategies actually. But sometimes I want to avoid them altogether. But it is life so sometimes I'm forced to.

I think of a world where I can get some pills like astronauts get and need not eat at all. Have that pill and you're done there. How about that?",1555899260.0,1555870460.0,/r/INTP/comments/bforg5/is_every_activity_which_is_repetitive_boring_for/elfu186/,INTP
115,shyamusingreddit,"I mean when I am held up with something interesting I hate to go have food. I feel hungry but want to skip it and end up getting a headache. Sometimes I forget it and don't feel anything at all and when someone asks me what did you have for lunch I realize that I did not have lunch at all.

Sometimes people keep a strange expression when I say to them that I forgot what I ate an hour ago. For me it is not very interesting so I don't spend energy in remembering it. Am I alone here?",1555899161.0,1555870361.0,/r/INTP/comments/bforg5/is_every_activity_which_is_repetitive_boring_for/elftw6x/,INTP
22,shyamusingreddit,"Is every activity which is repetitive boring for INTPs?. I took the mbti test multiple test with a feeling that each question is not specific. So I read some posts to understand the real meanings of the test. Then I answered the questions and got the result. I still don't feel answer system saying strongly agree to strongly disagree is accurate since our feeling is different from the the real scale.

Anyway, assuming that I am INTP, I have a feeling that I want to know whether the fellow INTPs experience it or not.

I feel that everything that is repetitive is boring. Even sleeping, eating food, motivational quotes, etc. Do you guys feel the same? Or not?",1555881869.0,1555853069.0,/r/INTP/comments/bforg5/is_every_activity_which_is_repetitive_boring_for/,INTP
116,shyamusingreddit,That's me too.,1555879887.0,1555851087.0,/r/INTP/comments/bfo3m2/i_bet_this_guy_is_an_intp/elf2qf2/,INTP
117,shyamusingreddit,"Completely agree with you. 

But I have a different perspective on birthday. You have to celebrate birthday every year or every time when you achieve something and feel like celebrating. So in that case birthday need not fall on the same day but will be different in different years. How about that?

My mom is an extrovert and my dad is an introvert. My mom always says my dad is not into this celebrations and stuff and always forces him to engage with people and celebrate festivals and birthdays. I am in a situation where I can neither support my mom not my dad. Well I hope she'll understand one day or maybe never.",1555876770.0,1555847970.0,/r/INTP/comments/bflukr/what_is_your_opinion_on_birthdays/elf034z/,INTP
118,shyamusingreddit,Well said. I feel the same,1555686046.0,1555657246.0,/r/INTP/comments/bevhbs/intps_are_sheepish_low_energy_and_entirely/el90kl3/,INTP
119,shyamusingreddit,Achso. Vielen Dank.,1555592515.0,1555563715.0,/r/German/comments/bebfqx/hallo_ich_spreche_ein_bisschen_deutsch/el5ypxw/,German
120,shyamusingreddit,Ich denke dass ist ' Hallo wie geht's?',1555591460.0,1555562660.0,/r/German/comments/bebfqx/hallo_ich_spreche_ein_bisschen_deutsch/el5xqil/,German
121,shyamusingreddit,Haha. Good one.,1555591411.0,1555562611.0,/r/Showerthoughts/comments/bee8dy/typing_the_word_skepticism_is_like_playing_pong/el5xosm/,Showerthoughts
122,shyamusingreddit,That's why I respect Reddit!,1555591162.0,1555562362.0,/r/GetMotivated/comments/be6hu0/image_lots_of_you_on_reddit_helped_me_reach_this/el5xg5e/,GetMotivated
123,shyamusingreddit,Well I think users are more straight forward here. Is that Dickish and unfriendly to you?,1555582880.0,1555554080.0,/r/chat/comments/be5888/just_got_30day_ban_from_facebook_again/el5nrou/,chat
124,shyamusingreddit,Well I hope you get a lifetime ban. Reddit it much better :),1555519869.0,1555491069.0,/r/chat/comments/be5888/just_got_30day_ban_from_facebook_again/el36psh/,chat
125,shyamusingreddit,Come on this is not Quora. :/,1555508601.0,1555479801.0,/r/chat/comments/bdyc93/whats_the_silliest_reason_youve_ever_gotten_into/el2z79b/,chat
126,shyamusingreddit,It's ok,1555344658.0,1555315858.0,/r/Needafriend/comments/bd3eq9/19m_does_anyone_else_get_so_much_nostalgia_from/ekxergb/,Needafriend
127,shyamusingreddit,Wish I could make a mistake and make it a joke when spotted like you.,1555343972.0,1555315172.0,/r/Needafriend/comments/bd3eq9/19m_does_anyone_else_get_so_much_nostalgia_from/ekxedvi/,Needafriend
128,shyamusingreddit,In reality it will not happen. Would be intriguing if it would :),1555321734.0,1555292934.0,/r/INTP/comments/bd8ege/intp_crushes_be_like/ekwtvpr/,INTP
129,shyamusingreddit,Nice to hear those terms. Thanks for introducing,1555084214.0,1555055414.0,/r/GetMotivated/comments/bc7ddg/image_perspective_is_everything/ekp49ip/,GetMotivated
130,shyamusingreddit,Wow. Inspiring. Good job,1555084153.0,1555055353.0,/r/progresspics/comments/bc65ns/f4655_287lbs133lbs155lbs_im_15lbs_from_my_goal/ekp47j1/,progresspics
131,shyamusingreddit,Thanks for the tip. I will try it next time :),1555025488.0,1554996688.0,/r/LifeProTips/comments/bbyq2d/lpt_if_you_forget_peoples_names_almost/ekmyo4y/,LifeProTips
23,shyamusingreddit,How do micro-organisms react to changing temperatures?. [removed],1551480678.0,1551451878.0,/r/askscience/comments/aw5qzr/how_do_microorganisms_react_to_changing/,askscience
132,shyamusingreddit,I got the solution. I have to use python 3 instead of just python. Thanks for the response.,1550745880.0,1550717080.0,/r/QGIS/comments/asw7h6/unable_to_use_pyqgis_in_ubuntu_since_python_is/egxdkcm/,QGIS
133,shyamusingreddit,"Wow. I tried everything but not this. Now it works. thanks. 

And, Sorry not enough coins to give award :)",1550745747.0,1550716947.0,/r/QGIS/comments/asw7h6/unable_to_use_pyqgis_in_ubuntu_since_python_is/egxde5j/,QGIS
134,shyamusingreddit,"Yes. I did that and python works in QGIS. 

In that case what can be the correct path. Is my path that I have given wrong?",1550744699.0,1550715899.0,/r/QGIS/comments/asw7h6/unable_to_use_pyqgis_in_ubuntu_since_python_is/egxc1jn/,QGIS
24,shyamusingreddit,"Unable to use PyQGIS in ubuntu since python is unable to import qgis libraries. I am using Ubuntu 18.04. I have installed QGIS 3.4.4 Madeira on my laptop. I am learning PyQGIS. I have found these lines of code that I have executed in my terminal but I get a traceback saying that python is unable to use the QGIS libraries. Can anyone help me with this?

https://preview.redd.it/b38zradpgth21.png?width=723&format=png&auto=webp&s=dc85df2034d85d50c7074a466a68cc325a2c7140",1550737850.0,1550709050.0,/r/QGIS/comments/asw7h6/unable_to_use_pyqgis_in_ubuntu_since_python_is/,QGIS
25,shyamusingreddit,"Unable to use PyQGIS in ubuntu since python is unable to import qgis libraries. I am using Ubuntu 18.04. I have installed QGIS 3.4.4 Madeira on my laptop. I am learning PyQGIS. I have found these lines of code that I have executed in my terminal but I get a traceback saying that python is unable to use the QGIS libraries. Can anyone help me with this?

https://preview.redd.it/3cqlbqqsgth21.png?width=723&format=png&auto=webp&s=15a1aef6b68371ab64c2f98a6fc9dce20dbccf66",1550736612.0,1550707812.0,/r/Ubuntu/comments/asvysw/unable_to_use_pyqgis_in_ubuntu_since_python_is/,Ubuntu
135,shyamusingreddit,Only if I can understand that!,1550686085.0,1550657285.0,/r/chat/comments/asmj4q/日本語チャット/egva1b9/,chat
136,shyamusingreddit,"Good strategy. I was thinking in a complete different way initially. Anyway I hope we all find what we want with the help of Reddit. 
Cheers!",1550667570.0,1550638770.0,/r/MakeNewFriendsHere/comments/asaynl/does_anyone_feel_like_95_of_the_people_who/eguwqey/,MakeNewFriendsHere
137,shyamusingreddit,I agree that I cannot simply judge by my experience but see the downvotes of the post. They speak.,1550667298.0,1550638498.0,/r/MakeNewFriendsHere/comments/asaynl/does_anyone_feel_like_95_of_the_people_who/eguwgeg/,MakeNewFriendsHere
138,shyamusingreddit,Ping me. I think I'm similar.,1550616328.0,1550587528.0,/r/chat/comments/as4m4p/need_to_find_my_tribe/egsxslp/,chat
139,shyamusingreddit,True story! When they have enough they stop giving a damn!,1550616004.0,1550587204.0,/r/MakeNewFriendsHere/comments/asaynl/does_anyone_feel_like_95_of_the_people_who/egsxeb5/,MakeNewFriendsHere
140,shyamusingreddit,Unbelievable. Good work. Any tips from your side? Or maybe your diet?,1550577294.0,1550548494.0,/r/progresspics/comments/as4747/f2552_240_100_140_lbs_all_things_are_possible/egs1j5t/,progresspics
141,shyamusingreddit,"Language.... Even China is developed. Language is not a concern I believe.

I don't understand why it is laughable.",1550020056.0,1549991256.0,/r/r4r/comments/aptork/18_f4m_looking_for_someone/egbf6zm/,r4r
142,shyamusingreddit,It's up to her. Why are you trying to control her life lol,1550019220.0,1549990420.0,/r/r4rindia/comments/anigs0/30_f4m_married_woman_looking_for_a_guy_to_play/egbdzgr/,r4rindia
143,shyamusingreddit,I'm very sorry to say that it did not benefit. You just think what British gave to India is development.,1550017770.0,1549988970.0,/r/r4r/comments/aptork/18_f4m_looking_for_someone/egbbw70/,r4r
144,shyamusingreddit,"I recently switched from 6s to 5. Wow. What an improvement in performance. The camera which has a pro mode let's me play. If you are a camera person you should take 5 instead of 3T which is iron age. 

Performance and battery life are better in 5. Also 5 looks beautiful and sleek. Also it has Android P Update but 3T has only till Oreo. 

So if you can afford 5 I suggest you take 5 instead of 3T which is so much ancient.

No hard feelings here. Even 3T is a good phone but not as much as 5. Hope this helps.",1550003904.0,1549975104.0,/r/oneplus/comments/aps4du/debating_whether_to_get_an_op5_or_3t_coming_from/egavfrv/,oneplus
145,shyamusingreddit,Cool!,1549550765.0,1549521965.0,/r/r4r/comments/anzpxy/meta_friendship_success/efxgns2/,r4r
146,shyamusingreddit,You're an inspiration. Great Job.,1549531090.0,1549502290.0,/r/progresspics/comments/anrqub/f2553_136_lbs_119_lbs_17_lbs_this_is_the_first/efwvfft/,progresspics
147,shyamusingreddit,I see some people message here that they broke up and next day they are together. Not targeting anyone. Speaking my experience,1549416728.0,1549387928.0,/r/chat/comments/and296/24f_bored_someone_talk_to_me_about_your_day/eft3rb1/,chat
148,shyamusingreddit,That's a good way to think. Did you have any diet plan that you followed?,1549416624.0,1549387824.0,/r/progresspics/comments/ane51y/f2354_100kg_65kg_35kg_9_years_from_an_ugly/eft3luc/,progresspics
149,shyamusingreddit,Any success mantra?,1549415842.0,1549387042.0,/r/progresspics/comments/ane51y/f2354_100kg_65kg_35kg_9_years_from_an_ugly/eft2hay/,progresspics
150,shyamusingreddit,In the previous pic you were not ugly. Just that you became very pretty and unbelievable. Good Job.,1549415264.0,1549386464.0,/r/progresspics/comments/ane51y/f2354_100kg_65kg_35kg_9_years_from_an_ugly/eft1nxu/,progresspics
151,shyamusingreddit,Wow! Super transformation,1549305224.0,1549276424.0,/r/progresspics/comments/amuyc2/f2858_332lbs184lbs175lbs157lbs_took_3_years_of/efptwrt/,progresspics
152,shyamusingreddit,Oh I see. Do you count everything that you eat and make a log of it?,1549123192.0,1549094392.0,/r/progresspics/comments/amber0/f2257_968kg_85kg_crazy_what_a_difference_10kg/efkwgmz/,progresspics
153,shyamusingreddit,Do you think fitness trackers are helpful? I am planning to get one.,1549120142.0,1549091342.0,/r/progresspics/comments/amber0/f2257_968kg_85kg_crazy_what_a_difference_10kg/efkui26/,progresspics
154,shyamusingreddit,And how long did it take you?,1549119232.0,1549090432.0,/r/progresspics/comments/amber0/f2257_968kg_85kg_crazy_what_a_difference_10kg/efktuum/,progresspics
155,shyamusingreddit,Keep going. You inspire me. Any diet that you have followed?,1549117684.0,1549088884.0,/r/progresspics/comments/amber0/f2257_968kg_85kg_crazy_what_a_difference_10kg/efksqkf/,progresspics
156,shyamusingreddit,Beautiful country and yet another beautiful scene ,1549117360.0,1549088560.0,/r/singapore/comments/am8biw/the_moon_venus_and_jupiter_over_singapore/efkshnw/,singapore
157,shyamusingreddit,So cute :),1548590533.0,1548561733.0,/r/pitbulls/comments/aer8dh/those_ears_though/ef2jj5k/,pitbulls
158,shyamusingreddit,"I think there is some research that says that one who reads cannot get the Alzheimer's.

Also I hear that we can improve our imagination with the help of reading.",1547477958.0,1547449158.0,/r/books/comments/afkbma/why_read_every_single_day/ee18pxy/,books
160,shyamusingreddit,Beautiful dear. You look great,1547394094.0,1547365294.0,/r/progresspics/comments/afd0in/f2051_19013852_weight_loss_progress/edyjj2p/,progresspics
161,shyamusingreddit,I’d drop you a line. But that aint gonna cure you. Pm me :),1547393977.0,1547365177.0,/r/MakeNewFriendsHere/comments/afgc5i/24f_hi_there_im_lila_and_im_artist_looking_for/edyjfz9/,MakeNewFriendsHere
162,shyamusingreddit,Wow. You look sexy now! You inspire me,1547393737.0,1547364937.0,/r/progresspics/comments/afcplc/f2553_175lbs_147lbs_28lbs_2ish_years_its_my/edyj9ie/,progresspics
163,shyamusingreddit,Being alone is ok. Suffering is fine. Crying is absolutely ok. You’ll eventually feel better as Reddit is there for us. I hope we all meet interesting people and maybe kind hearts. Pm me if you still feel alone. We can talk :),1547391453.0,1547362653.0,/r/Needafriend/comments/afbl6i/27f_feeling_like_i_desperately_need_a_friend_to/edyhk2i/,Needafriend
164,shyamusingreddit,Takeaway lah!,1547343170.0,1547314370.0,/r/singapore/comments/af1y0l/having_here_or_takeaway/edwlst5/,singapore
166,shyamusingreddit,Hit me up. We can talk!,1547254961.0,1547226161.0,/r/MakeNewFriendsHere/comments/aew96i/hello_again/edtizvf/,MakeNewFriendsHere
167,shyamusingreddit,You look beautiful now. How are you doing?,1547254905.0,1547226105.0,/r/progresspics/comments/aewjxd/f2054_170lbs_127lbs_43lbs_face_progress_working/edtiw62/,progresspics
168,shyamusingreddit,Where can I find details about CICO lifestyle? How effective was it in your case?,1545813728.0,1545784928.0,/r/loseit/comments/a7diq7/decided_to_change_my_life_this_summer_today_i/eck0cmb/,loseit
26,shyamusingreddit,"Can we construct Truss structures or any type of steel structures, to avoid getting washed away,for roads on unstable roads as that roads gets washed away when there is a landslide.. ",1468839464.0,1468810664.0,/r/engineering/comments/4td1ci/can_we_construct_truss_structures_or_any_type_of/,engineering
169,shyamusingreddit,"To understand as a science student, you can do it this way. I cannot understand when you say music is finite or music is infinite. But according to science sound is infinite spectrum. Musical instrument just discretizes it. Hence you can only play specific notes on an instrument, say half notes and quarter notes. But cannot play the continuous spectrum by randomly picking up any pitch.",1468839112.0,1468810312.0,/r/askscience/comments/4tchc1/is_music_finite/d5gd3n7/,askscience
170,shyamusingreddit,"I have a doubt here. If body need not bear much stress in the space, it does not require all those minerals and it means that they eat less food in micro-gravity. Is that the case?",1468795051.0,1468766251.0,/r/askscience/comments/4t78vf/does_the_weightlessness_in_space_have_an_affect/d5fn1oe/,askscience
