,author,body,created,created_utc,permalink,subreddit
0,pointclouds,That could be avoided with a good radar (obviously with lidar as well.) The ones that are used on these Teslas are way old generation and not good enough.,1573573591.0,1573544791.0,/r/SelfDrivingCars/comments/du2bnz/tesla_autopilot_drives_straight_towards_concrete/f7axnm6/,SelfDrivingCars
1,pointclouds,1.13 seems like a great improvement.,1573000182.0,1572971382.0,/r/SelfDrivingCars/comments/dlyb2s/lidar_recommendation_ouster_os164_vs_velodyne/f6me01i/,SelfDrivingCars
2,pointclouds,Thanks for your feedback. Can you comment about the range as well (i mean the real world performance rather the spec sheet)?,1572023309.0,1571994509.0,/r/SelfDrivingCars/comments/dlyb2s/lidar_recommendation_ouster_os164_vs_velodyne/f54xppb/,SelfDrivingCars
3,pointclouds,"Thats a great comparison. thanks. I am more into about real life usage. support, noise, true to the specs etc...  Ouster makes much more sense but i am worried if it is ""fully baked"" yet  or not ?",1571931181.0,1571902381.0,/r/SelfDrivingCars/comments/dlyb2s/lidar_recommendation_ouster_os164_vs_velodyne/f4zaybt/,SelfDrivingCars
4,pointclouds,"I hate camera :) .   i am a computer vision engineer so of course i love cameras as well  but I am on ""camp lidar"". and in our use cases lidar makes absolutely much more sense.",1571931053.0,1571902253.0,/r/SelfDrivingCars/comments/dlyb2s/lidar_recommendation_ouster_os164_vs_velodyne/f4zasss/,SelfDrivingCars
0,pointclouds,Lidar recommendation: Ouster OS1-64 vs Velodyne Puck 32MR. Which one do you think is the better choice for slow/medium speed autonomous driving application ?  Are there anyone that used both brands and prefer one over another?,1571861102.0,1571832302.0,/r/SelfDrivingCars/comments/dlyb2s/lidar_recommendation_ouster_os164_vs_velodyne/,SelfDrivingCars
5,pointclouds,"isn't the region of interest too large? why not get only the face? mask the face first and fit a rectangle if you have to.  As long as you continue extracting features from non-facial area, this is unavoidable and no surprise.",1566914489.0,1566885689.0,/r/MachineLearning/comments/cvl2ed/r_advhat_realworld_adversarial_attack_on_arcface/ey7jajc/,MachineLearning
6,pointclouds,maybe ABL? like oled TVs have ?,1563209757.0,1563180957.0,/r/razer/comments/cddcz1/razer_oled_contrast_changes_drastically_at_full/etthykm/,razer
7,pointclouds,not after a certain point (though -125mV seems reasonable ). You should test extensively.,1562181325.0,1562152525.0,/r/razer/comments/c8lmw6/cpu_benchmarks_and_heat_9750_2080_rtx_razer_15/esnw7os/,razer
8,pointclouds,"from so many reviews I have read, for a 9750h rb15, these temps are not normal.  I would definitely try to repaste with kryonaut. Also 9750h RBs are factory undervolted to -100mV so I wouldn't push more.  keep it as it is first.",1562172312.0,1562143512.0,/r/razer/comments/c8lmw6/cpu_benchmarks_and_heat_9750_2080_rtx_razer_15/esnpmz9/,razer
9,pointclouds,are you planning to add  RetinaNet ?,1542271640.0,1542242840.0,/r/MachineLearning/comments/9r3tkq/r_maskrcnnbenchmark_faster_rcnn_and_mask_rcnn_in/e9pthcb/,MachineLearning
10,pointclouds,same for me,1538928436.0,1538899636.0,/r/glastonbury_festival/comments/9m3jz7/servers_crashed/e7bmldj/,glastonbury_festival
1,pointclouds,"android, downloads to internal even there is sd card as ""storage as internal"". I have an sd card formatted as internal (adoptable storage). But tidal app downloads the songs to internal storage and does not see the sd card as internal part. any ideas?",1516155604.0,1516126804.0,/r/TIdaL/comments/7quajl/android_downloads_to_internal_even_there_is_sd/,TIdaL
