,author,body,created,created_utc,permalink,subreddit
0,jksllk,"Genre: Bounce, Zim Zim zim. Hi all,

Just remembered an ""old"" bounce/Melbourne bounce song which I can not remember the name of.

The ""drop"" has the classic off-beat bouncy base with a male vocal sample saying: zim zim zim with the rhythm of the beat.

&#x200B;

My guess is that it came out in 2014, give or take one year. (Might be completely wrong)

&#x200B;

Thanks for helping",1569203934.0,1569175134.0,/r/NameThatSong/comments/d7tzpj/genre_bounce_zim_zim_zim/,NameThatSong
0,jksllk,Not as of rigth now. The company wanted it to be confidencial om the start atleast,1558728762.0,1558699962.0,/r/ROS/comments/bs54n6/autonomous_container_handling/eomzurh/,ROS
1,jksllk,It is actually the D435i ;),1558705189.0,1558676389.0,/r/ROS/comments/bs54n6/autonomous_container_handling/eolu6di/,ROS
2,jksllk,"As promised. Here is a demo video og mye fullt functioning Autonomous Battlestation.

https://youtu.be/TfkkGDr1rkw",1558666642.0,1558637842.0,/r/battlestations/comments/azeqlh/writing_my_masters_degree_with_this_battlestation/eojh891/,battlestations
3,jksllk,"Not as of rigth now. The thesis og confidencial due to the company involved.

But er have used hector_slam, follow_waypoints and teb_local_planner with some modifications for our usecase.",1558662165.0,1558633365.0,/r/SelfDrivingCars/comments/bs50qg/autonomous_rc_truck/eoj5ncw/,SelfDrivingCars
4,jksllk,Correct! Thanks,1558660149.0,1558631349.0,/r/SelfDrivingCars/comments/bs50qg/autonomous_rc_truck/eoj14bx/,SelfDrivingCars
5,jksllk,"Along with a fellow student, I developed an Autonomous RC truck for container handling for my master's thesis.",1558658145.0,1558629345.0,/r/ROS/comments/bs54n6/autonomous_container_handling/eoixjox/,ROS
1,jksllk,Autonomous Container Handling. ,1558658095.0,1558629295.0,/r/ROS/comments/bs54n6/autonomous_container_handling/,ROS
6,jksllk,"Along with a fellow student, I developed an Autonomous RC truck for container handling",1558657841.0,1558629041.0,/r/SelfDrivingCars/comments/bs50qg/autonomous_rc_truck/eoix175/,SelfDrivingCars
2,jksllk,Autonomous RC truck. ,1558657569.0,1558628769.0,/r/SelfDrivingCars/comments/bs50qg/autonomous_rc_truck/,SelfDrivingCars
7,jksllk,"A few months ago, I posted a photo of my Master's thesis, and (soon-to-be) autonomous RC truck with an NVIDIA Jetson TX2.

&#x200B;

As promissed, here is a small demo video covering the results of my thesis and showcasing the autonomous capabilities of the truck.",1558657514.0,1558628714.0,/r/battlestations/comments/bs4zkc/autonomous_rc_truck_battlestation/eoiwgcr/,battlestations
3,jksllk,Autonomous RC Truck Battlestation. ,1558657400.0,1558628600.0,/r/battlestations/comments/bs4zkc/autonomous_rc_truck_battlestation/,battlestations
8,jksllk,Not sure. Depends on the sensors and computer you would like,1552429251.0,1552400451.0,/r/SelfDrivingCars/comments/azi2ng/developing_an_autonomous_truck_for_my_masters/eicpge2/,SelfDrivingCars
9,jksllk,"I am doing this with a local company. They are going to make a full scale eventually, however I am currently not an employee of them. So as of right noe, I Will only work on the scaled prototype",1552367055.0,1552338255.0,/r/SelfDrivingCars/comments/azi2ng/developing_an_autonomous_truck_for_my_masters/eiazme8/,SelfDrivingCars
10,jksllk,"Thank you, I will check it out!",1552355434.0,1552326634.0,/r/SelfDrivingCars/comments/azi2ng/developing_an_autonomous_truck_for_my_masters/eiahosr/,SelfDrivingCars
11,jksllk,"The full scale is supose to use GPS, however this prototype are going to have an ArUco marker on the ""roof"" which several cameras will detect to give it a pose in 2D space. It is going to drive around a scale container shipping yard from point-to-point using path planning in a known map",1552355380.0,1552326580.0,/r/SelfDrivingCars/comments/azi2ng/developing_an_autonomous_truck_for_my_masters/eiahluk/,SelfDrivingCars
12,jksllk,Yes I use it to communicate with the RealSense camera,1552317726.0,1552288926.0,/r/battlestations/comments/azeqlh/writing_my_masters_degree_with_this_battlestation/ei9gzi6/,battlestations
13,jksllk,"Just because the kit is very detailed, well built and looks nice ",1552314344.0,1552285544.0,/r/battlestations/comments/azeqlh/writing_my_masters_degree_with_this_battlestation/ei9erxp/,battlestations
14,jksllk,Oh yes! Works perfectly. I just remote control it over WiFi with my laptop,1552313821.0,1552285021.0,/r/battlestations/comments/azeqlh/writing_my_masters_degree_with_this_battlestation/ei9eet1/,battlestations
15,jksllk,Much better than the A2. Tested that first,1552313780.0,1552284980.0,/r/battlestations/comments/azeqlh/writing_my_masters_degree_with_this_battlestation/ei9edqa/,battlestations
16,jksllk,It was the one I was provided with...,1552313749.0,1552284949.0,/r/battlestations/comments/azeqlh/writing_my_masters_degree_with_this_battlestation/ei9ecxk/,battlestations
17,jksllk,Mechatronics,1552313726.0,1552284926.0,/r/battlestations/comments/azeqlh/writing_my_masters_degree_with_this_battlestation/ei9ecc7/,battlestations
18,jksllk,"No issues. For me it has worked fine.

The puck sensor is a RPLiDAR A3 from SLAMTEC",1552313688.0,1552284888.0,/r/battlestations/comments/azeqlh/writing_my_masters_degree_with_this_battlestation/ei9ebd5/,battlestations
19,jksllk,It is my computer. The Jetson is mounted on the truck,1552313595.0,1552284795.0,/r/battlestations/comments/azeqlh/writing_my_masters_degree_with_this_battlestation/ei9e8z9/,battlestations
20,jksllk,Not as of right now,1552313500.0,1552284700.0,/r/SelfDrivingCars/comments/azi2ng/developing_an_autonomous_truck_for_my_masters/ei9e6j9/,SelfDrivingCars
21,jksllk,"I just use ROS, it works very good",1552313480.0,1552284680.0,/r/battlestations/comments/azeqlh/writing_my_masters_degree_with_this_battlestation/ei9e5zk/,battlestations
22,jksllk,"Havent been able to utilize all its power yet, but I bet ut is",1552284293.0,1552255493.0,/r/battlestations/comments/azeqlh/writing_my_masters_degree_with_this_battlestation/ei8hnpj/,battlestations
23,jksllk,"What I am doing is mainly programming, so computer engineering would be suitable. But I think having some understanding for dynamics, kinematics and robotics is very useful.

The most ideal field for this kind of project is ofcourse robotics or cybernetics",1552284193.0,1552255393.0,/r/battlestations/comments/azeqlh/writing_my_masters_degree_with_this_battlestation/ei8hixk/,battlestations
24,jksllk,That is what Im currently doing. But thanks anyways,1552284005.0,1552255205.0,/r/SelfDrivingCars/comments/azi2ng/developing_an_autonomous_truck_for_my_masters/ei8h9zp/,SelfDrivingCars
25,jksllk,Point-to-point driving on shipping container yard. To move container around,1552282787.0,1552253987.0,/r/SelfDrivingCars/comments/azi2ng/developing_an_autonomous_truck_for_my_masters/ei8fo3x/,SelfDrivingCars
26,jksllk,I am studying mechatronics,1552282719.0,1552253919.0,/r/battlestations/comments/azeqlh/writing_my_masters_degree_with_this_battlestation/ei8fks8/,battlestations
27,jksllk,I am studying mechatronics,1552282682.0,1552253882.0,/r/battlestations/comments/azeqlh/writing_my_masters_degree_with_this_battlestation/ei8fiyx/,battlestations
28,jksllk,"I am trying to use as ""off the shelf"" as possible. The scope is to develope the system, not reinventing the wheel. Thus finding as much finshed code as possible",1552282632.0,1552253832.0,/r/SelfDrivingCars/comments/azi2ng/developing_an_autonomous_truck_for_my_masters/ei8fgjh/,SelfDrivingCars
29,jksllk,Thanks!,1552280163.0,1552251363.0,/r/battlestations/comments/azeqlh/writing_my_masters_degree_with_this_battlestation/ei8c6a5/,battlestations
30,jksllk,Flames will be added for version 2.0 in addition to RGB underglow,1552280025.0,1552251225.0,/r/battlestations/comments/azeqlh/writing_my_masters_degree_with_this_battlestation/ei8bzht/,battlestations
31,jksllk,A soon-to-bee autonomous RC truck plugged into a display with a mouse and keyboard,1552279991.0,1552251191.0,/r/battlestations/comments/azeqlh/writing_my_masters_degree_with_this_battlestation/ei8bxti/,battlestations
32,jksllk,Norway!,1552279924.0,1552251124.0,/r/battlestations/comments/azeqlh/writing_my_masters_degree_with_this_battlestation/ei8bujp/,battlestations
33,jksllk,There you said it. RGB UNDERGLOW. This is happening!,1552278765.0,1552249965.0,/r/battlestations/comments/azeqlh/writing_my_masters_degree_with_this_battlestation/ei8a9zp/,battlestations
34,jksllk,Pretty much,1552278740.0,1552249940.0,/r/SelfDrivingCars/comments/azi2ng/developing_an_autonomous_truck_for_my_masters/ei8a8ov/,SelfDrivingCars
35,jksllk,I actually laughing out loud now,1552278655.0,1552249855.0,/r/battlestations/comments/azeqlh/writing_my_masters_degree_with_this_battlestation/ei8a4is/,battlestations
36,jksllk,I do not have any problem with it,1552278574.0,1552249774.0,/r/battlestations/comments/azeqlh/writing_my_masters_degree_with_this_battlestation/ei8a0fm/,battlestations
37,jksllk,"Main writing on my laptop, which migth be worse?  


Please cut me some slack, I am not a computer engineering master's :P",1552278543.0,1552249743.0,/r/battlestations/comments/azeqlh/writing_my_masters_degree_with_this_battlestation/ei89ywd/,battlestations
38,jksllk,"That is correct, and no. Not as of right now. 

Been doing some fast runs around the lab every week to blow of the dust ;)",1552278460.0,1552249660.0,/r/battlestations/comments/azeqlh/writing_my_masters_degree_with_this_battlestation/ei89usx/,battlestations
39,jksllk,I think that one is the coolest of the bunch,1552278359.0,1552249559.0,/r/battlestations/comments/azeqlh/writing_my_masters_degree_with_this_battlestation/ei89q3h/,battlestations
40,jksllk,SLAMTEC RPLiDAR A3,1552278310.0,1552249510.0,/r/battlestations/comments/azeqlh/writing_my_masters_degree_with_this_battlestation/ei89nno/,battlestations
41,jksllk,"I will upload one later this semester, where it will hopefully drive by itself",1552278083.0,1552249283.0,/r/battlestations/comments/azeqlh/writing_my_masters_degree_with_this_battlestation/ei89ck4/,battlestations
42,jksllk,"The thesis is due for the 24th of May this year, however as of now it is confidential and will not be published for some time. However it might be public instead depending on how sensitive the company I am writing for thinks it is.",1552270741.0,1552241941.0,/r/battlestations/comments/azeqlh/writing_my_masters_degree_with_this_battlestation/ei7z9ur/,battlestations
43,jksllk,Will put that on later in the build,1552270146.0,1552241346.0,/r/battlestations/comments/azeqlh/writing_my_masters_degree_with_this_battlestation/ei7yfoa/,battlestations
44,jksllk,"Sorry, my field of study is not aerodynamics",1552270129.0,1552241329.0,/r/battlestations/comments/azeqlh/writing_my_masters_degree_with_this_battlestation/ei7yev1/,battlestations
45,jksllk,Thank you very much!,1552268665.0,1552239865.0,/r/SelfDrivingCars/comments/azi2ng/developing_an_autonomous_truck_for_my_masters/ei7wblq/,SelfDrivingCars
46,jksllk,To be honest I just got it from the company I am writing for. The told me to use it. However it is a very powerful platform,1552268491.0,1552239691.0,/r/SelfDrivingCars/comments/azi2ng/developing_an_autonomous_truck_for_my_masters/ei7w30h/,SelfDrivingCars
4,jksllk,Developing an autonomous truck for my master's thesis. ,1552268238.0,1552239438.0,/r/SelfDrivingCars/comments/azi2ng/developing_an_autonomous_truck_for_my_masters/,SelfDrivingCars
47,jksllk,It is a Tamiya Mercedes-Benz Actros 3363 6x4 GS - Kit. I raplaced the brushed DC motor included with an BLDC from SkyRC and control it with an VESC,1552268019.0,1552239219.0,/r/battlestations/comments/azeqlh/writing_my_masters_degree_with_this_battlestation/ei7vfln/,battlestations
48,jksllk,Thank you. Been a struggle already,1552267945.0,1552239145.0,/r/battlestations/comments/azeqlh/writing_my_masters_degree_with_this_battlestation/ei7vbxp/,battlestations
49,jksllk,"Thanks alot. I also sent you a personal message.

Ok, will keep that in mind",1552267880.0,1552239080.0,/r/battlestations/comments/azeqlh/writing_my_masters_degree_with_this_battlestation/ei7v8p2/,battlestations
50,jksllk,I am using this as an developer platform for my thesis. It is only a prototype so it will not be sold and I personally will not make more of them,1552267741.0,1552238941.0,/r/battlestations/comments/azeqlh/writing_my_masters_degree_with_this_battlestation/ei7v1yq/,battlestations
51,jksllk,"Currently I am using a RPLiDAR A3, an Intel RealSense D435, VESC and IMU.

The driving is mainly a point-to-point driving on a container shipping yard with a know map and obstacle avoidance.

I am also using ArUco and cameras as localization on a prototype level. However the full scale are suppose to have some kind of GPS, probably RTK.",1552264121.0,1552235321.0,/r/battlestations/comments/azeqlh/writing_my_masters_degree_with_this_battlestation/ei7q5hw/,battlestations
52,jksllk,"Yes, we can com up with our own objective if we like. This particular one is a collaboration with a local engineering company who wanted a ""proof-of-concept"" prototype for their new logistics solution.",1552263988.0,1552235188.0,/r/battlestations/comments/azeqlh/writing_my_masters_degree_with_this_battlestation/ei7pz9y/,battlestations
5,jksllk,"Writing my Master's Degree with this Battlestation. A $1000 RC Truck and an Nvidia Jetson TX2. (And yes, the spoiler has an enormous effect on performance). ",1552263851.0,1552235051.0,/r/rccars/comments/azhac6/writing_my_masters_degree_with_this_battlestation/,rccars
53,jksllk,Isn't it!,1552262874.0,1552234074.0,/r/battlestations/comments/azeqlh/writing_my_masters_degree_with_this_battlestation/ei7ojza/,battlestations
54,jksllk,"The level of complexity and detail in this kit is insane. In addition to the quality of the components.

I am sure there a much cheaper options out there, however they do not look as cool as this one ;)",1552262554.0,1552233754.0,/r/battlestations/comments/azeqlh/writing_my_masters_degree_with_this_battlestation/ei7o5q6/,battlestations
55,jksllk,Need to show of the branding ;),1552262406.0,1552233606.0,/r/battlestations/comments/azeqlh/writing_my_masters_degree_with_this_battlestation/ei7nz4e/,battlestations
56,jksllk,"Mainly Python. However I am using ROS as well, which has a lot of C++ and XML  components in it's structure.",1552262379.0,1552233579.0,/r/battlestations/comments/azeqlh/writing_my_masters_degree_with_this_battlestation/ei7nxwl/,battlestations
57,jksllk,A fellow master's group has one. Looks sick!,1552262260.0,1552233460.0,/r/battlestations/comments/azeqlh/writing_my_masters_degree_with_this_battlestation/ei7nsf3/,battlestations
58,jksllk,Very impressive! ,1552262197.0,1552233397.0,/r/battlestations/comments/azeqlh/writing_my_masters_degree_with_this_battlestation/ei7npio/,battlestations
59,jksllk,Great question! Will defenetly include that in V2.0,1552260872.0,1552232072.0,/r/battlestations/comments/azeqlh/writing_my_masters_degree_with_this_battlestation/ei7m1ab/,battlestations
60,jksllk,I mainly develop on my laptop or SSH to it. So a very expensive keyboard is not really necessary ;),1552260782.0,1552231982.0,/r/battlestations/comments/azeqlh/writing_my_masters_degree_with_this_battlestation/ei7lxb2/,battlestations
61,jksllk,Will try to remember!,1552260708.0,1552231908.0,/r/battlestations/comments/azeqlh/writing_my_masters_degree_with_this_battlestation/ei7lu5l/,battlestations
62,jksllk,The motor is a racing spec BLDC controlled by a VESC. Currently it can go 10-15 km/h but that is because of the battery's low voltage. The reason is it will be autonomous and probably never require to go more than 3-5 km/h during the testing and development.,1552260671.0,1552231871.0,/r/battlestations/comments/azeqlh/writing_my_masters_degree_with_this_battlestation/ei7lsj7/,battlestations
63,jksllk,"Yes. I can remote control it from my laptop over WiFi, however the goal is to make it autonomous.",1552260466.0,1552231666.0,/r/battlestations/comments/azeqlh/writing_my_masters_degree_with_this_battlestation/ei7ljlf/,battlestations
64,jksllk,Yes. The main objective is to make it autonomous. So I built the truck for testing software,1552260422.0,1552231622.0,/r/battlestations/comments/azeqlh/writing_my_masters_degree_with_this_battlestation/ei7lhsb/,battlestations
65,jksllk,Cool! I am currently using ROS aswell,1552260359.0,1552231559.0,/r/battlestations/comments/azeqlh/writing_my_masters_degree_with_this_battlestation/ei7lf8j/,battlestations
66,jksllk,Developing an Autonomous Truck for logistics solutions. It is very interesting indeed. However it is quite hard...,1552260309.0,1552231509.0,/r/battlestations/comments/azeqlh/writing_my_masters_degree_with_this_battlestation/ei7ld4v/,battlestations
67,jksllk,Agree!,1552259820.0,1552231020.0,/r/battlestations/comments/azeqlh/writing_my_masters_degree_with_this_battlestation/ei7ksrx/,battlestations
6,jksllk,"Writing my Master's Degree with this Battlestation. A $1000 RC Truck and an Nvidia Jetson TX2. (And yes, the spoiler has an enormous effect on performance). ",1552245385.0,1552216585.0,/r/battlestations/comments/azeqlh/writing_my_masters_degree_with_this_battlestation/,battlestations
70,jksllk,"RemindMe! One Week ""Sause""",1536720282.0,1536691482.0,/r/Perky/comments/9eyaxi/lucky_fucking_bird/e5ssqma/,Perky
71,jksllk,I need that photo!,1534284739.0,1534255939.0,/r/hmmm/comments/977mj3/hmmm/e4696ot/,hmmm
72,jksllk,IG?,1531880253.0,1531851453.0,/r/JustHotWomen/comments/8zl2zu/angel_hoffman/e2k0ewh/,JustHotWomen
7,jksllk,[Reqiest] dJ perry beck The Booty Mix. [removed],1490926729.0,1490897929.0,/r/trap/comments/62fr6p/reqiest_dj_perry_beck_the_booty_mix/,trap
8,jksllk,[REQUEST] PRINCE – FUNKNROLL (CANBLASTER REMIX) DOWNLOAD. [removed],1482872530.0,1482843730.0,/r/trap/comments/5kjmcn/request_prince_funknroll_canblaster_remix_download/,trap
9,jksllk,"Anyone got prince - funknroll (canblaster remix)?. Such a sick track, but can't seem to find it...

Thanks in advance :D",1480049196.0,1480020396.0,/r/trap/comments/5eptm8/anyone_got_prince_funknroll_canblaster_remix/,trap
10,jksllk,dj perry beck i like the way you work it recess remix?. [removed],1474258618.0,1474229818.0,/r/trap/comments/53dxqs/dj_perry_beck_i_like_the_way_you_work_it_recess/,trap
73,jksllk,I LOVE YOU!,1472564454.0,1472535654.0,/r/deephouse/comments/4zttz1/id_please/d72a09n/,deephouse
11,jksllk,ID please?. ,1472325643.0,1472296843.0,/r/deephouse/comments/4zttz1/id_please/,deephouse
74,jksllk,Song @ 8:40?,1448931597.0,1448902797.0,/r/electricdaisycarnival/comments/3b9o4p/anyone_know_where_i_can_find_a_link_for_alison/cxi1o69/,electricdaisycarnival
75,jksllk,Why would you drive anything other than your RX7?,1447362969.0,1447334169.0,/r/needforspeed/comments/3sf1ax/jump_to_garage_car_glitch/cwxms92/,needforspeed
76,jksllk,Happens to me every time I try to start it...,1446929284.0,1446900484.0,/r/needforspeed/comments/3ruae5/the_game_has_just_been_sitting_on_this_screen_for/cwrquh7/,needforspeed
77,jksllk,I would like the tour and producer guid please :),1446494696.0,1446465896.0,/r/Flume/comments/3qz2zh/anyone_interested/cwli3sd/,Flume
78,jksllk,Awesome work!,1438310978.0,1438282178.0,/r/ZHU/comments/3f2qwv/cocaine_model_ableton_remake/ctlup5b/,ZHU
79,jksllk,http://www.1001tracklists.com/tracklist/79404_carmada-gtm-maitland-2015-2015-06-22.html,1435808204.0,1435779404.0,/r/trap/comments/3apr7g/carmada_live_at_gtm_maitland_2015/csp1ho0/,trap
