,author,body,created,created_utc,permalink,subreddit
0,VirtuallyChris,The talk from Greg Hogan about firmware flashing Honda ECUs seems to be missing :c the only talk I was really looking forward to...,1573901706.0,1573872906.0,/r/Defcon/comments/dx0ky2/defcon_27_videos_are_live/f7mt3zt/,Defcon
1,VirtuallyChris,How's it coming with the release? Eagerly awaiting the uploads :),1573884079.0,1573855279.0,/r/Defcon/comments/dcgs89/noob_when_will_the_defcon_27_videos_be_released/f7m5u2z/,Defcon
2,VirtuallyChris,I'd agree with the comment above. It really is life changing! :),1573618192.0,1573589392.0,/r/SelfDrivingCars/comments/dv2r3p/openpilot_066_on_honda_civic_navigating/f7ccpw1/,SelfDrivingCars
3,VirtuallyChris,"For anyone who wants to see the raw footage, I've uploaded it here. - Around 9 minutes of highway driving :)

[https://youtu.be/uNKQSE1Wbxg](https://youtu.be/uNKQSE1Wbxg)

If anyone has any questions about openpilot, I am happy to answer them below! I've been using the system since June 2017.",1573551446.0,1573522646.0,/r/SelfDrivingCars/comments/dv2r3p/openpilot_066_on_honda_civic_navigating/f7a7v9t/,SelfDrivingCars
0,VirtuallyChris,openpilot 0.6.6 on Honda Civic navigating intersections and highway. ,1573551360.0,1573522560.0,/r/SelfDrivingCars/comments/dv2r3p/openpilot_066_on_honda_civic_navigating/,SelfDrivingCars
1,VirtuallyChris,"Love You Back Mastered Download. I really love Love You Back. I really wish this song was still coming out on the album :c

 I made the next best thing for now.. Thanks to [https://www.youtube.com/watch?v=TmZFRM2KnwM](https://www.youtube.com/watch?v=TmZFRM2KnwM) , I ripped the audio and mastered it a bit to get rid of the excess bass from recording a concert!

Download and listen to it for yourself here :) [https://drive.google.com/file/d/11FNnJa5vJFarEKCFtG69qhl9Ie3ZmByQ/view?usp=sharing](https://drive.google.com/file/d/11FNnJa5vJFarEKCFtG69qhl9Ie3ZmByQ/view?usp=sharing)

Do you think Madeon will ever release this masterpiece? Hopefully in Good Faith 2 :)",1573012420.0,1572983620.0,/r/madeon/comments/ds4jo0/love_you_back_mastered_download/,madeon
4,VirtuallyChris,Oh wow that's amazing. You'll definitely have the good steering sensor then! This means ZSS isn't needed at all for you. Steering will be amazing out of the box :) or with a simple code tweak but will eventually be supported in the main release.,1571527303.0,1571498503.0,/r/SelfDrivingCars/comments/dh4kwe/commaai_black_friday_sale/f4aohnt/,SelfDrivingCars
5,VirtuallyChris,"Yeah totally not necessary, it will still steer pretty freaking good without the ZSS. If you desire more you have the option is all! What year is your  car?",1571455895.0,1571427095.0,/r/SelfDrivingCars/comments/dh4kwe/commaai_black_friday_sale/f47s2lx/,SelfDrivingCars
6,VirtuallyChris,Nice! You'll love it! You'll have hardware options if you want even better steering using a ZSS (check the discord on #hw-unofficial),1571348498.0,1571319698.0,/r/SelfDrivingCars/comments/dh4kwe/commaai_black_friday_sale/f41i6fn/,SelfDrivingCars
7,VirtuallyChris,I'll answer all that for you in the future video! All good questions.,1571348319.0,1571319519.0,/r/ElectricSkateboarding/comments/dijewr/exway_x1_pro_review_speed_test_and_range_test/f41hoyg/,ElectricSkateboarding
8,VirtuallyChris,If anyone has any questions feel free to ask me below and I'll answer them! I will be doing 2 more videos in the coming weeks. One about the Riot kit and the other about hill climbing performance.,1571225249.0,1571196449.0,/r/ElectricSkateboarding/comments/dijewr/exway_x1_pro_review_speed_test_and_range_test/f3wayoi/,ElectricSkateboarding
2,VirtuallyChris,Exway X1 Pro Review!! (Speed test and range test). ,1571225220.0,1571196420.0,/r/ElectricSkateboarding/comments/dijewr/exway_x1_pro_review_speed_test_and_range_test/,ElectricSkateboarding
9,VirtuallyChris,"Yes, I've called Geico and asked them to add the system as a modification like any other car modification.",1571224559.0,1571195759.0,/r/SelfDrivingCars/comments/dg41pi/commaai_hardware_v2_car_harness/f3wa351/,SelfDrivingCars
10,VirtuallyChris,You'll love it! What car?,1571224413.0,1571195613.0,/r/SelfDrivingCars/comments/dh4kwe/commaai_black_friday_sale/f3w9w85/,SelfDrivingCars
11,VirtuallyChris,"I agree, this board's looks are amazing.",1566093900.0,1566065100.0,/r/ElectricSkateboarding/comments/cr9jdq/lycaon_gr_full_review_long_range_budget_board/ex7uto9/,ElectricSkateboarding
12,VirtuallyChris,"From what I can tell, no which is unfortunate.",1566093887.0,1566065087.0,/r/ElectricSkateboarding/comments/cr9jdq/lycaon_gr_full_review_long_range_budget_board/ex7uses/,ElectricSkateboarding
13,VirtuallyChris,Yeah it's almost as smooth as the hobbywing. I still prefer hobbywing but honestly it's not bad. There's no delay anymore and it is very responsive now.,1566007406.0,1565978606.0,/r/ElectricSkateboarding/comments/cr9jdq/lycaon_gr_full_review_long_range_budget_board/ex31aq4/,ElectricSkateboarding
14,VirtuallyChris,"If anyone has any questions about this unique board, let me know and I'll answer below :)",1566005020.0,1565976220.0,/r/ElectricSkateboarding/comments/cr9jdq/lycaon_gr_full_review_long_range_budget_board/ex2w1gr/,ElectricSkateboarding
3,VirtuallyChris,Lycaon GR Full Review! (Long Range Budget Board). ,1566004952.0,1565976152.0,/r/ElectricSkateboarding/comments/cr9jdq/lycaon_gr_full_review_long_range_budget_board/,ElectricSkateboarding
15,VirtuallyChris,"You have to get Moss and Thumper, both are great seated experiences.",1563514184.0,1563485384.0,/r/oculus/comments/ceygrs/best_oculus_quest_games_while_sitting_disability/eu5u3ja/,oculus
16,VirtuallyChris,Get Cloudlands! It's super fun and multiplayer.,1560415627.0,1560386827.0,/r/oculus/comments/bzwtfw/all_i_want_is_a_vr_golf_or_mini_golf_game_with/eqyomiz/,oculus
17,VirtuallyChris,"Also, you'll love the improvements in tracking. PSVR was really limited by the single camera. Let me know how you like it!",1560311747.0,1560282947.0,/r/oculus/comments/bzh85x/psvr_vs_oculus_rift_s/eqsec6m/,oculus
18,VirtuallyChris,"Rift S has one of the clearest panels out there thanks to its RGB sub-pixel arrangement, and you will get much better graphics thanks to the much more powerful GPU of your PC. You can also super-sample which gives much greater clarity in SteamVR :)",1560311574.0,1560282774.0,/r/oculus/comments/bzh85x/psvr_vs_oculus_rift_s/eqse2kw/,oculus
19,VirtuallyChris,"100% show her Henry, also get Wander to see Google Street View photos",1560311455.0,1560282655.0,/r/oculus/comments/bzh4iq/need_help_with_finding_oculus_go_apps_for_my/eqsdw25/,oculus
4,VirtuallyChris,These graphics are next level!!. ,1559992288.0,1559963488.0,/r/OculusQuest/comments/by3dmn/these_graphics_are_next_level/,OculusQuest
20,VirtuallyChris,Roughly 20 minutes maybe?,1558333153.0,1558304353.0,/r/oculus/comments/bqkeie/oculus_studios_wolves_in_the_walls_incredible/eo5ulnl/,oculus
21,VirtuallyChris,"Hey everyone!! Today is another exciting review I've been wanting to get out for a while now. Included is a drag race versus the WowGo 3! I absolutely love the G2T and I'm excited to be able to share it with you all! If anyone has any questions, feel free to post below or on the video and I will answer as soon as possible.",1558138458.0,1558109658.0,/r/ElectricSkateboarding/comments/bpt8a0/yesterday_i_reviewed_the_wowgo_3_today_i_review/enx4maq/,ElectricSkateboarding
5,VirtuallyChris,"Yesterday I reviewed the WowGo 3, today I review the Backfire G2T! (Included is a RACE between those boards!!). ",1558138389.0,1558109589.0,/r/ElectricSkateboarding/comments/bpt8a0/yesterday_i_reviewed_the_wowgo_3_today_i_review/,ElectricSkateboarding
22,VirtuallyChris,I appreciate that! :),1558137374.0,1558108574.0,/r/ElectricSkateboarding/comments/bpfiut/my_full_review_of_the_wowgo_3_is_now_live_check/enx2jek/,ElectricSkateboarding
23,VirtuallyChris,"Thanks so much, go check it out now!",1558137364.0,1558108564.0,/r/ElectricSkateboarding/comments/bpfiut/my_full_review_of_the_wowgo_3_is_now_live_check/enx2ip8/,ElectricSkateboarding
24,VirtuallyChris,"I'm not sure I can comment too much on the 24 mph thing, most boards claim 24mph but in real world use only get to 22ish because of road noise + wind drag. This board is locked in at high speed, absolutely no speed wobbles at all - less than any board I've tried up to this point. So yeah it's a limit of the board's performance not its stability",1558077307.0,1558048507.0,/r/ElectricSkateboarding/comments/bpfiut/my_full_review_of_the_wowgo_3_is_now_live_check/entw1wn/,ElectricSkateboarding
25,VirtuallyChris,"i'm around 130 lbs, I would personally go for a Backfire G2T in your case, the deck is very flexy and you might prefer a more stiff deck. My full review of the G2T is tomorrow if you can wait to decide until you watched that :)",1558077199.0,1558048399.0,/r/ElectricSkateboarding/comments/bpfiut/my_full_review_of_the_wowgo_3_is_now_live_check/entvs4t/,ElectricSkateboarding
26,VirtuallyChris,"As with my first impressions video, feel free to ask me anything in the comments below you'd like to know about this board and I will be sure to answer everybody!",1558057082.0,1558028282.0,/r/ElectricSkateboarding/comments/bpfiut/my_full_review_of_the_wowgo_3_is_now_live_check/ensft2h/,ElectricSkateboarding
6,VirtuallyChris,"My full review of the WowGo 3 is now live! Check out its top speed, range, and hill climbing abilities!. ",1558057040.0,1558028240.0,/r/ElectricSkateboarding/comments/bpfiut/my_full_review_of_the_wowgo_3_is_now_live_check/,ElectricSkateboarding
27,VirtuallyChris,"You have 3 displayport then, and 1 HDMI. You're fine",1557627333.0,1557598533.0,/r/oculus/comments/bnf15u/rift_s_wont_work_with_an_hdmi_to_display_port/en4z1jm/,oculus
28,VirtuallyChris,That's awesome!! I hope you enjoy when you do get one!,1557494021.0,1557465221.0,/r/ElectricScooters/comments/bm8ziw/first_time_scooter_owner_swagtron_swagger_5_review/emzq0dv/,ElectricScooters
29,VirtuallyChris,"Yeah from what I gathered it is a m365 clone, but an inexpensive one at that!",1557494007.0,1557465207.0,/r/ElectricScooters/comments/bm8ziw/first_time_scooter_owner_swagtron_swagger_5_review/emzpzvr/,ElectricScooters
30,VirtuallyChris,"Thanks so much! There isn't any suspension or anything like that so it does still get a bit bumpy on non-ideal roads. I haven't tried the mobile app, but it sounds like it doesn't provide any features that the scooter doesn't already have.",1557493989.0,1557465189.0,/r/ElectricScooters/comments/bm8ziw/first_time_scooter_owner_swagtron_swagger_5_review/emzpz5c/,ElectricScooters
31,VirtuallyChris,"I've been following this sub for a long time, and am excited to be able to show you all my first electric scooter video! If anyone has any questions about the Swagger 5, let me know as I have used this thing for over a month now. I hope to be a more regular face around here :)",1557369598.0,1557340798.0,/r/ElectricScooters/comments/bm8ziw/first_time_scooter_owner_swagtron_swagger_5_review/emuq6t0/,ElectricScooters
7,VirtuallyChris,First time scooter owner! Swagtron Swagger 5 Review. ,1557369532.0,1557340732.0,/r/ElectricScooters/comments/bm8ziw/first_time_scooter_owner_swagtron_swagger_5_review/,ElectricScooters
32,VirtuallyChris,"It would be. I don't think the front truck on the G2T is bad by any means! Something about the WowGo 3 makes it feel much more stable, like riding on a cloud.",1556785524.0,1556756724.0,/r/ElectricSkateboarding/comments/bjixa1/wowgo_3_unboxing_and_first_ride_ama_in_comments/em9vfwf/,ElectricSkateboarding
33,VirtuallyChris,"It is stable at high speed, I just feel more confident on the WowGo 3. That's maybe partially due to the truck, partially due to the deck and bushings.",1556785487.0,1556756687.0,/r/ElectricSkateboarding/comments/bjixa1/wowgo_3_unboxing_and_first_ride_ama_in_comments/em9vdxq/,ElectricSkateboarding
34,VirtuallyChris,I totally get that. Having my Raptor 2 has given me great perspective and appreciation for boards like the WowGo 3!,1556767477.0,1556738677.0,/r/ElectricSkateboarding/comments/bjixa1/wowgo_3_unboxing_and_first_ride_ama_in_comments/em91e5c/,ElectricSkateboarding
35,VirtuallyChris,"I've loved the Backfire G2 for a long time. I would have agreed with your friend up until now. But for the WowGo 3, build quality is on par with the G2T.",1556767409.0,1556738609.0,/r/ElectricSkateboarding/comments/bjixa1/wowgo_3_unboxing_and_first_ride_ama_in_comments/em919y8/,ElectricSkateboarding
36,VirtuallyChris,"Ah you're right. I misspoke, I added a comment in the description!",1556767339.0,1556738539.0,/r/ElectricSkateboarding/comments/bjixa1/wowgo_3_unboxing_and_first_ride_ama_in_comments/em915ol/,ElectricSkateboarding
37,VirtuallyChris,"I received this board for review, as I did the Backfire G2T, and I would say they are both great boards for the price. I have a video planned to make these two boards go head to head so look forward to that!

I might lean slightly towards the WowGo 3 due to the paris front truck that keeps the board stable at high speeds and the flexible deck. The fact that turbo mode can always be enabled is a nice feature, and even though it does accelerate slightly slower than the Backfire G2T I'd take an always available turbo over a time limited one.

Commenting on the Meepo NLS, I would stay away from any board that doesn't use a hobbywing ESC. Both the Backfire G2T and WowGo 3 do, and it makes the ride much smoother and safer.",1556757472.0,1556728672.0,/r/ElectricSkateboarding/comments/bjixa1/wowgo_3_unboxing_and_first_ride_ama_in_comments/em8jplq/,ElectricSkateboarding
38,VirtuallyChris,"Hey everyone! I got the chance to unbox and review the WowGo 3.  In upcoming videos I will be putting the board through its paces with a speed, range, and hill climbing test as well as comparing it to the WowGo 2S in a number of different ways. Ask me anything about the board and I will answer below!",1556756026.0,1556727226.0,/r/ElectricSkateboarding/comments/bjixa1/wowgo_3_unboxing_and_first_ride_ama_in_comments/em8h6va/,ElectricSkateboarding
8,VirtuallyChris,WowGo 3 Unboxing and First Ride (AMA In Comments!). ,1556755836.0,1556727036.0,/r/ElectricSkateboarding/comments/bjixa1/wowgo_3_unboxing_and_first_ride_ama_in_comments/,ElectricSkateboarding
39,VirtuallyChris,"I didn't experience too much voltage sag, and I've had LG batteries in the past that work pretty well. I hear you though, it's not a Sanyo!",1556755826.0,1556727026.0,/r/ElectricSkateboarding/comments/bf2801/first_look_at_a_new_belt_driven_board_the_peak/em8guao/,ElectricSkateboarding
40,VirtuallyChris,Good warning. I haven't had that happen with all of my testing but I know I would trust a hobbywing esc much more than this one.,1556755793.0,1556726993.0,/r/ElectricSkateboarding/comments/bf2801/first_look_at_a_new_belt_driven_board_the_peak/em8gs63/,ElectricSkateboarding
41,VirtuallyChris,Mostly just the newer remote. I mentioned in the video that it is basically a Buffalo clone. I can only hope they provide good customer service whereas Buffalo did not.,1556755758.0,1556726958.0,/r/ElectricSkateboarding/comments/bf2801/first_look_at_a_new_belt_driven_board_the_peak/em8gpt9/,ElectricSkateboarding
42,VirtuallyChris,"To be fair, this is exactly what happened with Oculus Touch. They had Touch controller demos at Best Buy for a while before they actually released for people to buy.",1556109160.0,1556080360.0,/r/OculusQuest/comments/bgo3s0/a_best_buy_manager_just_confirmed_demos_possibly/elmsiv8/,OculusQuest
43,VirtuallyChris,"I wasn't expecting to review a belt board anytime soon, let alone from a new company! If anyone has any questions, feel free to ask below and I'd be happy to answer. I am planning to redo the speed test and get a range test now that the weather is getting nicer, and I'll post a follow up video eventually.",1555726362.0,1555697562.0,/r/ElectricSkateboarding/comments/bf2801/first_look_at_a_new_belt_driven_board_the_peak/elaat4e/,ElectricSkateboarding
9,VirtuallyChris,First look at a new belt driven board! The Peak Board Review. ,1555725710.0,1555696910.0,/r/ElectricSkateboarding/comments/bf2801/first_look_at_a_new_belt_driven_board_the_peak/,ElectricSkateboarding
44,VirtuallyChris,"I recommend going for a 2016-18 Honda Civic (with Honda Sensing) if you are eyeing a Honda Sedan to use openpilot with. This model allows not only steering, but also the gas and brake to be controlled by openpilot. This wasn't too big of a deal a half a year or so ago, but now it allows for openpilot to be set to the speed limits automatically on roads, as well as have the car slow down ahead of a sharp curve. In the future, this also means the car can stop for red lights and stop signs. Honda cars with Nidec (brand of Honda Sensing hardware) allow control over gas and brake, while the 2019 Civic + 2018 Accord use Bosch (other brand of Honda Sensing hardware) where they can only use the stock radar adaptive cruise control. If you want to talk more about this, go ahead and DM me! I'd love to help! Also, check out my openpilot videos! :) http://youtube.com/virtuallychris",1552996741.0,1552967941.0,/r/SelfDrivingCars/comments/b13cdp/open_pilot_and_insurance_coverage/eius0i5/,SelfDrivingCars
45,VirtuallyChris,"I've personally done this. I have Gieco. I called them up and said I have an 'aftermarket driver assistance system' I would like to add as a modification to my vehicle. I told them it improves existing functionality in the car such as a safer follow distance for the radar adaptive cruise control as well as better lane keep assist functionality.

&#x200B;

Should have no problems with that no matter your insurance company! :)",1552896410.0,1552867610.0,/r/SelfDrivingCars/comments/b13cdp/open_pilot_and_insurance_coverage/eiro7sj/,SelfDrivingCars
46,VirtuallyChris,You're going to love it!! It's worth the wait however long it will be :),1551839037.0,1551810237.0,/r/ElectricSkateboarding/comments/atz7gq/diy_dual_belt_vs_raptor_21/ehuv3gg/,ElectricSkateboarding
47,VirtuallyChris,What board is that?,1551747506.0,1551718706.0,/r/ElectricSkateboarding/comments/awdc7k/this_board_is_a_magic_smile_machine/ehrz58q/,ElectricSkateboarding
48,VirtuallyChris,"Not sure the exact cause, but try to eliminate all reflective survives and close any windows and make sure the room is well lit. That should fix most problems",1551094773.0,1551065973.0,/r/WindowsMR/comments/aug2v3/windows_mixed_reality_tracking_freezing/eh80c9l/,WindowsMR
49,VirtuallyChris,"For me the longer wheels give more stability because there's always more urethane hitting the ground, never experienced any slips or anything like that. I'd say it's a non issue, and the longer wheels makes it feel better in my opinion",1550982385.0,1550953585.0,/r/ElectricSkateboarding/comments/atz7gq/diy_dual_belt_vs_raptor_21/eh4i7fx/,ElectricSkateboarding
50,VirtuallyChris,"Most negatives of the Raptor 2.1 are just that it took a real long time for people to receive them. I'm a proud owner of a Raptor 2 (one of the first 10!) and it it to this day the most beast board I've ever ridden. I love it so much that I just bought a Raptor 2.1 and am waiting on it to ship out! You won't be disappointed at all with the Raptor 2.1 especially if you don't mind waiting. The board screams quality, is faster than could ever be needed, and has a huge battery! I only have to charge it once a week or so where as my Meepo buddies run out of battery every ride.",1550980173.0,1550951373.0,/r/ElectricSkateboarding/comments/atz7gq/diy_dual_belt_vs_raptor_21/eh4f59s/,ElectricSkateboarding
51,VirtuallyChris,I would get the Enertion Raptor 2.1. Not only is it fast as hell but it has that kind of range. I only charge my Raptor 2 once a week while all my friends with Meepo/WowGos charge every single day! It's a freaking beast as long as you're okay waiting 8-10 weeks to receive it.,1550450323.0,1550421523.0,/r/ElectricSkateboarding/comments/ari4o1/boards_with_25_mile_range/ego3bjd/,ElectricSkateboarding
52,VirtuallyChris,Just the antenna,1550326872.0,1550298072.0,/r/ElectricSkateboarding/comments/ar39ey/backfire_g2s_wire_problem/egl1k4d/,ElectricSkateboarding
53,VirtuallyChris,"All Raptor 2s were delivered, I love mine! 2.1s in the new batch are going to be shipping in 8-10 weeks. I've trusted enertion since their first board, they always make it right.",1549933113.0,1549904313.0,/r/ElectricSkateboarding/comments/apcrw4/where_should_enertion_visit_in_2019/eg8gsqo/,ElectricSkateboarding
54,VirtuallyChris,"Check out openpilot and get the car you want, then upgrade it to level 2 :) [https://www.youtube.com/watch?v=ICOIin4p70w](https://www.youtube.com/watch?v=ICOIin4p70w)",1544481148.0,1544452348.0,/r/SelfDrivingCars/comments/a4r3ar/good_roundup_of_selfdriving_vehicles_you_can/ebhwgz6/,SelfDrivingCars
55,VirtuallyChris,">Confirm with flipsky that this will work with vesc.

This does work with VESC? Or someone has to confirm that first?",1544003524.0,1543974724.0,/r/ElectricSkateboarding/comments/a2s0ws/can_i_use_this_remote_with_a_vesc_or_does_it_only/eb3yzr3/,ElectricSkateboarding
56,VirtuallyChris,I'd like to know this as well.,1543625322.0,1543596522.0,/r/WindowsMR/comments/a1n2f1/games_that_support_large_play_spaces/easog9s/,WindowsMR
57,VirtuallyChris,"One potential issue could be your USB port doesn't allow for enough power draw. Try another port and see if that works, or get a dedicated USB 3 PCI card worst comes to worst. See if you can try it on a different computer, if it works on that, then you'll know where the issue is.",1543300694.0,1543271894.0,/r/WindowsMR/comments/a0o435/odyssey_black_screen_could_use_some_help/eaj788w/,WindowsMR
58,VirtuallyChris,"It was for sure a mistake. I doubt they'd give the deal, they never actually sold any at that price as far as I'm aware.",1542702238.0,1542673438.0,/r/virtualreality/comments/9ym656/hmd_odyssey_windows_mixed_reality_headset/ea2i357/,virtualreality
59,VirtuallyChris,I love my Raptor 2 and ride it daily. I think this will be a huge improvement! It's basically impossible to see during the daytime currently.,1541820727.0,1541791927.0,/r/ElectricSkateboarding/comments/9vmg3m/best_raptor_21_upgrade_just_announced_a_battery/e9dkzel/,ElectricSkateboarding
60,VirtuallyChris,"All OEM driver assist tech packages are pretty crappy honestly. I've tried both Honda Sensing and Toyota SafteySense. Check out openpilot, and thank me later :) [https://www.youtube.com/watch?v=ICOIin4p70w](https://www.youtube.com/watch?v=ICOIin4p70w) Works on Honda, Toyota, and a bunch of other car brands.",1540856903.0,1540828103.0,/r/SelfDrivingCars/comments/9rznx9/driver_assist_tech_ratings/e8o2arl/,SelfDrivingCars
61,VirtuallyChris,"Vexboards sounds really neat, I'd pick that one.",1540601971.0,1540573171.0,/r/ElectricSkateboarding/comments/9re4zm/working_with_a_chinese_company_to_rebrand_and/e8hz5nt/,ElectricSkateboarding
10,VirtuallyChris,"Electric Penny Board Review (Spectra Mini) |Range Test, Speed Test, Hill Climb Test. ",1540347575.0,1540318775.0,/r/ElectricSkateboarding/comments/9qrmuh/electric_penny_board_review_spectra_mini_range/,ElectricSkateboarding
62,VirtuallyChris,"On that note, buy these! [https://www.ebay.com/itm/Lenovo-G0A20002WW-Explorer-Windows-Mixed-Reality-Headset-with-Controllers/123352494027?\_trkparms=aid%3D222007%26algo%3DSIM.MBE%26ao%3D1%26asc%3D20140131123730%26meid%3Deb9c3c4ecc754e1eb03215f3fe4fc2ab%26pid%3D100167%26rk%3D1%26rkt%3D15%26mehot%3Dpp%26sd%3D192648606458%26itm%3D123352494027&\_trksid=p5411.c100167.m2940](https://www.ebay.com/itm/Lenovo-G0A20002WW-Explorer-Windows-Mixed-Reality-Headset-with-Controllers/123352494027?_trkparms=aid%3D222007%26algo%3DSIM.MBE%26ao%3D1%26asc%3D20140131123730%26meid%3Deb9c3c4ecc754e1eb03215f3fe4fc2ab%26pid%3D100167%26rk%3D1%26rkt%3D15%26mehot%3Dpp%26sd%3D192648606458%26itm%3D123352494027&_trksid=p5411.c100167.m2940)",1539819287.0,1539790487.0,/r/Vive/comments/9otkef/classroom_vive_controller_wont_pair_and_new_ones/e7xuv97/,Vive
63,VirtuallyChris,"You sound like you need a car that supports openpilot!! [https://www.youtube.com/watch?v=ICOIin4p70w](https://www.youtube.com/watch?v=ICOIin4p70w)

Check out the list of supported cars. [https://github.com/commaai/openpilot#supported-cars](https://github.com/commaai/openpilot#supported-cars)

&#x200B;

Depending on your needs there should be a car available for you! Personally I'd go with something like the Honda Pilot or CR-V if you want something smaller. If you want more luxury you can look into getting a Lexus RX. Join the slack and I'd be happy to help you find the best openpilot compatible car. r/http://slack.comma.ai and my username is virtuallychris.

&#x200B;

I hope this helps :)",1539300516.0,1539271716.0,/r/SelfDrivingCars/comments/9nalkq/level_2_autonomous_full_sized_suv_when_will_they/e7kuto0/,SelfDrivingCars
64,VirtuallyChris,"Get openpilot, thank me later. OEM systems are garbage! [https://www.youtube.com/watch?v=ICOIin4p70w](https://www.youtube.com/watch?v=ICOIin4p70w)",1537245064.0,1537216264.0,/r/SelfDrivingCars/comments/9gnhy5/i_drove_a_car_with_an_active_lane_assist_and/e65j4rb/,SelfDrivingCars
65,VirtuallyChris,Message me your number! I'm trying to set something up!,1532758508.0,1532729708.0,/r/ElectricSkateboarding/comments/90swzv/portland_maine_group/e35mhky/,ElectricSkateboarding
66,VirtuallyChris,I'm around any day this week really! Trying to think of a good place to ride though.. I'd bring my Raptor 2 probably!,1532406741.0,1532377941.0,/r/ElectricSkateboarding/comments/90swzv/portland_maine_group/e2wlxz5/,ElectricSkateboarding
67,VirtuallyChris,"I'm near Portland! Would love to do some group rides. I know my friend would also want be up for it probably, he has a board too.",1532246681.0,1532217881.0,/r/ElectricSkateboarding/comments/90swzv/portland_maine_group/e2t26zd/,ElectricSkateboarding
68,VirtuallyChris,"Looks like some sort of testing mode, there must be a way to fix that. Contact support. They'll help for sure!",1529238561.0,1529209761.0,/r/ElectricSkateboarding/comments/8rof74/wowgo2s_automatically_accelerated_to_full_speed/e0t0cje/,ElectricSkateboarding
69,VirtuallyChris,But the new remote only works with new boards right? So it's effectively not good?,1527846651.0,1527817851.0,/r/ElectricSkateboarding/comments/8nmt45/i_ordered_my_meepo_controller_before_the_v2_came/dzwz429/,ElectricSkateboarding
11,VirtuallyChris,"Verreal V1 In-Depth Review (Speed Test, Range Test, Hill Climb Test). ",1526787904.0,1526759104.0,/r/ElectricSkateboarding/comments/8knlhm/verreal_v1_indepth_review_speed_test_range_test/,ElectricSkateboarding
70,VirtuallyChris,"Yeah I've had it for over a month now. It has lasted really well, I am impressed with its durability. The wheels hold up much better than older Meepo wheels did. My first impressions video was more of a ""I got the board a few minutes ago, let's do a first ride to see how it feels"" versus this video which is more in\-depth from having the board for a month.",1526012929.0,1525984129.0,/r/ElectricSkateboarding/comments/8igjbl/wowgo_2s_indepth_review_speed_test_range_test/dyrvlc3/,ElectricSkateboarding
12,VirtuallyChris,"WowGo 2S In-Depth Review! (Speed Test, Range Test, Hill Climb Test). ",1526001583.0,1525972783.0,/r/ElectricSkateboarding/comments/8igjbl/wowgo_2s_indepth_review_speed_test_range_test/,ElectricSkateboarding
71,VirtuallyChris,"I kept the remote in my hand while I fell, it absorbed a lot of the impact for that hand which was nice. It is slightly scratched up but I'm sure it saved my hand from road rash.",1523924481.0,1523895681.0,/r/ElectricSkateboarding/comments/8cojwl/what_do_you_guys_do_with_the_remote_when_you_crash/dxgjmon/,ElectricSkateboarding
72,VirtuallyChris,"It's honestly really close to that of a normal skateboard. There will always be some resistance, but hub motors gives you the best possible ability to push :)",1523709209.0,1523680409.0,/r/ElectricSkateboarding/comments/8br4mt/wowgo_2s_unboxing_first_impressions_ask_me/dxc8mev/,ElectricSkateboarding
73,VirtuallyChris,"Yeah I agree, I wonder if its the ESC limiting this or the remote. I want to upgrade one of my boards to have this new ESC, and the cheapest option is buying the WowGo Remote along with an Ownboard ESC, hopefully those work together and offer 3 speed modes! I'll make a video about this once I get those parts in.",1523624666.0,1523595866.0,/r/ElectricSkateboarding/comments/8br4mt/wowgo_2s_unboxing_first_impressions_ask_me/dxa9y52/,ElectricSkateboarding
74,VirtuallyChris,"Yeah I'd agree with that, 3 hours sounds about right. If I remember to I will test this.",1523598176.0,1523569376.0,/r/ElectricSkateboarding/comments/8br4mt/wowgo_2s_unboxing_first_impressions_ask_me/dx9llxm/,ElectricSkateboarding
75,VirtuallyChris,Thanks! :),1523598159.0,1523569359.0,/r/ElectricSkateboarding/comments/8br4mt/wowgo_2s_unboxing_first_impressions_ask_me/dx9llb2/,ElectricSkateboarding
76,VirtuallyChris,I haven't although I imagine ride quality is about the same on the W1 pro. They both appear to have the same bushings. ( doesn't seem to be on the cheaper Ownboards ) I think the cheaper board with those nice bushings and bearings would be the WowGo 2S.,1523591902.0,1523563102.0,/r/ElectricSkateboarding/comments/8br4mt/wowgo_2s_unboxing_first_impressions_ask_me/dx9emud/,ElectricSkateboarding
77,VirtuallyChris,"Yeah I agree, my bad! I will fix that in the future :)",1523591045.0,1523562245.0,/r/ElectricSkateboarding/comments/8br4mt/wowgo_2s_unboxing_first_impressions_ask_me/dx9dnhr/,ElectricSkateboarding
13,VirtuallyChris,WowGo 2S Unboxing / First Impressions : Ask me anything!. ,1523576489.0,1523547689.0,/r/ElectricSkateboarding/comments/8br4mt/wowgo_2s_unboxing_first_impressions_ask_me/,ElectricSkateboarding
78,VirtuallyChris,"I'll be reviewing one in a week or so :) Still haven't gotten the board yet, but when I do I'll be sure to make the video as quick as possible.",1521788259.0,1521759459.0,/r/ElectricSkateboarding/comments/86d18u/first_impressions_of_the_wowgo_2s/dw4q45u/,ElectricSkateboarding
79,VirtuallyChris,"Agreed, it's probably not an issue. But be sure to contact support, they are very helpful!",1520820559.0,1520791759.0,/r/ElectricSkateboarding/comments/83n492/enertion_raptor_2_another_bad_motor/dvjbcaq/,ElectricSkateboarding
80,VirtuallyChris,"You need a new remote, your remote seems to be broken. I'd recommend buying someones spare WowGo Board V1 remote, the 2 speed one (3 speed remotes don't work, I checked)",1520681631.0,1520652831.0,/r/ElectricSkateboarding/comments/83ciej/having_problems_with_my_backfire_g2_anyone_know_a/dvgt8nh/,ElectricSkateboarding
14,VirtuallyChris,WowGo 2 In-Depth Winter Review (Feel free to ask questions!). ,1518575081.0,1518546281.0,/r/ElectricSkateboarding/comments/7xbfp9/wowgo_2_indepth_winter_review_feel_free_to_ask/,ElectricSkateboarding
81,VirtuallyChris,"I was riding in thick leaves where there was a giant rock that I hit, throwing me off of my Raptor 2, flipping it over, with me scrapping against the pavement. Lesson learned, NEVER ride in leaves.. You never know what could be under them!",1516872655.0,1516843855.0,/r/ElectricSkateboarding/comments/7sq70q/what_is_your_best_i_fued_up_moment/dt745x9/,ElectricSkateboarding
82,VirtuallyChris,OpenPilot works with Hondas ;),1516091364.0,1516062564.0,/r/teslamotors/comments/7qiln5/another_direct_comparison_of_rearview_cam_on/dsqnlzk/,teslamotors
15,VirtuallyChris,Predator Banshee Review (Awesome Short Board!). ,1515818310.0,1515789510.0,/r/ElectricSkateboarding/comments/7pzig4/predator_banshee_review_awesome_short_board/,ElectricSkateboarding
83,VirtuallyChris,"Banshee trucks are almost identical to the WowGo in terms of shape, so I think you don't have to change anything really. I've since tested it more and the Banshee comes off just fine, but it's more of a flaw with the Deck Hook that it likes to stick to the trucks when being pulled up.",1513741074.0,1513712274.0,/r/ElectricSkateboarding/comments/7koqgk/deck_hook_review_showing_how_it_fits_different/drhhkx8/,ElectricSkateboarding
84,VirtuallyChris,Thanks so much!,1513728540.0,1513699740.0,/r/ElectricSkateboarding/comments/7koqgk/deck_hook_review_showing_how_it_fits_different/drh59w6/,ElectricSkateboarding
85,VirtuallyChris,FASTER THAN BOOSTED BOARD?!! [GONE VIOLENT] [GONE SEXUAL] [GONE WRONG] (Deck Hook) [NOT CLICKBAIT],1513686664.0,1513657864.0,/r/ElectricSkateboarding/comments/7koqgk/deck_hook_review_showing_how_it_fits_different/drghpuo/,ElectricSkateboarding
86,VirtuallyChris,I really appreciate the nice comment! :),1513670902.0,1513642102.0,/r/ElectricSkateboarding/comments/7koqgk/deck_hook_review_showing_how_it_fits_different/drg4e2b/,ElectricSkateboarding
16,VirtuallyChris,"Deck Hook Review Showing How it Fits Different Esk8s (WowGo/Backfire/Raptor, etc!). ",1513664858.0,1513636058.0,/r/ElectricSkateboarding/comments/7koqgk/deck_hook_review_showing_how_it_fits_different/,ElectricSkateboarding
87,VirtuallyChris,"Here's the video I promised from yesterday! To summarize,

* The form factor is so nice
* I really missed carbon fiber on a board!
* It's super light for how fast + long it lasts
* It feels very premium, and very solid
* It has replaceable urethane
* The remote is ergonomic, although the throttle is a bit hard to grip

I will be testing things like range and top speed in my final review. But man do I love this board. It's basically a mini Raptor 2!

http://bit.ly/PredatorBanshee",1513497090.0,1513468290.0,/r/ElectricSkateboarding/comments/7kahgb/predator_banshee_first_impressions_ride_unboxing/drcrry5/,ElectricSkateboarding
17,VirtuallyChris,Predator Banshee First Impressions / Ride / Unboxing. ,1513496961.0,1513468161.0,/r/ElectricSkateboarding/comments/7kahgb/predator_banshee_first_impressions_ride_unboxing/,ElectricSkateboarding
18,VirtuallyChris,"The Predator Banshee Arrived today.. Here's some unboxing photos! (First impressions video out tomorrow!). The Predator Banshee just arrived in the studio today.. [Here's some unboxing photos!](https://imgur.com/a/4KJbC)

Expect a first impressions video out tomorrow, as well as a review later on!!
If you want one, check it out here

https://ridepredator.com/shop/predator-banshee-beta-model/",1513393461.0,1513364661.0,/r/ElectricSkateboarding/comments/7k1tm5/the_predator_banshee_arrived_today_heres_some/,ElectricSkateboarding
88,VirtuallyChris,I'm looking forward to shining more light on this board! :) All those things will be tested for my full review.,1513060424.0,1513031624.0,/r/ElectricSkateboarding/comments/7j39u0/is_the_banshee_a_rebrand_lets_discuss/dr3v5if/,ElectricSkateboarding
89,VirtuallyChris,"That sounded like the extremely low battery sound before the board shuts off. I'd check your battery, it might be super low voltage and not charging or something.",1512446411.0,1512417611.0,/r/ElectricSkateboarding/comments/7hjprv/any_idea_why_shes_yelling_like_that/dqrizv1/,ElectricSkateboarding
90,VirtuallyChris,"It does take a while for tracking information. My best bet would be that it did ship on time, but you're just waiting on it to arrive in your destination country. Once it does you will get the tracking number, should be any day now!",1512396885.0,1512368085.0,/r/ElectricSkateboarding/comments/7hffch/anybody_else_having_problems_with_wowgo_shipping/dqqlsss/,ElectricSkateboarding
91,VirtuallyChris,"10 is the most clean, 6 could be nice if it was just the WowGo text and not the logo next to it.",1512354490.0,1512325690.0,/r/ElectricSkateboarding/comments/7hb25m/new_logo_design_from_you_guys_ideawhich_one_is/dqpkyh6/,ElectricSkateboarding
92,VirtuallyChris,"Raptor 2. It'll be a few months for it to ship but it offers incredible hill climbing as well as great range and speed, also water resistance. I love this board, I use it every day! If you buy it use http://bit.ly/RaptorTwo to get $100 off ;)",1511859700.0,1511830900.0,/r/ElectricSkateboarding/comments/7fxh10/seattle_board_questions/dqflhoq/,ElectricSkateboarding
93,VirtuallyChris,Thanks! I added that to the list,1511526428.0,1511497628.0,/r/ElectricSkateboarding/comments/7f39l5/esk8_black_friday_guide_all_deals_compiled_into_a/dq9iyt4/,ElectricSkateboarding
19,VirtuallyChris,ESK8 BLACK FRIDAY GUIDE (All deals compiled into a single video!). ,1511517865.0,1511489065.0,/r/ElectricSkateboards/comments/7f48vl/esk8_black_friday_guide_all_deals_compiled_into_a/,ElectricSkateboards
94,VirtuallyChris,Thanks for the correction! Sorry about that :),1511514597.0,1511485797.0,/r/ElectricSkateboarding/comments/7f39l5/esk8_black_friday_guide_all_deals_compiled_into_a/dq9b7gs/,ElectricSkateboarding
20,VirtuallyChris,ESK8 BLACK FRIDAY GUIDE (All deals compiled into a single video!). ,1511507153.0,1511478353.0,/r/ElectricSkateboarding/comments/7f39l5/esk8_black_friday_guide_all_deals_compiled_into_a/,ElectricSkateboarding
95,VirtuallyChris,Thanks!,1511355525.0,1511326725.0,/r/ElectricSkateboarding/comments/7enp6q/making_a_black_friday_esk8_sales_video_is_there/dq6dzs3/,ElectricSkateboarding
21,VirtuallyChris,"Making a Black Friday esk8 sales video. Is there anything I missed in this list?. I'm working on an electric skateboarding black friday deals video. So far I have these in my script. Are there any others I'm missing that should be added? (I'll edit this post with what everyone says)

WowGo Boards

* WowGo    249.99 + 110 shipping        359.99
* WowGo 2    279.99 + 110 shipping        389.99

Enertion

* Crossover wheels and 97mm wheels $99, ships soon (Cyber Monday)

Genesis Electric Skateboards

* Hellfire        399 (free 2 day shipping)
* Tomahawk    399 (free 2 day shipping)
* Stinger        399 (free 2 day shipping)

Shredlights

* 25% off on black friday

Acton

* Blink S2    from 999 to 799
* Blink S        from 699 to 419.40
* Blink Lite V2    from 299 to 209

Leiftech

* $269 off Leifboard

Inboard 

* Inboard M1 $999 ($899 with referral code)

Magneto Revolution

* from 799 to 599",1511349021.0,1511320221.0,/r/ElectricSkateboarding/comments/7enp6q/making_a_black_friday_esk8_sales_video_is_there/,ElectricSkateboarding
22,VirtuallyChris,"97mm Street Wheels or 100mm Crossover Wheels?. I'm a Raptor 2 owner, and I'm trying to make the decision between these two wheels found here : http://www.enertionboards.com/electric-skateboard-parts-on-sale.html

I ride on mostly streets, but they aren't the best roads out there. There are cracks and sometimes rocks (like the rock I hit when I fell off ahh) With that being said, I feel like the street wheels will offer better traction since they have a larger flat area.

What do you all think? I'm super on the fence.",1511170336.0,1511141536.0,/r/ElectricSkateboarding/comments/7e590j/97mm_street_wheels_or_100mm_crossover_wheels/,ElectricSkateboarding
96,VirtuallyChris,A god damn rock under a leaf. Road rash everywhere!,1510275994.0,1510247194.0,/r/ElectricSkateboarding/comments/7bqxrv/what_has_caused_you_to_fall/dpkux4w/,ElectricSkateboarding
97,VirtuallyChris,"If you feel like the Meepo remote is too small/want a better grip on the stick, the Backfire II remote should work. Although it has a terrible dead zone which keeps me from using it.",1510203689.0,1510174889.0,/r/ElectricSkateboarding/comments/7bm5c8/remote_compatibility_with_meepo_boards/dpjiff3/,ElectricSkateboarding
98,VirtuallyChris,"The Nano-X has given this to me on the Raptor 2. I have never had a single disconnection, and I'm sure I speak for everybody with a Raptor 2. I really love how reliable the board is!",1509957665.0,1509928865.0,/r/ElectricSkateboarding/comments/7az6kd/what_changesinnovations_in_the_industry_do_you/dpeipeb/,ElectricSkateboarding
99,VirtuallyChris,I understand that concern! As of now I haven't had any urethane slippage and it seems very secure.,1509429070.0,1509400270.0,/r/ElectricSkateboarding/comments/79n8cb/backfire_ii_indepth_review_speed_test_range_test/dp441rx/,ElectricSkateboarding
100,VirtuallyChris,"I'm almost positive I have the 4mah battery, but I can check that out later. Mine is a production board. Not a pre-production sample.",1509429003.0,1509400203.0,/r/ElectricSkateboarding/comments/79n8cb/backfire_ii_indepth_review_speed_test_range_test/dp43zkn/,ElectricSkateboarding
101,VirtuallyChris,They advertise 15 mile range.,1509428951.0,1509400151.0,/r/ElectricSkateboarding/comments/79n8cb/backfire_ii_indepth_review_speed_test_range_test/dp43xv4/,ElectricSkateboarding
102,VirtuallyChris,"I know to people who purchased a board they are sending, they can send replacement urethane. I think the mold was the wrong shape. Since mine is a review unit I'm not really expecting that for myself :)",1509428890.0,1509400090.0,/r/ElectricSkateboarding/comments/79n8cb/backfire_ii_indepth_review_speed_test_range_test/dp43vw0/,ElectricSkateboarding
23,VirtuallyChris,"Backfire II In-Depth Review! (Speed Test, Range Test, Hill Climb Test, and How it Compares to a Meepo!). ",1509393665.0,1509364865.0,/r/ElectricSkateboards/comments/79n8gi/backfire_ii_indepth_review_speed_test_range_test/,ElectricSkateboards
24,VirtuallyChris,"Backfire II In-Depth Review! (Speed Test, Range Test, Hill Climb Test, and How it Compares to a Meepo!). ",1509393627.0,1509364827.0,/r/ElectricSkateboarding/comments/79n8cb/backfire_ii_indepth_review_speed_test_range_test/,ElectricSkateboarding
103,VirtuallyChris,Nice summary :),1508304872.0,1508276072.0,/r/ElectricSkateboards/comments/768uix/wowgo_board_indepth_review_from_a_meepo_board/doicswh/,ElectricSkateboards
104,VirtuallyChris,Thank you!,1508304863.0,1508276063.0,/r/ElectricSkateboards/comments/768uix/wowgo_board_indepth_review_from_a_meepo_board/doicskn/,ElectricSkateboards
105,VirtuallyChris,You're too kind <3 :),1508235676.0,1508206876.0,/r/oculus/comments/76pq2u/vr_roundtable_episode_57_megaton_rainfall/doh0u3j/,oculus
106,VirtuallyChris,Yeah! I think my board was before this change was enacted.,1508030445.0,1508001645.0,/r/ElectricSkateboarding/comments/766yyz/wowgo_board_indepth_review_from_a_meepo_board/dod38hs/,ElectricSkateboarding
107,VirtuallyChris,"Its basically the same, I think I went over more hills in my Meepo range test",1508030425.0,1508001625.0,/r/ElectricSkateboarding/comments/766yyz/wowgo_board_indepth_review_from_a_meepo_board/dod37vo/,ElectricSkateboarding
25,VirtuallyChris,"WowGo Board In-Depth Review from a Meepo Board owner! Any questions, ask below! ;D. ",1507968820.0,1507940020.0,/r/ElectricSkateboards/comments/768uix/wowgo_board_indepth_review_from_a_meepo_board/,ElectricSkateboards
26,VirtuallyChris,"WowGo Board In-Depth Review from a Meepo Board owner! Any questions, ask below! ;D. ",1507950193.0,1507921393.0,/r/ElectricSkateboarding/comments/766yyz/wowgo_board_indepth_review_from_a_meepo_board/,ElectricSkateboarding
108,VirtuallyChris,Did your Meepo ship with that deck shape? The ends look way more squared off :o,1507019626.0,1506990826.0,/r/ElectricSkateboarding/comments/73wygk/thanks_kieran_i_am_loving_your_board_happy/dntr2m9/,ElectricSkateboarding
109,VirtuallyChris,The Raptor 2 also dissipates excess power as heat so the board shouldn't turn off when breaking. This could be an option for OP,1507019533.0,1506990733.0,/r/ElectricSkateboarding/comments/73vtu9/mellow_boosted_braking/dntqzui/,ElectricSkateboarding
110,VirtuallyChris,I will be doing a Meepo vs Backfire II video very shortly :) I should be receiving mine any day now!,1507007743.0,1506978943.0,/r/ElectricSkateboarding/comments/73vp1f/what_about_backfire_2/dntheip/,ElectricSkateboarding
111,VirtuallyChris,Awesome! They are super cool guys :),1506332319.0,1506303519.0,/r/ElectricSkateboarding/comments/727eps/raptor_2_tip_read_the_instructions_takes_5/dngsuq6/,ElectricSkateboarding
112,VirtuallyChris,"1000x yes to this tip. I was an idiot and didn't do this for a while and it made the board unsafe with how fast it accelerated. Now with calibrating it before each ride, I feel incredibly in control.",1506330098.0,1506301298.0,/r/ElectricSkateboarding/comments/727eps/raptor_2_tip_read_the_instructions_takes_5/dngr0wl/,ElectricSkateboarding
113,VirtuallyChris,"I will hopefully be getting a Backfire 2 in the studio sometime soon, so I will be able to answer this question with a comparison video :)",1505982616.0,1505953816.0,/r/ElectricSkateboarding/comments/718234/meepo_vs_backfire_2/dnacf9e/,ElectricSkateboarding
114,VirtuallyChris,"I finally got my Enertion Raptor 2! Instead of waiting for a full review, I decided to get some footage of my first few rides and the unboxing! Full review in the next few weeks :) If there are any questions, feel free to ask in the comments of the video, or in this thread!",1505433920.0,1505405120.0,/r/ElectricSkateboarding/comments/7036uu/raptor_2_unboxing_and_first_ride_order_17/dmzzxyu/,ElectricSkateboarding
27,VirtuallyChris,Raptor 2 Unboxing and FIRST RIDE! (Order #17). ,1505433869.0,1505405069.0,/r/ElectricSkateboarding/comments/7036uu/raptor_2_unboxing_and_first_ride_order_17/,ElectricSkateboarding
115,VirtuallyChris,"For sure, it's all plug and play. I would just buy a Meepo board flat out though, cause I think it's about the same price as buying the parts separate. From there, you could just deck swap.",1504568495.0,1504539695.0,/r/ElectricSkateboarding/comments/6y0sxx/can_i_buy_all_the_parts_of_a_meepo_board_besides/dmjvhn3/,ElectricSkateboarding
116,VirtuallyChris,"Ahh I thought I was #15 but I just asked support and I'm number 17!! I'll let everyone know if I get mine soon, but it seems like you're at the cutoff of the old boxes.",1504410289.0,1504381489.0,/r/ElectricSkateboarding/comments/6xjnhi/few_more_raptor_2s_have_been_shipped/dmh9wkm/,ElectricSkateboarding
117,VirtuallyChris,These guys should probably be wearing a helmet.. lol Sick tricks though!,1504327449.0,1504298649.0,/r/ElectricSkateboarding/comments/6xh3qz/these_guys_are_good/dmfw7s6/,ElectricSkateboarding
118,VirtuallyChris,I'm pretty sure the street wheel option is a new announcement! I've been following every little detail and I don't remember hearing that.,1503745810.0,1503717010.0,/r/ElectricSkateboarding/comments/6w2sxg/raptor_2_will_get_a_97mm_street_wheel_option_in/dm50u83/,ElectricSkateboarding
119,VirtuallyChris,"Holy shit this is savage as fuck, please do it.",1503731039.0,1503702239.0,/r/oculus/comments/6w1xog/what_do_you_guys_think_should_i_buy_vive/dm4qf0g/,oculus
120,VirtuallyChris,Thanks so much! :),1503723865.0,1503695065.0,/r/ElectricSkateboarding/comments/6w0t06/meepo_board_indepth_review_speed_test_range_test/dm4kr4d/,ElectricSkateboarding
121,VirtuallyChris,"I appreciate your feedback :) When I say in-depth review, I meant more so testing everything the board can do versus what is claimed. Having had the board for over 2 weeks and using it day in day out, I haven't noticed any extreme degradation on the urethane or anything. I still can't speak 100% to the longevity of the board, but a final verdict video will be in order in a few months. If I experience any big issues, I'll be sure to post another video. And good point about close ups. For my next review I'll be sure to include more of those :)",1503723756.0,1503694956.0,/r/ElectricSkateboarding/comments/6w0t06/meepo_board_indepth_review_speed_test_range_test/dm4knu8/,ElectricSkateboarding
122,VirtuallyChris,I would agree with that. There's a certain point where constant hills would require a more expensive board.,1503723451.0,1503694651.0,/r/ElectricSkateboarding/comments/6w0t06/meepo_board_indepth_review_speed_test_range_test/dm4keeu/,ElectricSkateboarding
123,VirtuallyChris,"Thank you for that information! I guess the board dips down below half then back up, cause if I take a rest for a bit, battery goes up a bit and beeping stops.",1503721785.0,1503692985.0,/r/ElectricSkateboarding/comments/6w0t06/meepo_board_indepth_review_speed_test_range_test/dm4iydk/,ElectricSkateboarding
124,VirtuallyChris,Thank you! I completely agree. I'll have to have some route I always take with all my reviews so boards can be compared. That seems to be the only way I can think of..,1503721709.0,1503692909.0,/r/ElectricSkateboarding/comments/6w0t06/meepo_board_indepth_review_speed_test_range_test/dm4iw0g/,ElectricSkateboarding
125,VirtuallyChris,"I wanted to make a fully fledged review of this board the second I heard about it. It always seemed too good to be true, but I put it through its paces in this video. I hope it helps lots of people who were on the fence about the Meepo board :) If there are any questions, feel free to ask and I'll answer!",1503719051.0,1503690251.0,/r/ElectricSkateboarding/comments/6w0t06/meepo_board_indepth_review_speed_test_range_test/dm4gkhw/,ElectricSkateboarding
28,VirtuallyChris,"Meepo Board In-Depth Review (Speed Test, Range Test, and More!). ",1503718646.0,1503689846.0,/r/ElectricSkateboarding/comments/6w0t06/meepo_board_indepth_review_speed_test_range_test/,ElectricSkateboarding
126,VirtuallyChris,"My Meepo review will be up at 3:30 EST today, I think that will help you decide :)",1503706803.0,1503678003.0,/r/ElectricSkateboarding/comments/6vyo8k/what_is_a_good_but_semi_cheap_electric_skateboard/dm457oy/,ElectricSkateboarding
127,VirtuallyChris,"This is funny, although I guess I was out of the mold a bit cause I bought a Raptor 1 as the first skateboard I've ever rode xD Took a bit to get used to, but it was worth it.",1501972828.0,1501944028.0,/r/ElectricSkateboarding/comments/6rmujs/what_eboard_should_i_buy_workflow/dl7alzx/,ElectricSkateboarding
128,VirtuallyChris,"I'll be doing a full review of it on my channel in the coming weeks! Stay tuned :) I'm going to test top speed, range, and everything I can think of.",1501972685.0,1501943885.0,/r/ElectricSkateboarding/comments/6rkj9r/meepo_as_good_as_it_seems/dl7aik0/,ElectricSkateboarding
129,VirtuallyChris,"The V app does this, http://www.hellov.io/",1501211992.0,1501183192.0,/r/oculus/comments/6pwpza/i_wish_there_was_a_iphone_mod/dkt3nh7/,oculus
29,VirtuallyChris,"Insignia NS-40D510NA17 flickering issue (happens every 10-15 minutes, at random, and only gets better if the tv is tapped or moved). ",1500634404.0,1500605604.0,/r/TVRepair/comments/6ol8ks/insignia_ns40d510na17_flickering_issue_happens/,TVRepair
130,VirtuallyChris,"I don't own a boosted board, but I will be doing a hill climb test. If I find anyone in my area with a boosted board I'd love to do that video! :)",1499468477.0,1499439677.0,/r/ElectricSkateboarding/comments/6loa37/raptor_2_electric_skateboard_first_impressions/djwke46/,ElectricSkateboarding
131,VirtuallyChris,"It was for sure better acceleration than the Raptor 1, which was already insane. I'd bet it's faster than the bamboo gt.",1499468439.0,1499439639.0,/r/ElectricSkateboarding/comments/6loa37/raptor_2_electric_skateboard_first_impressions/djwkcxo/,ElectricSkateboarding
132,VirtuallyChris,"Compared to the Raptor 1, it felt much smoother without a push start. Yet it still has the option of even more accel power than the Raptor 1 if you want it! Really quite impressive.",1499401141.0,1499372341.0,/r/ElectricSkateboarding/comments/6loa37/raptor_2_electric_skateboard_first_impressions/djvcp23/,ElectricSkateboarding
30,VirtuallyChris,Raptor 2 Electric Skateboard | FIRST IMPRESSIONS!. ,1499399181.0,1499370381.0,/r/ElectricSkateboarding/comments/6loa37/raptor_2_electric_skateboard_first_impressions/,ElectricSkateboarding
31,VirtuallyChris,Vive Deluxe Audio Strap REVIEW (from VR Roundtable!). ,1496178005.0,1496149205.0,/r/virtualreality/comments/6e76uy/vive_deluxe_audio_strap_review_from_vr_roundtable/,virtualreality
32,VirtuallyChris,Vive Deluxe Audio Strap REVIEW (from VR Roundtable!). ,1496178000.0,1496149200.0,/r/Vive/comments/6e76ua/vive_deluxe_audio_strap_review_from_vr_roundtable/,Vive
133,VirtuallyChris,"Use a displayport to HDMI adapter, it will work for your TV or for the Rift, although the Rift seems to be more reliable with the direct HDMI port rather than going through an adapter.",1495952108.0,1495923308.0,/r/oculus/comments/6dqa76/can_i_use_a_hdmi_splitter_on_my_graphics_card_to/di4kons/,oculus
134,VirtuallyChris,Thanks so much for having me! It was a lot of fun :),1491306389.0,1491277589.0,/r/oculus/comments/636x04/vr_roundtable_episode_29_palmer_leaves_oculus/dfsvx5p/,oculus
135,VirtuallyChris,Landfall.,1489218916.0,1489190116.0,/r/oculus/comments/5yorm5/castle_must_be_mine/derxz6p/,oculus
136,VirtuallyChris,"I agree this should be an optional message. I have a 2 sensor 360 degree setup, and it works great! My space is too small for a third sensor lol",1488441580.0,1488412780.0,/r/oculus/comments/5wy9ju/dear_epic_please_get_rid_of_this_some_of_us_have/dee3s7h/,oculus
137,VirtuallyChris,"I did this with my DK1, and had to get a replacement. I wish you luck! Hopefully it's something you can fix or have a friend fix who's good at electronics :/",1486635200.0,1486606400.0,/r/oculus/comments/5svvdu/did_i_just_burn_my_dk1_power_supply/ddiizc7/,oculus
138,VirtuallyChris,"It got taken down, can you upload a mirror?",1486299433.0,1486270633.0,/r/madeon/comments/5qjr2c/madeon_dj_set_electroshock_starbourg/ddckso1/,madeon
139,VirtuallyChris,I'd love to test this out with folks! :),1485079770.0,1485050970.0,/r/oculus/comments/5pc8en/cuvrball_now_20_better_than_rocket_league_is/dcqjl4i/,oculus
140,VirtuallyChris,Download link is broken! :c,1483692469.0,1483663669.0,/r/madeon/comments/5lwkdl/madeon_zephyr_instrumental/dc21819/,madeon
141,VirtuallyChris,"If the cable is longer, YES",1483669389.0,1483640589.0,/r/oculus/comments/5m5sez/collecting_cv1_replacement_headset_cable_orders/dc1hby5/,oculus
142,VirtuallyChris,It was! Only a few bucks off though haha,1483003735.0,1482974935.0,/r/oculus/comments/5kt8je/everyones_favorite_touch_games/dbqlr5o/,oculus
143,VirtuallyChris,The Vive actually uses USB 2.0 so that would make since why you haven't had problems with it :),1481512277.0,1481483477.0,/r/oculus/comments/5hqhwp/using_usb_20_was_better_for_my_rift_and_touch/db2e9aj/,oculus
144,VirtuallyChris,"Can you do a 4k one? I'm probably in the minority here, but I have a 4k monitor xD",1481072037.0,1481043237.0,/r/oculus/comments/5gsimf/i_made_a_vr_wallpaper/dauzxdt/,oculus
145,VirtuallyChris,ReVive.,1481003723.0,1480974923.0,/r/oculus/comments/5gnq6m/psa_mediumquilldead_and_buried_will_be_free_when/datw1gx/,oculus
33,VirtuallyChris,"Selling Enertion Raptor Dual!. Update: My board sold, but my friend's is still up! Check it out here: http://www.ebay.com/itm/Enertion-Raptor-Complete-Package-/132007723921?roken=cUgayN&soutkn=AoBuH1

Hi everyone! I'm selling my Enertion Raptor Dual electric longboard. It's barely used with no broken belts and everything working just as it did when I got it. It probably has under 10 miles on it. It's a fantastic board, I couldn't recommend it enough. It lasts longer, and is faster than a Boosted Board! Unfortunately I have to sell it to pay for other things.. I hope whoever buys this will enjoy it as much as I did!

http://www.ebay.com/itm/-/272454806392?roken=cUgayN&soutkn=EjjAoA

BOARD SPECS

45km/h top speed
Total Built weight 7.2kg
Twin 190KV Motors
30km range
270Wh Li-ion Battery & Charger
Rechargeable Wireless Winning remote
Carbon Fiber Deck with integrated electronics

The board comes with everything as shown in the pictures, which is everything from the manufacturer, as well as a bunch of extra screws for the lid on the deck. There are some light scuffs and scratches on the exterior of the board from riding, but nothing remotely noticeable.

If you have any questions let me know! I look forward to joining the electric skateboard community again in the future once money's a bit easier to come by!",1479607697.0,1479578897.0,/r/ElectricSkateboarding/comments/5dto8e/selling_enertion_raptor_dual/,ElectricSkateboarding
146,VirtuallyChris,"According to the designing touch panel, 30 hours without haptic feedback, and 20 hours with it. :)",1479605575.0,1479576775.0,/r/oculus/comments/5dtdl9/how_long_can_the_touch_controllers_last_on_one/da74p61/,oculus
147,VirtuallyChris,The text is on the site.. :),1478826788.0,1478797988.0,/r/oculus/comments/5c8plj/asw_rendering_in_slow_motion_vs_45_fps_not/d9ujqq9/,oculus
148,VirtuallyChris,"Any game designed for seating wouldn't make you reach below your armrests I'd assume, so I think you'll be just fine getting the better chair :)",1478605303.0,1478576503.0,/r/oculus/comments/5bq4cz/are_all_touchhandtracking_controllers_a_standup/d9qlj70/,oculus
149,VirtuallyChris,"This same process should work with the DK2, good luck :) https://www.youtube.com/watch?v=XiLYa1EZL04",1478318949.0,1478290149.0,/r/oculus/comments/5b4avs/ps_move_dk2/d9lzazz/,oculus
150,VirtuallyChris,"It's hard for me to watch this video simply because of your microphone :/. As constructive criticism, in the future use the built-in Rift mic. It sounds way better, almost to the level of higher end condenser microphones plus it's already attached to your face when you record :)",1477373627.0,1477344827.0,/r/oculus/comments/596kon/eagle_flight_vr_multiplayer_gameplay_with_game/d9662aq/,oculus
151,VirtuallyChris,Is the sync-cable plugged into the breakout box of the DK2 and the back of the camera? It's like this 2.5mm audio-cable looking thing.,1476696453.0,1476667653.0,/r/oculus/comments/57us0n/dk2_camera_not_working_properly_even_though_its/d8v4bri/,oculus
152,VirtuallyChris,"Personally I see it as a benefit to get the Rift now and experience all the games that use gamepad before the Touch controllers finally release in few months. That being said, if they do offer a bundle (which I kinda doubt) you'll know in less than two weeks! :) Personally I would think the extra cost of buying them separate (if there is one) would end up being worth just so you'd get to experience the Rift months sooner than you would otherwise.",1474878352.0,1474849552.0,/r/oculus/comments/54hyoq/buy_now_or_wait_until_after_oculus_connect_andor/d820fli/,oculus
153,VirtuallyChris,"Same thing. i7-3820, GTX 980",1474443142.0,1474414342.0,/r/oculus/comments/53p2ey/through_the_ages_nps_has_stopped_working_help/d7vb8q4/,oculus
154,VirtuallyChris,Crashes for me as well :c i7-3820,1474332716.0,1474303916.0,/r/oculus/comments/53fq43/wow_the_obama_national_parks_experience_has_the/d7tc8b3/,oculus
155,VirtuallyChris,Thanks for watching! :),1473638283.0,1473609483.0,/r/Vive/comments/525odt/this_week_in_vr_is_back_oculus_touch_release_date/d7i9ydh/,Vive
156,VirtuallyChris,Happy to :),1473638276.0,1473609476.0,/r/Vive/comments/525odt/this_week_in_vr_is_back_oculus_touch_release_date/d7i9y6w/,Vive
157,VirtuallyChris,Thanks for subscribing! Cloudlands is very fun :),1473584523.0,1473555723.0,/r/Vive/comments/525odt/this_week_in_vr_is_back_oculus_touch_release_date/d7hmjsy/,Vive
158,VirtuallyChris,Didn't see that one until it was too late :c I'll include it in next week's show though! Thanks for watching :),1473584506.0,1473555706.0,/r/Vive/comments/525odt/this_week_in_vr_is_back_oculus_touch_release_date/d7hmjg5/,Vive
34,VirtuallyChris,"This Week in VR is BACK! | Oculus Touch Release Date Leak, Rockband VR, TiltBrush Update, and More. ",1473577267.0,1473548467.0,/r/Vive/comments/525odt/this_week_in_vr_is_back_oculus_touch_release_date/,Vive
35,VirtuallyChris,"This Week in VR is BACK! | Oculus Touch Release Date Leak, Rockband VR, TiltBrush Update, and More. ",1473577253.0,1473548453.0,/r/oculus/comments/525ocu/this_week_in_vr_is_back_oculus_touch_release_date/,oculus
159,VirtuallyChris,"Yeah I have access to a 3D printer, just really like the design. That'd be great if you could message me the file when you get around to it :)",1473502125.0,1473473325.0,/r/oculus/comments/51zpt1/3d_printed_rift_sensor/d7ghnhg/,oculus
160,VirtuallyChris,"Any link to the mount? This would be perfect for my setup, plus I love how far it can point down to be mounted up high.",1473499675.0,1473470875.0,/r/oculus/comments/51zpt1/3d_printed_rift_sensor/d7gg82m/,oculus
161,VirtuallyChris,"Figured I'd share this with everyone here! We made a lot of mistakes, but there's a conclusion at the end so you can learn from them :P",1472091227.0,1472062427.0,/r/Vive/comments/4zdxob/outdoor_vive_roomscale_testing_the_dos_and_donts/d6uyj2n/,Vive
36,VirtuallyChris,Outdoor Vive Room-Scale Testing | The Do's and Don'ts!. ,1472091153.0,1472062353.0,/r/Vive/comments/4zdxob/outdoor_vive_roomscale_testing_the_dos_and_donts/,Vive
37,VirtuallyChris,"This Week in VR | Minecraft Releases on Rift, New Vive Cable, Senza Peso Resurection, and More!. ",1471845376.0,1471816576.0,/r/Vive/comments/4yxcns/this_week_in_vr_minecraft_releases_on_rift_new/,Vive
38,VirtuallyChris,"This Week in VR | Minecraft Releases on Rift, New Vive Cable, Senza Peso Resurection, and More!. ",1471845365.0,1471816565.0,/r/oculus/comments/4yxcmd/this_week_in_vr_minecraft_releases_on_rift_new/,oculus
162,VirtuallyChris,I'm trying :D Haven't been on camera much in my previous channel so it's something to get used to,1471260646.0,1471231846.0,/r/Vive/comments/4xoxkk/this_week_in_vr_minecraft_coming_to_touch_oculus/d6hvt05/,Vive
163,VirtuallyChris,Thank you so much!,1471260623.0,1471231823.0,/r/Vive/comments/4xoxkk/this_week_in_vr_minecraft_coming_to_touch_oculus/d6hvsih/,Vive
39,VirtuallyChris,"This Week in VR | Minecraft Coming to Touch, Oculus Touch Config Screens, New Vive Bundle, and More!. ",1471222659.0,1471193859.0,/r/Vive/comments/4xoxkk/this_week_in_vr_minecraft_coming_to_touch_oculus/,Vive
40,VirtuallyChris,"This Week in VR | Minecraft Coming to Touch, Oculus Touch Config Screens, New Vive Bundle, and More!. ",1471222651.0,1471193851.0,/r/oculus/comments/4xoxjl/this_week_in_vr_minecraft_coming_to_touch_oculus/,oculus
164,VirtuallyChris,The 64-bit PSMoveService works with the same libusb win32 driver. There's no performance gain from getting the 64-bit PS Eye drivers. The core software has a 64 bit option for those who run steamvr in 64 bit for better steamvr performance. Doesn't really effect the PSMoveService performance in any noticeable way. :) Hope that helps!,1470830680.0,1470801880.0,/r/oculus/comments/4x04fz/anyone_built_the_64_bit_psmoveservice/d6be7cu/,oculus
41,VirtuallyChris,"This Week in VR | $720 VR-Ready PC, Valve Licensing Lighthouse Tracking, New Gear VR, and More!. ",1470535868.0,1470507068.0,/r/Vive/comments/4wh03f/this_week_in_vr_720_vrready_pc_valve_licensing/,Vive
42,VirtuallyChris,"This Week in VR | $720 VR-Ready PC, Valve Licensing Lighthouse Tracking, New Gear VR, and More!. ",1470535839.0,1470507039.0,/r/oculus/comments/4wh00o/this_week_in_vr_720_vrready_pc_valve_licensing/,oculus
165,VirtuallyChris,Thanks so much!,1470535287.0,1470506487.0,/r/oculus/comments/4wcb6b/playstation_vr_impressions_from_viverift_owner/d66vsfp/,oculus
166,VirtuallyChris,Couldn't agree more with everything you said!,1470535279.0,1470506479.0,/r/oculus/comments/4wcb6b/playstation_vr_impressions_from_viverift_owner/d66vs9e/,oculus
167,VirtuallyChris,"Could be the specific demo situation, or I'm ultra sensitive to positional tracking lag. As I said though, head rotation is perfect so if you don't get up and walk around you may not have noticed. :)",1470535233.0,1470506433.0,/r/oculus/comments/4wcb6b/playstation_vr_impressions_from_viverift_owner/d66vra9/,oculus
168,VirtuallyChris,You definitely should :),1470535180.0,1470506380.0,/r/oculus/comments/4wcb6b/playstation_vr_impressions_from_viverift_owner/d66vq3o/,oculus
169,VirtuallyChris,"I'll help out! i7-3820, GTX 980, 16GB RAM :)",1470282319.0,1470253519.0,/r/Vive/comments/4vyxil/need_beta_testers_for_endless_labyrinth_come_get/d62wucv/,Vive
43,VirtuallyChris,"This Week in VR | Veeso Face Tracking HMD, Hydra Drivers, New Gear VR Leak!. ",1470023526.0,1469994726.0,/r/oculus/comments/4vip0q/this_week_in_vr_veeso_face_tracking_hmd_hydra/,oculus
44,VirtuallyChris,"This Week in VR | Veeso Face Tracking HMD, Hydra Drivers, New Gear VR Leak!. ",1470022359.0,1469993559.0,/r/Vive/comments/4vilyo/this_week_in_vr_veeso_face_tracking_hmd_hydra/,Vive
170,VirtuallyChris,"I do warn you, some have been having issues with Vridge in this current version of the PSMoveService, so hold out on it until they add some new features :) Wait for the PSMoveService to get updated, then use this tutorial on how to set it up https://www.youtube.com/watch?v=XiLYa1EZL04 I wish you luck sir!

",1469942882.0,1469914082.0,/r/oculus/comments/4vaqvb/using_a_wii_remoteps_move_controller_as_hydra/d5xleq0/,oculus
171,VirtuallyChris,"I'd love a game that feels magical, spreading color to objects you touch or where you walk. Very cool ideas could be done with this type of mechanic.. hmm..",1469942600.0,1469913800.0,/r/oculus/comments/4v86xb/i_feel_like_black_white_should_make_a_return_in_vr/d5xl8r3/,oculus
172,VirtuallyChris,"Unless you're getting a new phone (being the Note 7), the current generation Gear VR will be all you need! If you're going to upgrade to the Note 7, then you'll need to wait to buy the new Gear VR to go with it. I'm still rocking the ""Innovators edition"" for the S6! :P",1469942512.0,1469913712.0,/r/oculus/comments/4vdu7b/buy_the_gear_vr_now_or_wait_till_the_new_gear_vr/d5xl6wy/,oculus
173,VirtuallyChris,I'd love to try it out! Had to remove my ping pong table for the Vive and I'd love to kinda have it back hahaha,1469491244.0,1469462444.0,/r/Vive/comments/4uj1t7/pong_waves_vr_multiplayer_alpha_key_giveaway_50/d5q3x74/,Vive
45,VirtuallyChris,"From Foveated Rendering to PSVR Demos, here's this weeks Virtually News! :). ",1469425156.0,1469396356.0,/r/Vive/comments/4uf7c2/from_foveated_rendering_to_psvr_demos_heres_this/,Vive
46,VirtuallyChris,"From Foveated Rendering to PSVR Demos, here's this weeks Virtually News! :). ",1469425120.0,1469396320.0,/r/oculus/comments/4uf78m/from_foveated_rendering_to_psvr_demos_heres_this/,oculus
174,VirtuallyChris,"Ah I see, I'm sorry I already registered mine :'(",1469157107.0,1469128307.0,/r/oculus/comments/4txq2i/evevalkyrie_code_needed/d5lc71l/,oculus
175,VirtuallyChris,"Email Oculus about that, because you should have been sent a code after your Rift shipped.",1469146407.0,1469117607.0,/r/oculus/comments/4txq2i/evevalkyrie_code_needed/d5l3phs/,oculus
47,VirtuallyChris,"From Oculus Connect 3, to Star Wars, to Rick and Morty, a lot happened this week! Here's the 5th installment of Virtually News :). ",1468812233.0,1468783433.0,/r/Vive/comments/4tb3rr/from_oculus_connect_3_to_star_wars_to_rick_and/,Vive
48,VirtuallyChris,"From Oculus Connect 3, to Star Wars, to Rick and Morty, a lot happened this week! Here's the 5th installment of Virtually News :). ",1468812203.0,1468783403.0,/r/oculus/comments/4tb3on/from_oculus_connect_3_to_star_wars_to_rick_and/,oculus
176,VirtuallyChris,"I appreciate the feedback! :) I agree, my C920 isn't cutting it for the video quality. Next week I'll have a much better video solution. I'm sure next week I'll be less tired too 0.0 Overall I appreciate the support and aim to make those improvements you suggested as soon as I can!",1468217849.0,1468189049.0,/r/Vive/comments/4s756h/a_whole_lot_happened_this_week_heres_this_weeks/d575ddt/,Vive
49,VirtuallyChris,A whole lot happened this week! Here's this week's roundup of Virtually News :). ,1468210327.0,1468181527.0,/r/Vive/comments/4s756h/a_whole_lot_happened_this_week_heres_this_weeks/,Vive
50,VirtuallyChris,A whole lot happened this week! Here's this week's roundup of Virtually News :). ,1468210295.0,1468181495.0,/r/oculus/comments/4s753t/a_whole_lot_happened_this_week_heres_this_weeks/,oculus
51,VirtuallyChris,Here's this weeks VR news in a condensed way! Enjoy :). ,1467504433.0,1467475633.0,/r/oculus/comments/4qxsua/heres_this_weeks_vr_news_in_a_condensed_way_enjoy/,oculus
52,VirtuallyChris,Here's this weeks VR news in a condensed way! Enjoy :). ,1467504411.0,1467475611.0,/r/Vive/comments/4qxssi/heres_this_weeks_vr_news_in_a_condensed_way_enjoy/,Vive
177,VirtuallyChris,Thanks! :),1466920488.0,1466891688.0,/r/oculus/comments/4ptosy/heres_this_weeks_vr_news_in_a_condensed_way/d4nymg5/,oculus
178,VirtuallyChris,I'm glad you liked it! :),1466913698.0,1466884898.0,/r/oculus/comments/4ptosy/heres_this_weeks_vr_news_in_a_condensed_way/d4numze/,oculus
53,VirtuallyChris,Here's this weeks VR news in a condensed way! (Thanks for the support on the last episode :D). ,1466907673.0,1466878873.0,/r/oculus/comments/4ptosy/heres_this_weeks_vr_news_in_a_condensed_way/,oculus
54,VirtuallyChris,Here's this weeks VR news in a condensed way! (Thanks for the support on the last episode :D). ,1466907590.0,1466878790.0,/r/Vive/comments/4ptok0/heres_this_weeks_vr_news_in_a_condensed_way/,Vive
179,VirtuallyChris,Awesome! I'm glad you're coming aboard on my next adventure! :),1466668816.0,1466640016.0,/r/Vive/comments/4owkfy/ive_started_a_youtube_channel_that_gives_weekly/d4k4mqo/,Vive
180,VirtuallyChris,Nope! I used to have a gaming channel with 56k subs but I quit to do VR :),1466547886.0,1466519086.0,/r/Vive/comments/4owkfy/ive_started_a_youtube_channel_that_gives_weekly/d4hzqdo/,Vive
181,VirtuallyChris,I just recently picked it up. I love it! https://www.amazon.com/gp/product/B01D2PFJ8C/ref=oh_aui_detailpage_o06_s00?ie=UTF8&psc=1,1466477680.0,1466448880.0,/r/Vive/comments/4owkfy/ive_started_a_youtube_channel_that_gives_weekly/d4gz5ja/,Vive
182,VirtuallyChris,Thanks! :D,1466472133.0,1466443333.0,/r/Vive/comments/4owkfy/ive_started_a_youtube_channel_that_gives_weekly/d4guwgh/,Vive
183,VirtuallyChris,Thanks! :),1466463156.0,1466434356.0,/r/Vive/comments/4owkfy/ive_started_a_youtube_channel_that_gives_weekly/d4gobau/,Vive
184,VirtuallyChris,"Thanks for the advice, I appreciate the support!",1466463142.0,1466434342.0,/r/Vive/comments/4owkfy/ive_started_a_youtube_channel_that_gives_weekly/d4goaz3/,Vive
185,VirtuallyChris,For sure ;D,1466463123.0,1466434323.0,/r/Vive/comments/4owkfy/ive_started_a_youtube_channel_that_gives_weekly/d4goagw/,Vive
55,VirtuallyChris,I've started a YouTube channel that gives weekly VR news in a condensed way! I'd love feedback :). ,1466419779.0,1466390979.0,/r/Vive/comments/4owkfy/ive_started_a_youtube_channel_that_gives_weekly/,Vive
186,VirtuallyChris,It was always known that SteamVR would support Oculus Touch since the Vision Summit a few months ago. https://www.reddit.com/r/oculus/comments/4dk56n/valve_on_using_the_rift_with_chaperonesteamvr/ I wouldn't call it a waste of money considering touch won't be out for a while and you get to try all the vive games now instead of later! :) You can always sell the Rift or Vive on ebay later on if you feel that you don't need both.,1466418829.0,1466390029.0,/r/oculus/comments/4owgn9/got_a_vive_now_i_hear_steamvr_works_with_touch/d4g4klq/,oculus
187,VirtuallyChris,"Thanks so much! :) I remember watching her show long ago, and I definitely take inspiration from what she's accomplished with VirtuAlly. I'd also like to know what happened 0.0",1466330309.0,1466301509.0,/r/oculus/comments/4oppum/virtually_news_a_weekly_roundup_of_vr_news/d4exhkf/,oculus
188,VirtuallyChris,Thanks so much! :),1466311927.0,1466283127.0,/r/oculus/comments/4oppum/virtually_news_a_weekly_roundup_of_vr_news/d4enmus/,oculus
189,VirtuallyChris,"I just wanted to introduce myself to everyone. I've been into VR since the DK1 days, and I've always been interested in transitioning my YouTube experience into something that benefits the VR community! Please let me know what you like and don't like. I'm going to make this a weekly show so people can keep up with all that's going on :)",1466304186.0,1466275386.0,/r/oculus/comments/4oppum/virtually_news_a_weekly_roundup_of_vr_news/d4ejadj/,oculus
56,VirtuallyChris,Virtually News | A Weekly Roundup of VR News!. ,1466304049.0,1466275249.0,/r/oculus/comments/4oppum/virtually_news_a_weekly_roundup_of_vr_news/,oculus
190,VirtuallyChris,Where the heck is it? 0.0,1465886118.0,1465857318.0,/r/oculus/comments/4ny3dz/jason_rubin_on_youtubegaming_live_at_e3_today_at/d47y5dt/,oculus
191,VirtuallyChris,"I think you're right, specifically for showcasing VR to older people or people who don't understand how to interact. Like, there's no game I can think of that doesn't require a bunch of training beforehand on the Vive (things that younger people can do instinctively though). All the experiences I can show my 70 year old grandfather are in Oculus Home, yet I like the addition of roomscale on top of it, which is why Revive is so awesome.",1464482125.0,1464453325.0,/r/oculus/comments/4lgg9f/so_the_anger_of_revive_is_actually_caused_by_a/d3n2tze/,oculus
192,VirtuallyChris,"I knew it was light, but not 1 ounce. That's freaking amazing ;)",1464333668.0,1464304868.0,/r/oculus/comments/4l82yh/when_you_look_at_the_rift_specs_according_to_best/d3l3ul1/,oculus
57,VirtuallyChris,When you look at the Rift specs according to Best Buy xD. ,1464333510.0,1464304710.0,/r/oculus/comments/4l82yh/when_you_look_at_the_rift_specs_according_to_best/,oculus
193,VirtuallyChris,"I got stuck where you were, but I had to reinstall windows 10 and the skip option came back. There's some file that doesn't go away when you uninstall Oculus Home and reinstall",1463357216.0,1463328416.0,/r/oculus/comments/4jg6lv/has_anybody_managed_to_get_their_dk2_to_work/d36f5lx/,oculus
