,author,body,created,created_utc,permalink,subreddit
0,zimkillgore,I’d love to!,1571440732.0,1571411932.0,/r/Blowjobs/comments/dew7tf/plenty_of_room_behind_me_for_someone_oc/f46puo9/,Blowjobs
1,zimkillgore,Well thank you for clearing that up!! Can it hook up to my phones hotspot?,1571237223.0,1571208423.0,/r/TeslaModel3/comments/dil9ru/do_all_the_models_of_tesla/f3wm0nk/,TeslaModel3
2,zimkillgore,So like it I’m will be a yearly thing for the 4G connection? Or will they turn off the connection for good on the SR,1571236672.0,1571207872.0,/r/TeslaModel3/comments/dil9ru/do_all_the_models_of_tesla/f3wlmhu/,TeslaModel3
0,zimkillgore,Do all the models of Tesla... [removed],1571236063.0,1571207263.0,/r/TeslaModel3/comments/dil9ru/do_all_the_models_of_tesla/,TeslaModel3
3,zimkillgore,😍,1566863213.0,1566834413.0,/r/AsiansGoneWild/comments/cv4qvn/i_could_use_a_drinking_buddy_in_my_hotel_room/ey5l9h7/,AsiansGoneWild
4,zimkillgore,Thank you,1558210602.0,1558181802.0,/r/SelfDrivingCars/comments/bptocy/qualcomm_trying_to_get_in_the_game_with_lidar/eo0r2ec/,SelfDrivingCars
5,zimkillgore,Yes it was in San Diego,1558210585.0,1558181785.0,/r/SelfDrivingCars/comments/bptocy/qualcomm_trying_to_get_in_the_game_with_lidar/eo0r1n7/,SelfDrivingCars
1,zimkillgore,Qualcomm trying to get in the game with lidar. ,1558140597.0,1558111797.0,/r/SelfDrivingCars/comments/bptocy/qualcomm_trying_to_get_in_the_game_with_lidar/,SelfDrivingCars
6,zimkillgore,"Elon Musk.. he was stranded here on earth, now he’s trying to get back to mars.",1557499761.0,1557470961.0,/r/AskReddit/comments/bmss7i/what_is_the_greatest_fuck_it_ill_do_it_myself_in/emzvi45/,AskReddit
7,zimkillgore,I can’t believe you would bring feedback to a feedback video without feedback on your feedback.,1557380523.0,1557351723.0,/r/teslamotors/comments/bmay3q/my_roommate_and_i_would_appreciate_feedback_from/emv9np8/,teslamotors
8,zimkillgore,"I did this at the beginning of April. I made a reservation online to test drive a model 3 on a Monday. Went in on a Saturday before just to look and it was slow, but they let me test drive that day knowing I was coming in Monday to test drive with my girlfriend. After the drive on Saturday, they knew how interested I was and called me later that day, about 6pm. They gave me the key to the one I test drove and said I could borrow it until the next day, but to return it at 10am when they opened. I signed a few things, they scanned my license and that was it!  Picked up my girl, Drove ALLLLLL over using their Tesla account for supercharging haha. It was the icing on the cake and led me to put a deposit on the next day.

I live in California if it makes a difference",1556892967.0,1556864167.0,/r/teslamotors/comments/bk50ee/model_3_overnight_test_drive/emdzc55/,teslamotors
9,zimkillgore,I am a photographer! Advertising and commercial work.,1556841334.0,1556812534.0,/r/teslamotors/comments/bjwjew/model_x/embrif3/,teslamotors
10,zimkillgore,Congrats!!,1556713475.0,1556684675.0,/r/teslamotors/comments/bjd303/my_new_model_3_dual_motor_long_range_comments_in/em7869a/,teslamotors
11,zimkillgore,"I’m in the same process, but Carnac wanted to give me $24k for my car and I owe $28k for a 2018 Camry XSE v6, which I took over payments from my sister. 

Car is amazing, don’t get me wrong, but it’s sucks up gas like crazy, end up spending ~$45 a week or less from work and gym and my kid, so the Tesla seems like a better choice since I can charge at home and work, also super charger across the street from my gym if I need it.

CONGRATS BTW!",1556371057.0,1556342257.0,/r/teslamotors/comments/bhvstz/my_terrific_experience_purchasing_a_model_3_this/elw6wy4/,teslamotors
12,zimkillgore,Thank you! I’m super pumped!,1556017337.0,1555988537.0,/r/teslamotors/comments/bgax0y/i_just_submitted_my_deposit_m3sr_fsd_white_on/eljo8ey/,teslamotors
13,zimkillgore,Yeah I’ve driven it so much at my local Tesla store. They know me by name now hahaha!,1556017325.0,1555988525.0,/r/teslamotors/comments/bgax0y/i_just_submitted_my_deposit_m3sr_fsd_white_on/eljo7w9/,teslamotors
14,zimkillgore,Thank you!,1556015722.0,1555986922.0,/r/teslamotors/comments/bgax0y/i_just_submitted_my_deposit_m3sr_fsd_white_on/eljm5er/,teslamotors
2,zimkillgore,I just submitted my deposit!! M3SR+ FSD WHITE ON WHITE. ,1556015601.0,1555986801.0,/r/teslamotors/comments/bgax0y/i_just_submitted_my_deposit_m3sr_fsd_white_on/,teslamotors
15,zimkillgore,Thank you!,1556007438.0,1555978638.0,/r/teslamotors/comments/bg8xpi/hello_fellow_owners_looking_to_get_into_a_tesla/eljbeu0/,teslamotors
16,zimkillgore,I’ll check out both and see why I can find!,1556007417.0,1555978617.0,/r/teslamotors/comments/bg8xpi/hello_fellow_owners_looking_to_get_into_a_tesla/eljbdvk/,teslamotors
17,zimkillgore,Definitely doing that hahaha,1556006430.0,1555977630.0,/r/teslamotors/comments/bg8xpi/hello_fellow_owners_looking_to_get_into_a_tesla/elja4ss/,teslamotors
18,zimkillgore,Sweet that’s good to hear! Definitely will get that done then,1556006406.0,1555977606.0,/r/teslamotors/comments/bg8xpi/hello_fellow_owners_looking_to_get_into_a_tesla/elja3qh/,teslamotors
19,zimkillgore,Thanks for that info!!,1556006229.0,1555977429.0,/r/teslamotors/comments/bg8xpi/hello_fellow_owners_looking_to_get_into_a_tesla/elj9vmx/,teslamotors
20,zimkillgore,Hell yeah! Hopefully I get in the world record hall of fame?!,1556006202.0,1555977402.0,/r/teslamotors/comments/bg8xpi/hello_fellow_owners_looking_to_get_into_a_tesla/elj9uga/,teslamotors
21,zimkillgore,Ahh I was thinking about doing a ceramic coating on it,1556005634.0,1555976834.0,/r/teslamotors/comments/bg8xpi/hello_fellow_owners_looking_to_get_into_a_tesla/elj94kw/,teslamotors
22,zimkillgore,"Oh, maybe I should take the post down then!",1556005403.0,1555976603.0,/r/teslamotors/comments/bg8xpi/hello_fellow_owners_looking_to_get_into_a_tesla/elj8txs/,teslamotors
23,zimkillgore,"Yeah I didn’t want to support people like that. I enjoy this community and the real content that comes with it. So I figured since this sub inspired me to get a Tesla, I’ll ask the sub if they want to have some free supercharging too! Haha win/win",1556004963.0,1555976163.0,/r/teslamotors/comments/bg8xpi/hello_fellow_owners_looking_to_get_into_a_tesla/elj89ya/,teslamotors
24,zimkillgore,Is it easy to keep the white exterior paint clean? Is has a pearl effect right?,1556004829.0,1555976029.0,/r/teslamotors/comments/bg8xpi/hello_fellow_owners_looking_to_get_into_a_tesla/elj83vx/,teslamotors
25,zimkillgore,Is this against rules?,1556004773.0,1555975973.0,/r/teslamotors/comments/bg8xpi/hello_fellow_owners_looking_to_get_into_a_tesla/elj818z/,teslamotors
26,zimkillgore,"From what I’ve been told, 1000 free miles of supercharging!",1556004417.0,1555975617.0,/r/teslamotors/comments/bg8xpi/hello_fellow_owners_looking_to_get_into_a_tesla/elj7kwd/,teslamotors
27,zimkillgore,M3 SR+ white on white aero wheels FSD!,1556004373.0,1555975573.0,/r/teslamotors/comments/bg8xpi/hello_fellow_owners_looking_to_get_into_a_tesla/elj7itv/,teslamotors
3,zimkillgore,Hello fellow owners! Looking to get into a Tesla! Was wondering if one of you had a referral code laying around?. ,1556004074.0,1555975274.0,/r/teslamotors/comments/bg8xpi/hello_fellow_owners_looking_to_get_into_a_tesla/,teslamotors
28,zimkillgore,Remind Me! 2 days,1555597241.0,1555568441.0,/r/creepy/comments/beeg3z/someone_on_fb_found_this/el62nmt/,creepy
29,zimkillgore,Thank you!,1554206059.0,1554177259.0,/r/pics/comments/b8dziu/new_photo/ejxc9t3/,pics
30,zimkillgore,She’s protected with it now!,1554206040.0,1554177240.0,/r/pics/comments/b8dziu/new_photo/ejxc93w/,pics
4,zimkillgore,New photo!. ,1554205363.0,1554176563.0,/r/pics/comments/b8dziu/new_photo/,pics
31,zimkillgore,Question!?,1553516529.0,1553487729.0,/r/pics/comments/b55kus/metamorphosis/ejbg7qm/,pics
5,zimkillgore,-Metamorphosis-. ,1553513228.0,1553484428.0,/r/pics/comments/b55kus/metamorphosis/,pics
32,zimkillgore,The smell from your rotten crotch that you never use. ,1553512656.0,1553483856.0,/r/nattyorjuice/comments/b55fxm/15_years_old_with_impressive_numbers_anything/ejbc5yv/,nattyorjuice
33,zimkillgore,It means you are using another language other than English. ,1553512568.0,1553483768.0,/r/Tinder/comments/b55fyc/im_new_to_tinder_day_3_what_does_this_mean_am_i/ejbc2d1/,Tinder
34,zimkillgore,"Yes, he is latching them together. If you look closely at his hands before impact. ",1553512443.0,1553483643.0,/r/OSHA/comments/b55fz7/is_he_supposed_to_be_standing_there/ejbbx9x/,OSHA
35,zimkillgore,Two words.. Wonder Woman ,1553381680.0,1553352880.0,/r/WorshipGalGadot/comments/b4jzrz/how_to_describe_such_perfection/ej748xv/,WorshipGalGadot
36,zimkillgore,What a cushy peanut you got there... ,1553344413.0,1553315613.0,/r/guineapigs/comments/b4eyc6/peanut/ej6aisc/,guineapigs
37,zimkillgore,"Wow, ain’t that the DARNDEST thing. ",1553344300.0,1553315500.0,/r/interestingasfuck/comments/b4akkr/oil_painting_by_mikedargas/ej6aewq/,interestingasfuck
38,zimkillgore,fun motovlog!,1450270627.0,1450241827.0,/r/youtube/comments/3x1hnb/funny_motovlog/cy0oxu9/,youtube
