,author,body,created,created_utc,permalink,subreddit
0,stevemartinov, x7z 8700,1573939249.0,1573910449.0,/r/intel/comments/dx6eyl/hi_pinout_for_intel_atom_i7/f7nmj6i/,intel
0,stevemartinov,"Hi pinout for Intel Atom i7. I wanted to develop the PCB for Intel Atom i7 and visited this website
https://www.intel.com/content/www/us/en/design/resource-design-center.html

But I was not able to find any pinout. How can I get that information? Having an NDA with Intel?",1573936742.0,1573907942.0,/r/intel/comments/dx6eyl/hi_pinout_for_intel_atom_i7/,intel
1,stevemartinov,How to start developing on AMD embedded?. [removed],1573887676.0,1573858876.0,/r/Amd/comments/dwygc1/how_to_start_developing_on_amd_embedded/,Amd
1,stevemartinov,"Ok, I have updated to 5.3.2 and everything works as expected!",1572536718.0,1572507918.0,/r/Dell/comments/dpdnqd/cannot_turn_on_bluetooth_on_new_xps_13_developer/f5vzeif/,Dell
2,stevemartinov,"I am not scared of incorrectly installing the kernel, as far as I know Dell has its custom kernel and not mainline, so will upgrading to next mainline kernel break my Dell? That is the question.",1572532636.0,1572503836.0,/r/Dell/comments/dpdnqd/cannot_turn_on_bluetooth_on_new_xps_13_developer/f5vwrr3/,Dell
2,stevemartinov,"Cannot turn on bluetooth on new XPS 13 Developer edition. I have recently upgraded the apt by apt upgrade and after that my bluetooth stopped working. I can see the icon but cannot switch the toggle in the settings. I am on kernel 4.15. Any ideas?

Some suggested to try kernel 4.17 or 5 but I am scared in doing so...",1572501704.0,1572472904.0,/r/Dell/comments/dpdnqd/cannot_turn_on_bluetooth_on_new_xps_13_developer/,Dell
3,stevemartinov,Any bars for young guys?. Where can I go in Stuttgart to have something to eat and drink for young guys?,1571533488.0,1571504688.0,/r/stuttgart/comments/dk6il1/any_bars_for_young_guys/,stuttgart
4,stevemartinov,Sorry buddy,1568958272.0,1568929472.0,/r/ROS/comments/d627p3/hands_on_with_slam_toolbox/f0tv309/,ROS
5,stevemartinov,Yes you’re right...,1568958265.0,1568929465.0,/r/ROS/comments/d627p3/hands_on_with_slam_toolbox/f0tv2hq/,ROS
6,stevemartinov,"I would say that is a quite shitty slam bearing in mind that you have 1 depth camera 1 t265 and cheap lidar.

You have wasted your time because hector slam can do much quicker and with higher resolution map. Instead of buying all those sensors, you could simply buy a better 2d lidar for $700",1568923858.0,1568895058.0,/r/ROS/comments/d627p3/hands_on_with_slam_toolbox/f0rxq8e/,ROS
7,stevemartinov,Windows user spoted. Indian?,1568782388.0,1568753588.0,/r/pcmasterrace/comments/d5kcbg/my_ryzen_5_thermals_seem_to_be_high_any_ideas/f0muqp8/,pcmasterrace
8,stevemartinov,"Unfortunately you won’t be able to het any degree with such choice of wordings... And again, I would suggest you to read wiki more and not spend a lot of time redditing as you obviously think you are smarter that actually are",1568005656.0,1567976856.0,/r/SelfDrivingCars/comments/d0nog5/what_is_vcsel_and_how_can_i_make_use_if_it/ezlhpcm/,SelfDrivingCars
9,stevemartinov,"Second of all, VCSEL is not type of the laser but type of how laser beam is being produced. Not feel so smart now, huh? Come back in 2 decades before showing off your 2 minute reading skills on Wikipedia and still jot understanding",1567976367.0,1567947567.0,/r/SelfDrivingCars/comments/d0nog5/what_is_vcsel_and_how_can_i_make_use_if_it/ezjo4lu/,SelfDrivingCars
10,stevemartinov,"Yep, I am becoming one. I have a deep knowledge in robotics and have Phd. So after some research I already know how most of the lidars really work underneath. I just had to look deeper into physics",1567975935.0,1567947135.0,/r/SelfDrivingCars/comments/d0nog5/what_is_vcsel_and_how_can_i_make_use_if_it/ezjn2u8/,SelfDrivingCars
11,stevemartinov,"No it won’t be a good start. 50 Hz and spinning at  360, let’s say with slow motor speed and I rotate this sensor 1 rev/sec, so 360/50 = 7.2 of angular resolution. This is not usable in any case",1567975853.0,1567947053.0,/r/SelfDrivingCars/comments/d0nog5/what_is_vcsel_and_how_can_i_make_use_if_it/ezjmvmb/,SelfDrivingCars
12,stevemartinov,"I made a research and already got some answers. Building a receiver is not a big deal and there are many chips that can calculate picoseconds to measure the distance between the light emission (from one mirror) to another (on the receiver side). Rotating it is also quite simple, just using the stepper motor and getting the laser beams at each angle of the stepper motor.

The thing what I find difficult, is how to emit the laser beam from the microlenses to have a divergence of less than 3 degrees like normal laser led beams?",1567902021.0,1567873221.0,/r/SelfDrivingCars/comments/d0nog5/what_is_vcsel_and_how_can_i_make_use_if_it/ezf5ddy/,SelfDrivingCars
13,stevemartinov,Can you elaborate more?,1567886561.0,1567857761.0,/r/SelfDrivingCars/comments/d0nog5/what_is_vcsel_and_how_can_i_make_use_if_it/eze1aho/,SelfDrivingCars
14,stevemartinov,Why is that?,1567886544.0,1567857744.0,/r/SelfDrivingCars/comments/d0nog5/what_is_vcsel_and_how_can_i_make_use_if_it/eze18sa/,SelfDrivingCars
4,stevemartinov,"What is VCSEL and how can I make use if it?. I want to create a 2d rotating lidar but the existing solutions are too bulky. So I came across this VCSEL illumination module:
https://www.trilumina.com/technology/illumination-modules/

Can i use it to rotate it and thus creating a 2d lidar? It also states that I need to use microlenses to obtain myriad fov, what is it?",1567837742.0,1567808942.0,/r/SelfDrivingCars/comments/d0nog5/what_is_vcsel_and_how_can_i_make_use_if_it/,SelfDrivingCars
15,stevemartinov,I think you will never become a competitive programmer. These things never happen just from one wish.,1566174305.0,1566145505.0,/r/cpp_questions/comments/crz699/competitive_programming/exc8q6w/,cpp_questions
5,stevemartinov,Orb slam pose correction. How can I correct the pose of my robot using the orb slam and stereo camera? Should I simply change the odometry of my robot whenever I get a loop closure from the orb slam?,1565787273.0,1565758473.0,/r/ROS/comments/cq4yjj/orb_slam_pose_correction/,ROS
6,stevemartinov,"Nodelets in ROS2. Hey, I am struggling a bit with a nodelet concept but I think I am getting there.

So I understood the concept of plugins where we can create several classes from the base class but instead of statically linking and saving a copy we simply make it dynamic so we do not have to store every single copy.

So what does nodelet do in this case? Does it load the plugins and based on those plugins creates the nodes (several nodes) which can share the data between each other using the pointers instead of the data?

Also, I saw a concept in ROS2 about the compositions and saw several examples. There is an executor in composition, can we say it is the same as the nodelet? As executor can store several rclcpp::Node objects.",1565331206.0,1565302406.0,/r/ROS/comments/cnsy82/nodelets_in_ros2/,ROS
16,stevemartinov,"This is not an IDE, this is just an editor",1565048832.0,1565020032.0,/r/ROS/comments/clyz28/ros_and_ides/ew1bznj/,ROS
18,stevemartinov,"Instead of playing games, go and study to get a normal job and then buy the graphics card you want.",1563904071.0,1563875271.0,/r/pcmasterrace/comments/cgleqp/im_17_and_dont_have_a_lot_of_money_i_work_minimum/eujnwot/,pcmasterrace
20,stevemartinov,Makes sense. So do you have instructions on how to install? As I got curious myself now,1563542973.0,1563514173.0,/r/ROS/comments/cevwn8/ive_compiled_ros_melodic_on_mac_os_x_mojave_ask/eu70lft/,ROS
21,stevemartinov,Because he wants to understand the basic memory management that runs underneath the modern C++ without blindly writing std functions without knowing what is the under the hood,1563513582.0,1563484782.0,/r/cpp_questions/comments/cemzsc/c_pointer_to_a_dynamic_array_how_does_that_work/eu5t5y5/,cpp_questions
22,stevemartinov,"Why do people do this? Even if you compile ROS on mac, you still cannot use it for anything else except for some student projects. Even for student projects, good luck with writing drivers for mac os for the custom designed sensors and that is just the tip of an iceberg.",1563512850.0,1563484050.0,/r/ROS/comments/cevwn8/ive_compiled_ros_melodic_on_mac_os_x_mojave_ask/eu5s0i6/,ROS
23,stevemartinov,It uses lidar...,1563488122.0,1563459322.0,/r/ROS/comments/cdmy76/ros2_slam/eu4oa0d/,ROS
24,stevemartinov,Just use CMake with CMakeLists and specify the compiler type and dependencies.,1563425343.0,1563396543.0,/r/cpp_questions/comments/cebnbe/c_versions/eu2rkk4/,cpp_questions
7,stevemartinov,ROS2 slam. Is there any ROS2 SLAM projects with the stereo or depth cams ?,1563251168.0,1563222368.0,/r/ROS/comments/cdmy76/ros2_slam/,ROS
25,stevemartinov,"Agree mate, yes the acceleration was probably lower.",1562940520.0,1562911720.0,/r/AskPhysics/comments/cc0ag4/will_my_robot_with_2_wheels_carry_300_kg/etkwxn1/,AskPhysics
26,stevemartinov,"Yes I do know the basics of physics but calculating correctly could be challenging as many things could be omitted (probably proper simulation is needed instead of hand calculating). I am robotics engineer with more accent on coding the software (like graph SLAM and etc.) but also doing physics stuff in parallel.

So I was basically trying to find out, having my motor and the coefficients, what else should I take into the consideration to approximate if my motors will be able to move the robot. You told me that my required force is very optimistic (even with the worst case rolling friction of 0.002) so I want to know why exactly.

&#x200B;

Also from my previous experience, I had a robot with 2 wheels (each having around 2.5 Nm, so 5 Nm in total) and it was able to carry 2 people without any problem (around 120 kg). So that is why I was quite optimistic",1562908019.0,1562879219.0,/r/AskPhysics/comments/cc0ag4/will_my_robot_with_2_wheels_carry_300_kg/etjqjiv/,AskPhysics
27,stevemartinov,How can I calculate it correctly? :),1562906872.0,1562878072.0,/r/AskPhysics/comments/cc0ag4/will_my_robot_with_2_wheels_carry_300_kg/etjop2m/,AskPhysics
28,stevemartinov,The top speed is quite low (0.5 m/s) and reaching to that speed in 2 seconds should not require a lot of force I think. I even took the rolling coefficient to be 0.008 and I still have more force needed.,1562906362.0,1562877562.0,/r/AskPhysics/comments/cc0ag4/will_my_robot_with_2_wheels_carry_300_kg/etjnv8h/,AskPhysics
8,stevemartinov,"Will my robot with 2 wheels carry 300 kg?. Hi, I have a 2 wheeled robot with two motor wheels placed on top corners and 2 caster wheels at the back corners. For the wheels I have a DC motor that can give 7.2 Nm continuously and up to 15 Nm for a short period. My question is, will those two wheels be able to carry 300 kg placed on top of it? The diameter of the robot wheel is 80 cm and the height of the platform of my robot is 220 cm from the ground. 

Am I correct saying:

1. In order to carry 300 kg of weight, I need F = m \* g \* c (rolling resistance)  = 300 \* 9.81 \* 0.002 (I consider a bicycle tyre on concrete) = 5.9 N
2. Having 7.2 Nm and the radius of my wheel is 40 cm, I get F = 7.2 / 0.4 = 18 N and as I have 2 motor wheels, F = 18 N \* 2 = 36 N
3. So will I be able to carry such weight?",1562903098.0,1562874298.0,/r/AskPhysics/comments/cc0ag4/will_my_robot_with_2_wheels_carry_300_kg/,AskPhysics
29,stevemartinov,What do you mean? Some people were shouting she is a nazi while she gave an interview infront of the Houses of Parliament,1562335057.0,1562306257.0,/r/ukpolitics/comments/c97cje/why_anna_soubry_is_being_hated/esvyqba/,ukpolitics
9,stevemartinov,Why Anna Soubry is being hated?. Why people call her a nazi when she is a pro EU? It does not make any sense to me,1562301204.0,1562272404.0,/r/ukpolitics/comments/c97cje/why_anna_soubry_is_being_hated/,ukpolitics
30,stevemartinov,"Lol, I have changed the Eigen::Matrix3d to Eigen::Matrix3f and know the compiler complains that no function for double and float!!! (the Matrix3f correctly shows it is a float but the first member changed to double for some reason). There is nothing you can do about it as you haven't seen the backend but what the hell!!",1562081852.0,1562053052.0,/r/cpp_questions/comments/c866ee/stdmax_function_error/esk6ik5/,cpp_questions
31,stevemartinov,"You mean I have float, double as parameters and that is the reason for the error?",1562081181.0,1562052381.0,/r/cpp_questions/comments/c866ee/stdmax_function_error/esk5uhk/,cpp_questions
10,stevemartinov,"std::max function error. I want to compare two floats and get the max one, so when I type like this:

    std::max(data->covariance[0], this->_min_covariance_between_factor(0,0))

I get an error:

     error: no matching function for call to ‘max(const float&, Eigen::DenseCoeffsBase<Eigen::Matrix<double, 3, 3>, 1>::Scalar&)’

&#x200B;

How is that? I have looked over std::max function and it accepts two const T& parameters and I am giving that. Note, the error here is due to the first parameter, as if I remove that to a regular float value, my code compiles.",1562080556.0,1562051756.0,/r/cpp_questions/comments/c866ee/stdmax_function_error/,cpp_questions
32,stevemartinov,"I want to use std::vector now, so with that should I just ignore the reset function as std::vector does not require to delete itself and create a new vector? 

So I was thinking to store vector of shared pointers so I can just use emplace\_back",1561483321.0,1561454521.0,/r/cpp_questions/comments/c4st2w/what_does_this_reset_do/erzvx8u/,cpp_questions
11,stevemartinov,"What does this reset do?. I understand that the void reset function of unique\_ptr transfers the ownership but what exactly does it do here?

    using bwsp = std::shared_ptr<BWString>;
    std::unique_ptr<bwsp[]> _split_array;
    _split_array.reset(new bwsp[__BWString__MAX_SPLIT + 1]);",1561429077.0,1561400277.0,/r/cpp_questions/comments/c4st2w/what_does_this_reset_do/,cpp_questions
12,stevemartinov,Migration in Sweden. [removed],1561264131.0,1561235331.0,/r/immigration/comments/c3udij/migration_in_sweden/,immigration
13,stevemartinov,"Replacing new with std::make_unique. I am having an issue of rewriting this piece of code:

    using bwsp = std::shared_ptr<BWString>;
    using split_ptr = std::unique_ptr<bwsp[]>; 
    mutable split_ptr _split_array; 
    // THIS CODE: 
    _split_array.reset(new bwsp[__BWString__MAX_SPLIT + 1]);

To using std::make\_unique instead. How can I do it?",1561057383.0,1561028583.0,/r/cpp_questions/comments/c2un8r/replacing_new_with_stdmake_unique/,cpp_questions
34,stevemartinov,"Lol, yes I do... How I missed that",1561055721.0,1561026921.0,/r/cpp_questions/comments/c2u6ei/passing_object_as_const_char_parameter/ermk4ns/,cpp_questions
14,stevemartinov,"Passing object as const char* parameter. Why C++ compilers (to be more specific gcc compiler) allows me to pass class objects to the function which accepts const char\* as a parameter?

Here is my class definition (not full, only the necessary part):

    class BWString 
    { 
        char *_str = nullptr; 
        size_t _str_len = 0; 
    public: 
    // CONSTRUCTORS AND MOVE: 
        BWString() = default; 
        explicit BWString(const char *s); 
        BWString(const BWString &other); 
        BWString(BWString &&other) noexcept; 
     // FUNCTIONS: 
        const char *copy_str(const char *);

So when I use the second explicit constructor, where I pass a char pointer, the function copy\_strcalls without an issue. Then I was writing the copy constructor in .cpp file and I called the same function by passing the otherobject to the copy\_strfunction and Clang on my IDE did not complain!

Can someone explain, how is this possible? Is there an internal conversion from the object to char\* that I do not know (tried to look for it but getting different answers).

P.S. If you need anything more precise in my code, I can add

&#x200B;

    BWString::BWString(const char *s)
    { 
        this->copy_str(s);
    }
    
    BWString::BWString(const BWString &old)
    { 
        this->copy_str(old); 
    }
    void BWString::alloc_str(size_t sz)
    { 
        if (_str) reset(); 
        this->_str_len = sz > __BWString__MAX_LEN ? __BWString__MAX_LEN : sz; 
        this->_str = new charsz + 1; 
    } 
    const char* BWString::copy_str(const char s) 
    { 
        if (s) 
        {
             size_t size = strnlen(s, __BWString__MAX_LEN); 
             this->alloc_str(size); 
             strncpy(static_cast<char>(_str), s, size); 
        } 
        return _str; 
    }",1561053897.0,1561025097.0,/r/cpp_questions/comments/c2u6ei/passing_object_as_const_char_parameter/,cpp_questions
15,stevemartinov,Mecanum wheels. Has anybody know where can I get the mecanum hub wheel? (Motor inside the wheel) or do you know how can I convert a regular wheel to a mecanum wheel?,1559790371.0,1559761571.0,/r/ROS/comments/bx6h9t/mecanum_wheels/,ROS
16,stevemartinov,[Q] I have 4 wheels (torque up to 1.3 Nm) and cannot turn inplace. Is it possible?. ,1559784629.0,1559755829.0,/r/robotics/comments/bx5b46/q_i_have_4_wheels_torque_up_to_13_nm_and_cannot/,robotics
35,stevemartinov,Ok totally makes sense.,1559707637.0,1559678837.0,/r/cpp_questions/comments/bwt00k/assigning_the_const_return_function_to_nonconst/eq061r6/,cpp_questions
17,stevemartinov,"Assigning the const& return function to non-const non-ref. I am looking at this sample code below and had scratching my head. Focus on the function called mf2(). The return type of this function is `const int&`  but I am still allowed to create an integer s with the that return type. Is internal cast happening there? 

Then, how can I modify the s variable if the return type is const? Is it because the internal cast casting const ref to a simple int and therefore I can modify the variable?

And the last question, how come the typeid of both variables are the same?

**class** Base  
{  
**private**:  
 **int** x;  
**public**:  
Base() : x(2) {};  
 **virtual const void** mf1() { **this**\->x = 4; };  
 **virtual const int** mf2() **const** { **int** y = 5; **return** y;};  
 **virtual void** mf3() & { **this**\->x = 3; };  


**void** mf4() **const** {};  
};  


**int** main()  
{  
 std::unique\_ptr<Base> ptr = std::make\_unique<Base>();  
ptr->mf1();  
 **int** s = ptr->mf2();  
 **const int**& a = ptr->mf2();  
 **if** (**typeid**(s) == **typeid**(a)) std::cout << **""Yes 1\\n""**;  
s = 10;  
 **if** (**typeid**(s) == **typeid**(a)) std::cout << **""Yes 2\\n""**;  
}",1559705837.0,1559677037.0,/r/cpp_questions/comments/bwt00k/assigning_the_const_return_function_to_nonconst/,cpp_questions
36,stevemartinov,"I know, this is such a moron attitude I have, sorry guys, I am trying my best.",1559613004.0,1559584204.0,/r/esp8266/comments/bom842/my_first_ever_esp8266_rover_with_camera_yes_its_a/epwtcql/,esp8266
37,stevemartinov,Bla bla bla,1559225221.0,1559196421.0,/r/Marriage/comments/bul3l9/having_escort_high_end_while_married/epfhxx8/,Marriage
18,stevemartinov,6 wheel robot skid steer. [removed],1559080204.0,1559051404.0,/r/robotics/comments/bu09cv/6_wheel_robot_skid_steer/,robotics
19,stevemartinov,6 wheel skid steer robot. [removed],1559077026.0,1559048226.0,/r/robotics/comments/btzpql/6_wheel_skid_steer_robot/,robotics
38,stevemartinov,People who cannot write proper English shouldn't be writing anything at all.,1559013416.0,1558984616.0,/r/cpp_questions/comments/btp7ty/does_the_vector_type_uses_casting/ep15dp9/,cpp_questions
39,stevemartinov,"I see thanks, but which int? You did not declare any int, does it mean that two pointers above will point to a garbage?",1559010382.0,1558981582.0,/r/cpp_questions/comments/btjksh/how_can_i_call_a_constructor/ep0x5rj/,cpp_questions
40,stevemartinov,So is that a static\_cast happening behind the scenes?,1559010099.0,1558981299.0,/r/cpp_questions/comments/btp7ty/does_the_vector_type_uses_casting/ep0wd8n/,cpp_questions
41,stevemartinov,So how can I make a shared_ptr to the existing object without creating a new object?,1559009428.0,1558980628.0,/r/cpp_questions/comments/btjksh/how_can_i_call_a_constructor/ep0uj0o/,cpp_questions
42,stevemartinov,"Omg, I have followed the guidelines of the code formatting and still got this..",1559009328.0,1558980528.0,/r/cpp_questions/comments/btp7ty/does_the_vector_type_uses_casting/ep0u8l9/,cpp_questions
20,stevemartinov,"Does the vector type uses casting?. I have a sample code:

&#x200B;

	\#include <vector>

&#x200B;

	class A

	{

	public:

A(int n = 0) : m\_n(n) { }

&#x200B;

	public:

virtual int f() const { return m\_n; }

virtual \~A() { }

&#x200B;

	protected:

int m\_n;

	};

&#x200B;

	class B

: public A

	{

	public:

B(int n = 0) : A(n) { }

&#x200B;

	public:

virtual int f() const { return m\_n + 1; }

	};

&#x200B;

	int main()

	{

const A a(1);

const B b(3);

const A \*x\[2\] = { &a, &b };

using V = std::vector<A>;

V y({ a, b });

V::const\_iterator i = y.begin();

&#x200B;

std::cout << x\[0\]->f() << x\[1\]->f()

<< i->f() << (i + 1)->f() << std::endl;



	 

	}

The output is 1413. Is it because std::vector<A> casts the object type of b from B to A and therefore uses class A function to return m\_n?",1559009299.0,1558980499.0,/r/cpp_questions/comments/btp7ty/does_the_vector_type_uses_casting/,cpp_questions
43,stevemartinov,"Ok I see, so make\_shared actually initializes a new object and allocates a memory for the pointer in a heap and points to it, right? I thought shared\_ptr purpose is to allocate several pointers in a heap and point at the same thing.",1559003242.0,1558974442.0,/r/cpp_questions/comments/btjksh/how_can_i_call_a_constructor/ep0eosx/,cpp_questions
44,stevemartinov,"I see. Yes you are right but what about now? I have modified the code and actually created an object in heap. The question is, if the timer object in class B will be modified, will the shared\_ptr's object will also be modified?",1558985095.0,1558956295.0,/r/cpp_questions/comments/btjksh/how_can_i_call_a_constructor/eoz6o7l/,cpp_questions
45,stevemartinov,Agree,1558984968.0,1558956168.0,/r/cpp_questions/comments/btjksh/how_can_i_call_a_constructor/eoz6jjn/,cpp_questions
46,stevemartinov,"I see. Yes you are right but what about now? I have modified the code and actually created an object in heap. The question is, if the timer object in class B will be modified, will the shared\_ptr's object will also be modified?",1558984912.0,1558956112.0,/r/cpp_questions/comments/btjksh/how_can_i_call_a_constructor/eoz6hel/,cpp_questions
47,stevemartinov,"Regarding 2, this is simply your opinion and nothing else. You can use smart pointers however you want if it makes your code work.",1558983978.0,1558955178.0,/r/cpp_questions/comments/btjksh/how_can_i_call_a_constructor/eoz51eg/,cpp_questions
48,stevemartinov,Regarding the initialization I will agree when it comes to make\_unique but not with shared pointers. The local object will not crash as I am sending by reference and static\_cast will produce a pointer to that object and shared\_ptr will be pointing to the same object as in class B.,1558983938.0,1558955138.0,/r/cpp_questions/comments/btjksh/how_can_i_call_a_constructor/eoz4yqf/,cpp_questions
49,stevemartinov,"I don't think so. Shared\_ptr will have a memory access to Timer object and when p1 will be destroyed, it will destroy the pointer itself and it has nothing to do with the Timer object",1558983739.0,1558954939.0,/r/cpp_questions/comments/btjksh/how_can_i_call_a_constructor/eoz4ngq/,cpp_questions
50,stevemartinov,Why am I using it wrong?,1558981468.0,1558952668.0,/r/cpp_questions/comments/btjksh/how_can_i_call_a_constructor/eoz2mo2/,cpp_questions
51,stevemartinov,Why is it wrong?,1558981241.0,1558952441.0,/r/cpp_questions/comments/btjksh/how_can_i_call_a_constructor/eoz2hln/,cpp_questions
52,stevemartinov,Go and sniff yourself :),1558981167.0,1558952367.0,/r/cpp_questions/comments/btjksh/how_can_i_call_a_constructor/eoz2fyz/,cpp_questions
21,stevemartinov,"How can I call a constructor?. I have two classes, A and B. A stores the shared\_ptr to an object (struct object) and prints its values sometimes. The problem is that whenever the class B initializes the A object it calls a default constructor. How can I make it to call the other constructor?

&#x200B;

`class A`

`{`

`private:std::shared_ptr<Timer> p1;`

`Timer _t1;`

 `public:`

   `A() = default;`

   `A(Timer& t1) : _t1(t1), p1(std::make_shared<Timer>(static_cast<Timer*>(&t1))){}};`

&#x200B;

`class B : public A`

`{`

`private:`

`Timer timer1;`

`A a1;`

`A a2;`

`public:`

`B(int t) : timer1{42}, a1{timer1}, a2{timer1}{`

`}};`

So as you can see, A() will be called but A(Timer &t1) will not.",1558974868.0,1558946068.0,/r/cpp_questions/comments/btjksh/how_can_i_call_a_constructor/,cpp_questions
53,stevemartinov,"When you are creating passing the same object to the constrctuor of class B, it is not the best method of giving the same object with a reference. Why not use a shared_ptr to hold a timer object on class B? Using & is super ++98 ans can confuse some people

Also the design does not make sense, what is the purpose of class B? You do not need it if you can use struct as it is in class A",1558965139.0,1558936339.0,/r/cpp_questions/comments/btf6m1/class_a_contains_class_b_member_can_class_b/eoy8slo/,cpp_questions
54,stevemartinov,"Using raw pointers in 2019 you are doomed to fail. Also, why not use polymorphism?",1558964512.0,1558935712.0,/r/cpp_questions/comments/btf6m1/class_a_contains_class_b_member_can_class_b/eoy7jxr/,cpp_questions
55,stevemartinov,"Yeap, good article. So the last question, imagine I have an object which will be for a lifetime of my code and the size grows linearly as time passes and of course it should be unique. Will unique _ptr will be a good case for that?",1558309826.0,1558281026.0,/r/cpp_questions/comments/bqg0mw/when_to_use_unique_ptr/eo4mwoo/,cpp_questions
56,stevemartinov,"I am asking a general question when should I use smart pointers (I know that when I need to store something in a heap with a long lifetime, but no Idea what will be a concrete example). I am a robotics developer and I rarely use any pointers so I got thinking maybe I am doing something wrong as I must use pointers somewhere",1558308732.0,1558279932.0,/r/cpp_questions/comments/bqg0mw/when_to_use_unique_ptr/eo4kwop/,cpp_questions
57,stevemartinov,"Yes you are right, I just double checked and saw that it is a completely different example, please ignore it",1558308009.0,1558279209.0,/r/cpp_questions/comments/bqg0mw/when_to_use_unique_ptr/eo4joem/,cpp_questions
58,stevemartinov,"Okay so if we cannot copy the base class to the derived class, that won’t simply be possible anyway? So the derived class can never store any base class objects?
But what about other way round?",1558307963.0,1558279163.0,/r/cpp_questions/comments/bqg0mw/when_to_use_unique_ptr/eo4jlkp/,cpp_questions
59,stevemartinov,"So how is this possible ?
https://softwareengineering.stackexchange.com/questions/337561/c-derived-c",1558307621.0,1558278821.0,/r/cpp_questions/comments/bqg0mw/when_to_use_unique_ptr/eo4j04g/,cpp_questions
60,stevemartinov,"I think this is a pure nerd developer thing that we have to overcomplicate a simple question and try to show how one is better at programming than other. I made a ton of goolensearches and every single example is given base-derived class scenario, like this:
https://softwareengineering.stackexchange.com/questions/337561/c-derived-class-copy-constructor

While your first commend mentions that this is never used. Thanks for making someone’s life harder",1558307338.0,1558278538.0,/r/cpp_questions/comments/bqg0mw/when_to_use_unique_ptr/eo4iiaz/,cpp_questions
61,stevemartinov,Yes I do understand that but I mean “usually” this is where smart pointers are used,1558307078.0,1558278278.0,/r/cpp_questions/comments/bqg0mw/when_to_use_unique_ptr/eo4i1vi/,cpp_questions
62,stevemartinov,"So smart pointers are actually used in classes right? Because some people here say that it never used. What I mean is like:

std::unique_ptr<Base> p1

Inside the private member list of Derived class",1558306553.0,1558277753.0,/r/cpp_questions/comments/bqg0mw/when_to_use_unique_ptr/eo4h3z1/,cpp_questions
63,stevemartinov,"I meant like:
std::unique_ptr<Base> p1 
As a private member of Derived class",1558306167.0,1558277367.0,/r/cpp_questions/comments/bqg0mw/when_to_use_unique_ptr/eo4gj60/,cpp_questions
64,stevemartinov,"https://isocpp.github.io/CppCoreGuidelines/CppCoreGuidelines?utm_source=share&utm_medium=ios_app#Rr-raii


Almost all scenarios involve base and derived class examples...",1558303143.0,1558274343.0,/r/cpp_questions/comments/bqg0mw/when_to_use_unique_ptr/eo4c374/,cpp_questions
65,stevemartinov,"As you said before, heap allocation is needed when we should hold a large object (above 10 mb on Linux), but the derived class that has a ptr to its base class object could be a very good scenario, as the base object can be large, no?",1558302915.0,1558274115.0,/r/cpp_questions/comments/bqg0mw/when_to_use_unique_ptr/eo4bs8e/,cpp_questions
66,stevemartinov,What you wrote I do understand already but I still do not understand how is it different from creating an std::vector holding an object copy as it will also be in a heap,1558302802.0,1558274002.0,/r/cpp_questions/comments/bqg0mw/when_to_use_unique_ptr/eo4bnhk/,cpp_questions
67,stevemartinov,"I have worked in a bank and yes, they do use ptr for that",1558302707.0,1558273907.0,/r/cpp_questions/comments/bqg0mw/when_to_use_unique_ptr/eo4bjhe/,cpp_questions
22,stevemartinov,"When to use unique_ptr?. I wonder in what scenarios it is necessary to use std::unique ptr as opposed to regular variables?

I have seen that very often unique_ptr is used in a derived class to hold a reference value to its base class object, but why can’t I simply store a copy of that base class?",1558295161.0,1558266361.0,/r/cpp_questions/comments/bqg0mw/when_to_use_unique_ptr/,cpp_questions
68,stevemartinov,"You mean like replacing c++ wit python? I do not think this is possible. Even if the functions are written in c++ you still slow down your code by writing regular python code (as you need it to get the libraries anyway). Also, there is no memory management in Python no matter which c++ library you will use. You still declare the variables in Python way.
In a serious production level I do not think people use Python, that is just too risky.",1558287041.0,1558258241.0,/r/robotics/comments/bq3sy7/using_mostly_high_level_c/eo3u5og/,robotics
69,stevemartinov,"Cheers for the answers. Also one unrelated question, what do you think when a developer says that he knows python, js, php and also c++? Is that even possible? Because it took me 3 freaking years to get a good (I still need a looot to learn) grasp of c++ and I truly think this is a hell of a language to learn. So if you develop in c++ you simply cannot dedicate enough time to master other languages",1558249625.0,1558220825.0,/r/robotics/comments/bq3sy7/using_mostly_high_level_c/eo2hazy/,robotics
70,stevemartinov,"Yes I knew about that but thought everyone still using python for the api. I guess in some years when ML will be a mainstream thing, people will use c++ as a main language instead of python",1558249234.0,1558220434.0,/r/robotics/comments/bq3sy7/using_mostly_high_level_c/eo2gtv9/,robotics
71,stevemartinov,"Also, regarding the lambdas, do you usually use it with <algorithm>? Because I can see how useful can it be, when you need to search for something and just use lambdas. But may he my lack of experience does not tell me where should I use it",1558242941.0,1558214141.0,/r/robotics/comments/bq3sy7/using_mostly_high_level_c/eo26nc1/,robotics
72,stevemartinov,"Okay but I am in robotics field and mainly construct classes. So I rarely use smart pointers and move semantics. I guess it is industry dependent. Also, why do you use lambdas? Just because they are more compact or because it saves memory by allocating functions for a short amount of time? (Deleted when the function inside which lambda executed exits)",1558242165.0,1558213365.0,/r/robotics/comments/bq3sy7/using_mostly_high_level_c/eo25c1g/,robotics
74,stevemartinov,"Yep I know that, but you still use python...",1558241796.0,1558212996.0,/r/robotics/comments/bq3sy7/using_mostly_high_level_c/eo24o91/,robotics
75,stevemartinov,Yes but you still use python... what is the point?,1558241778.0,1558212978.0,/r/robotics/comments/bq3sy7/using_mostly_high_level_c/eo24n3t/,robotics
76,stevemartinov,"Yeah, then try to detect a human object walking at 5 km/h, I bet your simple code and shitty ebay sensors will fail",1558218875.0,1558190075.0,/r/esp8266/comments/bom842/my_first_ever_esp8266_rover_with_camera_yes_its_a/eo12bwq/,esp8266
78,stevemartinov,You mean like std::vector? Moving it instead of copying?,1558218108.0,1558189308.0,/r/robotics/comments/bq3sy7/using_mostly_high_level_c/eo115r8/,robotics
79,stevemartinov,Machine learning is Python driven,1558218056.0,1558189256.0,/r/robotics/comments/bq3sy7/using_mostly_high_level_c/eo11307/,robotics
23,stevemartinov,"Using mostly high level C++. Hello! I am a robotics engineer who uses C++.
Basically I mostly work with the sensor fusion and writing some code (oop) in C++ and sometimes C. Besides that I also read about C++ and how people are using std::move() or other 11/14 techniques. So I got wondering, who are these people? Because frankly speaking, I mostly use containers and regular (not so fancy but including smart pointers) classes. Am I missing something?",1558213578.0,1558184778.0,/r/robotics/comments/bq3sy7/using_mostly_high_level_c/,robotics
80,stevemartinov,Yes I did. The one I had had 150 degrees FoV but only 5 meter range above which accuracy drops significantly. Up to 5 meters it is the same as rotating lidars. It was fine for me because I ised that in indoor environment,1558213370.0,1558184570.0,/r/robotics/comments/bpx7ml/how_long_until_solid_state_lidar/eo0undl/,robotics
81,stevemartinov,"Are you okay? There are plenty ss lidars out there already!
https://quanergy.com/products/
Also kickstarted campaign has 180 degree ss lidar for 99 USD",1558192453.0,1558163653.0,/r/robotics/comments/bpx7ml/how_long_until_solid_state_lidar/eo0d50n/,robotics
82,stevemartinov,"https://quanergy.com/products/

Also many other sell ss lidars",1558192355.0,1558163555.0,/r/robotics/comments/bpx7ml/how_long_until_solid_state_lidar/eo0d342/,robotics
83,stevemartinov,How old are you? If you don’t mind,1557202530.0,1557173730.0,/r/Anxiety/comments/blggg9/scared_of_sleeping_alone/emobonh/,Anxiety
84,stevemartinov,So you can go and sleep well without even thinking about all that crap?,1557199900.0,1557171100.0,/r/Anxiety/comments/blggg9/scared_of_sleeping_alone/emo6zpt/,Anxiety
24,stevemartinov,"Scared of sleeping alone. Hey, 
I am 25 years old and I still feel uncomfortable sleeping alone! Am I the only one who has this fear/anxiety?
I am scared of paranormal activities and all that shit stories that people tell me. How can I overcome it? All of the people I know do not understand my fear.",1557199519.0,1557170719.0,/r/Anxiety/comments/blggg9/scared_of_sleeping_alone/,Anxiety
25,stevemartinov,"Not giving a F on women body. Hi guys,

I have stopped watching porn and masturbating 17 days ago. It was hard but I started to realise that I do not care about women ass and boobs on the streets and I kind of stopping to see them as objects. 
I am also married and that bothered me too much but now it feels like I am becoming a free man (by not giving a fuck about other girls and keep loving my wife).

Did you experience the same?",1556599932.0,1556571132.0,/r/NoFap/comments/biul2m/not_giving_a_f_on_women_body/,NoFap
85,stevemartinov,"Why?? Who gives that many fuck about the race anyway? This is so stupid, especially Hungarians, who are not even white but claim they do not want non-whites in their country (like they even want to come to their country)",1556496786.0,1556467986.0,/r/youtube/comments/bib2p0/why_youtube_is_full_with_racist_commentators/elznbsa/,youtube
26,stevemartinov,"Why youtube is full with racist commentators?. No matter the video topic, you always get at least 50% of racist comments and people arguing which race should be sustained. Wtf? Is it 1950s?",1556485813.0,1556457013.0,/r/youtube/comments/bib2p0/why_youtube_is_full_with_racist_commentators/,youtube
27,stevemartinov,Can non-white British person become a knight?. [removed],1556067279.0,1556038479.0,/r/BritishPolitics/comments/bgiqxd/can_nonwhite_british_person_become_a_knight/,BritishPolitics
28,stevemartinov,Zumba and a bigger booty?. I want to tone my booty and may be make it more attractive. Can I do it by going to Zumba and dance classes twice a week? I really hate training but really love dancing.,1555903417.0,1555874617.0,/r/zumba/comments/bfsj1o/zumba_and_a_bigger_booty/,zumba
86,stevemartinov,"Cheers mate! So do you cycle in winter? If so, are you okay on ice and snow with the winter tyres?",1555812845.0,1555784045.0,/r/bike/comments/beqhmu/best_bike_for_oslo_or_alike_cities/eld5m3b/,bike
87,stevemartinov,"Well when it comes to loading the packages I won’t argue as I do not know about but when it comes to a delivery, you would need to bare in mind about z axis as this mobile robot is in outdoor environment. There will be 3d obstacles and it is true that you won’t need to program z axis directly you would still need to bare in mind and use it. The same goes to the drones. It is not complicated as you think, in fact, you also do not really involve in z axis and the navigation itself is even easier as there are much less obstacles (especially dynamic ones) in the air.",1555693356.0,1555664556.0,/r/robotics/comments/bendvu/starship_delivery_robots_in_milton_keynes/el957tb/,robotics
88,stevemartinov,"That is not 2d navigation. Even though you do not necessarily control Z, you are involved in it.
The cost won’t differ that much. The price of the motor is insignificant compared to the sensors they use. So the cost is not issue. It seems that you do not have experience in building any if those robots (for profit )",1555684189.0,1555655389.0,/r/robotics/comments/bendvu/starship_delivery_robots_in_milton_keynes/el8z7dz/,robotics
29,stevemartinov,"Best bike for Oslo (or alike cities). I am living in Oslo and we have quite steep hills sometimes and I wonder which bike will be the best? I am using standard bikes and it is hard as hell to climb.

Also, if it is possible, maybe combine a hill climbing with ability to bile during the winter?",1555649028.0,1555620228.0,/r/bike/comments/beqhmu/best_bike_for_oslo_or_alike_cities/,bike
89,stevemartinov,"Lol, you are definitely a Norwegian girl",1555647305.0,1555618505.0,/r/Showerthoughts/comments/bejrd2/norwegian_girls_are_not_attractive_at_all/el7pwrv/,Showerthoughts
90,stevemartinov,"I think you are wrong. I just read that it is called splitting. What happened to all major startups is that they basically increased the number of shares so the price of 1 share won’t cost like 1000 usd and may be like 20-30. In that case, my shares will also increase to keep that original ratio",1555647072.0,1555618272.0,/r/startups/comments/beizhp/how_shares_are_deluded_in_a_startup_company/el7pjjt/,startups
91,stevemartinov,You cannot do that. The level of complexity in this robot and self driving cars differ like the distance between the Earth and Sun. Mobile autonomous robots like this existed for a while and this is not the matter of technology it is the matter of creating a business.,1555645851.0,1555617051.0,/r/robotics/comments/bendvu/starship_delivery_robots_in_milton_keynes/el7njy9/,robotics
92,stevemartinov,"I do not think we have that yet. It would really surprise me if the government and laws will really screw me like that, giving founders the benefit of increasing the shares while my shares (which I bough with my own money) will simply diminish. Surely this is not the case as that would be very cruel",1555645673.0,1555616873.0,/r/startups/comments/beizhp/how_shares_are_deluded_in_a_startup_company/el7n925/,startups
93,stevemartinov,What is your point?,1555645549.0,1555616749.0,/r/robotics/comments/bendvu/starship_delivery_robots_in_milton_keynes/el7n1fu/,robotics
94,stevemartinov,I never understood how is this better than drones? I mean of course legislation on drones are much heavier but in terms of complexity and mobility should be less,1555645510.0,1555616710.0,/r/robotics/comments/bendvu/starship_delivery_robots_in_milton_keynes/el7myz7/,robotics
95,stevemartinov,And who exactly are in the founders group? Do early employees count like me?,1555645151.0,1555616351.0,/r/startups/comments/beizhp/how_shares_are_deluded_in_a_startup_company/el7mbur/,startups
96,stevemartinov,"I was rejected many many times, no shame in that but that is not the case. Look, this is not my rage or something, I just decided to share my opinion and that’s it. If you got offended because you are a Norwegian girl, I am sorry for that but that what Reddit is for, to express my opinion and observations freely as I can. I know this post looks very disrespectful but do not lie, we all care about physical appearance and I NEVER said that girls who are not attractive are less attractive inside or something.",1555644841.0,1555616041.0,/r/Showerthoughts/comments/bejrd2/norwegian_girls_are_not_attractive_at_all/el7lr3r/,Showerthoughts
97,stevemartinov,"Lol thanks to my knowledge of 4 languages including Polish, I was right at the end of the day and have used a correct whom in this case. I did not really learn English as its grammar is easy compared to my native polish.",1555644660.0,1555615860.0,/r/Showerthoughts/comments/bejrd2/norwegian_girls_are_not_attractive_at_all/el7lg17/,Showerthoughts
98,stevemartinov,"Your math then isn’t right. Facebook had around 10 million shares at the beginning and suppose Zuckerberg owned half of it. Now, Facebook has 800 mln shares so from your thinking, Zuckerberg would own only a bit more than 0.5%",1555644475.0,1555615675.0,/r/startups/comments/beizhp/how_shares_are_deluded_in_a_startup_company/el7l4y4/,startups
99,stevemartinov,"Can you elaborate your thoughts, why would I cry? I am interested to see your flow of mind",1555641620.0,1555612820.0,/r/Showerthoughts/comments/bejrd2/norwegian_girls_are_not_attractive_at_all/el7gace/,Showerthoughts
100,stevemartinov,"You might be right saying that most hot girls are in the gym but I wouldn’t put them 10 out of 10. They are attractive but not WOW for Norwegians to say “vikings only brought the pretty ones”.
From my perspective it is a bit pathetic as Norway is just the same country as other European countries, you get 1 out of 10 who are attractive. Also you have to admit, Norwegian girls are more on a thick side",1555641556.0,1555612756.0,/r/Showerthoughts/comments/bejrd2/norwegian_girls_are_not_attractive_at_all/el7g66s/,Showerthoughts
101,stevemartinov,Which gym?,1555641315.0,1555612515.0,/r/Showerthoughts/comments/bejrd2/norwegian_girls_are_not_attractive_at_all/el7fr0p/,Showerthoughts
102,stevemartinov,No mate I do not think that founders will he left with only 1 percent of the company. Zuckerberg wouldn’t be a billionaire in your case,1555641219.0,1555612419.0,/r/startups/comments/beizhp/how_shares_are_deluded_in_a_startup_company/el7fkyi/,startups
103,stevemartinov,Yes I know but this does not explain how ipo companies end up with 800 million shares. It would mean that initial founders would own less than 1%,1555621226.0,1555592426.0,/r/startups/comments/beizhp/how_shares_are_deluded_in_a_startup_company/el6l9bv/,startups
104,stevemartinov,What you wrote I have already said in my question. This still does not explain how a startup can start with 10 million shares and come up with 800 million shares. I think someone already explained,1555621102.0,1555592302.0,/r/startups/comments/beizhp/how_shares_are_deluded_in_a_startup_company/el6l3z4/,startups
105,stevemartinov,Cheers but I cannot edit for some reason (the topic itself),1555613171.0,1555584371.0,/r/startups/comments/beizhp/how_shares_are_deluded_in_a_startup_company/el6deon/,startups
106,stevemartinov,I don’t care. Off topic,1555612106.0,1555583306.0,/r/Showerthoughts/comments/bejrd2/norwegian_girls_are_not_attractive_at_all/el6cmx4/,Showerthoughts
107,stevemartinov,"I have been in Bergen. Same thing. So it is really over exaggerated topic about Norwegian girls. I guess most people here are simply Norwegians who do not like what I am saying, even of that is a truth.",1555612005.0,1555583205.0,/r/Showerthoughts/comments/bejrd2/norwegian_girls_are_not_attractive_at_all/el6ckbp/,Showerthoughts
108,stevemartinov,"You are not better. You are judging a person without even knowing him and already stating a shallow fact that he does not have a girlfriend. 
I do not judge people on their appearance! I am saying that they are not hot as people think.",1555611931.0,1555583131.0,/r/Showerthoughts/comments/bejrd2/norwegian_girls_are_not_attractive_at_all/el6cie4/,Showerthoughts
109,stevemartinov,Ask whom? I do not even need that. I am just stating the fact as I see.,1555611862.0,1555583062.0,/r/Showerthoughts/comments/bejrd2/norwegian_girls_are_not_attractive_at_all/el6cglm/,Showerthoughts
110,stevemartinov,How do you even know someone’s standards? I am just saying the facts as I see. Most girls who are attractive in Oslo are from Eastern Europe.,1555611830.0,1555583030.0,/r/Showerthoughts/comments/bejrd2/norwegian_girls_are_not_attractive_at_all/el6cfrd/,Showerthoughts
111,stevemartinov,That’s is true but I am taking about appearance and I am not judging the character of people. How is that even related?,1555611778.0,1555582978.0,/r/Showerthoughts/comments/bejrd2/norwegian_girls_are_not_attractive_at_all/el6cee8/,Showerthoughts
112,stevemartinov,Came this thought during my shower,1555611665.0,1555582865.0,/r/Showerthoughts/comments/bejrd2/norwegian_girls_are_not_attractive_at_all/el6cblq/,Showerthoughts
113,stevemartinov,"I actually have experience in mobile robots in all forms (differential, skid steer, ackermann and etc.) but I would like to work on legged robots too. There are a lot of good libraries in mobile robots but almost none in arm/legged robots and my peers say that moveIt! library is sh*t. So yes, my idea is to rewrite many moveIt libraries in a more flexible and better way for legged robots",1555604043.0,1555575243.0,/r/robotics/comments/beadye/open_souce_project/el67djl/,robotics
30,stevemartinov,"How shares are deluded in a startup company?. Let’s say that I have bought 100,000 shares from 10 million pool as an early employee. From the statistics, just before the IPO, founders would have given up 70% of the ownership and by that, just before the IPO, I would still have 100,000 shares but the overall pool is now  33 million and by share will be 100,000/33mln = 0.3%.

So how does current public companies like FB, Twitter and Apple have 800 mln of shares? Does it mean that my original 100,000 shares will be bumped up to retain that 0.3% or does it mean that I will be screwed somehow?",1555603778.0,1555574978.0,/r/startups/comments/beizhp/how_shares_are_deluded_in_a_startup_company/,startups
114,stevemartinov,"Well that’s strange, we all knew that long before this article. Robots and NASA should go hand in hand with each other",1555561640.0,1555532840.0,/r/robotics/comments/be9t5z/nasa_nose_importance_of_humans_robots_exploring/el4qu8v/,robotics
115,stevemartinov,Not me,1555561544.0,1555532744.0,/r/robotics/comments/be7esr/kuka_ethernet_connection_pc_to_kr_c2/el4qo1r/,robotics
116,stevemartinov,That’s cool mate!,1555561502.0,1555532702.0,/r/pcmasterrace/comments/be8c9o/just_wanted_to_share_my_1_mechanical_rgb_keyboard/el4qlb8/,pcmasterrace
117,stevemartinov,I want to contribute!,1555561463.0,1555532663.0,/r/robotics/comments/beadye/open_souce_project/el4qitm/,robotics
118,stevemartinov,Yes! But not that useful,1555561409.0,1555532609.0,/r/ROS/comments/bebujd/ros_simulation_to_real_in_remote_connection/el4qfb9/,ROS
31,stevemartinov,How shares are deluded before IPO?. [removed],1555561316.0,1555532516.0,/r/startups/comments/beck2x/how_shares_are_deluded_before_ipo/,startups
119,stevemartinov,"You can use melodic, all the packages you are going to use will probably be available in melodic. Also, most of the packages in kinetic will work on melodic",1555552414.0,1555523614.0,/r/ROS/comments/beaoqk/is_it_worth_using_melodic_how_does_it_differ_from/el4b380/,ROS
32,stevemartinov,"Looking at women as objects and porn urges. Hi,

Recently I have started to look at women as they are objects. I started to stare at their asses to be more precise and it makes me unhappy sometimes as I am a married person and I do not want to hurt my wife. 

It gets easier when I realise that we are just humans and they are just women and there are much more important things than women asses.

But I am getting a feeling that this is due to porn. I wouldn’t say that I am an addict but I would watch 2-3 times a week and masturbate.

So nofappers, did you have a similar experience and would you say that stopping watching porn and masturbating you actually stopped looking at women asses? Also, I am not quite sure about quitting masturbation as I am not having a sex with my wife daily and some researches suggest that lack of ejaculation may lead to cancer, what would you say about that?",1555476318.0,1555447518.0,/r/NoFap/comments/bdyyw9/looking_at_women_as_objects_and_porn_urges/,NoFap
120,stevemartinov,bokmål,1555295338.0,1555266538.0,/r/languagelearning/comments/bd1987/learning_norwegian/ekvxg4o/,languagelearning
33,stevemartinov,"Learning Norwegian. I want to learn Norwegian (I am at A2) by watching tv-series called **Familieekspedisjonen.** 

I can speak Norwegian but I do not have enough vocabulary and I speak very slowly. It is also because I am trying to translate from English and I overcomplicate in Norwegian whereas in Norwegian it is way easier to express something.

So, is there any services like [https://www.fluentu.com/](https://www.fluentu.com/) but in Norwegian?  
If not, do you guys know any software where I can save new words from watching tv-series and then learn them during the week or something? Like the flashcards.",1555264434.0,1555235634.0,/r/languagelearning/comments/bd1987/learning_norwegian/,languagelearning
34,stevemartinov,"Is using ROS more valuable than using C++?. I am working as robotics engineer and using mainly ROS melodic for mobile robots. It was pretty hard to start with ROS but after 7 months of non-stop use I came more or less fluent and comfortable with ROS. I have actually built a fully autonomous mobile robot using ROS and I believe I have gained a lot in robotics field.

All great BUT! How valuable is using ROS and its packages like navigation and etc.? Because it seems to me that I spent most of the time using packages instead of writing my own C++ code. I do write some actual code but it is like 10% of all my work. I am getting worried that I am not learning anything as C++ is a very challenging language and mastering it is a good option for me.

So is it natural that I am not writing so many code lines using C++ and integrating the packages and using ROS mostly?",1554695181.0,1554666381.0,/r/ROS/comments/bak9bf/is_using_ros_more_valuable_than_using_c/,ROS
