,author,body,created,created_utc,permalink,subreddit
0,Avenue21,Why should I do that? I´m not selling =),1571254414.0,1571225614.0,/r/SelfDrivingCars/comments/di8zvp/there_is_a_puzzle_picturing_a_driverless_paris_now/f3wxiho/,SelfDrivingCars
0,Avenue21,There is a puzzle picturing a driverless Paris now..... ,1571179926.0,1571151126.0,/r/SelfDrivingCars/comments/di8zvp/there_is_a_puzzle_picturing_a_driverless_paris_now/,SelfDrivingCars
1,Avenue21,Waymo Releases Self-driving Open Dataset. ,1568764572.0,1568735772.0,/r/SelfDrivingCars/comments/d5iz5d/waymo_releases_selfdriving_open_dataset/,SelfDrivingCars
1,Avenue21,Your grandchild maybe,1566602125.0,1566573325.0,/r/SelfDrivingCars/comments/cu5pdd/kids_and_self_driving_cars/extqpuc/,SelfDrivingCars
2,Avenue21,How is the bus???,1563543930.0,1563515130.0,/r/SelfDrivingCars/comments/cerljx/pedestrian_hits_driverless_shuttle_in_vienna/eu71on0/,SelfDrivingCars
3,Avenue21,"A driverless shuttle like all the ones in use (like Navya or EasyMile). According to SAE-Levels they are not even close to Level 5 autonomy yet, but shuttlewise the most driverless ones we have on the streets.",1563543865.0,1563515065.0,/r/SelfDrivingCars/comments/cerljx/pedestrian_hits_driverless_shuttle_in_vienna/eu71m3k/,SelfDrivingCars
2,Avenue21,"Pedestrian hits driverless shuttle in Vienna. In Vienna, the driverless shuttle-service in Seestadt Aspern is shut down due to a pedestrian hitting the bus (not the other way round!). The pedestrian appears to have listened to music and looked at the phone while crossing the street and therefore ran into the side of the bus (no major injuries, only bruises). As the bus cannot dissolve, it seems like an accident thats hardly to avoid from an operators viewpoint.",1563480238.0,1563451438.0,/r/SelfDrivingCars/comments/cerljx/pedestrian_hits_driverless_shuttle_in_vienna/,SelfDrivingCars
4,Avenue21,"Honestly, I don´t care if staged or not.  


It´s, as you say, kind on funny",1547142696.0,1547113896.0,/r/SelfDrivingCars/comments/ae6ewa/a_tesla_just_killed_a_robot_the_future_is_here/edp8lm1/,SelfDrivingCars
5,Avenue21,"The question is, how will the robots strike back?",1547066358.0,1547037558.0,/r/SelfDrivingCars/comments/ae6ewa/a_tesla_just_killed_a_robot_the_future_is_here/edmnngo/,SelfDrivingCars
3,Avenue21,"A Tesla just killed a robot, the future is here. ",1547066129.0,1547037329.0,/r/SelfDrivingCars/comments/ae6ewa/a_tesla_just_killed_a_robot_the_future_is_here/,SelfDrivingCars
4,Avenue21,"Do you know of any tests/testbeds in rural areas?. Hi there! When it comes to testing autonomous vehicles, we often hear about tests and first services in cities (like in [Phoenix](https://newatlas.com/waymo-one-phoenix/57531/)or in [Vienna](http://avenue21.city/selfdriving-shuttles-will-hit-the-streets-in-vienna/)), but where are the projects on the countryside? 

In Austria, there is a testbed at [Koppl](https://www.digibus.at/en/) near Salzburg for example. Do you know of any similar projects?",1544648016.0,1544619216.0,/r/SelfDrivingCars/comments/a5hvqs/do_you_know_of_any_teststestbeds_in_rural_areas/,SelfDrivingCars
5,Avenue21,A new traffic sign for sweden. ,1543510839.0,1543482039.0,/r/SelfDrivingCars/comments/a1fq7h/a_new_traffic_sign_for_sweden/,SelfDrivingCars
6,Avenue21,The future of parking? ;). ,1542823853.0,1542795053.0,/r/SelfDrivingCars/comments/9z1zfg/the_future_of_parking/,SelfDrivingCars
7,Avenue21,Waymo to Start First Driverless Car Service Next Month. ,1542141002.0,1542112202.0,/r/SelfDrivingCars/comments/9won9x/waymo_to_start_first_driverless_car_service_next/,SelfDrivingCars
6,Avenue21,"Its not a bad thing in a socialist, but an environmental, efficiency-seeking perspective. And yeah, the socialist viewpoint might be the ""cities for all, not only for cars"" one. But if you look at the past century, it is clear that a car-centric city does lead us nowhere good.",1541468434.0,1541439634.0,/r/SelfDrivingCars/comments/9uczc9/how_can_selfdriving_cars_help_escaping_the/e93uaqe/,SelfDrivingCars
7,Avenue21,"My first thoughts: 

&#x200B;

Much more Sprawl plus way more social segregation i.e. more ""mobile deserts"". There would just be another vicious circle. ",1541452864.0,1541424064.0,/r/SelfDrivingCars/comments/9uczc9/how_can_selfdriving_cars_help_escaping_the/e93crqr/,SelfDrivingCars
8,Avenue21,"Please do so, I would be interested to see",1541451487.0,1541422687.0,/r/SelfDrivingCars/comments/9uczc9/how_can_selfdriving_cars_help_escaping_the/e93bp76/,SelfDrivingCars
9,Avenue21,"This is Victor Gruens vicious circle of automobiles. In his view, automobiles have numerous negative effects to our (urban) environment. Can autonomous vehicles help to break this cycle? And how?",1541448836.0,1541420036.0,/r/SelfDrivingCars/comments/9uczc9/how_can_selfdriving_cars_help_escaping_the/e939ui4/,SelfDrivingCars
8,Avenue21,How can selfdriving cars help escaping the vicious circle of automobiles?. ,1541448639.0,1541419839.0,/r/SelfDrivingCars/comments/9uczc9/how_can_selfdriving_cars_help_escaping_the/,SelfDrivingCars
10,Avenue21,A pizza on wheels would be way more efficient than transporting it with a car,1541441885.0,1541413085.0,/r/SelfDrivingCars/comments/9u3osi/fords_self_driving_pizza_delivery/e9368s3/,SelfDrivingCars
9,Avenue21,Happy Halloween. ,1541032461.0,1541003661.0,/r/SelfDrivingCars/comments/9t0eg6/happy_halloween/,SelfDrivingCars
11,Avenue21,"We should not wait for automated vehicles to transform our streets and our mobility system. Most of the transformations (Bike Lanes, Ridesharing...) are possible also today. Automated Vehicles can support this development, but we have to start now.",1540839307.0,1540810507.0,/r/SelfDrivingCars/comments/9sbrlm/how_will_autonomous_vehicles_transform_our_cities/e8nm9xp/,SelfDrivingCars
10,Avenue21,How Will Autonomous Vehicles Transform Our Cities? | Nico Larco | TEDxCollegePark. ,1540836360.0,1540807560.0,/r/SelfDrivingCars/comments/9sbrlm/how_will_autonomous_vehicles_transform_our_cities/,SelfDrivingCars
11,Avenue21,Watch an EasyMile in the center of a small Austrian city. ,1540482518.0,1540453718.0,/r/SelfDrivingCars/comments/9r87r6/watch_an_easymile_in_the_center_of_a_small/,SelfDrivingCars
12,Avenue21,"AVs, land use and travel behaviour: We had a look on 37 modelling studies. ",1539810189.0,1539781389.0,/r/SelfDrivingCars/comments/9oygr0/avs_land_use_and_travel_behaviour_we_had_a_look/,SelfDrivingCars
12,Avenue21,"Nunja, da wirds schwierig.   


zB. die Öffnung der Busspur: Ist total undurchdacht (geht zulasten von Gemeinden) und hat letztlich negative Effekte (weshalb etwa Norwegen, der Vorreiter in Sachen E-Mobilität, die Busspur für E-Autos wieder schließen ließ).

&#x200B;

Wer bewertet also was negativ und was positiv ist?  
 ",1539718085.0,1539689285.0,/r/Austria/comments/9of8vi/schwarzblau_ii_ein_jahr_nach_der_wahl/e7v3crv/,Austria
13,Avenue21,When you dont follow the news on autonomous cars for a while.... ,1537390959.0,1537362159.0,/r/gifs/comments/9h4yai/when_you_dont_follow_the_news_on_autonomous_cars/,gifs
13,Avenue21,"Thats only one truth (Thanks Giuliani).

SDCs could also lead to an increase of traffic due to empty cars, an increase of urban sprawl and the higher level of comfort. ",1535472367.0,1535443567.0,/r/SelfDrivingCars/comments/9anbsk/the_german_train_provider_jokes_about_autonomous/e4ypqr4/,SelfDrivingCars
14,Avenue21,The german train provider jokes about autonomous cars in a promo video. ,1535388869.0,1535360069.0,/r/SelfDrivingCars/comments/9anbsk/the_german_train_provider_jokes_about_autonomous/,SelfDrivingCars
14,Avenue21,"But it was a major scaleback to Ubers actions. There is an issue with trust in AV, one of the dominant industries and governments narratives is the zero fatality one. 

Too high expectations could possibly lead to backlashes in trust, tests and applications. ",1533678804.0,1533650004.0,/r/SelfDrivingCars/comments/959bm8/demise_of_uber_trucks_shows_how_volatile/e3rfrt3/,SelfDrivingCars
15,Avenue21,Demise of Uber trucks shows how volatile driverless industry can be. ,1533653335.0,1533624535.0,/r/SelfDrivingCars/comments/959bm8/demise_of_uber_trucks_shows_how_volatile/,SelfDrivingCars
16,Avenue21,"AVS18 - what can be learned?. As this years automated vehicle symposium has ended, it is time to discuss about the event. Has the discourse changed over the last years? What are the current challenges of automated driving? What can be learned from this years automated vehicle symposium?",1531778185.0,1531749385.0,/r/SelfDrivingCars/comments/8zb3qz/avs18_what_can_be_learned/,SelfDrivingCars
15,Avenue21,"For us as a research project it is very interesting to a) participate in conversations and b) see what kind of news are seen as exciting and which are not. 
To really get hold of new information or to answer questions related to our research is hardly possible. What I would love of course is an ask me anything event by a SDC company =) ",1530722536.0,1530693736.0,/r/SelfDrivingCars/comments/8vlxe9/does_anyone_here_actually_work_at_one_of_the/e1rp5r7/,SelfDrivingCars
17,Avenue21,"Interesting read! ""Autonomous Vehicles: Future Scenarios"". ",1528055503.0,1528026703.0,/r/SelfDrivingCars/comments/8o81n4/interesting_read_autonomous_vehicles_future/,SelfDrivingCars
18,Avenue21,California Reports Highlight Issues With Self-Driving Cars. ,1525281628.0,1525252828.0,/r/SelfDrivingCars/comments/8gg22z/california_reports_highlight_issues_with/,SelfDrivingCars
19,Avenue21,"In 2019, selfdriving shuttles will hit the streets in Vienna. ",1523572550.0,1523543750.0,/r/Driverless/comments/8bqm91/in_2019_selfdriving_shuttles_will_hit_the_streets/,Driverless
20,Avenue21,"In 2019, selfdriving shuttles will hit the streets in Vienna. ",1523570530.0,1523541730.0,/r/SelfDrivingCars/comments/8bqddh/in_2019_selfdriving_shuttles_will_hit_the_streets/,SelfDrivingCars
16,Avenue21,"I hope they are wrong, thats way too late. ",1519232628.0,1519203828.0,/r/SelfDrivingCars/comments/7z0tgp/bp_sees_selfdriving_electric_vehicles_crimping/dul7zws/,SelfDrivingCars
17,Avenue21,"Yeah but my comment is about something different. I just wanted to mention the risk, that Waymo would put itself in if something happened. ",1519146346.0,1519117546.0,/r/SelfDrivingCars/comments/7yqsbj/waymo_about_to_start_driverless_ridehailing_still/duj9h9f/,SelfDrivingCars
18,Avenue21,"No mistakes allowed. Here, Waymo ignores a red light --> https://www.youtube.com/watch?v=03ATgKkV0hc&feature=youtu.be

Will consumers (or better their trust) forgive avoidable mistakes? Even if a Waymo should be already safer than a human driver?

Not an easy task for Waymo.",1519140639.0,1519111839.0,/r/SelfDrivingCars/comments/7yqsbj/waymo_about_to_start_driverless_ridehailing_still/duj6xr7/,SelfDrivingCars
21,Avenue21,Waymo about to start driverless Ride-hailing still in 2018?. ,1519107946.0,1519079146.0,/r/SelfDrivingCars/comments/7yqsbj/waymo_about_to_start_driverless_ridehailing_still/,SelfDrivingCars
19,Avenue21,"The question really is where the companies tested I guess. Of course it is easier to have less interventions when you don´t drive in cities. 
It would be nice when they would have to show that in their annual report too.

If I am mistaken and Waymo tested in about the same environments as others, well yes, then I am impressed.",1518049413.0,1518020613.0,/r/SelfDrivingCars/comments/7vvvpm/interesting_to_see_the_reasons_for_disengagement/dtvrmtu/,SelfDrivingCars
22,Avenue21,Interesting to see the reasons for disengagement. ,1518036821.0,1518008021.0,/r/SelfDrivingCars/comments/7vvvpm/interesting_to_see_the_reasons_for_disengagement/,SelfDrivingCars
23,Avenue21,Should we allow cars to read our minds to improve safety?. ,1515083329.0,1515054529.0,/r/SelfDrivingCars/comments/7o1oiq/should_we_allow_cars_to_read_our_minds_to_improve/,SelfDrivingCars
20,Avenue21,"Autonomous trucks will still need some time. But when driverless cars hit the road, they will most likely do that on highways first (and stay there and in fixed zones for a while). Selfdriving Trucks could work here well. Autonomous last-mile delivery means complete autonomy in many cases, a scenario still pretty far away.",1515080136.0,1515051336.0,/r/SelfDrivingCars/comments/7o0dem/which_will_come_first_autonomous_trucks_or/ds63bn1/,SelfDrivingCars
21,Avenue21,"Haha! Even though, an interesting read. 
But yes, Volvo is scaling back its timeplan for selfdriving cars out of very understandable reasons, meanwhile other carmanufactorers and journals want to keep up the hype...",1515078676.0,1515049876.0,/r/SelfDrivingCars/comments/7nv1lc/the_era_of_autonomous_vehicles_may_be_here_sooner/ds62lvx/,SelfDrivingCars
24,Avenue21,The Era of Autonomous Vehicles May Be Here Sooner than Expected. ,1515019324.0,1514990524.0,/r/SelfDrivingCars/comments/7nv1lc/the_era_of_autonomous_vehicles_may_be_here_sooner/,SelfDrivingCars
22,Avenue21,"Also big carmakers I guess. With abolishing net neutrality, they can purchase guaranteed high bandwidth, which makes their cars safer than others. ",1513384883.0,1513356083.0,/r/SelfDrivingCars/comments/7jyuw7/are_selfdriving_cars_worth_abolishing_net/dramvb4/,SelfDrivingCars
25,Avenue21,Are selfdriving cars worth abolishing net neutrality?. ,1513361750.0,1513332950.0,/r/SelfDrivingCars/comments/7jyuw7/are_selfdriving_cars_worth_abolishing_net/,SelfDrivingCars
23,Avenue21,"Regulation is crucial for not repeting mistakes that have been made in adapting previous mobility ""revolutions"" in the past. If these robots take away space on sidewalks, its a negative side-effect that has to be handled with. ",1513023734.0,1512994934.0,/r/SelfDrivingCars/comments/7j14q6/san_francisco_restricts_the_number_of_autonomous/dr2z2mu/,SelfDrivingCars
24,Avenue21,"True true...
I guess that soon enough this human chaperone would not be necessary anymore, so this actually seems like an interesting first step to control the possible effects of mass deployment of these little fellas. ",1513022850.0,1512994050.0,/r/SelfDrivingCars/comments/7j14q6/san_francisco_restricts_the_number_of_autonomous/dr2yo00/,SelfDrivingCars
26,Avenue21,San Francisco restricts the number of autonomous delivery robots on its sidewalks. ,1513012787.0,1512983987.0,/r/SelfDrivingCars/comments/7j14q6/san_francisco_restricts_the_number_of_autonomous/,SelfDrivingCars
25,Avenue21,"History shows, that commuting time really is a hurdle, but not distance, therefore it depends on the cost and the speed of mobility.  But I agree on your time argument. But the question I want to raise is, how to govern this shift in mobility to avoid unwanted consequences. ",1507595294.0,1507566494.0,/r/SelfDrivingCars/comments/7570ve/a_gameplan_for_ceding_us_freeways_to_driverless/do4k68r/,SelfDrivingCars
26,Avenue21,"It seems that this idea could work on highways. But we have to ask ourselves, what would be the implications? Car traffic would stay attractive, alongside emissions.
Urban Sprawl could flourish, leading to more segregation due to different income and the ability to afford this new technology. Especially with this Highway-scenario. 
Of course Automatisation can lead to  a lot of advantages, but sometimes it seems, that potential hazards to our society are a little bit excluded in this discourse.
",1507584449.0,1507555649.0,/r/SelfDrivingCars/comments/7570ve/a_gameplan_for_ceding_us_freeways_to_driverless/do4b1t2/,SelfDrivingCars
27,Avenue21,Public Panel Discussion: Autonomous Driving - What is in Store for us?. ,1507218221.0,1507189421.0,/r/SelfDrivingCars/comments/74ehak/public_panel_discussion_autonomous_driving_what/,SelfDrivingCars
27,Avenue21,"Angela Merkel said that in 20 years time you´d need a special permission to personally drive your car on public roads. 
Wether the timeframe is pretty uncertain, it is obvious that the mixed-traffic and transition phases cause a lot of trouble. So far, a lot more than we see today would be already possible in isolated lanes & areas. 

So it is likely that governemnts try to avoid mixed-traffic scenarios with special lanes on highways i.e. Everything depends on the certain Use-Case and if its a city or on the countryside. But as the technology is not that far evolved in terms of automatisation yet, it really can happen that we see AV-only areas/lanes in cities and on highways. ",1499879587.0,1499850787.0,/r/SelfDrivingCars/comments/6m398h/what_will_happen_to_humandriven_vehicles_in_a/dk41kl9/,SelfDrivingCars
