,author,body,created,created_utc,permalink,subreddit
0,moltani,It's strange that so many websites calculate the short interest as a % of the float. Where are they getting this number from? Do places like Yahoo Finance use their own analysts to go over the SEC filings? I thought companies would have to register this number with the SEC on a regular basis.,1573564732.0,1573535932.0,/r/stocks/comments/duu32z/accurate_source_for_the_float_of_publicly_traded/f7apv4e/,stocks
0,moltani,Accurate source for the float of publicly traded companies?. Are there any websites that actually tracks the number of float shares for publicly traded companies? I find that lots of websites are getting wildly different short interest numbers and I suspect they're getting the float values wrong.,1573515721.0,1573486921.0,/r/stocks/comments/duu32z/accurate_source_for_the_float_of_publicly_traded/,stocks
1,moltani,"I think everything I have said is consistent. The obligations depend on the class of shares you have. The shares on the secondary market are usually the lowest class (e.g. get paid last in liquidation). 

Now consider an extreme imaginary case, the company has no obligations to the shareholders in the secondary market. That means the price of the shares in the secondary market will no longer reflect anything about the company. This is a complete disconnection.

Now let's consider a more realistic case. The company is not vulnerable to a takeover, doesn't plan to do a buyback, and is not issuing dividends. This makes them less influenced by their share price in the secondary market. So pricing influence from inside the company will not be present. This makes the pricing less accurate because it's determined solely by outsiders.",1573194296.0,1573165496.0,/r/investing/comments/dsz48q/economic_showerthought_does_it_make_sense_to/f6unxly/,investing
2,moltani,"I'm arguing that the shares are more disconnected from the company once they reach the secondary market. This is for a couple of reasons:

\-Shares often have diluted voting rights. This could be explicitly defined in the company's S-1 filing. This also happens implicitly as individual investors are unlikely to own any large fraction of the outstanding shares. This is especially true for a large company.

\-The legal obligations of common stock shareholders are pretty low in the line of a liquidation event. See example below:

[https://www.sec.gov/reportspubs/investor-publications/investorpubsbankrupthtm.html](https://www.sec.gov/reportspubs/investor-publications/investorpubsbankrupthtm.html)

>Be sure you know which shares you are purchasing, because the old shares that were issued before the company filed for bankruptcy may be worthless if the company has emerged from bankruptcy and has issued new common stock.

Obviously this is all very hypothetical and really will depend on a case by case basis for each company. But I think it's extremely interesting to understand the obligations companies really have to their shareholders in the secondary market.

Edit: For example, I can imagine situations where a company could completely disconnect themselves from their secondary market share price if they are not vulnerable to a takeover, don't plan to do a buyback, are not issuing dividends.",1573192384.0,1573163584.0,/r/investing/comments/dsz48q/economic_showerthought_does_it_make_sense_to/f6uj0th/,investing
3,moltani,"> A share is ownership of a company, it's intrinsic value is directly tied to the company. Say a company never had an IPO but had stakeholders and they decided to dissolve. They sell off assets. Who does the money go to? The owners.

This exactly shows my point. For a private company the stakeholders are in the primary market. If the company dissolves, they legally own the assets of the company and have claim over these assets. Their shares map to directly owning the company.

On the secondary market, this may not be the case. The shares in secondary market are much more disconnected. If they're completely disconnected, you might just be stuck with worthless shares. In the event of bankruptcy, the company can issue new shares under a different symbol. This is why having the secondary shares map on to the primary market is so important for their proper valuation.",1573187275.0,1573158475.0,/r/investing/comments/dsz48q/economic_showerthought_does_it_make_sense_to/f6u5snm/,investing
4,moltani,"I'm referring to the value of the share, not the value of the company. I'm not saying the company itself doesn't have value (obviously it does). But I'm saying the price of its share may completely off because they've haven't been exchanged on the primary market since its IPO. Furthermore, if there is no primary market for the share (ie the company will never take the share back, issue a dividend, be acquired), then that share's intrinsic value is 0.",1573185598.0,1573156798.0,/r/investing/comments/dsz48q/economic_showerthought_does_it_make_sense_to/f6u19tb/,investing
5,moltani,">If a company increases their profit YoY and future looks strong does the stock price go up or down?

I'm not saying that the way share prices change in the secondary markets reflects what I said in my original post. I'm not even saying that it should.

I'm just working through some simple logic to come to a conclusion about how to value a share of a large company. The conclusion is that there must be some way for the share to be moved outside of the secondary markets. That is through buybacks, dividends, acquisitions, etc.

If a company doesn't pay dividends and is too large to be acquired, buybacks seem like one of the only optimistic ways to come up with a valuation. So if these large companies don't express any intention of buying back their shares in the near future, their valuations could be completely off because there's no price discovery from the primary markets.",1573180532.0,1573151732.0,/r/investing/comments/dsz48q/economic_showerthought_does_it_make_sense_to/f6tnvrs/,investing
6,moltani,"Yes, I think this is the key. There needs to be a way for non-dividend paying shares to leave the secondary markets. If there was no way for these shares to exit the secondary market, their value would be 0.",1573179965.0,1573151165.0,/r/investing/comments/dsz48q/economic_showerthought_does_it_make_sense_to/f6tmjcu/,investing
1,moltani,"Economic Showerthought: Does it make sense to invest in large-cap stocks that pay no dividend?. Owning shares of a small-cap company that pays no dividend is fine because the assumption is the income generated by the company goes back to increase the net value of the company. For small companies that have a chance of being acquired, this makes sense. 

But for large-cap companies ($>500 billion), there is really no market on the buy end because there's no other company with the capacity to acquire it. So without proper liquidity in terms of someone buying the entire company, the valuations might be completely wrong.

You could try to evaluate the company in terms of its acquirable components (assets like real estate, cash, and cash equivalents, etc) but the current largest companies have a lot of intangibles that seem hard to value. They are very much integrated with other services that are hard to pull out separately (e.g. Amazon warehouses, Google Android).

&#x200B;

If each share of the large company paid a dividend, then you could create a value based on each share's profitability. In that case, each share does have its own value. But for companies that don't pay a dividend, it seems like their valuations cannot be properly determined because there is no market for their acquisition.",1573168591.0,1573139791.0,/r/investing/comments/dsz48q/economic_showerthought_does_it_make_sense_to/,investing
7,moltani,"Since there's no schedule on the website, is there any rough estimate of how long the wait is at a particular jitney stop?",1571896958.0,1571868158.0,/r/jerseycity/comments/dm0qwo/is_there_a_hassle_free_way_to_get_to_fort_lee/f4xrk6j/,jerseycity
2,moltani,"Is there a hassle free way to get to Fort Lee without driving?. Is there a painless way to regularly commute from Jersey City to Fort Lee? It seems like every way I plan out my commute, I have to do a weird transfer like walking at least a half-mile from one bus stop to another. Is driving my only option?

It is very weird that there isn't a more direct connection between two fairly populated areas in Jersey. It almost makes more sense to go into Manhattan and connect at PABT.",1571872627.0,1571843827.0,/r/jerseycity/comments/dm0qwo/is_there_a_hassle_free_way_to_get_to_fort_lee/,jerseycity
3,moltani,How do you account for tax owed at the end of the year for your trading strategies?. Are there better ways than setting aside some amount of each gain to handle income taxes (for taxable accounts)?,1571092177.0,1571063377.0,/r/investing/comments/dhrc91/how_do_you_account_for_tax_owed_at_the_end_of_the/,investing
8,moltani,My trading income is not consistent enough year by year to estimate taxes accurately.,1571038172.0,1571009372.0,/r/stocks/comments/dhe57v/how_do_you_handle_your_gains_and_losses_so_taxes/f3o67nf/,stocks
4,moltani,"How do you handle your gains and losses so taxes won't impact your strategy?. How do you exit positions with large gains without having the tax liabilities during tax season mess up your trading strategy? 

Especially if you have losses but don't want to be forced out of those positions because of wash sale rules. Is it best to just set aside some of the gains every time you realize them for taxes?",1571019056.0,1570990256.0,/r/stocks/comments/dhe57v/how_do_you_handle_your_gains_and_losses_so_taxes/,stocks
9,moltani,I did try VPN and I could not get past authentication. This is not super surprising to me as this seems fairly easy to block on via ports.,1569219672.0,1569190872.0,/r/networking/comments/d7vlqd/how_do_airlines_usually_sandbox_in_flight_network/f15i3re/,networking
5,moltani,"How do airlines usually sandbox in flight network traffic?. I was recently offered 'basic' internet access on a flight which disallowed 'social media' and 'streaming' sites. Since I was bored, I was playing around and found they did a fairly effective job as blocking access. I am curious how they were able to do this.

I have multiple browsers. Some are set up with DNS over HTTPS (DoH) and others with DNS over TLS (DoT) pointed at Cloudflare. I also tried using encrypted-SNI. None of this made it through the sandbox. I didn't have any issues connecting to Cloundflare services, so they weren't blocking the nameserver itself. 

Just curious if anyone knew how they were able to block access.",1569210957.0,1569182157.0,/r/networking/comments/d7vlqd/how_do_airlines_usually_sandbox_in_flight_network/,networking
10,moltani,Could you clarify what you mean here? Are the Class B shares not considered until the holders convert to Class A shares creating a dilution event?,1569143040.0,1569114240.0,/r/investing/comments/d6o4k4/is_market_capitalization_on_googleyahoo_finance/f10lf0n/,investing
6,moltani,"Is market capitalization on Google/Yahoo Finance wrong for companies that have both Class A and Class B shares?. I was going through some market valuations on Yahoo Finance and Google Finance. The valuation shown on both is significantly lower than the total (Class A + Class B) shares. They both exactly match the Price\*(# of Class A shares). For one company, this changes the valuation about 5x!

Furthermore, many companies explicitly state:

>Each share of Class B common stock is convertible at any time at the option of the holder into one share of Class A common stock.

By this definition, the Class B shares are explicitly worth more than Class A shares. Using Class A shares only for calculating valuation completely misrepresents measures like the EPS and P/E.",1568973951.0,1568945151.0,/r/investing/comments/d6o4k4/is_market_capitalization_on_googleyahoo_finance/,investing
11,moltani,"But what if there is a conversation clause from Class B to Class A at a 1 to 1 exchange? For example, many companies explicitly state:

""Each share of Class B common stock is convertible at any time at the option of the holder into one share of Class A common stock.""

By this definition, the Class B shares are explicitly worth more than Class A shares. This completely misrepresents measures like the EPS, P/E numbers.",1568932846.0,1568904046.0,/r/stocks/comments/d6eqdc/why_does_market_capitalization_include_only_class/f0sff43/,stocks
7,moltani,"Why does market capitalization include only 'Class A' outstanding shares and not 'Class A' + 'Class B' outstanding shares?. I was going through some market valuations on Yahoo Finance and Google Finance. The valuation shown on both is significantly lower than the total (Class A + Class B) shares. They both exactly match the Price\*(# of Class A shares). For one company, this changes the valuation about 5x!",1568931672.0,1568902872.0,/r/stocks/comments/d6eqdc/why_does_market_capitalization_include_only_class/,stocks
12,moltani,"2 million 'analysts' seem high, where are you classifying as an analyst here and where are you getting their ratings from?",1567485119.0,1567456319.0,/r/investing/comments/cyonjo/30_of_investors_lose_money_following_an_online/eyu9gku/,investing
8,moltani,"Can you make some sort of interest on the cash that's parked in your brokerage account?. While waiting to get an entry point into the market, do most brokerages offer a way for the cash to generate interest?",1566207728.0,1566178928.0,/r/stocks/comments/csadaz/can_you_make_some_sort_of_interest_on_the_cash/,stocks
13,moltani,"I'm genuinely curious, wherein their filing does it show they are paying drivers more than they are charging riders? I personally couldn't find any evidence this is true. I'm not saying they aren't losing money, but their losses are from extremely high operating expenses, not paying drivers more than they charge riders.",1565781149.0,1565752349.0,/r/stocks/comments/cpyja4/uber_crashing/ewtrjhl/,stocks
14,moltani,">They are charging less in fares than they are paying the drivers for that same fare. 

Where is the evidence for this?",1565764457.0,1565735657.0,/r/stocks/comments/cpyja4/uber_crashing/ewsurna/,stocks
9,moltani,What is the main difference between Adjusted Revenue vs Revenue?. Just wanted to clarify what factors account for Adjusted Revenue vs Revenue when a company reports earnings.,1565416866.0,1565388066.0,/r/investing/comments/co98rk/what_is_the_main_difference_between_adjusted/,investing
15,moltani,"That's interesting. I was thinking they would want to hedge that away. As a market maker, aren't they trying to minimize exposure to price changes in price?",1564205689.0,1564176889.0,/r/stocks/comments/ci4kib/do_brokerages_cancel_out_their_position_when/ev2hbwc/,stocks
16,moltani,"Appreciate the patience with my questions. If I understand it correctly, the risk is to the lender of the shares. If the brokerage has an inventory of shares to loan out, they're taking the opposite position of the short seller (the brokerage is the counterparty). If the short seller is right and the stock goes down, then the brokerage is at a loss. I would imagine this is not in the interest of the broker to be exposed in this way.",1564189580.0,1564160780.0,/r/stocks/comments/ci4kib/do_brokerages_cancel_out_their_position_when/ev1lgfh/,stocks
17,moltani,"But someone has to act as a counterparty to the short sale position. Who is it? I assume the brokerage doesn't take on the risk, but it has to go somewhere.",1564188163.0,1564159363.0,/r/stocks/comments/ci4kib/do_brokerages_cancel_out_their_position_when/ev1ixk8/,stocks
10,moltani,Do brokerages cancel out their position when offer a short sale to customers?. I was just wondering if a brokerage takes on the counterparty risk when they 'sell' a short sale to customers? It sounds strange to me because I thought brokerages are mostly set up to be position agnostic.,1564185013.0,1564156213.0,/r/stocks/comments/ci4kib/do_brokerages_cancel_out_their_position_when/,stocks
11,moltani,"Why is short interest so low on Uber?. Given the news and general pessimism in the news about Uber, its short interest is surprisingly low. UBER is at 2% compared to LYFT 7%. This is a surprisingly large gap for two companies in similar markets. Any obvious reasons for this?",1563685221.0,1563656421.0,/r/stocks/comments/cfqts0/why_is_short_interest_so_low_on_uber/,stocks
18,moltani,Paper: [https://arxiv.org/abs/1907.05418](https://arxiv.org/abs/1907.05418),1562944267.0,1562915467.0,/r/SelfDrivingCars/comments/cc7khu/adversarial_objects_against_lidarbased_autonomous/etl0btx/,SelfDrivingCars
12,moltani,Adversarial Objects Against LiDAR-Based Autonomous Driving Systems. ,1562944253.0,1562915453.0,/r/SelfDrivingCars/comments/cc7khu/adversarial_objects_against_lidarbased_autonomous/,SelfDrivingCars
13,moltani,"Limiting the total cost of an AWS S3 bucket for website hosting. I'm trying to get my feet wet with AWS S3 for hosting by setting up a very simple website at first. Since this is just a personal project for learning purposes, I want to limit the possible costs this website could accrue. Is it possible to set a limit that AWS can charge me for usage? 

&#x200B;

Ideally, I would like to remain on the free tier and never go out of it. It makes me nervous to have something that could expose me to an unbounded amount of usage costs if for some reason my bandwidth spikes (e.g. a DOS attack or something). 

&#x200B;

I've looked at the budgeting feature in AWS, but that only creates alerts to notify me rather than cap the costs.",1559041176.0,1559012376.0,/r/aws/comments/btuuyl/limiting_the_total_cost_of_an_aws_s3_bucket_for/,aws
14,moltani,"For a case fan mounted horizontally, which will have a better lifetime 'blowing down' or 'blowing up'?. I'm trying to decide how to install an AIO CPU cooler ([https://www.evga.com/products/product.aspx?pn=400-HY-CL28-V1](https://www.evga.com/products/product.aspx?pn=400-HY-CL28-V1)) which will be mounted horizontally in my case. 

I've had issues with fans mounted horizontally blowing up towards the ceiling. After some time, they eventually stop spinning. I'm wondering if this has to do with the way to fan sits on the bearing when mounted horizontally. Anyway, this machine will be on 24/7, so I would like to maximize the life of this component.",1555509709.0,1555480909.0,/r/buildapc/comments/be4d7k/for_a_case_fan_mounted_horizontally_which_will/,buildapc
19,moltani,Just looking for the total return over time.,1555319560.0,1555290760.0,/r/investing/comments/bbaiqe/why_dont_brokerage_accounts_show_portfolio/ekwrhpv/,investing
20,moltani,Do they show portfolio performance over time? Or just net gain loss?,1554869771.0,1554840971.0,/r/investing/comments/bbaiqe/why_dont_brokerage_accounts_show_portfolio/ekhvlcd/,investing
21,moltani,I wonder why such a simple feature is left out of most platforms. Seems like there's an incentive to not include it.,1554864455.0,1554835655.0,/r/investing/comments/bbaiqe/why_dont_brokerage_accounts_show_portfolio/ekhnkdg/,investing
22,moltani,"Not sure if I see this as unfair. The brokerage/advisor is just like any other product I buy or sell. I should be able to calculate the gain or loss over time like any other equity. As you said, the timing of deposits is important. Like any other instrument, my returns must factor in when I enter or leave a position.",1554864211.0,1554835411.0,/r/investing/comments/bbaiqe/why_dont_brokerage_accounts_show_portfolio/ekhn7c5/,investing
15,moltani,"Why don't brokerage accounts show portfolio performance over time?. It seems like most interfaces intentionally leave out this critical feature and it's unclear to me as to why. The only thing I can think of is that it makes their managed account offerings look bad.

Is there another reason these platforms leave out easy ways to compare yourself to the market or other mutual funds?",1554858575.0,1554829775.0,/r/investing/comments/bbaiqe/why_dont_brokerage_accounts_show_portfolio/,investing
16,moltani,TED: What if all US health care costs were transparent?. ,1554458979.0,1554430179.0,/r/Health/comments/b9ljat/ted_what_if_all_us_health_care_costs_were/,Health
17,moltani,"Pricing for the company, underwriters, and an individual investor?. With all this recent IPO business, I was trying to find out exactly what price Lyft received for their shares. From what I gathered, it seems the underwriters released their shares to the public market at $72. But what price did Lyft get from the underwriting banks? Presumably, it's lower but I couldn't find more information on this. Is this number not disclosed?

",1554169215.0,1554140415.0,/r/investing/comments/b85o15/pricing_for_the_company_underwriters_and_an/,investing
18,moltani,"Comma ai acquisition? George Hotz mentions in passing at SXSW2019. Link to timestamp where he mentions it: 

https://www.youtube.com/watch?v=ESXOAJRdcwQ&feature=youtu.be&t=1436

George Hotz says:
> ""I started a company a few years ago, comma ai, and I'm about to have a lot of money""

",1553346771.0,1553317971.0,/r/SelfDrivingCars/comments/b4fbm4/comma_ai_acquisition_george_hotz_mentions_in/,SelfDrivingCars
19,moltani,"Is SO(N) homomorphic to S(N)?. I'm trying to create a visual representation of the special orthogonal group SO(N) and I'm not sure if I can draw it as a sphere. If I can't, is there a way to visualize SO(N)?",1548161671.0,1548132871.0,/r/math/comments/aijckq/is_son_homomorphic_to_sn/,math
23,moltani,This is the tricky part. I'm considering a career change which might require me to move and I think my exposure right now is to a crash in my neighborhood.,1542591623.0,1542562823.0,/r/personalfinance/comments/9y7lyl/how_do_i_protect_myself_from_a_housing_market/e9z88zh/,personalfinance
24,moltani,"But if I need to move to another city, I don't want to wait out the recovery which could take 5+ years. Ideally, I want the flexibility of a shorter time horizon by hedging so I am not impacted.",1542591320.0,1542562520.0,/r/personalfinance/comments/9y7lyl/how_do_i_protect_myself_from_a_housing_market/e9z7mr9/,personalfinance
20,moltani,"How do I protect myself from a housing market crash in my neighborhood?. Besides selling my house, what are ways I can protect myself from the housing prices plummeting in my neighborhood? Is there a way I can hedge against another crash?",1542589513.0,1542560713.0,/r/personalfinance/comments/9y7lyl/how_do_i_protect_myself_from_a_housing_market/,personalfinance
21,moltani,What are these little dots on the windows of the terminal for?. ,1536109594.0,1536080794.0,/r/whatisthisthing/comments/9cxlve/what_are_these_little_dots_on_the_windows_of_the/,whatisthisthing
22,moltani,San Francisco's Earthquake Risk Is Growing And The City Is Not Ready. ,1535506204.0,1535477404.0,/r/bayarea/comments/9b0x48/san_franciscos_earthquake_risk_is_growing_and_the/,bayarea
23,moltani,How do exchanges know the level of short interest there is for a particular stock?. Just curious how exchanges can tell the level of short interest in a particular stock? How can they distinguish them from normal buy/sell orders?,1535435305.0,1535406505.0,/r/investing/comments/9at4ub/how_do_exchanges_know_the_level_of_short_interest/,investing
25,moltani,"Yes, this is exactly what I was looking for. Do you know of an example of fexp() that works on a subset of real a and x? I'm having some trouble understanding how fexp(a,e^x ) = fexp(a+1,x) is satisfied. It seems like something like involving applying logarithm 'a' times.",1534991235.0,1534962435.0,/r/math/comments/98fuig/is_there_a_topological_group_where_the_set/e4na58p/,math
26,moltani,"Thanks for better formalizing this, I guess I would have to add the 'do nothing' as the neutral element to the set of the group. More specifically, I am looking for a way to extend the elements in this group to something akin to rational numbers being extended to real numbers.",1534666958.0,1534638158.0,/r/math/comments/98fuig/is_there_a_topological_group_where_the_set/e4frpl1/,math
27,moltani,"Thank you for the encouragement. Yes, definitely new to this. I was curious if there was something that already existed that can continuously transform an 'addition' to a 'multiplication'. Like, what is halfway between a multiply and addition. As I write this response, I'm realizing how poorly formalized my post is.",1534666841.0,1534638041.0,/r/math/comments/98fuig/is_there_a_topological_group_where_the_set/e4frlky/,math
24,moltani,"Is there a topological group where the set elements are: addition, multiplication, subtraction, and division?. ",1534663057.0,1534634257.0,/r/math/comments/98fuig/is_there_a_topological_group_where_the_set/,math
25,moltani,"To Remember, the Brain Must Actively Forget: cellular processes mediated by dopamine and Rac1 constantly erode newly formed memories. ",1532519390.0,1532490590.0,/r/neuro/comments/91of66/to_remember_the_brain_must_actively_forget/,neuro
26,moltani,Neurons Can Carry More Than One Signal at a Time. ,1532062799.0,1532033999.0,/r/neuro/comments/909p1v/neurons_can_carry_more_than_one_signal_at_a_time/,neuro
27,moltani,"What does local learning mean if it at some scale depends on the activities of other non-local neurons?. People describe neurons in the brain as an instance of local learning and define it as not requiring information beyond the post-synaptic and pre-synaptic activity. But what if that activity is a function of distal neurons, how is the update not also a function of those distal neurons?",1530879645.0,1530850845.0,/r/neuro/comments/8wh4fi/what_does_local_learning_mean_if_it_at_some_scale/,neuro
28,moltani,"Memory formation and preservation in neurogenesis. Is there any work looking at whether new neurons can 'inherit' memories of parent cells in neurogenesis? A colleague mentioned there was some research on genetics role in memory preservation in neurogenesis, but I'm unable to find it.",1523686845.0,1523658045.0,/r/neuro/comments/8c355f/memory_formation_and_preservation_in_neurogenesis/,neuro
29,moltani,How do I mount a curtain/blinds to this window? What do I need to buy?. ,1501637827.0,1501609027.0,/r/howto/comments/6qxus5/how_do_i_mount_a_curtainblinds_to_this_window/,howto
28,moltani,"> Lisa Su has said time and time again that they do not want to sell AMD. 

Have any sources for this? Of course they wouldn't sell at $3 if Su had confidence she could take it much higher (and she has).",1494549508.0,1494520708.0,/r/stocks/comments/6ahx88/amd_to_a_target_of_15/dhfdm0y/,stocks
29,moltani,"> What these people fail to realize is that the hundreds of thousands to millions of roughnecks spent far more money and contributed more spending in the overall economy by far

Are you saying the loss in spending by those who work in oil production will more than offset the increase in spending by those who consume oil? I don't see how that's possible. Where do your numbers come from?",1452684190.0,1452655390.0,/r/worldnews/comments/40nvfe/oil_falls_below_30barrel_for_first_time_since/cyw78uf/,worldnews
30,moltani,For the antenna in the back of the van or also the thing that's on the tripod?,1452218834.0,1452190034.0,/r/whatisthisthing/comments/3zur8y/noticed_this_setup_on_my_commute_what_is_this/cypkbbj/,whatisthisthing
31,moltani,Some background: There's two antennas that connect to that van. The one in the first picture is attached to the van. The one in the second is connected to the van by a cable. I think the van had government plates. This was on the New Jersey side facing Manhattan Island.,1452187220.0,1452158420.0,/r/whatisthisthing/comments/3zur8y/noticed_this_setup_on_my_commute_what_is_this/cyp5w6f/,whatisthisthing
30,moltani,"Noticed this setup on my commute, what is this antenna thing for?. ",1452187135.0,1452158335.0,/r/whatisthisthing/comments/3zur8y/noticed_this_setup_on_my_commute_what_is_this/,whatisthisthing
31,moltani,Thoughts on TMUS? It's been sliding down 10% now for the past couple months.. I couldn't find a good explanation for the slip over the past couple months.,1449190940.0,1449162140.0,/r/investing/comments/3vasng/thoughts_on_tmus_its_been_sliding_down_10_now_for/,investing
32,moltani,"Then to clarify, Volvo is currently not ahead of Tesla in their current offerings. They plan to be ahead in the future, but not in terms of what you can buy today.",1449048558.0,1449019758.0,/r/Futurology/comments/3unhuy/tesla_wants_to_make_fully_selfdriving_cars_happen/cxjutr3/,Futurology
33,moltani,Can you provide some evidence that Volvo is way ahead of Tesla in self driving? I haven't seen a feature or ability that would imply Volvo is ahead of Tesla.,1448962937.0,1448934137.0,/r/Futurology/comments/3unhuy/tesla_wants_to_make_fully_selfdriving_cars_happen/cxim4jd/,Futurology
34,moltani,"Can you give some examples of Volvo self driving vs Tesla self driving?
",1448848772.0,1448819972.0,/r/Futurology/comments/3unhuy/tesla_wants_to_make_fully_selfdriving_cars_happen/cxgx338/,Futurology
35,moltani,Is there a list somewhere where I can find these exclusions? I don't see why some foods are targets for this label while most others are not. I still haven't found anything in my fridge that has this warning on it.,1448848620.0,1448819820.0,/r/soylent/comments/3ta0u2/why_is_there_lead_and_cadmium_in_soylent/cxgwzte/,soylent
36,moltani,"> so that almost everything sold in California has a prop 65 warning label on it.

As a resident of California, this is not true. Very few items have that label on it.",1447892150.0,1447863350.0,/r/soylent/comments/3ta0u2/why_is_there_lead_and_cadmium_in_soylent/cx4m03i/,soylent
37,moltani,I agree that oil demand isn't going to drastically change in the near future. But why invest in it? Why invest in something that won't really change in demand or value? Is there any reason you see Exxon having a particular upside in the future? ,1446954534.0,1446925734.0,/r/investing/comments/3rvrfm/exxon_investors_may_rue_climaterisk_indifference/cws2rv3/,investing
38,moltani,"So the deal isn't getting $9 of VMware stock, but just .11 of whatever price VMWare is trading at which in turn means DELL isn't necessarily spending $67 billion. At the current prices of VMWare, it could be spending a bit less.",1445480596.0,1445451796.0,/r/stocks/comments/3pn3nh/why_isnt_emc_trading_closer_to_dells_buy_price/cw7vxc9/,stocks
39,moltani,"Won't that still cause EMC shares to be valued at approximately $33 then if either way they're getting $24 in cash and $9 of VMWare (ignoring uncertainty of the deal going through)? 

Those seem like absolute numbers  regardless of what price VMWare is trading at when the sale happens?",1445475234.0,1445446434.0,/r/stocks/comments/3pn3nh/why_isnt_emc_trading_closer_to_dells_buy_price/cw7s4lz/,stocks
40,moltani,"I see, that's interesting. So there's going to be a tight coupling between VMWare and EMC's price as this deal goes through. 

Is DELL going to spend $67 billion either way, or is it just going to buy EMC and issue VMWare shares at whatever market price?",1445473402.0,1445444602.0,/r/stocks/comments/3pn3nh/why_isnt_emc_trading_closer_to_dells_buy_price/cw7qtqx/,stocks
32,moltani,Why isn't EMC trading closer to DELLs buy price?. Why is EMC trading so far below DELL's $67 billion purchase price? Shouldn't  it be trading much closer to $34?,1445468779.0,1445439979.0,/r/stocks/comments/3pn3nh/why_isnt_emc_trading_closer_to_dells_buy_price/,stocks
41,moltani,"I agree, the main issue is the news continually sensationalizes *artificial intelligence* to be more than it actually is. It's just applied statistics and math.

Thanks for pointing this out though. I was wondering if there was this perspective of a *sacred physician role* where physicians refuse to do things differently than the way they were taught or have been doing before. ",1444462923.0,1444434123.0,/r/medicine/comments/3o5hrl/a_hospital_in_boston_is_using_artificial/cvuakn9/,medicine
42,moltani,"I can assure you these algorithms will NOT replace physicians in the near future. What they can do is give hints to a physician about what could be happening with a patient. These algorithms are just another kind of tool like a heart rate monitor/xray/fmri.

The main benefit I see for these algorithms is that they can integrate *enormous* amounts of data and draw conclusions from that. So it complements a physician's knowledge. While a physician does very complex reasoning on the experiences and knowledge she or he has, these algorithms do simple reasoning on vast datasets that a human would have no hope of sifting through.",1444461899.0,1444433099.0,/r/medicine/comments/3o5hrl/a_hospital_in_boston_is_using_artificial/cvua1b7/,medicine
43,moltani,"My own research work has some overlap with these technologies. After getting a better idea at how overworked and shorthanded hospitals everywhere are, I was curious how my own work could alleviate this issue. 

I'm considering pursuing a career in working on these types of technologies. But I was wondering how the medical community would receive it.

What are your opinions about these sorts of programs that assist in diagnosis?

Where will I get a great deal of resistance in collaborating with hospitals and medical staff about this technology? I suspect it would be the proper clearances in gathering the medical data which these algorithms need in order to work. But are there other huge issues that I'm missing.",1444457054.0,1444428254.0,/r/medicine/comments/3o5hrl/a_hospital_in_boston_is_using_artificial/cvu7c48/,medicine
33,moltani,A hospital in Boston is using artificial intelligence to improve the way care is provided in its emergency department. ,1444456732.0,1444427932.0,/r/medicine/comments/3o5hrl/a_hospital_in_boston_is_using_artificial/,medicine
44,moltani,"I can only say what the research states. I personally don't know of any work that says you can train yourself to be functional in a sleep deprived state. But I do know physiologically, what happens during sleep CANNOT be replicated with anything else at this time besides SLEEP.

Think about it this way, why do all high-order animals (animals with reasonably developed brains) sleep? It's a huge disadvantage for survival, if there was a reasonable way to get around sleep, evolution would have found it. The closest thing I can think of is [unihemispheric slow-wave sleep](https://en.wikipedia.org/wiki/Unihemispheric_slow-wave_sleep). So I'm very skeptical that someone can train themselves to function without sleep.",1444398904.0,1444370104.0,/r/pics/comments/3o1dgo/this_is_my_friend_kevin_he_works_as_an/cvtfmh0/,pics
45,moltani,"Long shifts like that can't be safe for anyone. As someone that works in neuroscience research, I can tell you right now your cognitive abilities decrease DRASTICALLY with sleep deprivation. Everything goes down, from reaction time to decision quality.  And no caffeine does not fix this. It just keeps you awake.

This is extremely scary in a hospital setting where decisions are quite literally life or death. It's funny that you mention flying a plane, because there are laws that require pilots to break after X number of hours flying.

Furthermore, it's not healthy for the hospital staff. A lot of new research is showing sleep deprivation has a strong predictor for Alzheimer disease.

In your opinion, what can society do to prevent doctors and hospital staff from working such insane hours.",1444393355.0,1444364555.0,/r/pics/comments/3o1dgo/this_is_my_friend_kevin_he_works_as_an/cvtdi8z/,pics
34,moltani,What types of torches do you use for finishing?. I'm looking to buy a versatile torch that I can use to sear the many things I sous vide. Anyone have suggestions on which torches are the best?,1441906424.0,1441877624.0,/r/sousvide/comments/3kdjph/what_types_of_torches_do_you_use_for_finishing/,sousvide
35,moltani,Louis C.K. Is A Moral Detective. ,1441890891.0,1441862091.0,/r/comedy/comments/3kctn0/louis_ck_is_a_moral_detective/,comedy
36,moltani,"Nutritional Science of Soylent, where are we now?. As a scientist by training, I was trying to find more details about how Soylent was formulated and the possible ongoing experiments to demonstrate the effects on human health.

Unfortunately, I couldn't find much in the area of science, just several polarizing blog posts both for and against a 100% soylent diet.

Then I came across an old debate posted 2 years ago during the early days of Soylent:

http://discourse.soylent.me/t/whole-foods-versus-soylent/4272/22

It centered around two very different types of diets, whole foods and Soylent. The debate made me wonder how much more knowledge (if any) we've gained about the effects of Soylent since then. Is there a repository of the ongoing experiments with Soylent? Have there been any scientific articles evaluating Soylent?

Those of you that have gone 100% Soylent, how are you tracking your health? Are you getting bloodwork done regularly?",1439732764.0,1439703964.0,/r/soylent/comments/3h6b7w/nutritional_science_of_soylent_where_are_we_now/,soylent
46,moltani,"I imagine the same chemical might co-occur with other chemicals in regular food which our body might expect when digesting. When you consume a multi-vitamin or soylent, it's not clear to me the body will absorb it the same way in the absence of the other chemicals that tend to come along with vitamins in natural foods. The body is an extremely complex system, nutrition isn't just a sum of its parts.",1439645510.0,1439616710.0,/r/soylent/comments/3h0w0l/about_the_vitamin_in_soylent_and_other_similar/cu3nou3/,soylent
47,moltani,"So there's a prepaid version and a postpaid version of the Simple Choice plan? And one supports international roaming while the other doesn't? Why are they both called ""Simple Choice"" plans?",1438910547.0,1438881747.0,/r/tmobile/comments/3fz0s7/trip_to_japan_what_are_my_options_for/cttrxy2/,tmobile
48,moltani,"According to the page you linked to, T-Mobile offers unlimited international data for Japan ""All at no extra charge."" under the Simple Plan.",1438907144.0,1438878344.0,/r/tmobile/comments/3fz0s7/trip_to_japan_what_are_my_options_for/cttpija/,tmobile
49,moltani,"When I check this website:

http://www.t-mobile.com/optional-services/roaming.html
 
It seems to mention the Simple Choice plan offers international roaming and unlimited data in Japan. Are there multiple versions of the simple choice plan I'm not aware of?",1438906394.0,1438877594.0,/r/tmobile/comments/3fz0s7/trip_to_japan_what_are_my_options_for/cttozo1/,tmobile
37,moltani,"Trip to Japan, what are my options for international data on the $30 plan (100 min/unlimited text+data)?. I'm going to be traveling to Japan on business for a couple weeks. I've heard that most prepaid plans support international data but the $30 plan I'm currently using might be an exception. 

Should I just buy another SIM card and use another prepaid plan which supports international data for the month I will be traveling? Or is there an easier way to accomplish this? Having mobile internet access would be a real lifesaver on this trip.",1438869259.0,1438840459.0,/r/tmobile/comments/3fz0s7/trip_to_japan_what_are_my_options_for/,tmobile
50,moltani,"Sorry my mistake, log(x) produces the range [-inf, +inf]. So when you feed log(x) into exp(), you can still cover [-inf, +inf]",1433130211.0,1433101411.0,/r/math/comments/37zk5i/showerthought_about_exponentials_and_logrithms/crr3c6y/,math
38,moltani,"ShowerThought about exponentials and logrithms. exp(x) seems always be positive for x in the domain [-inf, +inf].
log(x) also has the range [-inf, +inf]

Why does exp(log(x)) = x? This means exp(log(x)) can take on 0 and negative values.

Edit: Corrections.",1433127748.0,1433098948.0,/r/math/comments/37zk5i/showerthought_about_exponentials_and_logrithms/,math
39,moltani,Two Butterflies drinking the tears from turtles in Ecuador. ,1433066698.0,1433037898.0,/r/pics/comments/37wwlc/two_butterflies_drinking_the_tears_from_turtles/,pics
51,moltani,The tough black mineral that won't cop out when there's heat all about.,1421682744.0,1421653944.0,/r/EarthPorn/comments/2svxbk/dolomites_range_italy_2048x1152_by_massimiliano/cntnjs1/,EarthPorn
52,moltani,Wouldn't it be easier to throw a dead body out of the plane than one struggling with the 'will to survive' and all....,1420726900.0,1420698100.0,/r/gaming/comments/2ro8g3/was_getting_caught_part_of_your_plan_ssb4/cni5hmz/,gaming
40,moltani,"Best pot as a container for Anova Precision?. Kitchen space is rather limited, so I don't want to get a plastic container that only works with the sous vide device. Does anyone know what a pot that perfectly fits the Anova precision? I have a 16qt pot that's way too large (tall) for most of the things I sous vide.",1419482834.0,1419454034.0,/r/sousvide/comments/2qb4x9/best_pot_as_a_container_for_anova_precision/,sousvide
53,moltani,Is there a way to get this research version? Could you give more details about this research version?,1418834096.0,1418805296.0,/r/QuantifiedSelf/comments/2mv65u/research_project_with_fitbit_charge_hr_for/cmxfn6t/,QuantifiedSelf
41,moltani,Is there an open tracker out there that lets me get the raw data?. [removed],1418833846.0,1418805046.0,/r/QuantifiedSelf/comments/2pk6pd/is_there_an_open_tracker_out_there_that_lets_me/,QuantifiedSelf
54,moltani,Results in nowhere!,1417664047.0,1417635247.0,/r/MachineLearning/comments/2o5zp3/htm_in_java/cmk6bd2/,MachineLearning
42,moltani,Matthew Morgan - Sun Through The Clouds [Instrumental]. ,1413793695.0,1413764895.0,/r/Music/comments/2jqmo9/matthew_morgan_sun_through_the_clouds_instrumental/,Music
55,moltani,Is a circulator necessary for sous vide? The thermal conductivity of water should make the temperature mostly uniform everywhere. ,1411869249.0,1411840449.0,/r/sousvide/comments/2hlijy/amazon_has_the_anova_circulator_for_30_off_170/cku2bbg/,sousvide
56,moltani,"Please don't boulder on man made things that aren't designed for it. You're going to damage the masonry.
",1411171748.0,1411142948.0,/r/bouldering/comments/2gv6f1/first_street_boulder_proyect/ckmudc6/,bouldering
43,moltani,"Song plays throughout the video, no it's not Sandstorm. ",1408931188.0,1408902388.0,/r/NameThatSong/comments/2egid1/song_plays_throughout_the_video_no_its_not/,NameThatSong
57,moltani,I think a treehouse is really insensitive. That's like killing something and then making one of its friends hold it.,1407681418.0,1407652618.0,/r/DIY/comments/2d2v2a/i_always_wanted_to_build_a_tree_house/cjm1hw5/,DIY
58,moltani,Could you be more specific? I don't really see anything too awkward about that shot.,1407628766.0,1407599966.0,/r/videos/comments/2d0d4k/enter_pyongyang/cjlgxor/,videos
59,moltani,"I think this is the sort of mentality that has caused Israeli government to lose so much international support. The Israeli government continues to take actions that cause many more innocent to suffer to get at their intended targets. From the blockades to lopsided number of civilian causalities in the current conflict. You can only push the innocent so far until they decide they don't want to be innocent anymore.


Hamas will continue to exploit this mentality, because what do ya know, it fucking works.",1407423510.0,1407394710.0,/r/worldnews/comments/2ctjfs/israel_proposes_ceasefire_extension_hamas_declines/cjjb79k/,worldnews
60,moltani,"*only applies if you're not a lawyer
",1407134923.0,1407106123.0,/r/AskReddit/comments/2cjc8z/lawyers_of_reddit_whats_one_piece_of_advice_you/cjg1fln/,AskReddit
44,moltani,"Lawyers of Reddit, what's one piece of advice you could give to people who aren't lawyers?. ",1407134484.0,1407105684.0,/r/AskReddit/comments/2cjc8z/lawyers_of_reddit_whats_one_piece_of_advice_you/,AskReddit
61,moltani,"You're seeing /u/angrywords pretend to know how Error Level Analysis works by posting a link with no other information.

",1407133326.0,1407104526.0,/r/funny/comments/2cinha/decided_to_levitate_at_my_wedding_last_month_no/cjg0q8t/,funny
62,moltani,[Reminds me of my fight](https://www.youtube.com/watch?v=y3JOQqoCNjc#t=169),1406290592.0,1406261792.0,/r/videos/comments/2bncig/dude_threatens_to_kill_a_guy_and_his_girlfriend/cj75y53/,videos
63,moltani,"Great story. Favorite part was this transition:

Tony wishes to take Henry and I out for coffee and doughnuts, his personal apology. I refuse......So I'm in a Starbucks ordering doughnuts and coffee",1406040410.0,1406011610.0,/r/tifu/comments/2bbf6h/tifu_by_not_checking_the_peephole/cj48es3/,tifu
45,moltani,"What's going through the heads of the individuals who directly shot down MH17?. I've been following this story rather closely because it's a very unique situation. There exists a small group of people who operated the device which destroyed MH17. These individuals know EXACTLY what happened.


What must be going through their minds right now?


Since it's very likely this was an accident, they can't really use ideology to justify their actions. I don't think any side in this war would argue that the people on the flight weren't innocent.",1405917511.0,1405888711.0,/r/AskReddit/comments/2b8il2/whats_going_through_the_heads_of_the_individuals/,AskReddit
64,moltani,"You might want to get in contact with these guys:
https://www.indiegogo.com/projects/dr-brainlove

It's a burning man art car made by a bunch of neuro people in the bay area.",1405856539.0,1405827739.0,/r/neuroscience/comments/2b603n/accepting_proposals_for_burning_man/cj2ao1b/,neuroscience
66,moltani,How old will optogenetics be when Karl Deisseroth gets awarded the nobel prize?,1405333214.0,1405304414.0,/r/neuro/comments/2amhjp/optogenetics_turns_10/ciwpejv/,neuro
