,author,body,created,created_utc,permalink,subreddit
0,codefy_law,"Great thanks! - Ok, this was also my intuition. Most ADAS marketing stuff seem to suggest, that the car learns most things from combinations of ML-methods. Is there a system how to hardcode the law so authorities could check, if the implementation was correct?",1560367388.0,1560338588.0,/r/SelfDrivingCars/comments/bvmbvk/how_to_teach_implement_traffic_laws_to/equzy40/,SelfDrivingCars
1,codefy_law,What is more common? Any resources which actions are rather hard coded and which imitation learned? Or is there a combination of both for a single action - like stopping for a red light?,1559437112.0,1559408312.0,/r/SelfDrivingCars/comments/bvmbvk/how_to_teach_implement_traffic_laws_to/epqm5x8/,SelfDrivingCars
0,codefy_law,"How to teach (implement) traffic laws to self-driving cars?. Hello All!

I'm totally new to reddit - actually this is my first post. 

I was wondering: Could anyone give me some directions on how traffic laws are implemented in self-driving cars? How does google/waymo do it? And what about Tesla or Uber or some German car companies?  Meaning: How does the car now that it's supposed to stop before a 'STOP' sign in order to be compliant with traffic rules?

Is it hard coded? Does machine learning play any role in it ?

Thanks a lot :)",1559433771.0,1559404971.0,/r/SelfDrivingCars/comments/bvmbvk/how_to_teach_implement_traffic_laws_to/,SelfDrivingCars
