,author,body,created,created_utc,permalink,subreddit
0,Mesode,Simulation Theory - A scientific point of view. ,1573893441.0,1573864641.0,/r/PhilosophyofScience/comments/dwznh3/simulation_theory_a_scientific_point_of_view/,PhilosophyofScience
0,Mesode,"Well written. But we are still left with the problem of foundation. On what does the turtle stand on? You would say on a second turtle which stands on a third turtle and so on... Is it possible that simulation theory explains the origin of everything? A simulation in no other simulation? Is there a third kind of simulation that can be proven to not be inside of another simulation? Is there a way to escape the concept of time which is responsible for our dilemma of an origin in the first place? What is information processing without time? For all I know, information processing is the change of representation over time. So as long as we think of simulations  as some kind of information processing we must include time and therefore the question of an origin.",1573860207.0,1573831407.0,/r/SimulationTheory/comments/dwro5f/thats_how_i_see_it/f7l2f9c/,SimulationTheory
1,Mesode,"I wrote a tutorial. There you find everything i needed. Basically numpy for the logic and PIL for drawing the images:

https://youtu.be/LS-NB1fhYSg",1573686707.0,1573657907.0,/r/Python/comments/dvpi2n/simulation_of_the_butterfly_effect_in_python/f7ehshe/,Python
1,Mesode,Simulation of the butterfly effect in python. ,1573667213.0,1573638413.0,/r/Python/comments/dvpi2n/simulation_of_the_butterfly_effect_in_python/,Python
2,Mesode,Dancing is not for human only :). ,1573525840.0,1573497040.0,/r/Dance/comments/duwkof/dancing_is_not_for_human_only/,Dance
3,Mesode,Beautiful fractal structure revealed in double pendulum. ,1573520440.0,1573491640.0,/r/fractals/comments/duv7t7/beautiful_fractal_structure_revealed_in_double/,fractals
4,Mesode,Beautiful fractal structure revealed for the double pendulum. ,1573519830.0,1573491030.0,/r/FractalPorn/comments/duv2cd/beautiful_fractal_structure_revealed_for_the/,FractalPorn
5,Mesode,Simulation reveals beautiful fractal structure of the double pendulum. ,1573519207.0,1573490407.0,/r/Simulated/comments/duuwyr/simulation_reveals_beautiful_fractal_structure_of/,Simulated
6,Mesode,The dark side of the double pendulum - explained. ,1573518532.0,1573489732.0,/r/fascinating/comments/duur6g/the_dark_side_of_the_double_pendulum_explained/,fascinating
7,Mesode,I think I just revealed the dark side of the double pendulum :0. ,1573414225.0,1573385425.0,/r/geek/comments/duad2o/i_think_i_just_revealed_the_dark_side_of_the/,geek
8,Mesode,Easy tutorial of a pendulum simulation in python with numpy. [removed],1573362432.0,1573333632.0,/r/learnprogramming/comments/du1qre/easy_tutorial_of_a_pendulum_simulation_in_python/,learnprogramming
9,Mesode,I made an easy tutorial about simulating a pendulum in python from scratch. ,1573360515.0,1573331715.0,/r/programming/comments/du1c6y/i_made_an_easy_tutorial_about_simulating_a/,programming
2,Mesode,"If you are interested in the code you find it under the following link:

&#x200B;

[https://github.com/giaco91/Double\_pendulum/blob/master/pendulum.ipynb](https://github.com/giaco91/Double_pendulum/blob/master/pendulum.ipynb)",1573359587.0,1573330787.0,/r/learnpython/comments/du140e/easy_tutorial_about_the_simulation_of_a_pendulum/f70okwp/,learnpython
10,Mesode,Easy tutorial about the simulation of a pendulum from scratch. [removed],1573359452.0,1573330652.0,/r/learnpython/comments/du140e/easy_tutorial_about_the_simulation_of_a_pendulum/,learnpython
3,Mesode,"Hey, by the way, if you are interested you find the code of the tutorial under the following link:

&#x200B;

[https://github.com/giaco91/Double\_pendulum/blob/master/pendulum.ipynb](https://github.com/giaco91/Double_pendulum/blob/master/pendulum.ipynb)",1573356113.0,1573327313.0,/r/Python/comments/dtz1ut/since_some_of_you_asked_i_made_an_easy_tutorial/f70dvkg/,Python
11,Mesode,"Since some of you asked, I made an easy tutorial about how to simulate a pendulum in python. ",1573349962.0,1573321162.0,/r/Python/comments/dtz1ut/since_some_of_you_asked_i_made_an_easy_tutorial/,Python
12,Mesode,I used my favorite WOW music for my new video about the butterfly effect. ,1572916019.0,1572887219.0,/r/wow/comments/drkktq/i_used_my_favorite_wow_music_for_my_new_video/,wow
13,Mesode,Pendulum Dance. ,1572914138.0,1572885338.0,/r/delusionalartists/comments/drk3pi/pendulum_dance/,delusionalartists
14,Mesode,"Pendulum Dance, me, computer simulation, 2019. ",1572913129.0,1572884329.0,/r/Art/comments/drjupr/pendulum_dance_me_computer_simulation_2019/,Art
15,Mesode,"I started a series of videos about the double pendulum called ""Fun with pendulum"". Want to make it interesting for a broader spectrum. U know of any other suitable pendulum phenomenons?. ",1572883734.0,1572854934.0,/r/Physics/comments/dren6q/i_started_a_series_of_videos_about_the_double/,Physics
4,Mesode,Thanks! I plan to make a longer episode about the exact implementation.,1572877451.0,1572848651.0,/r/Python/comments/dr146q/i_started_a_series_of_fascinating_pendulum/f6hhj8v/,Python
16,Mesode,"I started a series of fascinating pendulum simulations in python called ""FUN with pendulum"".. ",1572820271.0,1572791471.0,/r/Python/comments/dr146q/i_started_a_series_of_fascinating_pendulum/,Python
5,Mesode,"Thank you for the comment. So if I understand this correctly, are you saying that adversarial examples are independent of the classifier - even independent of it's architecture (say a SVM instead of a NN)? If yes, I guess this is just something that can be observed experimentally or is there a hypothesis that at least intuitively helps to understand this phenomenon?",1570821516.0,1570792716.0,/r/deeplearning/comments/dgcf2x/understanding_adversarial_attack/f3av17o/,deeplearning
17,Mesode,"Understanding Adversarial Attack. I have watched the Standford deep learning lecture 16, which is about ""Adversarial Examples and Adversarial Training"" held by Ian Goodfellow (the inventor of the GANs). He explains that it is very easy to fool a CNN-classifier by changing an input image while the difference of the images is unrecognizable by human perception. As an example, given an image of a cat, and given that the CNN classifies it correctly as a cat, you can find a transformation of the image such that the image still looks the same by human perception but is classified as a ship! Ian Goodfellow already mentioned that in his well known deep learning book. 

However, I am wondering if you have 10 different CNN-classifier, would it become exponentially harder to find an adversarial image that fools all 10 classifiers or is there some systematic - some ""magic"" behind the  adversarial images?",1570813399.0,1570784599.0,/r/deeplearning/comments/dgcf2x/understanding_adversarial_attack/,deeplearning
18,Mesode,In the 2nd part of my self-driving car simulation I tried to learn optimal physical properties of the car. ,1570126572.0,1570097772.0,/r/Python/comments/dcovhu/in_the_2nd_part_of_my_selfdriving_car_simulation/,Python
6,Mesode,"python code:

[https://github.com/giaco91/Car-Race---An-evolutionary-Game](https://github.com/giaco91/Car-Race---An-evolutionary-Game)",1569997048.0,1569968248.0,/r/Python/comments/dc0ujj/i_implemented_a_genetic_algorithm_for_selfdriving/f258938/,Python
19,Mesode,I implemented a genetic algorithm for self-driving racing cars in python. Code available on github.. ,1569996992.0,1569968192.0,/r/Python/comments/dc0ujj/i_implemented_a_genetic_algorithm_for_selfdriving/,Python
20,Mesode,Implemented a genetic algorithm for self-driving racing cars in python. Code available on git. Make tutorial if enough demand.. ,1569949910.0,1569921110.0,/r/Python/comments/dbqopf/implemented_a_genetic_algorithm_for_selfdriving/,Python
21,Mesode,How Hard Is Car-Racing Really? An AI Simulation. ,1569863807.0,1569835007.0,/r/gaming/comments/db8vw2/how_hard_is_carracing_really_an_ai_simulation/,gaming
22,Mesode,I am studying electrical engineering and want to share a little AI project. ,1569798167.0,1569769367.0,/r/EngineeringStudents/comments/daw9ae/i_am_studying_electrical_engineering_and_want_to/,EngineeringStudents
7,Mesode,Ah! Finally something that I can try to do something against:),1569638527.0,1569609727.0,/r/atheism/comments/da4bd5/it_is_ridiculously_easy_to_demonstrate_that/f1n5xkd/,atheism
8,Mesode,"This is exactly the thing that makes me outrageous. They love to cite experiments and studies as long as they support the things they want to believe. But as soon as it does not, they casually argue that evidence is wrong or as you say irrelevant.",1569638476.0,1569609676.0,/r/atheism/comments/da4bd5/it_is_ridiculously_easy_to_demonstrate_that/f1n5ulz/,atheism
23,Mesode,It is ridiculously easy to demonstrate that evolution is real! Why do I still have to argue with my parents about this!:(. ,1569637062.0,1569608262.0,/r/atheism/comments/da4bd5/it_is_ridiculously_easy_to_demonstrate_that/,atheism
24,Mesode,How to train Self-Driving Cars with a simple Evolutionary Process. ,1569614602.0,1569585802.0,/r/howto/comments/d9zesf/how_to_train_selfdriving_cars_with_a_simple/,howto
25,Mesode,Cars learn to drive Autonomously - Evolutionary Algorithm and Neural Network!. ,1569542322.0,1569513522.0,/r/EngineeringPorn/comments/d9llbq/cars_learn_to_drive_autonomously_evolutionary/,EngineeringPorn
9,Mesode,That last spinning jump will probably hurt in the knee the next day!:/,1569542039.0,1569513239.0,/r/EngineeringPorn/comments/d8trqy/boston_dynamics_back_at_it_again/f1ip2sm/,EngineeringPorn
26,Mesode,Cars learn to drive Autonomously - Evolutionary Algorithm and Neural Network! Python code Available. ,1569541716.0,1569512916.0,/r/Python/comments/d9lgeq/cars_learn_to_drive_autonomously_evolutionary/,Python
27,Mesode,"Evolution Of Self-Driving Cars, Neural Network & Shape. ",1569534166.0,1569505366.0,/r/artificial/comments/d9jtfe/evolution_of_selfdriving_cars_neural_network_shape/,artificial
28,Mesode,"Evolution of Self-Driving Cars, Neural Network PLUS Shape!. ",1569530947.0,1569502147.0,/r/Simulated/comments/d9j6io/evolution_of_selfdriving_cars_neural_network_plus/,Simulated
10,Mesode,"Link to part 1 (already posted in this subreddit)

[https://www.youtube.com/watch?v=eNUjXz7AY\_I](https://www.youtube.com/watch?v=eNUjXz7AY_I)

&#x200B;

Link to python implementation on github:

[https://github.com/giaco91/Car-Race---An-evolutionary-Game](https://github.com/giaco91/Car-Race---An-evolutionary-Game)",1569519253.0,1569490453.0,/r/learnmachinelearning/comments/d9h9mf/evolution_of_selfdriving_cars_neural_network_plus/f1hcgrn/,learnmachinelearning
29,Mesode,"Evolution Of Self-Driving Cars, Neural Network PLUS Shape!. ",1569519190.0,1569490390.0,/r/learnmachinelearning/comments/d9h9mf/evolution_of_selfdriving_cars_neural_network_plus/,learnmachinelearning
30,Mesode,How Hard Is Car Racing Really? Let's Ask An Artificial Intelligence!. ,1569485842.0,1569457042.0,/r/geek/comments/d9bw7h/how_hard_is_car_racing_really_lets_ask_an/,geek
31,Mesode,"Self-Driving Cars Evolve Using ""Natural"" Selection. ",1569484897.0,1569456097.0,/r/Damnthatsinteresting/comments/d9bpp0/selfdriving_cars_evolve_using_natural_selection/,Damnthatsinteresting
32,Mesode,About The Forgotten Strength of Evolutionary Learning. ,1569428838.0,1569400038.0,/r/MachineLearning/comments/d90dwn/about_the_forgotten_strength_of_evolutionary/,MachineLearning
33,Mesode,Self-Driving Cars - Evolutionary Engineering. ,1569399358.0,1569370558.0,/r/engineering/comments/d8vrsz/selfdriving_cars_evolutionary_engineering/,engineering
34,Mesode,Evolutionary Self-Driving Cars - Part 2!. ,1569398132.0,1569369332.0,/r/howto/comments/d8vks2/evolutionary_selfdriving_cars_part_2/,howto
35,Mesode,Evolutionary Car racing - Blind Engineering (finally finished part 2). ,1569375229.0,1569346429.0,/r/evolution/comments/d8qi1k/evolutionary_car_racing_blind_engineering_finally/,evolution
36,Mesode,How Hard Is Car Racing Really? Let's Ask An Artificial Intelligence!. ,1569370688.0,1569341888.0,/r/videos/comments/d8pfw2/how_hard_is_car_racing_really_lets_ask_an/,videos
37,Mesode,How Hard Is Car Racing Really? Let's Ask An Artificial Intelligence!. ,1569345230.0,1569316430.0,/r/videos/comments/d8kmka/how_hard_is_car_racing_really_lets_ask_an/,videos
38,Mesode,"Python implementation of ""Evolution of Self-Driving Cars"", code available. ",1569344119.0,1569315319.0,/r/Python/comments/d8kgip/python_implementation_of_evolution_of_selfdriving/,Python
39,Mesode,Evolutionary Algorithms Can Do Amazing Things!:). ,1569205456.0,1569176656.0,/r/GetMotivated/comments/d7ucdz/evolutionary_algorithms_can_do_amazing_things/,GetMotivated
40,Mesode,How Hard Is Car Racing Really? Let's Ask An Artificial Intelligence! Part [1/2]. ,1569203923.0,1569175123.0,/r/lectures/comments/d7tzma/how_hard_is_car_racing_really_lets_ask_an/,lectures
41,Mesode,How Cars Learn A Racing Game. [removed],1569203088.0,1569174288.0,/r/gaming/comments/d7tsur/how_cars_learn_a_racing_game/,gaming
42,Mesode,Part 2: How To Train Artificial Self-Driving Racing Cars. ,1569201850.0,1569173050.0,/r/howto/comments/d7tiy9/part_2_how_to_train_artificial_selfdriving_racing/,howto
43,Mesode,Blind Engineering For Car Racing - Evolutionary Algorithm. ,1569129416.0,1569100616.0,/r/interestingasfuck/comments/d7ggob/blind_engineering_for_car_racing_evolutionary/,interestingasfuck
44,Mesode,"Blind Engineering For Car Racing - Evolutionary Algorithm, Part [2/2]. ",1569128812.0,1569100012.0,/r/EngineeringPorn/comments/d7gc1q/blind_engineering_for_car_racing_evolutionary/,EngineeringPorn
45,Mesode,Training of Self-Driving Cars using Neural Nets and Evolutionary Algorithm - Part [1/2]. ,1569128133.0,1569099333.0,/r/ElectricalEngineering/comments/d7g6ol/training_of_selfdriving_cars_using_neural_nets/,ElectricalEngineering
11,Mesode,"Finally finished part 2. 

Was promised, you find my python implementation on github:

[https://github.com/giaco91/Car-Race---An-evolutionary-Game](https://github.com/giaco91/Car-Race---An-evolutionary-Game)",1569109353.0,1569080553.0,/r/learnmachinelearning/comments/d7c2pr/blind_engineering_for_car_racing_evolutionary/f0ywpxo/,learnmachinelearning
46,Mesode,"Blind Engineering For Car Racing - Evolutionary Algorithm, Part [2/2]. ",1569109275.0,1569080475.0,/r/learnmachinelearning/comments/d7c2pr/blind_engineering_for_car_racing_evolutionary/,learnmachinelearning
12,Mesode,"Code is available on:

[https://github.com/giaco91/Car-Race---An-evolutionary-Game](https://github.com/giaco91/Car-Race---An-evolutionary-Game)",1569106683.0,1569077883.0,/r/ArtificialInteligence/comments/d7bix5/finally_finished_part_2_evolutionary_algorithm/f0ytagn/,ArtificialInteligence
47,Mesode,Finally finished Part 2 - Evolutionary Algorithm for Car Racing. ,1569106662.0,1569077862.0,/r/ArtificialInteligence/comments/d7bix5/finally_finished_part_2_evolutionary_algorithm/,ArtificialInteligence
48,Mesode,How Hard Is Car Racing Really? Let's Ask An Artificial Intelligence!. ,1569043315.0,1569014515.0,/r/fascinating/comments/d71cke/how_hard_is_car_racing_really_lets_ask_an/,fascinating
13,Mesode,Hi Everybody. This project is implemented in python. I will make the code available after the release of part 2 next week. Hope you like it.,1569039443.0,1569010643.0,/r/MachineLearning/comments/d70hdd/training_racing_cars_with_a_tiny_neural_network/f0wnpk4/,MachineLearning
49,Mesode,Training Racing Cars With A Tiny Neural Network - Evolutionary Algorithm. ,1569039321.0,1569010521.0,/r/MachineLearning/comments/d70hdd/training_racing_cars_with_a_tiny_neural_network/,MachineLearning
50,Mesode,Artificial Intelligence Demonstrates How Hard It Is To Learn Car Racing. ,1569036808.0,1569008008.0,/r/videos/comments/d6zx8e/artificial_intelligence_demonstrates_how_hard_it/,videos
51,Mesode,Cars Learn To Drive Racing Tracks - Evolutionary Algorithm. ,1569035789.0,1569006989.0,/r/gamedev/comments/d6zov8/cars_learn_to_drive_racing_tracks_evolutionary/,gamedev
52,Mesode,Cars Learn to Drive using Natural Selection!. ,1569034406.0,1569005606.0,/r/mindblowing/comments/d6zdvz/cars_learn_to_drive_using_natural_selection/,mindblowing
53,Mesode,Watch only if you are interested in EVOLUTION and have some minutes to appreciate. ,1569021778.0,1568992978.0,/r/Damnthatsinteresting/comments/d6wgj3/watch_only_if_you_are_interested_in_evolution_and/,Damnthatsinteresting
14,Mesode,"Sure, we can make the physics more realistic and see how many neurons and generations it would take. However, I suspect that it is not so much more. And as you are saying, it is the concentration factor and physical fitness (which is ok, since we are human and no machines!) that is an important factor why car racing is tricky. But is it also the information processing, like complex decision making? I doubt it!",1569003210.0,1568974410.0,/r/howto/comments/d6rh4a/how_to_train_artificial_selfdriving_cars/f0vb8yb/,howto
15,Mesode,I will make the python code available after the release of part 2,1568999970.0,1568971170.0,/r/artificial/comments/d6sb11/watch_how_artificial_cars_learn_to_drive_racing/f0v99ky/,artificial
54,Mesode,Watch How Artificial Cars Learn To Drive Racing Tracks - Evolutionary Algorithm. ,1568999938.0,1568971138.0,/r/artificial/comments/d6sb11/watch_how_artificial_cars_learn_to_drive_racing/,artificial
55,Mesode,A Few Neurons are enough to train an artificial self-driving car. ,1568998370.0,1568969570.0,/r/neuralnetworks/comments/d6s349/a_few_neurons_are_enough_to_train_an_artificial/,neuralnetworks
56,Mesode,Artificial Cars Learn To Drive Racing Tracks. ,1568994457.0,1568965657.0,/r/racing/comments/d6rkdy/artificial_cars_learn_to_drive_racing_tracks/,racing
57,Mesode,How To Train Artificial Self-Driving Cars. ,1568993816.0,1568965016.0,/r/howto/comments/d6rh4a/how_to_train_artificial_selfdriving_cars/,howto
58,Mesode,How Hard Is Car Racing Really? Let's Ask An Artificial Intelligence!. ,1568938258.0,1568909458.0,/r/SelfDrivingCars/comments/d6g8ws/how_hard_is_car_racing_really_lets_ask_an/,SelfDrivingCars
59,Mesode,How Hard Is Car Racing Really? Let's Ask An Artificial Intelligence! (Evolutionary Algorithm). ,1568937413.0,1568908613.0,/r/scienceillustration/comments/d6g1tb/how_hard_is_car_racing_really_lets_ask_an/,scienceillustration
60,Mesode,How Hard Is Car Racing Really? Let's Ask An Artificial Intelligence!. ,1568930998.0,1568902198.0,/r/interestingasfuck/comments/d6el0s/how_hard_is_car_racing_really_lets_ask_an/,interestingasfuck
61,Mesode,Evolutionary Algorithm for Self-Driving Cars Explained! (python code available after release of part 2). ,1568928015.0,1568899215.0,/r/coding/comments/d6dy6x/evolutionary_algorithm_for_selfdriving_cars/,coding
62,Mesode,"Python implementation of ""Evolution of Self-Driving Cars"" (code available after release of part 2). ",1568927410.0,1568898610.0,/r/Python/comments/d6dtri/python_implementation_of_evolution_of_selfdriving/,Python
63,Mesode,I would have liked to have this as an introductory teasor video to evolution in biology:). ,1568926750.0,1568897950.0,/r/teaching/comments/d6dos1/i_would_have_liked_to_have_this_as_an/,teaching
16,Mesode,Seems like you did not even look at it or you did not get the irony in the title,1568912840.0,1568884040.0,/r/evolution/comments/d64uho/if_nature_had_to_create_selfdriving_cars_it_would/f0rhylq/,evolution
17,Mesode,"Sorry, I realized that genetic programming is actually the wrong term for this kind of optimization. It is actually neuroevolution, since I am not really evolving a computer program (written in some programming language) but an artificial neural network.",1568905009.0,1568876209.0,/r/learnmachinelearning/comments/d64j38/how_hard_is_car_racing_really_lets_ask_an/f0r7rpa/,learnmachinelearning
64,Mesode,How Hard Is Car Racing Really? Let's Ask An Artificial Intelligence! (Neuroevolution of self-driving cars). ,1568904753.0,1568875953.0,/r/Simulated/comments/d6aau1/how_hard_is_car_racing_really_lets_ask_an/,Simulated
18,Mesode,"Oh yes, you are right. I mixed up the terminology. I thought that GP is the superordinate concept. Neuroevolution is not a sub-topic of GP. Thank you",1568903084.0,1568874284.0,/r/GeneticProgramming/comments/d5vaa3/my_first_project_using_gp_will_release_code_soon/f0r57cm/,GeneticProgramming
65,Mesode,If Nature Had To Create Self-Driving Cars - It Would Be Done In Seven Days. ,1568875231.0,1568846431.0,/r/evolution/comments/d64uho/if_nature_had_to_create_selfdriving_cars_it_would/,evolution
66,Mesode,How Hard Is Car Racing Really? Let's Ask An Artificial Intelligence! (Genetic Programming). ,1568873229.0,1568844429.0,/r/learnmachinelearning/comments/d64j38/how_hard_is_car_racing_really_lets_ask_an/,learnmachinelearning
19,Mesode,Thanks. Actually I think you are right! Sorry for that,1568852247.0,1568823447.0,/r/GAMETHEORY/comments/d5nnsv/how_hard_is_car_racing_really_lets_ask_an/f0oyyjo/,GAMETHEORY
20,Mesode,"Good ideas. 
The point of the random track generator was exactly to train on different tracks simultaneously and then select the best car based on the performance of a fixed batch of tracks. I tried that and it worked great. However, in the video I wanted to make the interesting point that training on one track actually contains all the information needed for the other tracks. 
The depth of the NN is a simple hyper-paramter in the code. Again in the video, I wanted to demonstrate what the minimum amount of compexity is. 
If you referring to an autoregressive model (using the past 5 inputs) or some recurrent model with an internal state, I totally agree that this might help for a stable training, and it would be interesting to investigate on that. However, these models use memory, and I found it extremely surprising that the driving-car system stabalizes so fast without any kind of feedback. Not even the temporal information contained in the current speed is needed!",1568852137.0,1568823337.0,/r/ArtificialInteligence/comments/d5nair/how_hard_is_car_racing_really_lets_ask_an/f0oysga/,ArtificialInteligence
21,Mesode,I will make the code available after the release of part 2.,1568851007.0,1568822207.0,/r/ArtificialInteligence/comments/d5nair/how_hard_is_car_racing_really_lets_ask_an/f0ox2dp/,ArtificialInteligence
22,Mesode,Thanks:) Its writtein in python using numpy for the math and pillow for the image-frames.,1568847901.0,1568819101.0,/r/ArtificialInteligence/comments/d5nair/how_hard_is_car_racing_really_lets_ask_an/f0osbae/,ArtificialInteligence
23,Mesode,"When did I claim that it is better than RL? It is more of a demonstration of the simplicity of the car racing game itself ( simple information processing since small NN and fast convergence, though using an evolutionary trial and error process). And it's nice to watch the population evolve:)",1568828403.0,1568799603.0,/r/ArtificialInteligence/comments/d5nair/how_hard_is_car_racing_really_lets_ask_an/f0o7cld/,ArtificialInteligence
67,Mesode,My first project using GP. Will release code soon.. ,1568828051.0,1568799251.0,/r/GeneticProgramming/comments/d5vaa3/my_first_project_using_gp_will_release_code_soon/,GeneticProgramming
24,Mesode,The video demonstrates how a remarkably simple evolutionary process leads to self-driving cars!,1568825557.0,1568796757.0,/r/evolutionary/comments/d5uxne/how_hard_is_car_racing_really/f0o5ogh/,evolutionary
68,Mesode,How Hard Is Car Racing Really?. ,1568825496.0,1568796696.0,/r/evolutionary/comments/d5uxne/how_hard_is_car_racing_really/,evolutionary
25,Mesode,The program is written in python. I will make it available after the release of part 2.,1568821264.0,1568792464.0,/r/ArtificialInteligence/comments/d5nair/how_hard_is_car_racing_really_lets_ask_an/f0o35d6/,ArtificialInteligence
26,Mesode,I used a strictly genetic algorithm - mutation and selection,1568819838.0,1568791038.0,/r/ArtificialInteligence/comments/d5nair/how_hard_is_car_racing_really_lets_ask_an/f0o28lk/,ArtificialInteligence
69,Mesode,How Hard Is Car Racing Really? Let's Ask An Artificial Intelligence!. ,1568785082.0,1568756282.0,/r/GAMETHEORY/comments/d5nnsv/how_hard_is_car_racing_really_lets_ask_an/,GAMETHEORY
70,Mesode,How Hard Is Car Racing Really? Let's Ask An Artificial Intelligence!. ,1568783444.0,1568754644.0,/r/ArtificialInteligence/comments/d5nair/how_hard_is_car_racing_really_lets_ask_an/,ArtificialInteligence
