,author,body,created,created_utc,permalink,subreddit
0,pqnx,Decoding comma.ai/openpilot: the driving model. ,1573884920.0,1573856120.0,/r/SelfDrivingCars/comments/dwxulq/decoding_commaaiopenpilot_the_driving_model/,SelfDrivingCars
1,pqnx,Velodyne Lidar Debuts Alpha Prime. ,1573867694.0,1573838894.0,/r/SelfDrivingCars/comments/dwtyuj/velodyne_lidar_debuts_alpha_prime/,SelfDrivingCars
0,pqnx,[side-by-side comparison video](https://www.youtube.com/watch?v=zHBKppjo5Yg) with the os1-32,1573814744.0,1573785944.0,/r/SelfDrivingCars/comments/dwfqj6/introducing_the_os132_the_lowest_cost_32channel/f7jtbss/,SelfDrivingCars
1,pqnx,"* which components of your self-driving stack have benefitted the most from switching to an ML approach over a classical, hand-coded one? i guess object detection, but probably there are others :)
* which still-classical components of your stack do you most look forward to replacing/augmenting with ML?",1573795759.0,1573766959.0,/r/IAmA/comments/dwfg3r/were_engineering_leads_at_waymo_and_were_here_to/f7ix2o6/,IAmA
2,pqnx,"Introducing the OS1-32, the lowest cost 32-channel sensor ever (Ouster). ",1573793913.0,1573765113.0,/r/SelfDrivingCars/comments/dwfqj6/introducing_the_os132_the_lowest_cost_32channel/,SelfDrivingCars
3,pqnx,Perception at Aurora: No Measurement Left Behind. ,1573787520.0,1573758720.0,/r/SelfDrivingCars/comments/dwe8cs/perception_at_aurora_no_measurement_left_behind/,SelfDrivingCars
2,pqnx,"[cruise demo clip here](https://www.youtube.com/watch?v=w2-yQK9b-qI), waymo [also does this](https://medium.com/waymo/recognizing-the-sights-and-sounds-of-emergency-vehicles-8161e90d137e)",1573771066.0,1573742266.0,/r/SelfDrivingCars/comments/dw4xwz/cruise_updates_the_ai_brains_behind_its/f7hk5j2/,SelfDrivingCars
3,pqnx,[see previous discussion here](https://www.reddit.com/r/SelfDrivingCars/comments/dsfypk/ubers_selfdriving_car_didnt_know_pedestrians/),1573281777.0,1573252977.0,/r/SelfDrivingCars/comments/dtmpfo/ubers_selfdriving_car_didnt_know_pedestrians/f6xmtoh/,SelfDrivingCars
4,pqnx,"transcription:
> Waymo is growing our investment and teams in both the Detroit and Phoenix areas, and we want to bring our operations teams together in these locations to best support our riders and our ride-hailing service. As a result we've decided to relocate all Austin positions to Detroit and Phoenix. We are working closely with employees, offering them the opportunity to transfer, as well as with our staffing partners to ensure everyone receives transition pay and relocation assistance.",1573260759.0,1573231959.0,/r/SelfDrivingCars/comments/dti4k0/waymo_statement_on_austin_operations_shutdown/f6wpk20/,SelfDrivingCars
4,pqnx,Waymo statement on Austin operations shutdown. ,1573260654.0,1573231854.0,/r/SelfDrivingCars/comments/dti4k0/waymo_statement_on_austin_operations_shutdown/,SelfDrivingCars
5,pqnx,"it scales over problem complexity, including such 'edge cases' as i mention above. if you have oracle machine that consumes human driving data and spits out trained model for efficiently computing the true function represented by that data, all you need to do for human driving is sample from such trained model, all you need to do for superhuman driving is clean bad driving from the dataset, all you need to do to support new regions is add more local driving to the dataset.

in practice, as i said, it doesn't work yet. your model architecture can't efficiently represent true function in a general way; your training method requires too much data, doesn't generalize; your data are noisy or just not rich enough to learn the true function. so you burn many gpu hour and converge to something like [this](https://www.youtube.com/watch?v=26Or4QbLbMM) or [this](https://www.youtube.com/watch?v=Sm-NBdSzP6E), which is fun tech demo but not enough to drive on. so it doesn't scale either, but there is at least the dream that if you got imitation learning right, it could.",1573254260.0,1573225460.0,/r/SelfDrivingCars/comments/dt0w0j/ghost_raises_637_million_to_develop_an/f6wfpif/,SelfDrivingCars
6,pqnx,"yup, welcome. part i am hopeful about is that they intend use of imitation learning, which doesn't scale in practice (you quickly hit asymptotic bound from your mistakes in model architecture, training method, and data), but it at least scales in principle, so maybe they will figure out something clever.",1573212070.0,1573183270.0,/r/SelfDrivingCars/comments/dt0w0j/ghost_raises_637_million_to_develop_an/f6vdmrb/,SelfDrivingCars
7,pqnx,"don't think there is an amount you can ""simplify your problem"" (geographically) that will bring l4 / l5 any closer. real world leaks in, and even if you say ""only highway driving"", you still need to deal with construction ([really](https://www.youtube.com/watch?v=lqisnk3qbcg)), pedestrians ([yes, really](https://www.youtube.com/watch?v=tv_fCXixY3g)), missing lane lines ([ex](https://www.youtube.com/watch?v=HOdP-6m4eZI)), duplicate lane lines ([ex](https://www.youtube.com/watch?v=j1TJhSXKQR8)), crossing traffic ([ex](https://www.youtube.com/watch?v=vH4G1FI79r8)), road hazards ([ex](https://www.reddit.com/r/teslamotors/comments/dg198r/i_had_a_really_close_call_yesterday_with_navigate/)), stoplights, rain, snow, ice, glare, emergency vehicles, parked vehicles, tunnels, bridges, huge puddles... by ""simplifying"" problem such that it is not actually easier, but is *more likely to appear easy*, all you're doing is making it less obvious when your approach doesn't scale to the full problem. 

if you're doing l2 (comma, tesla, ME) that's fine. but if you want to say the human can ""fully disengage"" (i.e. l4), you are fucked.",1573202860.0,1573174060.0,/r/SelfDrivingCars/comments/dt0w0j/ghost_raises_637_million_to_develop_an/f6v1ffc/,SelfDrivingCars
8,pqnx,"also see [the associated blog post from John](https://medium.com/ghost-blog/highways-are-the-fastest-path-to-real-self-driving-4b2aa406efe4), on why they're targeting highway driving first. not sure I agree with the reasoning, but it's interesting to see another company try pure ML for control.",1573176814.0,1573148014.0,/r/SelfDrivingCars/comments/dt0w0j/ghost_raises_637_million_to_develop_an/f6tf4v3/,SelfDrivingCars
5,pqnx,Ghost raises $63.7 million to develop an aftermarket kit that gives cars self-driving capabilities. ,1573176163.0,1573147363.0,/r/SelfDrivingCars/comments/dt0w0j/ghost_raises_637_million_to_develop_an/,SelfDrivingCars
9,pqnx,"from elsewhere in the newly-released materials:

>  Uber ATG clarified what it believed occurred on the day of the crash.
According to Uber ATG, the SDS did not have the capability to classify an object as a pedestrian
unless that object was near a crosswalk. Since the pedestrian crossed in the middle of the street  away from a sidewalk, the SDS initially classified her as an unknown object, then as a vehicle, then as a vehicle or a bicycle, and finally as a bicycle. Additionally, because the SDS was unable to correctly classify the pedestrian, it was also unable to predict her path and speed on the roadway. Under both the vehicle and bicycle classifications, the SDS predicted that the object would stay in its travel lane, which was the lane to the left of the SDV. The inability of the SDS to correctly classify the pedestrian as such affected its ability to accurately assign her a trajectory and speed, and as a result, the SDS could not anticipate that the pedestrian could enter the SDV’s path of travel.

which seems almost laughably naive. being responsible for two more collisions seems very plausible.",1573027610.0,1572998810.0,/r/SelfDrivingCars/comments/ds77vy/uber_selfdriving_test_vehicles_were_involved_in/f6nsbx3/,SelfDrivingCars
10,pqnx,"> why is he referred to as CEO?

[probably because he is the CEO](https://www.mobileye.com/about/management/); Mobileye is a subsidiary, not a division. amnon is *also* svp of autonomous driving division at intel.",1573026884.0,1572998084.0,/r/SelfDrivingCars/comments/ds4xn8/mobileyes_ceo_says_that_selfdriving_companies/f6nra0d/,SelfDrivingCars
6,pqnx,Product Design from First Principles and Experience: Hardware at Aurora. ,1573023213.0,1572994413.0,/r/SelfDrivingCars/comments/ds71qs/product_design_from_first_principles_and/,SelfDrivingCars
11,pqnx,just good dynamic range. [see camera list here](https://youtu.be/gaBmUjuTJqs?t=1321),1573016281.0,1572987481.0,/r/SelfDrivingCars/comments/drzu3h/inside_a_mobileyepowered_autonomous_car/f6nac0h/,SelfDrivingCars
12,pqnx,[separate discussion thread for that video](https://www.reddit.com/r/SelfDrivingCars/comments/ds17d8/mobileye_most_advanced_self_driving_test_drive/),1573002162.0,1572973362.0,/r/SelfDrivingCars/comments/drzu3h/inside_a_mobileyepowered_autonomous_car/f6mi235/,SelfDrivingCars
13,pqnx,"[here's a bonus video](https://www.youtube.com/watch?v=qfJbkuDY1xI) with additional maneuvers, less PR editing, and occasional zoom-in on the visualization display.",1572998580.0,1572969780.0,/r/SelfDrivingCars/comments/drzu3h/inside_a_mobileyepowered_autonomous_car/f6mb7vs/,SelfDrivingCars
14,pqnx,"I believe so. you can see [outside view of the car here](https://vimeo.com/intelpr/review/371117422/c69435360b). [per](https://youtu.be/FHW6xQrKw5A?t=5410) [amnon](https://youtu.be/FHW6xQrKw5A?t=5864):
> the vehicle that you have driven today - the bill of materials is around $1000. because what does it have? it has 12 cameras... because it's only cameras, it's not safe enough for autonomous driving, that's why we have another layer of lidars and radars.

> as [investors] saw in the garage, there were two types of vehicles: there were the vehicles that you have driven, and there were others vehicles with lidar on them. we have a separate team working on those other vehicles, also doing end-to-end autonomous driving without cameras at all.",1572998016.0,1572969216.0,/r/SelfDrivingCars/comments/drzu3h/inside_a_mobileyepowered_autonomous_car/f6ma7dz/,SelfDrivingCars
7,pqnx,Inside a Mobileye-Powered Autonomous Car. ,1572992711.0,1572963911.0,/r/SelfDrivingCars/comments/drzu3h/inside_a_mobileyepowered_autonomous_car/,SelfDrivingCars
15,pqnx,"Although they do not link video in post, search of ""botride"" on youtube shows [a promo video](https://www.youtube.com/watch?v=_HmLXZ8Fj4c), but no third party / unedited ones yet. hopefully we get some soon.",1572937278.0,1572908478.0,/r/SelfDrivingCars/comments/drpn9f/ponyai_launches_the_first_robotaxi_ridesharing/f6ka3p6/,SelfDrivingCars
8,pqnx,Pony.ai launches the first robotaxi ridesharing service with Hyundai in California. ,1572936357.0,1572907557.0,/r/SelfDrivingCars/comments/drpn9f/ponyai_launches_the_first_robotaxi_ridesharing/,SelfDrivingCars
9,pqnx,VW revs up efforts to take on driverless vehicle rivals. ,1572307224.0,1572278424.0,/r/SelfDrivingCars/comments/doatau/vw_revs_up_efforts_to_take_on_driverless_vehicle/,SelfDrivingCars
16,pqnx,"yes, they have demoed such [ue4-based sim](https://www.reddit.com/r/SelfDrivingCars/comments/6tprz4/zoox_is_using_ue4_to_build_a_simulation_platform/) previously",1572151504.0,1572122704.0,/r/SelfDrivingCars/comments/dmr4op/nova_pbs_episode_on_selfdriving_cars_including_a/f5bkrt0/,SelfDrivingCars
17,pqnx,"zoox part was worth watching for in-car demo with levinson, mobileye part was worth watching to see their glitchy perception in full hd, most other stuff was review over public footage or interviews",1572056577.0,1572027777.0,/r/SelfDrivingCars/comments/dmr4op/nova_pbs_episode_on_selfdriving_cars_including_a/f56uasw/,SelfDrivingCars
18,pqnx,"not much new in the video. they have new footage / interviews from zoox, torc, and mobileye, most other stuff is compilation of public info.  zoox in-car demo is worth seeing (though brief).",1572001466.0,1571972666.0,/r/SelfDrivingCars/comments/dmpusg/waymo_look_whos_driving/f546rkh/,SelfDrivingCars
10,pqnx,A 100x Investment (Part 2) (Comma.ai). ,1571970090.0,1571941290.0,/r/SelfDrivingCars/comments/dmkfd6/a_100x_investment_part_2_commaai/,SelfDrivingCars
19,pqnx,"[comma's response on twitter](https://twitter.com/comma_ai/status/1186744694815936512)
> Before we announce FSD, we'll ship more sensors. But there's a lot of software problems to solve and value to add with the current sensor suite first.

> When we need [additional sensor] data, we'll ship new hardware and have all the miles we could dream of in a year.

> For now, a forward camera + a precise localizer is almost all of the value.",1571953853.0,1571925053.0,/r/SelfDrivingCars/comments/dlof3o/a_100x_investment_part_1_commaai/f50c07w/,SelfDrivingCars
20,pqnx,"admittedly the team vogt was on didn't pass quals, and I agree implementation do vary to some degree across those companies. but my impression is that they share enough implementation choice to be vulnerable in the same way. personal position is \*not\* that tesla / comma will succeed while others fail, just that tesla / comma may fail in different, more interesting ways.",1571953392.0,1571924592.0,/r/SelfDrivingCars/comments/dlof3o/a_100x_investment_part_1_commaai/f50b0lb/,SelfDrivingCars
21,pqnx,"**tl;dr:**

thesis: comma is building a sustainable company; waymo, cruise, zoox, aurora, argo, etc. are not.
* **unit economics:** comma's fleet is as large as any of those listed (and growing quickly), but comma makes money from each car added, while the other companies all lose money. even when (if?) they start removing safety drivers, each waymo / cruise vehicle has an enormous up-front cost that needs to be repaid, and ride-sharing is not a particularly profitable business.
* **focused choice of vehicles:** comma is delivering value to users right now, supporting 5 of the top 10 cars in the U.S, while other companies are all relying on heavy customization of specific niche cars (and, in Zoox's case, building a car from scratch).
* **focused company setup:** comma is 13 people, focused tightly on the self-driving software problem. other listed companies are huge, with all of the accompanying overhead. this would make sense for established, profitable companies, but does not make sense for companies burning VC cash. comma's priors are that the big obstacle to full self-driving is software, specifically software _research_ (creative new tech, not just better engineering of existing tech), so comma's team structure is much more appropriate.

---

**context:**

this post is (partially) in response to the news that [Zoox is trying to raise even more money](https://www.reddit.com/r/SelfDrivingCars/comments/dl69c2/zoox_raises_200_million_to_build_selfdriving_car/), which comma [was surprised by](https://twitter.com/comma_ai/status/1186456081733545984).

---

**comma and tesla vs everyone else:**

for the most part, comma's arguments also apply to Tesla; Tesla's AV team is a (comparatively; ~100 autopilot engineers vs hundreds or thousands for other companies) small team, focused on building software for popular cars (models s,3,x). Tesla's software is providing value to customers every day, and already makes Tesla money.

it's also noteworthy that dolgov (waymo), urmson (aurora), salesky (argo), levinson (zoox), and vogt (cruise) all worked on darpa challenge teams. they have a ton of experience, but they are also (potentially) all making the same mistakes; building avs that are expensive, hand-tuned, and narrowly targeted towards a golden set of environments, since that's what won darpa.

karpathy (tesla) and geohot (comma) don't have this background, which is why the tesla/comma stack looks very different from the others. ""don’t be a map maintainer and don’t hand-engineer feature spaces"" is antithesis to darpa approach...",1571870569.0,1571841769.0,/r/SelfDrivingCars/comments/dlof3o/a_100x_investment_part_1_commaai/f4vfr0q/,SelfDrivingCars
11,pqnx,A 100x Investment (Part 1) (Comma.ai). ,1571806955.0,1571778155.0,/r/SelfDrivingCars/comments/dlof3o/a_100x_investment_part_1_commaai/,SelfDrivingCars
12,pqnx,Yandex Self-Driving Cars Complete 1 Million Miles. ,1571356574.0,1571327774.0,/r/SelfDrivingCars/comments/dj8cpa/yandex_selfdriving_cars_complete_1_million_miles/,SelfDrivingCars
23,pqnx,">So you can install this into cars to make them self drive?

lane keep and ACC, but, yes.

>why isn't Nissan supported?

[some folks have gotten it working](https://www.youtube.com/watch?v=ai9Us_Yt0zU) with [code adjustments](https://github.com/avolmensky/openpilot/tree/nissan). comma can't support every car out of the box (small team, each car requires work to support and test), instead they've been gradually adding new cars each release. if you've got a nissan with the necessary hardware (e.g. some version of propilot), and you're willing to experiment a bit + ask on [the discord](https://discordapp.com/channels/469524606043160576/580827831307599872), you can probably get it working.",1570743871.0,1570715071.0,/r/SelfDrivingCars/comments/dfr6i6/openpilot_065_no_apparent_regressions_so_far/f36nwzw/,SelfDrivingCars
24,pqnx,"if you like these, [zoox has a playlist of (similar) visualizations](https://www.youtube.com/playlist?list=PL-jMwLfqzVRjS0GXcrVI-7vw7EE0KauW6)",1570678066.0,1570649266.0,/r/SelfDrivingCars/comments/dfjda1/cruise_has_always_blown_me_away_with_their/f3425ms/,SelfDrivingCars
13,pqnx,Advancing Tests to the Busiest Section of Tel Aviv (Yandex). ,1570484580.0,1570455780.0,/r/SelfDrivingCars/comments/dejm2b/advancing_tests_to_the_busiest_section_of_tel/,SelfDrivingCars
14,pqnx,Roadshow explains the SAE’s new self-driving testing guidelines. ,1570405825.0,1570377025.0,/r/SelfDrivingCars/comments/de4zdz/roadshow_explains_the_saes_new_selfdriving/,SelfDrivingCars
15,pqnx,Silicon Valley's Anti-Autonomy Backlash Is Afraid Of The Wrong Things. ,1570174601.0,1570145801.0,/r/SelfDrivingCars/comments/dcz7rh/silicon_valleys_antiautonomy_backlash_is_afraid/,SelfDrivingCars
25,pqnx,"for more info about aurora's safety drivers, [see this clip](https://www.youtube.com/watch?v=jrVwqQVCrLw).",1570136472.0,1570107672.0,/r/SelfDrivingCars/comments/dcin2o/putting_safety_into_practice_auroras_safety/f2a2jgp/,SelfDrivingCars
26,pqnx,[prev discussion](https://www.reddit.com/r/SelfDrivingCars/comments/da6te9/alphabets_waymo_valuation_cut_40_by_morgan/),1570054082.0,1570025282.0,/r/SelfDrivingCars/comments/dc51lg/waymo_morgan_stanley_cut_its_valuation_by_40/f26wmzk/,SelfDrivingCars
27,pqnx,[prev discussion](https://www.reddit.com/r/SelfDrivingCars/comments/cznwoq/selfdriving_bugaloo_how_ford_is_keeping/),1570000998.0,1569972198.0,/r/SelfDrivingCars/comments/dbzbb7/bugs_a_selfdriving_cars_worst_nightmare/f25e1dv/,SelfDrivingCars
28,pqnx,[original press release](https://www.businesswire.com/news/home/20190926005234/en/Renesas-Electronics-StradVision-Collaborate-Smart-Camera-Development),1569631107.0,1569602307.0,/r/SelfDrivingCars/comments/da1zhi/renesas_stradvision_collaborate_on_a_deeplearning/f1mucc0/,SelfDrivingCars
29,pqnx,"they're almost certainly using the same (or similar) features as in wavenet, if that clarifies

from wavenet paper:

>The linguistic features include phone, syllable, word, phrase, and utterance-level features (Zen, 2006) (e.g. phone identities, syllable stress, the number of syllables in a word, and position of the current syllable in a phrase) with additional frame position and phone duration features (Zen et al., 2013). These features were derived and associated with speech every 5 milliseconds by phone-level forced alignment at the training stage. We used LSTM-RNN-based phone duration and autoregressive CNN-based log F0 prediction models. They were trained so as to minimize the mean squared errors (MSE).

from GAN-TTS paper (much of the same team):

>The linguistic features encode phonetic and duration information, while the pitch is represented by the logarithmic fundamental frequency log F0. In total, there are 567 features.... The sampling frequency of the audio is 24kHz, while the linguistic features and pitch are computed for 5ms windows (at 200Hz).",1569557026.0,1569528226.0,/r/MachineLearning/comments/d9gtb2/r_high_fidelity_speech_synthesis_with_adversarial/f1jur4g/,MachineLearning
30,pqnx,official post [is here](https://medium.com/self-driven/austin-here-we-come-8740ec6681a9),1569474936.0,1569446136.0,/r/SelfDrivingCars/comments/d95qnz/ford_expands_selfdriving_vehicle_fleet_to_austin/f1fk0lp/,SelfDrivingCars
16,pqnx,How We’re Building Ideal Citizens of the Road (Aurora). ,1569474903.0,1569446103.0,/r/SelfDrivingCars/comments/d99ph7/how_were_building_ideal_citizens_of_the_road/,SelfDrivingCars
31,pqnx,"[autonocast interview with foretellix CEO](http://www.autonocast.com/blog/2019/8/14/151-ziv-binyamini-of-foretellix-on-developing-a-drivers-license-for-autonomous-vehicles), in case anyone isn't familiar with the company.",1569276589.0,1569247789.0,/r/SelfDrivingCars/comments/d85rjz/msdl_the_autonomous_vehicles_verification/f17sn55/,SelfDrivingCars
32,pqnx,"2019.28.3.11 (in the OP) is [~3 weeks old](https://www.reddit.com/r/teslamotors/comments/cyq10i/201928311_looks_released_yesterday_maybe_early/).

[this](https://youtu.be/J4T6sFY78Us) is what [current early access](https://youtu.be/AHvR3ooaQu8) looks like. firmware in those video is is 2019.32.2.12 or maybe .11.",1569276342.0,1569247542.0,/r/SelfDrivingCars/comments/d85p7u/tesla_enhanced_summon_test_v201928311/f17s225/,SelfDrivingCars
33,pqnx,"yup, read it through outline as well. though even through outline, do not think it is worth reading.",1569190764.0,1569161964.0,/r/SelfDrivingCars/comments/d7aws3/software_data_and_ethics_behind_selfdriving_cars/f13lfvi/,SelfDrivingCars
34,pqnx,"hijacked scrolling, cookie popup, newsletter popup, 10MB of data transferred after adblock, no useful synthesis of information that i can see (maybe i am not target audience? but who is?)

would recommend to read https://en.wikipedia.org/wiki/Self-driving_car instead, it has citations",1569136560.0,1569107760.0,/r/SelfDrivingCars/comments/d7aws3/software_data_and_ethics_behind_selfdriving_cars/f105ril/,SelfDrivingCars
17,pqnx,"Hello, Texas! (UberATG). ",1568765869.0,1568737069.0,/r/SelfDrivingCars/comments/d5j9kt/hello_texas_uberatg/,SelfDrivingCars
18,pqnx,Voyage Raises $31m to Deliver Self-Driving Cars. ,1568337236.0,1568308436.0,/r/SelfDrivingCars/comments/d3b2ft/voyage_raises_31m_to_deliver_selfdriving_cars/,SelfDrivingCars
35,pqnx,"[blog post](https://medium.com/@appliedintuition/applied-intuition-announces-40m-series-b-funding-led-by-general-catalyst-5183c7366559)

[official press release](http://www.globenewswire.com/news-release/2019/09/12/1914818/0/en/Applied-Intuition-Secures-40-Million-in-Series-B-Funding-Led-by-General-Catalyst.html)",1568334161.0,1568305361.0,/r/SelfDrivingCars/comments/d3942z/applied_intuition_raises_40_million_for/f00r3en/,SelfDrivingCars
36,pqnx,taken from [https://medium.com/lyftlevel5/lyft-level-5-self-driving-dataset-competition-now-open-97493e9f154a](https://medium.com/lyftlevel5/lyft-level-5-self-driving-dataset-competition-now-open-97493e9f154a),1568333935.0,1568305135.0,/r/SelfDrivingCars/comments/d3a9cb/perception_for_autonomous_cars_ashesh_jain_lyft/f00qhn5/,SelfDrivingCars
19,pqnx,"Perception for Autonomous Cars - Ashesh Jain, Lyft Level 5 (CVPR19). ",1568333916.0,1568305116.0,/r/SelfDrivingCars/comments/d3a9cb/perception_for_autonomous_cars_ashesh_jain_lyft/,SelfDrivingCars
37,pqnx,"[youtube link](https://www.youtube.com/watch?v=x4jg4E7LrZE), since twitter video compression is awful",1568332417.0,1568303617.0,/r/SelfDrivingCars/comments/d37a4f/waymo_with_new_video_of_driverless_ops/f00mdyu/,SelfDrivingCars
20,pqnx,Daimler Trucks begins testing automated trucks on public roads. ,1568066235.0,1568037435.0,/r/SelfDrivingCars/comments/d1r90f/daimler_trucks_begins_testing_automated_trucks_on/,SelfDrivingCars
38,pqnx,"[pony's post](https://www.pony.ai/pony-ai-collaborates-with-toyota-for-future-of-autonomous-mobility/)

[bloomberg's post](https://www.bloomberg.com/news/articles/2019-08-26/chinese-self-driving-contender-pony-ai-strikes-pact-with-toyota), with quote from toyota spokesperson",1567849695.0,1567820895.0,/r/SelfDrivingCars/comments/d0pclm/chinese_driverless_startup_ponyai_strikes_pact/ezbif9n/,SelfDrivingCars
39,pqnx,"got it, thanks for contributing your expertise!",1567835854.0,1567807054.0,/r/SelfDrivingCars/comments/d0cza7/new_pictures_of_apples_autonomous_car/ezaszgh/,SelfDrivingCars
40,pqnx,/u/PM_ME_UR_LIDAR [those](https://thelastdriverlicenseholder.files.wordpress.com/2019/09/apple_new_04.jpg?w=2000&h=) are luminars right? so many commenter are saying 'vision only',1567815770.0,1567786970.0,/r/SelfDrivingCars/comments/d0cza7/new_pictures_of_apples_autonomous_car/ez9p5zf/,SelfDrivingCars
21,pqnx,Why Level 3 automated technology has failed to take hold. ,1567756569.0,1567727769.0,/r/SelfDrivingCars/comments/d08v5u/why_level_3_automated_technology_has_failed_to/,SelfDrivingCars
41,pqnx,"[comma says:](https://twitter.com/comma_ai/status/1169324309296214017)
> Or you can put the tech inside the car and use the windshield wipers like people. The amount of overengineering here is insane, does anyone really think these will ship at scale?

lidar wipers are not unique to ford/argo, of course; waymo has a [similar cleaning system](https://www.reddit.com/r/oddlysatisfying/comments/6biyr8/waymo_wipers_on_the_lidar_sensor/), (although is unclear how fast it works; the clip they released is edited down to remove passes), and uber atg [even patented one](https://patents.google.com/patent/US20180015907A1/en).",1567661368.0,1567632568.0,/r/SelfDrivingCars/comments/cznwoq/selfdriving_bugaloo_how_ford_is_keeping/ez07urj/,SelfDrivingCars
22,pqnx,Self-Driving Bugaloo: How Ford Is Keeping Autonomous Car Sensors Squeaky Clean. ,1567646627.0,1567617827.0,/r/SelfDrivingCars/comments/cznwoq/selfdriving_bugaloo_how_ford_is_keeping/,SelfDrivingCars
42,pqnx,">However, these higher EM frequencies are ineffective in bad weather and are more expensive.

indeed, i often find myself thinking ""these 905 nm waves are so expensive""

>For example, if the sensors detect a stop sign, [SIFT] will recognize its eight corners as key points, cross check it with similar images in the database, and inevitably conclude that the image is of a stop sign.

i mean, i guess if you did a bunch of post processing on the SIFT results, you could do it. it wouldn't be ""inevitably"" because it would fail half the time, but you could do it. did you read the papers?

> You Only Look Once (YOLO) is an algorithm that analyzes an entire image, breaks it down into its constituent parts, identifies relevant parts based on pre-taught specifications for certain objects, places these parts into boundary boxes, and then makes predictions about how these objects are going to move. This allows an AV to understand how a given situation is going to evolve.

i don't think they read the papers.

>Other common algorithms include TextonBoost, which analyzes images based on their shape, appearance, and context, and AdaBoost, which increases the performance of algorithms by optimally pairing them with the strengths and weaknesses of other algorithms.

neither of those are ""common"" for avs. textonboost is a segmentation algorithm from 2007 that takes several seconds per frame.

the ""new progress"" section is interesting because the three examples of new progress are all summaries of abstracts from Vol. 4, Issue 28 of AAAS Science Robotics, which the writer must have gotten a copy of somehow. this part shows some degree of effort and should be commended.

>For a more indepth [sic] analysis of the impact autonomous vehicles will have, take a look at the insightful book by Jessica Mosloski.

i won't. writing about avs is great, and in-depth analysis is appreciated! but this article does not inspire confidence.",1567388278.0,1567359478.0,/r/SelfDrivingCars/comments/cxzb0h/autonomous_vehicles_the_long_bumpy_road_ahead/eyr2bg3/,SelfDrivingCars
43,pqnx,this appears to be a broken-english paraphrase of [Kirsten Korosec's article from two months ago](https://techcrunch.com/2019/06/07/on-the-road-to-self-driving-trucks-starsky-robotics-built-a-traditional-trucking-business/). would recommend to read the original article instead.,1567115211.0,1567086411.0,/r/SelfDrivingCars/comments/cx04m4/starsky_robotics_reveals_success_on_autonomous/eyhfgnp/,SelfDrivingCars
23,pqnx,State Road Rules: A Troubling Patchwork of Regulations (Aurora). ,1567037774.0,1567008974.0,/r/SelfDrivingCars/comments/cwmzca/state_road_rules_a_troubling_patchwork_of/,SelfDrivingCars
44,pqnx,">dataset is from pinterest searching for character art, dont have the dataset anymore as I used kaggle for training which resets the kernel every 9 hours.
> 
> – https://twitter.com/roadrunning01/status/1156406823618011136",1567029948.0,1567001148.0,/r/MachineLearning/comments/cwavku/p_photo_realistic_character_art_with_stylegan/eycfhcd/,MachineLearning
45,pqnx,worth re-reading the [waymo opening slides](https://sc.cnbcfm.com/applications/cnbc.com/resources/editorialfiles/2018/02/05/Waymo%20Opening%20Slides%20Redacted.pdf) to understand how and why.,1566957130.0,1566928330.0,/r/SelfDrivingCars/comments/cw7s07/former_star_google_and_uber_engineer_charged_with/ey8u2ob/,SelfDrivingCars
46,pqnx,"i agree with the title (elon loves first principles reasoning, which works very poorly for estimating progress in ai), but found the article itself unconvincing and borderline unreadable. there is strong case to be made that elon's lack of ai background contributes to his wacky predictions, but this article doesn't make it.",1566869830.0,1566841030.0,/r/SelfDrivingCars/comments/cvm21x/elon_musks_physics_mindset_may_underpin_a/ey5v3nq/,SelfDrivingCars
47,pqnx,"[other article](https://www.theinformation.com/articles/waymo-riders-describe-experiences-on-the-road) is only email-blocked. issues it describes are more or less what you would expect if following field. notably:

> Several passengers noted that the vehicle didn’t seem to be able to drive autonomously while it was raining outside. Even light rain seemed to cause problems, as did puddles that collected on roads after rain. Said a Phoenix rider about their van: “Couldn't handle the water on the side of the road as we drove in the right lane...and it suddenly turned right and almost ran itself onto the sidewalk and then the [human backup] driver had to take over.”

hopefully the [""working hard to master a variety of weather scenarios""](https://medium.com/waymo/waymo-and-the-weather-9ddd66ee61a) pans out for them soon...",1566863925.0,1566835125.0,/r/SelfDrivingCars/comments/cvoltn/waymos_backseat_drivers_confidential_data_reveals/ey5mazl/,SelfDrivingCars
48,pqnx,"""sometimes our perception works in bad weather (video related). we're working on handling diverse weather better in the future.""",1566622152.0,1566593352.0,/r/SelfDrivingCars/comments/cugsln/waymo_and_the_weather/exv66p5/,SelfDrivingCars
24,pqnx,Waymo and the Weather. ,1566609046.0,1566580246.0,/r/SelfDrivingCars/comments/cugsln/waymo_and_the_weather/,SelfDrivingCars
49,pqnx,[green has made many videos showing tesla output](https://www.youtube.com/user/greentheonly/videos).,1566519900.0,1566491100.0,/r/SelfDrivingCars/comments/ctzgt2/ride_in_nvidias_selfdriving_car/expjky9/,SelfDrivingCars
25,pqnx,The Offline Executor: Virtual Testing and the Aurora Driver. ,1566343090.0,1566314290.0,/r/SelfDrivingCars/comments/ct0jli/the_offline_executor_virtual_testing_and_the/,SelfDrivingCars
50,pqnx,"first off, real non-blog link to interview: [https://www.youtube.com/watch?v=QsfJcLue\_Co](https://www.youtube.com/watch?v=QsfJcLue_Co)

second, a ceo saying he's blown away by work of his own company is nice and all but doesn't actually mean anything.

third, interview content itself is just a slimmed-down restatement of [amnon's plan](https://newsroom.intel.com/editorials/navigating-winding-road-toward-driverless-mobility/#gs.vu5cf2).",1565842873.0,1565814073.0,/r/SelfDrivingCars/comments/cqd31w/i_was_blown_away_by_mobileyes_autonomous_driving/ewvu9d0/,SelfDrivingCars
51,pqnx,"would recommend switch to fully-NN model (e.g. [https://github.com/XingangPan/SCNN](https://github.com/XingangPan/SCNN), [https://arxiv.org/pdf/1806.05525.pdf](https://arxiv.org/pdf/1806.05525.pdf), [https://arxiv.org/pdf/1905.04354.pdf](https://arxiv.org/pdf/1905.04354.pdf)) to handle curved road and improve accuracy. nice work all the same.",1565249525.0,1565220725.0,/r/SelfDrivingCars/comments/cnaw4n/research_robust_lane_detection_and_tracking/ew977j5/,SelfDrivingCars
52,pqnx,ditto. twitter compression is almost unwatchable.,1564789487.0,1564760687.0,/r/SelfDrivingCars/comments/cl57wi/impressive_maneuvers_in_sf_by_zoox/evt1abd/,SelfDrivingCars
53,pqnx,[direct link to preliminary report from ntsb](https://www.ntsb.gov/investigations/accidentreports/pages/hwy19fh008-preliminary-report.aspx),1564731261.0,1564702461.0,/r/SelfDrivingCars/comments/cku4sh/tesla_sued_by_family_of_florida_man_killed_in/evr6qt9/,SelfDrivingCars
54,pqnx,i think that is old sensor config - [this is new (3rd gen)](https://www.pony.ai/wp-content/uploads/2019/04/3.png) config,1564226871.0,1564198071.0,/r/SelfDrivingCars/comments/ciae2s/chinas_ponyai_races_google_to_bring_driverless/ev3nfee/,SelfDrivingCars
55,pqnx,result of the investigation: [it was not on.](https://abc7news.com/investigators-say-autopilot-feature-was-not-on-during-deadly-sf-tesla-crash/5416121/),1564026653.0,1563997853.0,/r/SelfDrivingCars/comments/cghvm3/police_investigate_if_tesla_was_selfdriving/eurr7bf/,SelfDrivingCars
56,pqnx,"> Waymo's autonomous vehicles experienced one intervention by a human driver for every 5,596 miles clocked by its self-driving systems in 2017, according to the most recent figures available. In comparison, Baidu's cars required one intervention for every 41 miles driven, according to California's Department of Motor Vehicles.

[most recent figures are for 2018](https://thelastdriverlicenseholder.com/2019/02/13/update-disengagement-reports-2018-final-results/), and while no one is surpassing waymo (11k miles per), baidu (205 miles per), and more importantly pony.ai (1k miles per) are doing reasonably well by this metric... disengagement numbers aren't super meaningful to begin with, but the comparison in the article seems misleading.",1564014525.0,1563985725.0,/r/SelfDrivingCars/comments/ch375o/chinas_selfdriving_car_prowess_is_greatly/euqv3ds/,SelfDrivingCars
57,pqnx,"to be clear: my answer is two parts, personal take first, then the cynical ""people in the industry"". i (personally) agree zoox is fine bet if you want to work on AVs, and zoox prospects aren't so dire as cynical take would suggest.",1563861435.0,1563832635.0,/r/SelfDrivingCars/comments/cgh4ts/job_offer_at_zoox_reputation_and_feasibility_of/euhr9s7/,SelfDrivingCars
58,pqnx,"[autonocast discussion with jesse levinson here](http://www.autonocast.com/blog/2019/7/17/149-summer-catch-up-and-jesse-levinson-of-zoox) includes some relevant info. my impression is that they are very smart, making good progress (see e.g. [2018 disengagement stats](https://thelastdriverlicenseholder.com/2019/02/13/update-disengagement-reports-2018-final-results/)), and are generally respected by other folks in the industry. the standard cynical take is that zoox is trying to do everything at once-trying to beat google at AI, uber at taxi service, and tesla/gm at building cars-and will therefore never actually ship anything or make back investor money.",1563850852.0,1563822052.0,/r/SelfDrivingCars/comments/cgh4ts/job_offer_at_zoox_reputation_and_feasibility_of/euh7767/,SelfDrivingCars
59,pqnx,"props to Nissan and MobilEye for shipping, great to see tesla competition (particularly using HD maps). wonder how soon we will get consumers testing / teardown / reverse engineering the system.",1563415879.0,1563387079.0,/r/SelfDrivingCars/comments/ce797g/nissan_propilot_20_first_ride_hands_free/eu2cfu5/,SelfDrivingCars
60,pqnx,[Previous discussion](https://www.reddit.com/r/SelfDrivingCars/comments/cclq2t/andrej_karpathy_and_jimmy_d_on_teslas_neural/),1563249867.0,1563221067.0,/r/SelfDrivingCars/comments/cdmcs9/andrej_karpathy_of_tesla_multitask_learning_in/etuvwoq/,SelfDrivingCars
61,pqnx,"solving vision would definitely be huge step. and definitely low level control can be solve. but merging, unprotected left, deciding safe dropoff/pickup location, handling [other driver behavior](https://www.youtube.com/watch?v=AGHHdzjFNGI), dpv, following unusual road sign instruction, [following local driving convention for each new area](https://www.reddit.com/r/teslamotors/comments/burimz/psa_emergency_lane_departure_avoidance_has/), handling emergency vehicle, [dense traffic](https://youtu.be/YaufpVMWjjU?t=280)... are all solvable, but perception does not make them free. even with perfect perception, control and planning still requires balancing safety vs. comfort vs. time to destination in intelligent way.",1563160924.0,1563132124.0,/r/SelfDrivingCars/comments/cd4rou/if_tesla_solves_vision/etryl7f/,SelfDrivingCars
62,pqnx,"> what techniques would these be? It seems to me like Tesla is in a unique circumstance to actually solve CV because of their massive data sets and clever software tricks.

tesla is definitely well-positioned, and doing great work. but they're not working with some tech which is radically different than other companies. they still have to fight the same data, training, architecture, and perf demons everyone else faces.

> Elon doesnt need to hype autonomy to sell cars.

agreed, and yet he is [hyping autonomy anyway...](https://youtu.be/Ucp0TTmvqOE?t=11160)

> Model 3 demand is quite high without the car getting any more OTA autonomous features. As far as I can tell, most people like the Model 3 because its a good car, not because of its autonomous tech.

agreed. most tesla buyers seem pretty level-headed about the tech's future capabilities. the cars are good and i don't doubt tesla will succeed regardless.",1563154126.0,1563125326.0,/r/SelfDrivingCars/comments/cd4rou/if_tesla_solves_vision/etrnzer/,SelfDrivingCars
63,pqnx,">Is it widely known what this will mean if they “solve for vision”?

they wont, tesla is doing clever application of known techniques, which have known limitations

>It sounds like they are close or have something breakthrough to announce soon.

elon ~~needs~~ chooses to hype autonomy to sell cars. they will continue to make gradual progress as usual. [elon time multiplier](https://twitter.com/ElonTimeConvert/status/1083405046744723457) always applies

>what are the other implications of a machine that learns and can see?

even if vision was ""solved"" (meaning superhuman perf at all relevant vision tasks including [infinity of hellish edge cases](https://youtu.be/y57wwucbXR8?t=547)), planning and control still loom.",1563151284.0,1563122484.0,/r/SelfDrivingCars/comments/cd4rou/if_tesla_solves_vision/etrjkm8/,SelfDrivingCars
64,pqnx,"not just comma. any company that's attempt to avoid or postpone complexity of multi-task training is shooting themself in proverbial foot. you _need_ multi-task, because you _need_ high perf, because as your framerate increase you have _less_ work to do for cross-frame tracking / correspondences (change become tiny and linear as dt diminishes), and you _need_ good tracking / correspondences because it is only way to drive up reliability into many nines. yet if no one is evaluating your system externally, if you only need it to work often enough to record demo video, if reliability is second to goal of demo cool single-task result, then multi-task seems like PITA...",1563054316.0,1563025516.0,/r/SelfDrivingCars/comments/cclq2t/andrej_karpathy_and_jimmy_d_on_teslas_neural/etoeu3y/,SelfDrivingCars
