,author,body,created,created_utc,permalink,subreddit
0,TheEndeavorGroup,"[Hiring] (Palmdale California) Software Engineers $70-$90/hr. We are looking for an experienced Software Engineer with an active US Secret Clearance. This position is for highly qualified candidates who want to continue to grow in their career. Please read the qualifications carefully and if interested, send an updated resume to [rob.lucchetti@endeavorjobs.com](mailto:rob.lucchetti@endeavorjobs.com)

Qualifications/Responsibilities:

Responsibilities will span the technology development lifecycle, including requirements generation, system and software design and implementation, and integration and flight test.Responsibilities may span the avionics services, to include ground station development as well as mission systems software technologies. Integration activities will include a multitude of host systems, such as live assets of varying capability and structure, simulated systems, and laboratory environments that include constructive simulations, physical hardware, and system simulations.

**This position requires a Top Secret / SCI clearance to start. MUST work on site in Palmdale CA.**

* **Bachelors degree in a STEM discipline**.
* Experience with C, **C++, Java,**
* Software development process in a team environment
* **Windows or Linux application or server-side development**
* **Development of real-time systems or use of real-time operating systems (RTOS)**
* Developing SW for air vehicle systems
* Service **Oriented Architecture development** or Distributed Programming
* Hardware/Software Integration
* **Model-based software development**
* **C#, Python, and/or PERL**
* Ability to build and maintain relationships, collaborate with others, engage in constructive conflict, and manage interpersonal dynamics",1573008227.0,1572979427.0,/r/forhire/comments/ds3isc/hiring_palmdale_california_software_engineers/,forhire
1,TheEndeavorGroup,"[Hiring] (Manassas VA) Web Developers $45-$63/hr. We are looking to bring on 6 Web Developers to be on site at our location in Manassas VA. We are looking for Jr.-Sr. Level Candidates at a rate of $45-63 per hour. Candidates must work onsite and must be able to obtain a secret clearance while on the job. At this time due to the nature of this project we do require US Citizens only. For more information, send a resume to rob.lucchetti@endeavorjobs.com

**Interim Clearance will work here**

**BS DEGREE**

• React or Java Programming and Web Development experience is requiredAdditionally, skills in one or more of the following:• Java GUI Programming• Web Development• Unix• Agile / DevOps Experience• Scripting skills",1572476333.0,1572447533.0,/r/forhire/comments/dp7vwr/hiring_manassas_va_web_developers_4563hr/,forhire
0,TheEndeavorGroup,Thank you I very much appreciate that.,1565053297.0,1565024497.0,/r/AskEngineers/comments/ckdjmo/what_is_a_better_name_for_a_softwarecentered/ew1j46a/,AskEngineers
1,TheEndeavorGroup,Well we start at 55 and it goes up from there highly dependent on the experience candidates have. If they have everything that we are looking for that number can get bumped up exponentially. This is more for an early-mid level systems engineer.,1564635807.0,1564607007.0,/r/forhire/comments/ckdaml/hiring_annapolis_md_systems_engineer_with_strong/evmepb5/,forhire
2,TheEndeavorGroup,What is a better name for a Software-centered Systems Engineer?. Hi All! I am a recruiter trying to find candidates for a System Engineer with a strong experience in software engineering and software programming/development. I am having problems finding the right candidates and I think that it is because I am not promoting this position in the correct light. Are there some job titles or particular companies that would have the right type of candidates that I am looking for? I'm a little lost on this one and could use the help of an actual engineer.,1564631862.0,1564603062.0,/r/AskEngineers/comments/ckdjmo/what_is_a_better_name_for_a_softwarecentered/,AskEngineers
3,TheEndeavorGroup,"[Hiring] (Annapolis MD) Systems Engineer with strong software background $55+ per hour. Location: Annapolis MD

Pay Rate: $55+ per hour

Duration: 6 month contract to direct hire

How to apply: Email resume to [rob.lucchetti@endeavorjobs.com](mailto:rob.lucchetti@endeavorjobs.com)

 

We are looking for a Software Systems Engineer for our location in Annapolis MD. Candidates should have strong prior experience in Software Engineering and Development and must have Systems Engineering skills/experience. We are looking to bring people on ASAP so apply today!

**Job Description / Daily TASK:**

Software-centric Systems Engineer  
We are seeking a Systems Engineer to support our Surface Transportation and Critical Infrastructure team in developing and deploying complex integrated solutions and systems for the Rail/Transit industry. Job responsibilities for this position include:  
• Analyze, trace, and ensure adherence to system requirements on all assigned projects through the development and maintenance of the requirements traceability matrix.  
• Evaluate, analyze, and document all explicit and implicit system operational concepts through interaction with all stakeholders on assigned projects.  
• Ensure system and subsystem design meet the system requirements through development of documentation, participation in design reviews, and constant communication with other functional disciplines on assigned projects.  
• Develop a strong understanding of the technical solution within each functional discipline and maintain that understanding as the technical solutions are enhanced and mature.  
• Follow all ISO, CMMI, and engineering policies and procedures in performing day to day activities on assigned projects.  
• Proven domain knowledge and knowledge of products, systems, industry best practices, and applicable regulatory requirements on assigned projects.  
• Plan and develop engineering management plan for assigned projects, including engineering schedules, budget plans, and staffing plans.  
• Identify and evaluate risks and opportunities on all assigned projects and work with the project manager to develop risk mitigation strategies.  
• Work closely with the project manager on assigned projects to ensure project performance in regards to cost, schedule, and quality.  
• Monitor and report project engineering performance to leadership through formal status reviews and develop project corrective action plans to improve project performance when necessary.  
• Perform engineering trade studies on new technologies or new solutions.  
• Organize and direct assigned project team members from other functional disciplines to ensure schedule adherence, timely issue resolution, and proper prioritization of tasks.  
• Assist business development with bid and proposal opportunities through development of compliance matrices, technical solution, cost estimation, and proposal documentation.  
Qualifications:  
• Five (5) or more years of engineering experience in project operations, including all phases of the system development life cycle is required.  
• Two (2) or more years of experience managing system requirements or technical project management is required.  
• Three (3) or more years of experience performing software development is required.  
• Strong communication and interpersonal skills are required.  
• Ability to influence, inspire, and motivate all project team members.  
• Strong sense of ownership in project deliverables, with initiative and entrepreneurial characteristics.  
• Experience with requirements management tools, such as DOORS is a plus  
• Experience with scheduling tools, such as MS Project or Primavera is a plus  
• Desired experience in development and engineering with one or more of the following software languages:  
o C/C++  
o .NET languages (CLR)  
o Java (JVM)  
o Additional languages are a plus  
• Desired experience with the following technologies or concepts:  
o Complex software systems  
o System and network architecture and design  
o Relational databases, such as Oracle  
o Software Development Life Cycles  
o Systems Engineering V-Model  
o Cybersecurity policies and procedures  
• Candidate must have strong computer programming concepts  
• Strong analytical and problem solving skills.  
• Strong organizational skills and configuration management.  
• Ability to work independently and in a cross-functional team environment.  
Education Requirements: BS degree in Engineering, Computer Science, Information Systems, or other technical area is required",1564630707.0,1564601907.0,/r/forhire/comments/ckdaml/hiring_annapolis_md_systems_engineer_with_strong/,forhire
2,TheEndeavorGroup,I kept it broad on purpose so I would hopefully have some input from individuals at all stages of the ladder.,1563578086.0,1563549286.0,/r/SelfDrivingCars/comments/cexlrg/anyone_working_in_the_industry/eu843so/,SelfDrivingCars
3,TheEndeavorGroup,"Sadly depending on the state we are not allowed to ask candidates about salary so we can't judge it that way. Unfortunately due to some companies low-balling individuals based on past salary amounts ruined that route for us. As far as ""software engineers"" we won't know exactly what type of engineer they want until they release the job to us.",1563513052.0,1563484252.0,/r/SelfDrivingCars/comments/cexlrg/anyone_working_in_the_industry/eu5sc77/,SelfDrivingCars
4,TheEndeavorGroup,"From what i have been told they will be looking for Design Engineers, software engineers and electronics engineers.",1563512329.0,1563483529.0,/r/SelfDrivingCars/comments/cexlrg/anyone_working_in_the_industry/eu5r6jy/,SelfDrivingCars
4,TheEndeavorGroup,"Anyone working in the industry?.  Hey All! Is there anyone here that works in the automated vehicle industry? My company is currently speaking with a major client who will soon have multiple openings for engineers and other technical positions working on automated/self-driving vehicles. This is a relatively new field for our company and since I would like to provide the best opportunities and information that I can to my candidates, I am trying to do a little market research to see who is out there, what pay range people in the industry are expecting, and any tips on how my company can find the best candidates for our client. I'd also just like to hear some stories from people who work in the industry regarding how they got into the field, how they feel about what they do, and what they expect to come next with this technology. Any help would be appreciated, I'd love to get a conversation going! Thanks",1563509653.0,1563480853.0,/r/SelfDrivingCars/comments/cexlrg/anyone_working_in_the_industry/,SelfDrivingCars
5,TheEndeavorGroup,"Anyone here work in the industry?. Hey All! Is there anyone here that works in the automated vehicle industry? My company is currently speaking with a major client who will soon have multiple openings for engineers and other technical positions working on automated vehicles. I am trying to do a little market research to see who is out there, what pay range people in the industry are expecting, and any tips on how my company can find the best candidates for our client. Any help would be appreciated! Thanks",1563508869.0,1563480069.0,/r/AutonomousVehicles/comments/cexfiu/anyone_here_work_in_the_industry/,AutonomousVehicles
5,TheEndeavorGroup,"When asking for an ""experienced"" user and not just ""familiarity with"" we are usually asking for someone who has gone in depth with the later functions you mentioned (BIM, navisworks, 3ds max etc). As someone else mentioned I often have people saying they are ""experienced"" but have only used it as an alternate of AutoCAD and have not gone in depth of what it can actually do.",1563490690.0,1563461890.0,/r/Revit/comments/cdx69y/recruiter_who_cant_find_revit_users/eu4s2ps/,Revit
6,TheEndeavorGroup,"[Hiring] (Cedar Rapids/Remote Work) IT Security Analyst $45-55/hr. Hi Reddit! We are looking to bring on 6 IT Security Analysts to join our team. This position does have remote availability. If working remote, you would need to travel (expenses paid) to Cedar Rapids IA two to three times over the course of your contract. Candidates must be US citizens at this time able to obtain a US security clearance over the course of their employment. Below you will find the job description and requirements. To apply, send a resume to [rob.lucchetti@endeavorjobs.com](mailto:rob.lucchetti@endeavorjobs.com) with ""reddit IT Security"" as the subject line. 

&#x200B;

  

**- candidates can work remote**  
 **\*\*\*remote candidates may need to travel to Cedar Rapids once or twice during the contract\*\*\***

**Expenses are paid to travel to Cedar Rapids**

**Job Description / Daily TASK:**

 This position requires a seasoned professional in IT Security and Compliance who independently implements security controls, analyzes and implements IT security devices and systems, and regulates network access. The Cybersecurity analyst will be responsible for a wide range of security responsibilities, with a focus on planning, analyzing and deploying solutions on prem while also considering cloud solutions in AWS. The professional is expected to work within cross-functional project teams and is responsible for the overall health and performance of a system, while frequently working with technology providers and developers to deliver and maintain secure solutions. The cybersecurity analyst is expected to operate and perform at the highest levels of confidentiality and integrity.  
 

Primary Responsibilities:   
 Design, develop, test, integrate, implement and document information security solutions for all OSI model layers such as (but not limited to) proxies, remote access, firewalls/gateways and intrusion detection/prevention systems of moderate to high complexity  
 Analyzes current cyber security features, integrates new security features into existing infrastructures, and helps to resolve integration and testing issues   
 Serve as a security technical lead on enterprise IT projects through the creation and implementation of detailed designs, as well as a security liaison while working with other security experts to identify and remediate security concerns during project implementation  
 Subject Matter Expert on all procedures necessary to ensure the safety of information systems assets and to protect systems from intentional or inadvertent access or destruction  
 Support complex operational tasks that are assigned as part of project implementation  
 Performs detailed troubleshooting in support of system remediation efforts  
 Act as security representative for cross-functional troubleshooting teams to aggressively identify and correct enterprise issues  
 

Qualifications:   
 Basic Qualifications: Candidates for this role should possess a Bachelor’s degree and three years of prior relevant experience or in the absence of a degree, six years of prior relevant experience. Nothing matters more to Collins Aerospace than our strong ethical and safety commitments.   
 

Must possess a strong understanding of TCP/IP networking principles and secure coding practices  
 Must be able to obtain a security clearance  
 Must be able to independently own, lead and drive security projects to completion  
 Must be a team player willing to engage and work with other team members  
 Must be able to professionally frame risk management decisions, and work with leadership to determine best course of action for securely moving the business forward  
 Must be able to professionally communicate security concerns and positions to non-security and/or non-technical audience",1563419121.0,1563390321.0,/r/forhire/comments/ceh86x/hiring_cedar_rapidsremote_work_it_security/,forhire
6,TheEndeavorGroup,As I said it does depend on both location and other duties performed. For someone in Southern California we would be much more likely to be in the 30's just due to cost of living differences.,1563411644.0,1563382844.0,/r/Revit/comments/cdx69y/recruiter_who_cant_find_revit_users/eu25mph/,Revit
7,TheEndeavorGroup,"I do have some clients in VA, I will check and reach out to you if I have anything!",1563399288.0,1563370488.0,/r/Revit/comments/cdx69y/recruiter_who_cant_find_revit_users/eu1mypq/,Revit
8,TheEndeavorGroup,Are you currently still hiring or do you expect to in the near future? My company works with many tech and engineering professionals and have numerous talented recruiters and we would love to help your hiring process. Send me a DM if you would like to hear a little bit more about what we do and how we could help.,1563399103.0,1563370303.0,/r/Revit/comments/cdx69y/recruiter_who_cant_find_revit_users/eu1mpst/,Revit
9,TheEndeavorGroup,"We have our starting pay a bit higher than that usually in the 20's.  However that is in New York and it varries by location, experience, and additional workload in addition to the revit work.",1563396851.0,1563368051.0,/r/Revit/comments/cdx69y/recruiter_who_cant_find_revit_users/eu1juob/,Revit
10,TheEndeavorGroup,That seems to be the problem with my current client which is why they are really pushing me to find someone with a proven track record of revit experience.,1563337339.0,1563308539.0,/r/Revit/comments/cdx69y/recruiter_who_cant_find_revit_users/etxvwo3/,Revit
11,TheEndeavorGroup,Unfortunately I havent had much luck in finding a definitive place other than perhaps linkedin. If you send me your e-mail address I will send you an e-mail regarding open revit positions I currently have.,1563337286.0,1563308486.0,/r/Revit/comments/cdx69y/recruiter_who_cant_find_revit_users/etxvtmk/,Revit
12,TheEndeavorGroup,Thanks so much for the tip!,1563321723.0,1563292923.0,/r/Revit/comments/cdx69y/recruiter_who_cant_find_revit_users/etx6zcm/,Revit
13,TheEndeavorGroup,"As a recruiter myself this happens far too often. I will give you just a little background on why this may be happening to you and some steps on how to avoid it. First off, if a company has outsourced thier recruiting to firms such as mine they often do it with multiple companies at once. This means that at any one time there could be 10, 20, 50 people working on finding a person for the same position. Sadly what often happens is a job can be posted at 9am but with 50 people working on the job the company may have 10 potential candidates by noon that same day. Often we then have to turn away candidates just based on the fact that the manager will not look at any more resumes than they already have. Sometimes this leaves us to turn down perfectly qualified individuals just because they called back 30 minutes too late. A good recruiter will then take a look at other open positions for these people but sadly many will just say the job is closed and leave candidates with nothing. I suggest if you are in the job search to always have constant access to your phone and to respond to e-mails immediately. Another suggestion that I would have is to find a recruiter that you find helpful and stick with them. I would gladly answer any questions that I can in regards to increasing your success in finding work.",1563314897.0,1563286097.0,/r/jobs/comments/cdj59b/i_applied_for_a_job_and_exactly_5_minutes_later/etwwsf9/,jobs
7,TheEndeavorGroup,"Recruiter who can't find Revit users. Hi all, My name is Rob with the Endeavor Group, a national engineering staffing agency. Over the past few months both myself and my fellow recruiters have had a large amount of difficulty in finding individuals with Revit experience. The reason that I am posting today (other than the fact that I have a Revit Drafter opening in Binghamton NY right now) is to ask if there was a certain place that you guys/gals post your resume's when looking for work? If you don't post your resumes, how would you suggest a recruiter like myself find candidates with Revit experience. Thanks so much!!!",1563313188.0,1563284388.0,/r/Revit/comments/cdx69y/recruiter_who_cant_find_revit_users/,Revit
8,TheEndeavorGroup,"[Hiring] (Binghamton NY) Revit Drafter $28/hr dependent on experience. Location: Binghamton New York

Duration: 6 month contract to direct hire

Pay: $28+/- dependent on experience

We are looking for a Revit Drafter to prepare structural engineering and construction drawings using Autodesk Revit and AutoCAD software. Candidates would participate in a CAD/BIM Coordinator Certification program and act as CAD/BIM Coordinator on selected projects.

Qualifications:

* Ability to pass a drug and background check
* Proficiency in Autodesk Revit and AutoCAD
* Associates Degree or higher in Engineering or related majors
* 1-3 years experience preferred
* Technical drafting and construction drawing preparation experience
* Proficient in Microsoft Office Suite
* Ability to perform field work in support of planning and design of projects
* Sadly only US Citizens or Green Card Holders at this time.

&#x200B;

Please apply by sending an updated resume to [rob.lucchetti@endeavorjobs.com](mailto:rob.lucchetti@endeavorjobs.com) with a subject line ""reddit-Revit Drafter""",1563312912.0,1563284112.0,/r/forhire/comments/cdx4dp/hiring_binghamton_ny_revit_drafter_28hr_dependent/,forhire
14,TheEndeavorGroup,Sadly remote is not an option for this position.,1562645538.0,1562616738.0,/r/forhire/comments/calfk7/hiring_sunrise_florida_software_engineers_50hr/etabukt/,forhire
15,TheEndeavorGroup,Unfortunately we cannot sponsor visas at this time.,1562638027.0,1562609227.0,/r/forhire/comments/calfk7/hiring_sunrise_florida_software_engineers_50hr/eta04gj/,forhire
9,TheEndeavorGroup,"[Hiring] (Sunrise Florida) Software Engineers $50/hr. We are looking to hire multiple Web Application Software Engineers for our location in Sunrise Florida. Candidates should send me a message here or send an updated resume to [rob.lucchetti@endeavorjobs.com](mailto:rob.lucchetti@endeavorjobs.com) with the subject line as Reddit Job Positing and someone will reach out to you.

Location: Sunrise FL

Pay: $50/hr

BA/BS in Computer Science or Equivalent

5+ years experience prefered

Ideal Candidates will have experience with the following:

* Full Stack web development
* Designing and developing web components
* Angular JS
* React JS
* Node.js
* Docker/ Node Express
* Git VCS
* Knowledge of Isomorphic/Universal Javascript and/or Progressive Web Applications
* Experience with WebGL a plus",1562623434.0,1562594634.0,/r/forhire/comments/calfk7/hiring_sunrise_florida_software_engineers_50hr/,forhire
10,TheEndeavorGroup,"[Hiring] (Pittsburg, Kansas) Electricians ($24/hr). We are looking to hire an entire team (20) of Electricians to be a part of our new project in Pittsburg Kansas. Candidates would be installing wire ways, conduits and cable trays, and ground electrical equipment to adhere to customer specific specifications and NEC code. See the job requirements/description below and apply by e-mailing an updated resume to [rob.lucchetti@endeavorjobs.com](mailto:rob.lucchetti@endeavorjobs.com) or by DMing me your information so we can set up a phone screen.

Location:Pittsburg Kansas

Pay: $24/hr

&#x200B;

Job Description and Requirements:

•	Installs wire ways, conduits and cable trays, and ground electrical equipment to adhere to customer specification and/or NEC code.

•	Performs simple connections of utility wires, and understands how electrical circuits function.

•	Responsible for the threading of conduit and reading blue prints.

•	Leads groups, assign functions and/or duties, identifies and analyzes proper installation according to legends and maintains 6S Lean methodology.

•	Sets customer furnished equipment per blue prints specifications approved by Engineering. 

•	Properly installs gear: SWGR, VFDs, ATS, DCS systems, transformers, DC chargers, PLC cabinets, etc.

•	Successfully installs utilities for all electrical enclosures.

•	Performs installation of interconnects for DCS systems, SWGR, PLC cabinets.",1561586653.0,1561557853.0,/r/forhire/comments/c5q7nl/hiring_pittsburg_kansas_electricians_24hr/,forhire
