,author,body,created,created_utc,permalink,subreddit
0,nicholaskajoh,I think some systems convert raw sensor data to an intermediate representation which is what is fed into the neural net.,1573914323.0,1573885523.0,/r/SelfDrivingCars/comments/dwtyuj/velodyne_lidar_debuts_alpha_prime/f7n5tf3/,SelfDrivingCars
1,nicholaskajoh,r/PraiseTheCameraMan,1573410634.0,1573381834.0,/r/AquaticAsFuck/comments/du5g09/aquatic_leap/f72veca/,AquaticAsFuck
2,nicholaskajoh,Yup,1572229047.0,1572200247.0,/r/restofthefuckingowl/comments/dnufb7/how_to_draw_eyes/f5h4j7y/,restofthefuckingowl
3,nicholaskajoh,IG of the artist: https://instagram.com/call.me.dami.,1572221208.0,1572192408.0,/r/restofthefuckingowl/comments/dnufb7/how_to_draw_eyes/f5gefc1/,restofthefuckingowl
0,nicholaskajoh,How to draw eyes. ,1572217120.0,1572188320.0,/r/restofthefuckingowl/comments/dnufb7/how_to_draw_eyes/,restofthefuckingowl
4,nicholaskajoh,"Implicit type coercion at play.

Think about it this way:

1) String([]) + String([]) = """"

Because String([]) = """", String([1]) = ""1"", String([1,2]) = ""1,2"" etc

And """" + """" = """"

2) Number(String({})) + Number(String({})) = NaN

Because String({}) = ""[object Object]"" and Number(""[object Object]"") = NaN

And NaN + NaN = NaN

See: https://developer.mozilla.org/en-US/docs/Web/JavaScript/Reference/Global_Objects/Object/toString

3) String([]) + String({}) = ""[object Object]""

See no. 2

4)  +[] = Number(String([])) = 0

The {} is taken as an empty block by JS i.e { const myVar = 'Hello, World!'; } +[]",1572199426.0,1572170626.0,/r/ProgrammerHumor/comments/dnne0v/maybe_its_a_repostbut_this_never_gets_old/f5eh73w/,ProgrammerHumor
5,nicholaskajoh,"This behaviour is caused by implicit type coercion. true + true is not possible so JS coerces them to Number i.e console.log(Number(true)); // 1. And 1 + 1 = 2.

In the second comparison, there's no need for coercion. Strictly speaking (!==), true is not equal to 1.",1572196579.0,1572167779.0,/r/ProgrammerHumor/comments/dnne0v/maybe_its_a_repostbut_this_never_gets_old/f5eayaq/,ProgrammerHumor
6,nicholaskajoh,Nice! Looks like a photo from a Mr Robot scene.,1571504880.0,1571476080.0,/r/battlestations/comments/djxrwg/my_new_station_with_a_view/f49nvz4/,battlestations
7,nicholaskajoh,I agree that trucking is the most practical application given the technology available today. There are companies already making money (profit maybe?) in the space e.g Pronto AI and Embark.,1565790177.0,1565761377.0,/r/SelfDrivingCars/comments/cph3x7/which_selfdriving_car_companies_will_end_up_as/ewu24gy/,SelfDrivingCars
8,nicholaskajoh,"I have a few arguments against the end-to-end approach AKA big deep neural net:

1. It's a black box as such it's difficult to test and validate. When the Uber incident happened, we knew exactly what went wrong i.e what the car saw, what it was thinking and why it acted the way it did. It was quite easy to see how the problem could've been prevented/could be fixed. For a E2E DNN car, we can't know why. And the only way to fix is to show it more examples of similar scenarios (which might be rare), discourage it from the undesired behaviour and hope it learns. This is not good enough when safety is top priority.
2. Driving styles/rules and regulations vary widely across cities. These styles/rules need to be encoded in some way into the software. You can't have a world-wide DNN with all the different styles and rules (some of which conflict against each other). George Hotz has said the best solution might be to create city neural nets e.g NYC-DNN, London-DNN etc. This makes the E2E approach similar to the HD Maps one where cities need to be mapped in 3d.
3. How can an AI agent which learns by imitating humans be better than humans?",1565789929.0,1565761129.0,/r/SelfDrivingCars/comments/cph3x7/which_selfdriving_car_companies_will_end_up_as/ewu1w4e/,SelfDrivingCars
9,nicholaskajoh,"\*Who he thinks is ahead.

The industry is split on what approach is the best/will lead to FSD i.e end-to-end NN or breaking the problem into localization, perception, prediction, planning, control etc. There's also the LiDAR/no LiDAR argument.

I found the podcast very insightful though. Here's another video where he talked about SDCs and who's who in the biz.

comma ai | George Hotz | An OS for Autos | Self Driving Cars? Scam!: [https://www.youtube.com/watch?v=w2Ok7jUUB9U](https://www.youtube.com/watch?v=w2Ok7jUUB9U)",1565787741.0,1565758941.0,/r/SelfDrivingCars/comments/cph3x7/which_selfdriving_car_companies_will_end_up_as/ewtzrrf/,SelfDrivingCars
10,nicholaskajoh,Updated video link: [https://youtu.be/ynQMOnuzPBk](https://youtu.be/ynQMOnuzPBk).,1565770307.0,1565741507.0,/r/programming/comments/cp19ys/lets_build_an_autonomous_toy_car_episode_1_pilot/ewtboxw/,programming
1,nicholaskajoh,Let's Build an Autonomous Toy Car! (Episode 1: Pilot) - 1st episode of a series documenting my attempt at building a self-driving toy car. ,1565661858.0,1565633058.0,/r/SelfDrivingCars/comments/cpg2o9/lets_build_an_autonomous_toy_car_episode_1_pilot/,SelfDrivingCars
11,nicholaskajoh,Someone posted a job listing they saw on Twitter asking for 3 or so years of React Hooks experience. React Hooks had just been released a few days ago at the time.,1565634483.0,1565605683.0,/r/ProgrammerHumor/comments/cp6foe/10x_intern/ewo4ppi/,ProgrammerHumor
2,nicholaskajoh,Let's Build an Autonomous Toy Car! (Episode 1: Pilot) - 1st episode of a series documenting my attempt at building a self-driving toy car. ,1565581186.0,1565552386.0,/r/programming/comments/cp19ys/lets_build_an_autonomous_toy_car_episode_1_pilot/,programming
12,nicholaskajoh,"In development you need to run 2 servers mainly due to the need for live/hot reloading on the FE. In production you may choose to do same or build your FE and serve it (i.e static files) using the BE server. I wrote a tutorial sometime ago on how to do this with React and Django [1]. The same knowledge can be applied to Vue and Express.

[1] https://alphacoder.xyz/dead-simple-react-django-setup/",1564635665.0,1564606865.0,/r/webdev/comments/ck63x0/how_is_a_full_stack_project_structured/evmec2l/,webdev
13,nicholaskajoh,"An intern at a previous company once made changes to the codebase which broke something else. For whatever reason, he  updated the tests to expect 500 and they passed. I still wonder why he did that. Lol.",1564634007.0,1564605207.0,/r/ProgrammerHumor/comments/ck40gn/omg_the_tests/evm9z4y/,ProgrammerHumor
14,nicholaskajoh,*callbacks,1564631266.0,1564602466.0,/r/gaming/comments/ck8qps/guy_turns_his_bookshelf_into_a_giant_version_of/evm2ouy/,gaming
3,nicholaskajoh,[P] I built a video-based vehicle counting system — here’s how. ,1562945374.0,1562916574.0,/r/computervision/comments/cc7q5q/p_i_built_a_videobased_vehicle_counting_system/,computervision
4,nicholaskajoh,"[P] I built a video-based vehicle counting system — here’s how. I shared a project of mine, a video-based vehicle counting system, on Twitter a while ago where it got a bit of attention/interest. I decided to write about how I built it on my blog: [https://alphacoder.xyz/vehicle-counting/](https://alphacoder.xyz/vehicle-counting/).

The source code is available on GitHub ([https://github.com/nicholaskajoh/Vehicle-Counting](https://github.com/nicholaskajoh/Vehicle-Counting)). Feedback and contributions are welcome! :)",1562923141.0,1562894341.0,/r/MachineLearning/comments/cc48mh/p_i_built_a_videobased_vehicle_counting_system/,MachineLearning
15,nicholaskajoh,Try Dependabot at http://dependabot.com (recently acquired by GitHub and free of charge).,1562876913.0,1562848113.0,/r/node/comments/cbtmrr/me_installs_a_simple_node_package_and_pushes_to_a/etieytp/,node
16,nicholaskajoh,"Yes it is but can be time-consuming and emotionally draining if not handled well. Some tips from 2-ish years of freelancing as a college student:

- Never work with anyone who says you should do it for free for the exposure. That's a big trap! If you need experience/a portfolio, work on your own projects (make them cool and attractive). Alternatively, you can volunteer to work on projects that would give you a lot of visibility. I worked on a good number of projects used by 1000s of students with the school management and popular student groups. These gave me a lot of publicity and a good portfolio.

- Make it a requirement for clients to make a down payment (I usually collected 25-50% of my fee depending on the size of the project or my relationship with the client before writing a single line of code). This shows commitment to the work they want to get done and trust they have in you to get it done which is very essential for a project to be successful.

- Make it abundantly clear what your work day/week looks like if your client doesn't already know so that you don't get unnecessarily pressured. You're a student so you have assignments, projects, classes, extracurricular activities and such. The timelines you set should put all that into consideration. I couldn't survive on Freelancer (the freelance platform) because most clients wanted a full website delivered in 1 week or even 3 days.

- Create a document detailing the requirements of the project (no matter how small it is) to avoid scope creep. Itemize all the tasks that need to be done, share it with the client and agree on how long it'll take to complete each one and the entire project. This usually comes when I've discussed with the client about the project. Once we've agreed on what's required to be done, I give my quote and we negotiate and agree on a price. When they come later to ask if I can just add video chat because it's not hard to implement, I can refer them to the doc and I inform them we need to discuss new terms for the feature to be added or that I don't have the time for it.

- Add a cost breakdown to your quotes. For some reason, my clients seemed to think coding was easy so they wanted to pay peanuts. Tell them how much servers would cost every month/year. Tell them how much you charge for certain types of projects (e.g social network) or per hour etc. If they're not okay with it, they can find another freelancer to help. People actually value you/your work more if you charge a premium.

- Don't bite more than what you can chew. I like small projects because I can be done with them quickly and move on to the next. Even if you prefer to work on freelance projects that take months because maybe they pay more, be sure to ask yourself if you can commit the time and mental resources to get it done and done well.

- Save some of the money you earn. Might come in handy in the near future. :)",1562787215.0,1562758415.0,/r/computerscience/comments/cbf004/is_freelancing_viable_as_a_student_studying/etf34nf/,computerscience
17,nicholaskajoh,For SSL config see: https://timonweb.com/tutorials/an-example-of-docker-compose-and-traefik-config-domain-name-ssl-certificate/,1562724281.0,1562695481.0,/r/docker/comments/cazx1i/need_some_help_and_explanation_regarding/etcys6h/,docker
18,nicholaskajoh,https://alphacoder.xyz/multiple-apps-one-server-with-docker-and-traefik/,1562723973.0,1562695173.0,/r/docker/comments/cazx1i/need_some_help_and_explanation_regarding/etcya5f/,docker
19,nicholaskajoh,https://www.quora.com/Does-the-team-at-DigitalOcean-use-AWS,1562273539.0,1562244739.0,/r/node/comments/c8zcm3/where_do_you_host_your_node_applications_and_why/ess4lne/,node
20,nicholaskajoh,Google I/O (2019) talk by Mayank Bansal: [https://youtu.be/mxqdVO462HU](https://youtu.be/mxqdVO462HU).,1557376053.0,1557347253.0,/r/MachineLearning/comments/a51j4a/r_chauffeurnet_learning_to_drive_by_imitating_the/emv1k0o/,MachineLearning
21,nicholaskajoh,"I was right. Damn these guys!

I use whois to check for domain availability now [https://alphacoder.xyz/check-domain-availability-from-your-terminal/](https://alphacoder.xyz/check-domain-availability-from-your-terminal/).",1547499432.0,1547470632.0,/r/webdev/comments/afn5vl/new_godaddy_horror_story_tldr_stay_away_from/ee1lp0c/,webdev
22,nicholaskajoh,Looking to start using Go and Java for back end dev,1546339752.0,1546310952.0,/r/webdev/comments/ab9smv/what_technologies_did_you_stop_using_in_2018_what/eczly6x/,webdev
23,nicholaskajoh,"Thanks for the feedback!

First point: I'll update the article now.

Second: I'll try this out and see how it goes!",1546335221.0,1546306421.0,/r/Python/comments/abaejg/dockerizing_django_in_development_and_production/eczhfsq/,Python
5,nicholaskajoh,Dockerizing Django in development and production. ,1546313658.0,1546284858.0,/r/Python/comments/abaejg/dockerizing_django_in_development_and_production/,Python
6,nicholaskajoh,"Custom validation messages for Sails.js v1?. I just upgraded my Sails project from v0.12 to v1. Everything works fine except sails-hook-validation, a hook I use for custom validation messages. It hasn't been updated to support v1 yet (project has not been updated for close to a year). I tried unsuccessfully to create a custom hook to display custom validation messages for my app. Waterline doesn't return `invalidAttributes` in its error object anymore and only throws the [first validation error](https://github.com/lykmapipo/sails-hook-validation/issues/56) [it catches](https://github.com/lykmapipo/sails-hook-validation/issues/55). I'd appreciate any help on how to get this working. Thanks!",1534268119.0,1534239319.0,/r/node/comments/976y4e/custom_validation_messages_for_sailsjs_v1/,node
