,author,body,created,created_utc,permalink,subreddit
0,dissentingdiagnosis,Absolutely fantastic to learn about your path to good health and the positive changes. Good luck on meeting your goals.,1573890009.0,1573861209.0,/r/fasting/comments/dwx114/i_lost_180lbs_went_from_350_to_170_lbs_if_168_186/f7mela7/,fasting
1,dissentingdiagnosis,"Thank you for sharing. It takes a certain degree of self belief, self awareness to do this and I'm sure that you do not lack in confidence. 

If you do have an interest in coding/programming, I'd suggest that you look at opportunities in various projects within the open source community to become familiar with the habits and discipline of producing good quality software. I am aware that others might suggest coding competitions and similar. Those are good to build knowledge about fundamentals. Good software engineering is often best learnt from doing hands-on among a group of supportive peers.

If you are interested in a Tier 2 institute so that you get time to do your own thing, you'll have to ensure that you do spend that time doing things that get the outcomes you seek. It is easy to be distracted by a thousand pieces around us.   


Best of luck in whatever you choose to do.",1571998622.0,1571969822.0,/r/kolkata/comments/dmhpq0/tier_23_engineering_colleges_which_are_not_strict/f542xf0/,kolkata
2,dissentingdiagnosis,I've been absolutely fascinated with this from the day it was available.,1571946262.0,1571917462.0,/r/wikipedia/comments/dm4mpz/im_now_the_owner_of_this_fantastically/f4zwnma/,wikipedia
3,dissentingdiagnosis,This is amazing focus and dedication. Congratulations! You inspire us to seek happiness.,1571907612.0,1571878812.0,/r/omad/comments/dm21ex/progress_pic_14_months_175_pounds_lost_reversed/f4yksw4/,omad
4,dissentingdiagnosis,"Show up at local events; do your first set of talks/demos; help out within the project for anything which aligns with your interest eg. helping users report issues/bugs correctly (gets you to be familiar with the internals and also the development process); help in reviewing documentation (gets you to be very familiar with the recommended way to use the project and limits etc); contribute on the chosen communication forum (mailing lists, Slack, IRC etc).

In short, every single thing that you can get the time to help make the project better establishes your credentials within the community. And in turn, creates a virtuous cycle.",1571907459.0,1571878659.0,/r/redhat/comments/dm75me/question_on_switching_departments_in_redhat/f4ykkrc/,redhat
5,dissentingdiagnosis,"Or, lead to an extended transition time which does not align with the goals of the new manager. The negative feedback would need to be documented. So, the likelihood the topic should be somewhat obvious.",1571907262.0,1571878462.0,/r/redhat/comments/dm75me/question_on_switching_departments_in_redhat/f4ykang/,redhat
6,dissentingdiagnosis,"It likely varies between groups and also specifically engineering groups. The time spent in building a network and presence counts when it is the moment for a switch or, even deciding on that.",1571907061.0,1571878261.0,/r/redhat/comments/dm75me/question_on_switching_departments_in_redhat/f4yk04d/,redhat
7,dissentingdiagnosis,"This is quite normal at RHT. The way to improve your chances of doing this is to continue to focus on the project that you'd like to transition to (as a software engineer) and map out specific outcomes where you can demonstrate your competency and expertise. For instance, if you are looking at switching over to a more developer/engineer role in Openshift, plan to put in the time to build a presence in the community of the project. This makes you a more enticing internal hire when a manager has to find an individual to fit the requirement.",1571906976.0,1571878176.0,/r/redhat/comments/dm75me/question_on_switching_departments_in_redhat/f4yjvla/,redhat
8,dissentingdiagnosis,"""Army of None: Autonomous Weapons and the Future of War"" - as part of a reading list around automation, robotics and AI",1571821087.0,1571792287.0,/r/Indianbooks/comments/dlmcpq/what_are_you_reading_this_week/f4tpv4n/,Indianbooks
9,dissentingdiagnosis,I didn't see much progress on this since. Is there a general agreement to move onward to Github?,1571740087.0,1571711287.0,/r/gluster/comments/dhqwmm/gluster_maintainers_discussions_about_adopting_a/f4oygju/,gluster
10,dissentingdiagnosis,Would anyone be aware of [meetup.com](https://meetup.com) alternatives which can be looked into?,1571740036.0,1571711236.0,/r/gluster/comments/di28id/should_glusterfs_community_look_at_meetupcom/f4oydsh/,gluster
11,dissentingdiagnosis,"I may be getting the year wrong, however, in 2009, Jho Low was alleged to have spent 300K buying drinks for everyone.

Either way, the spend is still an allegation. When further detail do tumble out, we might just have a more reasonable understanding of exactly what that night out was. Until then, it is great gossip material.",1571728260.0,1571699460.0,/r/indianews/comments/dkyu1q/ratul_puri_nephew_of_mp_cm_kamal_nath_spent_over/f4ock80/,indianews
12,dissentingdiagnosis,"Also, wasn't phone assembly already a thing? During the Nokia downturn loads of articles were published about how companies engaged in assembly work would be impacted. Once an assembly line is put together along with training, the ""high value"" aspect of the marketing machine tends to kick into gear.

Livemint reports ""The phones are being assembled at Chinese contract manufacturer Foxconn's India factory, helping the Cupertino, California-based company avoid high levies on the import of fully-built devices as well as meet local sourcing norms for opening its own retail stores in India."". https://www.livemint.com/technology/gadgets/apple-starts-selling-locally-assembled-iphone-xr-in-india-11571675425251.html",1571727603.0,1571698803.0,/r/IndiaSpeaks/comments/dl29hy/iphone_xrs_assembled_in_india_for_the_first_time/f4ob457/,IndiaSpeaks
13,dissentingdiagnosis,Champagne for a big group can be costly. Especially in a club that's billed as exclusive. 8 crores is the figure when we convert to INR - I don't think that the high spends are viewed in such a manner.,1571727241.0,1571698441.0,/r/indianews/comments/dkyu1q/ratul_puri_nephew_of_mp_cm_kamal_nath_spent_over/f4oa6co/,indianews
14,dissentingdiagnosis,He's alleged to have spent the money at Provocateur.,1571727090.0,1571698290.0,/r/indianews/comments/dkyu1q/ratul_puri_nephew_of_mp_cm_kamal_nath_spent_over/f4o9lhi/,indianews
15,dissentingdiagnosis,"It is probably worth thinking about how we define ""urban paradise"" and what do we see the shape, form. access and agency available in such a paradise. All over the world, there are examples aplenty of large, planned cities becoming very gentrified and resulting in an ugly avoidance of the consequence of lack of benefits for those who cannot pay-to-play. Starting from the very basic aspects of clean air, drinking water to medical facilities, night shelters and of course the road, sanitation and sewage infrastructure. For various obvious reasons, the state/local governments tend to play fast and loose with doling out sundry ""benefits"" but then creating large gated ""public spaces"". Think of malls - they are public places, but yet, they lack all the characteristics of public places like the Maidan.

We should take pride in the changing skyline of the city. And yet, we should also review the changes in terms of how it is striving to serve the needs of the cross section of the population who are already here and who continue to come in.",1571698233.0,1571669433.0,/r/IndiaSpeaks/comments/dkdd0w/kolkata_sunset_someday_soon_thisll_be_an_urban/f4lnyb8/,IndiaSpeaks
16,dissentingdiagnosis,"If the listings, reviews and news articles about the nightclub are spot on, that's not exactly a high spend (considering he wasn't with fashionistas)",1571694461.0,1571665661.0,/r/indianews/comments/dkyu1q/ratul_puri_nephew_of_mp_cm_kamal_nath_spent_over/f4ldczk/,indianews
17,dissentingdiagnosis,Excellent frame and composition. Almost tempted to call it wallpaper material.,1571690506.0,1571661706.0,/r/kolkata/comments/dkz9wi/shot_at_princep_ghat_there_was_something_really/f4l3bys/,kolkata
18,dissentingdiagnosis,I am lacking context - which bridge? New to Kolkata and thus slightly alarmed,1571575427.0,1571546627.0,/r/kolkata/comments/dk7kjj/traffic_in_kolkata_is_getting_worse_by_the_day/f4drs0m/,kolkata
19,dissentingdiagnosis,That's such an exquisite piece!,1571434045.0,1571405245.0,/r/Seiko/comments/djl7it/my_first_seiko_has_been_with_me_for_10_years_now/f467qlb/,Seiko
0,dissentingdiagnosis,Should GlusterFS community look at meetup.com alternatives?. I was reading https://twitter.com/dabit3/status/1183830772375085056 and this is not going to be a good thing. Should the community look at alternatives? What other similar services exist?,1571140313.0,1571111513.0,/r/gluster/comments/di28id/should_glusterfs_community_look_at_meetupcom/,gluster
20,dissentingdiagnosis,"For a while the app cabs had this ""mistake"" of cancelling the trip once the passenger was on board and the cab was near the last roundabout before exit ramp. The next step was ""will take you for same rate but in cash"". In other words, off the app cab systems. I wonder if that's stopped now.",1571134702.0,1571105902.0,/r/bangalore/comments/dhv0mq/my_experience_in_taking_the_airport_cab_psa/f3sny9h/,bangalore
1,dissentingdiagnosis,"Gluster maintainers discussions about adopting a Github centric workflow. There has been an on going thread over many months about adopting a Github centric workflow. The present development and release model in GlusterFS is a hybrid one with a self hosted Gerrit and Github being a mirror. Originally proposed by Amar Tumballi, there has been quite a bit of feedback with maintainers highlighting concerns about the switch over cost and time taken to relearn new processes. 

[https://lists.gluster.org/pipermail/gluster-devel/2019-October/056623.html](https://lists.gluster.org/pipermail/gluster-devel/2019-October/056623.html) is a recent update to the thread. If the members would also like to contribute by providing any additional inputs or, insights gleaned from other projects, please feel free to do so.",1571090179.0,1571061379.0,/r/gluster/comments/dhqwmm/gluster_maintainers_discussions_about_adopting_a/,gluster
21,dissentingdiagnosis,"I'm not exactly sure if the tone of the post is a satire. It reads that way, but well, one can't always be certain. With that out of the way, here goes.

We need to consider the concept of the ""[first follower](https://sivers.org/ff)"". At any point, the snowball effect of any piece is linked with the first set of followers and the rules they establish. Now, it would not be a stretch (perhaps?) to imagine that no one actually thinks the Prime Minister does what is recorded on video and photographs. That is, everyone has internalized that these are enacted. This is a key item. The followers of what he does tend to celebrate and over-share the choreographed acts rather than the intents. As an example, garbage segregation or, even plogging is not unusual, new or, unknown. But, enacting that, as opposed to actually recognising and celebrating that does not create the desired nudge/shove to change the behavior. One can pull other examples too - the pushup challenge, the swachh yatra at Parliament, the corridor sweeping at hospital etc.

While everyone breathlessly celebrated his 18 hour a day work habits or, his austere lifestyle - did any of those lead to a general adoption across the country where over the period of the last 5 years, the citizens have started to work hard and live in a spartan manner? In my anecdotal experience I'd doubt that. We are a big country with a large population - sporadic acts do not accomplish changes, sustained movement and campaigns do. Swachh Bharat, as glorious as the aim it has, is yet to be internalized in everything we do. So, until this is a habit, random acts won't work much.

Virtue signalling through individual charisma is fraught with problems especially if there is a lack of widespread understanding of the virtue and the individual creating the signal. As another example, ""Selfie with Daughter"" -  how do we assess the success of that messaging in creating agency and empowerment for daughters across the nation? I'd think that the critical aspect of the message is often overwhelmed by the myth making around the individual. Mainstream media tends to feed that cycle - so, even if the original intention was positive, what remains is the innumerable social media shares and the perceived self aggrandizement. Painting this as ""liberal thinking"" is likely a reductionist view of liberal thinking. It would be worth reviewing why a number of celebrity campaigns tend to stutter and not lead to desired outcomes from the point of view of psychology. If the celebrity is ""acting"" then the fan base is aware that this is not authentic. Hence, the message which is being enacted does not stick or, ring true.",1571066685.0,1571037885.0,/r/india/comments/dhb92d/swachhatha_wut_showoff_is_real_seva/f3p1b8m/,india
2,dissentingdiagnosis,"[announcement] Announcing Gluster release 5.10. On the mailing list Hari Gowtham announced the release of 5.10

>The Gluster community is pleased to announce the release of Gluster  
5.10 (packages available at \[1\]).  
  
>  
>Release notes for the release can be found at \[2\].  
  
>  
>Major changes, features and limitations addressed in this release:  
None  
  
>  
>Thanks,  
Gluster community  
  
>  
>\[1\] Packages for 5.10:  
[https://download.gluster.org/pub/gluster/glusterfs/5/5.10/](https://download.gluster.org/pub/gluster/glusterfs/5/5.10/)  
  
>  
>\[2\] Release notes for 5.10:  
[https://docs.gluster.org/en/latest/release-notes/5.10/](https://docs.gluster.org/en/latest/release-notes/5.10/)",1571057519.0,1571028719.0,/r/gluster/comments/dhlrkl/announcement_announcing_gluster_release_510/,gluster
22,dissentingdiagnosis,"Three things.

1. The range/capacity estimates would need to be reviewed for buses. ""Running out of juice"" would continue to contribute to poor rider experience

2. Buses usually swap batteries rather than recharge - that takes longer. Whether, swapping is still limited availability needs to be reviewed

3. While the report itself is slightly click bait-y, it does the job in highlighting that infrastructure availability, similar to when CNG was introduced, is a must before mass transport switches over to EVs",1570975855.0,1570947055.0,/r/pune/comments/dh5otv/pune_electric_bus_seen_charging_through_a/f3j514r/,pune
3,dissentingdiagnosis,[announcement] work-in-progress project about a persistent storage with GlusterFS. A few of the developers working on GlusterFS recently shared news about a work-in-progress project called [Kadalu](https://github.com/kadalu/kadalu) At this point the developers do not recommend using this on production deployments and are seeking feedback on improvements and fixes. The developers claim better native integration with k8s design patterns and admin friendly approach towards setting up.,1570729688.0,1570700888.0,/r/kubernetes/comments/dfvno8/announcement_workinprogress_project_about_a/,kubernetes
23,dissentingdiagnosis,It doesn't feel huge (to me). The https://www.swatch.com/hi_in/watches/yos431-undersea-screen/ is part of my collection and that feels a bit huge.,1570612245.0,1570583445.0,/r/Seiko/comments/dew0zc/finally_gave_in_to_having_the_turtle_still_cant/f31sbdl/,Seiko
4,dissentingdiagnosis,Android 10 update for OnePlus 7 - how does it go?. [removed],1570571397.0,1570542597.0,/r/oneplus/comments/df07z7/android_10_update_for_oneplus_7_how_does_it_go/,oneplus
24,dissentingdiagnosis,Thanks for this! It is quite an exquisite design detail.,1570570846.0,1570542046.0,/r/kolkata/comments/dext8s/chetla_agrani_club_upside_down_calcutta_redmi/f2zyh74/,kolkata
25,dissentingdiagnosis,"It is quite a feeling when you are in a new city, haven't quite formed an interest in finding out the local Puja (if there are any). The stress and feeling of surreal are expected. Hang in there and take steps to know your city. You will feel a bit more aligned with the rhythms and textures. Bijoya greetings to you too!",1570570757.0,1570541957.0,/r/kolkata/comments/dexvcx/spent_the_durga_puja_alone_for_the_first_time_in/f2zycuu/,kolkata
5,dissentingdiagnosis,Finally gave in to having the 'Turtle'. Still can't get over the shades of blue on the dial. SRPC91K1 for reference.. ,1570543846.0,1570515046.0,/r/Seiko/comments/dew0zc/finally_gave_in_to_having_the_turtle_still_cant/,Seiko
6,dissentingdiagnosis,"A new A lightweight Persistent storage solution for Kubernetes using GlusterFS in background.. Creating a separate post for [Kadalu](https://github.com/kadalu/kadalu) \- A lightweight Persistent storage solution for Kubernetes using GlusterFS in background.

If you'd like to give this a spin, it is recommended to use a non-production set up. The developers claim better native integration with k8s design patterns and admin friendly approach towards setting up.",1570526956.0,1570498156.0,/r/gluster/comments/det4xj/a_new_a_lightweight_persistent_storage_solution/,gluster
26,dissentingdiagnosis,"It has been around 60 days since the deal/acquisition was formally signed. So, expecting changes and shifts this early is not realistic. And, since Red Hat will no longer have to brief analysts, a lot of the discussions around this topic will need to based on conversations with Red Hat associates as well as looking at some leading indicators. There will be changes - both IBM and Red Hat leadership have consistently mentioned the value multiplication for open hybrid cloud and IBM products. Here is what I think is a quick run-down of leading indicators.

* **Product lifecycle and product mix** \- Red Hat Enterprise Linux (RHEL) or, Red Hat Openshift are unlikely to see immediate and massive changes. RHEL has been seeing the investment spigot turning off and there are more than enough conversations internally about how maintainers of components are frustrated. Openshift is the new ""platform"" (remember that Red Hat is within IBM's Cloud and Cognitive unit) so, it continues to see momentum. What would be good to track is how many non-native (ie. not a Red Hat product) integrations get announced for Openshift within the coming 6-9 months. I foresee that 80% of IBM's compatible product portfolio would be lifted and shifted into working together with Openshift. That's not a bad thing. It is going to create an interesting dynamic for the Red Hat products which were already or, being planned to be part of Openshift platform. The other large product sets which would need looking into are Middleware, Red Hat Satellite, Ansible, Storage (Ceph, now that Gluster is moth-balled) and Openstack (there is a good need to write down about Red Hat's unwillingness to exit the Openstack play and tripling down on investments even when it is detrimental for others) . It is also worth checking the plans for the hyperconverged product. The next generation for Red Hat's hyperconverged product (which is also when the switch over to ""Ceph for everything"" was announced) was part of Red Hat's Summit in 2019. The shape/form it takes in the market would indicate whether IBM's focus areas are being served through the acquisition.  The Eclipse/Che work through a previous Red Hat acquisition is not yet generally available, but there are on-going efforts around Knative, Quarkus etc which would see some value addition created within the k8s world. If JBoss\*, Ansible and Satellite being listed here catches you by surprise - think about where they can or, might not fit in a world where IBM has various grades of similar products. Enterprise CxOs tend to believe the Gartner magic quadrant a lot. So, that document would be worth looking to see possible areas of spinning down of business and teams
* **Leadership** \- It is easy to assume that some levels of leadership have hand-cuffs with restrictions. It would be good to see how things evolve over a period of time in order to gauge the extent and shape of influence as well as whether the leaders themselves see value being created. It is natural for all senior leaders to state that ""I am here for the ride"" and it is also natural to make the money and move on. For instance, what happens within the Open Source Programs Office (Stormy Peters moved on, very surprisingly, right after the acquisition) or, what is the future of the CTO's office (and thus whether Chris Wright continues as a person of influence or, merely a figure head). These changes will then get reflected and amplified in the smaller ones eg. whether Sage Weil continues at Red Hat. There are so many things against this happening - Ceph's future and growth inside an IBM/Red Hat, Ceph based products being designed and made available - even the Ceph based container storage for Openshift is inexplicably delayed and at this point the competition is making good ground on the absence of the Gluster based persistent storage (available only for Openshift 3.x) and even Ceph based persistent storage (planned for Openshift 4.x). Or, whether Carl Trieloff and others continue to see a viable and vibrant future for Developer Tools to be invested in continuing at Red Hat. As a passing mention, both Storage products have recently lost their senior product management leadership.
* **Regional Engineering Sites** \- The investment into and working towards growth of regional engineering sites are a good indicator of both product focus as well as whether the company is folding back into a very centrist model. Since the past 2 years there have been a good degree of conversations at Matt Hick's teams about reviewing the remote working model and attempting get people to work together co-located (""because rapid innovation happens when folks sit, discuss and work together""). Brisbane, Beijing and Bengaluru are the 3 sites which are at the tail ends of the timezone. Watching how these sites grow or, get stunted would be also an indicator of whether the work is folding back into Brno, Berlin and Boston. Which would indicate a lot more of infrastructure and platform work (k8s, RHEL etc) than anything much to do with Storage. The Tel Aviv site switched over from focusing largely on oVirt (which is now in maintenance) to the next generation hyperconverged (which is yet to be generally available) - that really makes for an interesting mix. The Brisbane site issue which has been pointed out in the comments is not an anomaly. It surely was not well managed. But, other sites are likely going to see voluntary and involuntary attrition.

The key here is to realize that the incremental value in the deal is via k8s and thus Openshift. It is truly the new platform or, ""operating system"". Everything else is secondary and a large degree of focus would be to get IBM products to piggy back on the success of this. How that shapes up in the face of the competition is a different discussion altogether.",1570526415.0,1570497615.0,/r/redhat/comments/de4cme/thoughts_about_rh_pre_and_post_ibm_or_thoughts_in/f2yst8s/,redhat
27,dissentingdiagnosis,"Considering the possible items you've listed, I'd think that it might just be more hassle getting them down as opposed to checking if equivalent goods are available via the Indian micro sites of the brands eg. Sony/Samsung",1570316385.0,1570287585.0,/r/bangalore/comments/ddmbid/relocating_to_bangalore_question_about_things_to/f2kntjx/,bangalore
28,dissentingdiagnosis,Quite a spectacle! Where did you compose this frame?,1570315671.0,1570286871.0,/r/kolkata/comments/ddlgf7/pandal_hopping/f2klme5/,kolkata
29,dissentingdiagnosis,"Two things stand out and essentially also underline the narrative of the vote. We tend to swing quickly towards charisma and mistake it for leadership. The appeal to ""Modiji"" as the last resort savior continues that narrative of ""great man I trust will take decisive action to save me"". The second thing is a lack of financial awareness which allows anyone to understand the story of how certain institutions might provide higher interest, but with higher risk too.

The PMC case is likely to unfold as a sordid tale of deliberate failure of controls due to political patronage. The ongoing news cycle doing victim shaming (""they got greedy and hence just desserts"") is both egregious and irresponsible.

We really need to understand and internalize how votes have a direct impact on policy. A single individual, authoritarian figure doesn't quite help.",1570315438.0,1570286638.0,/r/india/comments/ddkeg3/pmc_bank_customer_with_placard_protesting_against/f2kkxqb/,india
7,dissentingdiagnosis,"A blog post about ""Finding Gluster Volumes in Kubernetes "". Star Systems Labs write ""[This post](https://medium.com/star-systems-labs/finding-gluster-volumes-in-kubernetes-d5552b495665) is one of the many that we will publish to expose our findings on how to debug information on Gluster for traditional sysadmin/devs who are used to physically “seeing” their volumes and not hidden behind many layers of storage solutions.""",1570282362.0,1570253562.0,/r/gluster/comments/ddj3rs/a_blog_post_about_finding_gluster_volumes_in/,gluster
30,dissentingdiagnosis,"A ""fail fast, fail often"" model which leads to weekly tuning and tweaks to policy is not going to contribute significantly to anything. Creating an environment that contributes to increase in consumer expenditure, investment and export growth is based on a sense of trust in a better future. ""Acche din"" notwithstanding, the lack of spending is because there is less to spend and there's lack of confidence that the future would get better due to growth. Until the point this behavior is addressed with structural reforms (and a number of saner heads have prescribed quite a few), we will continue to have these micro doses of pretend-reforms and celebrate them.  


Until the point the electorate comprehends that voting choices have a direct and straight line to economic policy (heck, any policy), charisma based grassroots support will continue to take us down this path to tumbling over the cliff edge.",1570281423.0,1570252623.0,/r/india/comments/ddh8ee/it_is_now_clear_that_sitharamans_tax_cuts_wont/f2i5t0u/,india
31,dissentingdiagnosis,"It would be appropriate, to begin as part of a civic tech work, to have these elements of a city mapped out using open standards and available. Not just Patna, all cities across the country are likely to have outdated or, unavailable maps for drainage, sewage and similar. The likelihood of multiple violations being sanctioned and approved by civic works bodies due to unavailability of the data or, lack of proper mode of access must be staggering anyway.",1570280914.0,1570252114.0,/r/indianews/comments/ddihfd/why_patna_is_still_water_logged_because_the_city/f2i4gyw/,indianews
32,dissentingdiagnosis,"A manned barrier at the exit would likely work equally well as a deterrent. That road is not just dark, it is a stretch which doesn't work well for the speeds at which the cabs drive.

Toll charges are included in the app can fares anyway. And with Fastag from 01 December, this isn't going to be the long queues for cash situation.",1570273987.0,1570245187.0,/r/bangalore/comments/dd7p4g/bengaluru_cab_drivers_must_only_use_toll_route_to/f2hlui6/,bangalore
33,dissentingdiagnosis,Such sadness!,1570266080.0,1570237280.0,/r/aww/comments/ddgfej/the_moment_i_realized_my_dog_doesnt_like_the_car/f2gyyn9/,aww
34,dissentingdiagnosis,"Argh! Thanks for pointing this out. The latest version is something that should probably be a notice/information blurb on the docs and main site. https://www.gluster.org/install/ does correctly mention the latest version, but it is buried deep.",1570265283.0,1570236483.0,/r/gluster/comments/d4vcsg/installing_the_glusterfs_file_system_on_a_small/f2gwqxj/,gluster
8,dissentingdiagnosis,Recording of recent meeting of Gluster community members with link to slides for proposed improvements and changes. Feedback and comments welcome.. ,1570264888.0,1570236088.0,/r/gluster/comments/ddg91s/recording_of_recent_meeting_of_gluster_community/,gluster
35,dissentingdiagnosis,"The stretch of ORR right up to Bagmane is a lesson in irresponsible usage of these 2w. Oddly parked, they are one of the reasons 4w, especially the cabs, tend to swerve wildly. The most sickening sight was a Bounce 2w parked across the road near Marathahalli and long distance business gingerly avoiding that.",1570238382.0,1570209582.0,/r/bangalore/comments/dd4xil/theft_of_dockless_bikes_like_bounce_to_be_treated/f2f37a3/,bangalore
36,dissentingdiagnosis,Thanks for sharing this! I have to ask if there are any gaps in the existing documentation on Gluster which bit you during the set up?,1570220775.0,1570191975.0,/r/gluster/comments/d4vcsg/installing_the_glusterfs_file_system_on_a_small/f2edjxj/,gluster
37,dissentingdiagnosis,"I used to think that the phone brightness thing would be commonsense. Now, I'd rather have theatres put that suggestion along with the obligatory ""silent mode"" one. The random bright blocks of light are annoying as much as the neighbor who keeps munching on crispies through the movie.",1570205122.0,1570176322.0,/r/bangalore/comments/dd1mw2/experience_while_watching_movies/f2e28kv/,bangalore
38,dissentingdiagnosis,"Are these sale/purchase methods efficient or, effective? I've always thought that it leads to a form of book gluttony which can be avoided. In terms of deals, I can certainly see why these would be popular.",1570204883.0,1570176083.0,/r/pune/comments/dd441e/crossword_in_sohrab_hall_is_having_a_box_book_sale/f2e23hc/,pune
39,dissentingdiagnosis,"It made me think that you are being a bit harsh on yourself. The end result is certainly enjoyable and while it made you seethe, you also learnt. And you shared both the outcome and your emotions. Kudos!",1570204777.0,1570175977.0,/r/cinematography/comments/dcz6fu/student_film_regrets/f2e216q/,cinematography
40,dissentingdiagnosis,Absolutely stoked to read how you have found ways to address the issue. Thank you for sharing!,1570186184.0,1570157384.0,/r/kolkata/comments/dcs6v5/anyone_feel_depressed_around_pujo/f2dlfpx/,kolkata
41,dissentingdiagnosis,"You are likely to use GlusterFS to provide persistent storage. GlusterFS can provide that when enabled in converged mode or, independent mode. The documentation explains the design choices to be made in each mode and thus, you don't need the ""server"" part of GkusterFS on all the nodes in HA design.",1570124031.0,1570095231.0,/r/gluster/comments/dcg2l2/does_gluster_need_to_be_put_on_each_node_in_a/f29f7sq/,gluster
42,dissentingdiagnosis,There's been additional clarification that the effigy will not be burnt. https://twitter.com/CeoNoida/status/1179350871794163712,1570123060.0,1570094260.0,/r/indianews/comments/dcn4dp/facepalm/f29efok/,indianews
43,dissentingdiagnosis,That gets messy in late evening with the unmanaged traffic at Taverekere,1566327699.0,1566298899.0,/r/bangalore/comments/csjrmm/passive_aggressive_rain_rant/exhai9l/,bangalore
9,dissentingdiagnosis,"How are insurers responding to safety regulations being reviewed for autonomous vehicles?. I have been reading ""[Automated Vehicles 3.0](https://www.transportation.gov/sites/dot.gov/files/docs/policy-initiatives/automated-vehicles/320711/preparing-future-transportation-automated-vehicle-30.pdf)"" (PDF) and considering the focus of this document, there's not much in terms of insurance, claims and liability. Where is the insurance business discussing the impact of automated vehicles - both as personal/family vehicles and commercial usage?",1561416350.0,1561387550.0,/r/SelfDrivingCars/comments/c4p382/how_are_insurers_responding_to_safety_regulations/,SelfDrivingCars
44,dissentingdiagnosis,Thank you! This works!,1542235791.0,1542206991.0,/r/signal/comments/9wwhow/is_there_a_signal_desktop_app_for_fedora/e9okqvg/,signal
10,dissentingdiagnosis,Is there a Signal desktop app for Fedora?. [https://signal.org/download/](https://signal.org/download/) has one for Debian. Wanted to know if a Fedora build was being planned.,1542196373.0,1542167573.0,/r/signal/comments/9wwhow/is_there_a_signal_desktop_app_for_fedora/,signal
