,author,body,created,created_utc,permalink,subreddit
0,taydanza,So currently the vehicles run with both a safety driver and a software operator (in the passenger seat with a laptop). There are five takeover methods that the safety driver can use. The software operator can see the planned trajectory of the vehicle.,1570644331.0,1570615531.0,/r/SelfDrivingCars/comments/df54m6/optimus_ride_shows_off_autonomous_service_in_va/f32kvrm/,SelfDrivingCars
0,taydanza,Optimus Ride shows off autonomous service in VA. ,1570592834.0,1570564034.0,/r/SelfDrivingCars/comments/df54m6/optimus_ride_shows_off_autonomous_service_in_va/,SelfDrivingCars
1,taydanza,"Yeah, guy I was playing against did it",1546980862.0,1546952062.0,/r/Artifact/comments/abzyap/going_out_on_top/edk2dvi/,Artifact
2,taydanza,"Nah, I had full mana when I took the screenshots",1546506531.0,1546477731.0,/r/Artifact/comments/abzyap/going_out_on_top/ed49pni/,Artifact
1,taydanza,Going out on top. ,1546505455.0,1546476655.0,/r/Artifact/comments/abzyap/going_out_on_top/,Artifact
3,taydanza,Shotgun sound from Half-Life,1543320946.0,1543292146.0,/r/me_irl/comments/a0nxj3/me_irl/eajts6q/,me_irl
4,taydanza,[https://www.youtube.com/watch?v=J-WKb2isAmM](https://www.youtube.com/watch?v=J-WKb2isAmM),1536316865.0,1536288065.0,/r/ns2/comments/8zyp0p/i_thought_that_wasnt_a_thing/e5j8o5d/,ns2
2,taydanza,"Dota Plus Seasonal Terrain Showing as *new* in Armory. Very minor bug, but every time I launch Dota 2, if I open my armory it says I have 1 new item, and it is always the Dota Plus Seasonal Terrain. It clears as soon as I mouse over it in the armory (as any new item would) but resets once I restart the game.",1535764268.0,1535735468.0,/r/DotA2/comments/9bvg3c/dota_plus_seasonal_terrain_showing_as_new_in/,DotA2
5,taydanza,I'm sure they'll fix it. I too was very shocked to see this.,1535327819.0,1535299019.0,/r/DotA2/comments/9agc8l/this_was_added_1_min_ago_with_the_new_update_i/e4v87t8/,DotA2
6,taydanza,Do you really think people need to know his full name? Jesus..,1534804148.0,1534775348.0,/r/DotA2/comments/98u011/icefrog_in_case_anyone_was_still_wondering_who_he/e4inxeh/,DotA2
7,taydanza,Not exactly hc more of a beatdown sound but Duress from PA is blackened,1533075441.0,1533046641.0,/r/Hardcore/comments/93bgcg/iso_blackened_or_occult_themed_hardcore_bands/e3cnokz/,Hardcore
8,taydanza,"Didn't try that, tried just removing the g u y's",1532655575.0,1532626775.0,/r/FreeGamesOnSteam/comments/91tbat/10000_beta_keys_for_survived_by_courtesy_of_vg247/e32x89j/,FreeGamesOnSteam
9,taydanza,Ended.,1532650884.0,1532622084.0,/r/FreeGamesOnSteam/comments/91tbat/10000_beta_keys_for_survived_by_courtesy_of_vg247/e32rfaa/,FreeGamesOnSteam
10,taydanza,This code is invalid.,1532650874.0,1532622074.0,/r/FreeGamesOnSteam/comments/91tbat/10000_beta_keys_for_survived_by_courtesy_of_vg247/e32reu1/,FreeGamesOnSteam
11,taydanza,"Taken, not by me.",1532650785.0,1532621985.0,/r/FreeGamesOnSteam/comments/91tbat/10000_beta_keys_for_survived_by_courtesy_of_vg247/e32rawm/,FreeGamesOnSteam
12,taydanza,But it's not. The prize pool is at 21mil,1532303282.0,1532274482.0,/r/DotA2/comments/90y8nk/ti_8_prize_pool_is_higher_than_ti7/e2u3a9k/,DotA2
13,taydanza,The game should not be rebalanced for low mmr at all.,1532225763.0,1532196963.0,/r/DotA2/comments/90r91p/why_dont_they_make_observer_wards_free/e2sitib/,DotA2
14,taydanza,I can't find anything in my searches but it was a story done by NBC 4,1531612020.0,1531583220.0,/r/nova/comments/8ym9x8/speed_limit_in_nova/e2dp6f2/,nova
15,taydanza,"Hardly ever see loading screens anymore, since they changed how the game loads.",1531611068.0,1531582268.0,/r/DotA2/comments/8yppcc/i_miss_the_old_clashing_loading_screens_now_we/e2do7q6/,DotA2
16,taydanza,"If only nimbus could be nerfed, and we could finally be saved from Zeus spammers",1531539466.0,1531510666.0,/r/DotA2/comments/8ygdk2/hey_valve_lets_nerf_nimbus/e2c5cei/,DotA2
17,taydanza,He's dead and he's trying his best. Cut him some slack!,1531538424.0,1531509624.0,/r/DotA2/comments/8yj74m/vote_for_wk_arcana_so_his_face_will_stop_looking/e2c430y/,DotA2
18,taydanza,You know it's bad when they're considering raising the speed limit on 495 and 395,1531538251.0,1531509451.0,/r/nova/comments/8ym9x8/speed_limit_in_nova/e2c3vg9/,nova
19,taydanza,Giveaway has ended.,1531537643.0,1531508843.0,/r/FreeGamesOnSteam/comments/8yhd1h/steamgame_pain_train/e2c34do/,FreeGamesOnSteam
20,taydanza,Why not take a screenshot?,1528315029.0,1528286229.0,/r/DotA2/comments/8ox5c5/just_got_item_cool_no/e07buwt/,DotA2
21,taydanza,Good god why did you take this photo?,1528288946.0,1528260146.0,/r/DotA2/comments/8ox5c5/just_got_item_cool_no/e06xhqk/,DotA2
22,taydanza,"Dunno, can't even purge the hex anymore too",1528287282.0,1528258482.0,/r/DotA2/comments/8oxmvh/competitive_dota2_no_scythe_of_vyse/e06w6mr/,DotA2
23,taydanza,"OP I would suggest verifying your game files (right click the game in your library, open Properties) and possibly toggle between windowed and fullscreen mode.",1523388596.0,1523359796.0,/r/Steam/comments/8b6p92/steam_overlay_transparent/dx4dovv/,Steam
24,taydanza,"WOW, that is really odd. Fully reproducible? Just always looks like that in a specific game?",1523388234.0,1523359434.0,/r/Steam/comments/8b6p92/steam_overlay_transparent/dx4dhae/,Steam
25,taydanza,"It would certainly help if you included a screenshot of it, but this would definitely be an issue pertaining to that specific game rather than Steam itself. Not sure that you will find any help here.",1523387678.0,1523358878.0,/r/Steam/comments/8b6p92/steam_overlay_transparent/dx4d5v2/,Steam
3,taydanza,Redundant addition? Interacting only brings up crafting menu. ,1513603119.0,1513574319.0,/r/ACPocketCamp/comments/7kj6kk/redundant_addition_interacting_only_brings_up/,ACPocketCamp
26,taydanza,"Why? Just curious, since the champions pack does cost money ",1507547005.0,1507518205.0,/r/QuakeChampions/comments/755l8i/selling_a_champions_pack_that_came_with_my_new/do3tdmd/,QuakeChampions
