,author,body,created,created_utc,permalink,subreddit
0,tagolog,"Very interesting analysis of the strategic competitive landscape between companies like Uber, Lyft, Waymo, Cruise, Voyage, etc. Argues that Waymo and Cruise are unlikely to unseat Uber and Lyft as ride-hailing leaders and so should avoid a crazy expensive head-on battle. Stick to being technology providers, not ride-hailing networks.",1569023715.0,1568994915.0,/r/SelfDrivingCars/comments/d6wui7/the_race_for_autonomous_ridehailing/f0vymhb/,SelfDrivingCars
0,tagolog,The Race for Autonomous Ride-Hailing. ,1569023460.0,1568994660.0,/r/SelfDrivingCars/comments/d6wui7/the_race_for_autonomous_ridehailing/,SelfDrivingCars
1,tagolog,"On flashing lights and seizures -

I have a daughter with a seizure disorder and she has anywhere from one to forty seizures per week. 

In our childrens hospital, they do use a strobe light to try to induce seizures while doing diagnostic EEGs. Capturing the brain activity during a seizure can help a neurologist diagnose the particular seizure disorder a child may have. 

My daughter has never had a seizure in response to the strobe light in the hospital or any other flashing light. But apparently flashing lights is a reliable enough method of inducing seizures that it is used in real hospitals. 

Note that the light used is a strobe light that flashes at a high rate for 15 seconds. Not a single flash like a school photo. ",1512115189.0,1512086389.0,/r/CGPGrey/comments/7gpfpl/hi_93_mr_chompers/dql1dnz/,CGPGrey
