,author,body,created,created_utc,permalink,subreddit
0,notasuccessstory,Kept rewinding the part with Yuri x Minju (featuring Hyewon). 😄,1572955597.0,1572926797.0,/r/iZone/comments/drg2pk/191104_enozi_cam_ep43/f6l26jm/,iZone
1,notasuccessstory,Thanks!,1572612496.0,1572583696.0,/r/iZone/comments/dpmm1w/191031_mlt_preview_with_ot12_release_on_02112019/f5zqag1/,iZone
2,notasuccessstory,What time 11/2 will this air on Twitch?,1572606611.0,1572577811.0,/r/iZone/comments/dpmm1w/191031_mlt_preview_with_ot12_release_on_02112019/f5zikmn/,iZone
3,notasuccessstory,Nooooooooooo!!!!!,1571048228.0,1571019428.0,/r/iZone/comments/dhk1uc/191014_hiichan_got_black_hair_the_hitouch_event/f3oj9st/,iZone
0,notasuccessstory,191005 IZ*ONE’s Miyawaki Sakura with HKT48’s Murashige Anna @ TGC KITAKYUSHU 2019. ,1570359042.0,1570330242.0,/r/iZone/comments/ddxko0/191005_izones_miyawaki_sakura_with_hkt48s/,iZone
1,notasuccessstory,IZ*ONE Animated Collages/Posters. ,1570252959.0,1570224159.0,/r/iZone/comments/dddrfi/izone_animated_collagesposters/,iZone
4,notasuccessstory,"If you watch Oldboy be sure to watch the rest of director Park Chan-wook’s Vengeance Trilogy, which includes Sympathy for Mr. Vengeance and Lady Vengeance.",1570022968.0,1569994168.0,/r/MovieSuggestions/comments/dbzwg2/your_favourite_asian_movies/f265ep6/,MovieSuggestions
5,notasuccessstory,"It can be used to describe more than food and taste. 

https://ejje.weblio.jp/content/%E7%94%98%E3%81%84",1570022496.0,1569993696.0,/r/japanese/comments/dc4iw0/is_it_correct_that_甘い_あまい_can_only_be_used_to/f264zw7/,japanese
6,notasuccessstory,Also check out r/cpp r/Cplusplus and r/cpp_questions,1570012961.0,1569984161.0,/r/AskComputerScience/comments/dc34uh/looking_to_get_into_c_need_resources_for_learning/f25uib6/,AskComputerScience
7,notasuccessstory,"Not books, but https://cppreference.com , https://geeksforgeeks.org and www.cplusplus.com are good resources.",1570012750.0,1569983950.0,/r/AskComputerScience/comments/dc34uh/looking_to_get_into_c_need_resources_for_learning/f25u84p/,AskComputerScience
8,notasuccessstory,"Yep. If you look at the company your interested in, just go to “Interviews” and people who interviewed with the company can leave feedback regarding their experience.  Not every position is represented, but it’s a good starting place.",1570008464.0,1569979664.0,/r/QualityAssurance/comments/dc27p3/in_line_for_a_job_interview_for_a_siri_quality/f25oemw/,QualityAssurance
9,notasuccessstory,O’Reilly Online Learning has a large catalog of books and videos.  You can pay monthly or yearly if I recall.,1570008064.0,1569979264.0,/r/AskComputerScience/comments/dc34uh/looking_to_get_into_c_need_resources_for_learning/f25nurg/,AskComputerScience
10,notasuccessstory,Have you checked Glassdoor (for interview questions)?,1570007292.0,1569978492.0,/r/QualityAssurance/comments/dc27p3/in_line_for_a_job_interview_for_a_siri_quality/f25ms8t/,QualityAssurance
11,notasuccessstory,Thanks. I’ll delete.,1570001841.0,1569973041.0,/r/SelfDrivingCars/comments/dbzbb7/bugs_a_selfdriving_cars_worst_nightmare/f25f8vk/,SelfDrivingCars
2,notasuccessstory,Tesla is buying computer vision start-up DeepScale in a quest to create truly driverless cars. ,1569987957.0,1569959157.0,/r/SelfDrivingCars/comments/dbynyg/tesla_is_buying_computer_vision_startup_deepscale/,SelfDrivingCars
12,notasuccessstory,👍,1569652041.0,1569623241.0,/r/iZone/comments/d9djit/from_sashihara_rinos_instagram_slightly_different/f1nq1xq/,iZone
13,notasuccessstory,I remember Tanaka Reina doing this when she was a member of Morning Musume several years ago.  In particular I recall an episode of Utaban where another guest was thrown off when she referred to herself by her own first name.  😄,1569590700.0,1569561900.0,/r/iZone/comments/d9fp49/discussionquestion_jline_often_uses_3rd_person_on/f1lotgb/,iZone
14,notasuccessstory,Her early departures may not be solely be due to time restrictions.  There also appears to be restrictions on the maximum number of hours minors can work each day and total hours a week.  Really need a fan with expert level knowledge of Japanese & Korean labor laws to chime in. 😄,1569588359.0,1569559559.0,/r/iZone/comments/d9uapr/why_does_wonyoung_keep_leaving_early/f1lmpy0/,iZone
15,notasuccessstory,I edited my comment above and included Japanese law as well.  Forgot to include it the first time 😅,1569587709.0,1569558909.0,/r/iZone/comments/d9uapr/why_does_wonyoung_keep_leaving_early/f1lm3ie/,iZone
16,notasuccessstory,"Found [this](https://www.reddit.com/r/korea/comments/2pxzkf/working_in_korea_while_underage/) in r/Korea

Post is 4 years old.  If this was accurate then, not sure how much the law has changed since then.

And I found [this](http://www.ilo.org/dyn/natlex/docs/WEBTEXT/27776/64846/E95JPN01.htm#a056) on another site where someone asked about Japanese labor laws.",1569586924.0,1569558124.0,/r/iZone/comments/d9uapr/why_does_wonyoung_keep_leaving_early/f1llbl7/,iZone
17,notasuccessstory,But what about maintenance and upgrade costs?  Probably won’t be inexpensive for quite a while.,1569554306.0,1569525506.0,/r/engineering/comments/d8pqof/boston_dynamics_spot_launch/f1jnrwn/,engineering
18,notasuccessstory,[This video clip](https://twitter.com/bugkkura/status/1176798361405415425?s=20) of those two from the concert belongs here.  Somebody doesn’t know how to count.  😆,1569496131.0,1569467331.0,/r/iZone/comments/d99zjq/190925_nako_yujin_eyes_on_me_saitama/f1gheka/,iZone
19,notasuccessstory,It says “Saku & Nako are cute. Hi-chan is cute.  They’re all/everybody is cute.”,1569494659.0,1569465859.0,/r/iZone/comments/d9djit/from_sashihara_rinos_instagram_slightly_different/f1gexr0/,iZone
3,notasuccessstory,"From Sashihara Rino’s Instagram, slightly different poses than the other picture posted earlier. ",1569494282.0,1569465482.0,/r/iZone/comments/d9djit/from_sashihara_rinos_instagram_slightly_different/,iZone
20,notasuccessstory,"I wonder if areas with chemical/radiation leaks are included in its operational design domain (ODD may not be the correct terminology for this area of robotics, please correct me if I’m wrong).",1569467372.0,1569438572.0,/r/engineering/comments/d8pqof/boston_dynamics_spot_launch/f1f7t5a/,engineering
21,notasuccessstory,Saw [this video](https://reddit.app.link/El38LTmhh0) over on r/robotics a little while ago.,1569467209.0,1569438409.0,/r/engineering/comments/d8pqof/boston_dynamics_spot_launch/f1f7jo6/,engineering
22,notasuccessstory,Another interesting use case.  I wonder how easy these units are to accessorize for various user needs?,1569420716.0,1569391916.0,/r/engineering/comments/d8pqof/boston_dynamics_spot_launch/f1docqz/,engineering
23,notasuccessstory,I liked these two episodes!  I really want that picture they took with their faces sticking out of the hotdog cutouts!  😆,1569414548.0,1569385748.0,/r/iZone/comments/d8ljx6/190924_izone_stylevlog_in_la_ep3_4/f1dix5j/,iZone
24,notasuccessstory,That’s interesting.  Anyone else know of other uses?,1569401905.0,1569373105.0,/r/engineering/comments/d8pqof/boston_dynamics_spot_launch/f1d3qqf/,engineering
25,notasuccessstory,"Well that is disappointing.  Even more so since technology isn’t the limiting factor here.  

Thanks for the explanation!",1569398134.0,1569369334.0,/r/iZone/comments/d8nntx/190921_mylittletelevision_with_yena_and_hyewon/f1cyqpx/,iZone
26,notasuccessstory,Can edits not be made?  It seems odd that portions cannot be removed and instead entire streams/shows/episodes are pulled (especially when they are monetized with ads like on Twitch).,1569395593.0,1569366793.0,/r/iZone/comments/d8nntx/190921_mylittletelevision_with_yena_and_hyewon/f1cvb5e/,iZone
27,notasuccessstory,Seems like they are going for a Robots as a Service model.  I wonder what use cases potential end users have in mind for a unit that will be leased as opposed to sold with a cost equal to that of a “car.”,1569393676.0,1569364876.0,/r/engineering/comments/d8pqof/boston_dynamics_spot_launch/f1csnx0/,engineering
28,notasuccessstory,Thank you!,1569373433.0,1569344633.0,/r/iZone/comments/d8lqrx/19024_izone_utacon/f1bwnmu/,iZone
29,notasuccessstory,Is the video available on YouTube?,1569370256.0,1569341456.0,/r/iZone/comments/d8lqrx/19024_izone_utacon/f1brotq/,iZone
4,notasuccessstory,Nimble tech firms must adapt as promised self-driving revolution hits speed bumps. ,1569291165.0,1569262365.0,/r/SelfDrivingCars/comments/d8aeps/nimble_tech_firms_must_adapt_as_promised/,SelfDrivingCars
30,notasuccessstory,Well this was an unexpectedly sad show.,1569079085.0,1569050285.0,/r/iZone/comments/d6vvh3/190920_wonyoung_sakura_bakuhou_爆報_the_フライデー_full/f0xwbex/,iZone
31,notasuccessstory,"Have you looked at robotics companies..., in particular companies doing research in autonomous vehicles?",1568462330.0,1568433530.0,/r/MLQuestions/comments/d3qj0j/what_job_titles_should_a_recent_graduate_look_at/f06afaw/,MLQuestions
32,notasuccessstory,Couple of links.  First from [Stack Overflow](https://stackoverflow.com/questions/1422149/what-is-vectorization) and the second from a  [Microsoft blog post](https://blogs.msdn.microsoft.com/nativeconcurrency/2012/04/12/what-is-vectorization/) .,1568246835.0,1568218035.0,/r/AskComputerScience/comments/d2pie9/how_does_vectorization_work_why_is_it_so_much/ezwjdfz/,AskComputerScience
33,notasuccessstory,You might want to give [Online Learning with O’Reilly](https://www.oreilly.com/online-learning/) a try.  This publisher should be among the many publishers available on their platform.,1568132427.0,1568103627.0,/r/cpp_questions/comments/d23zru/data_structures_and_algorithms_udemy_course/ezsqd2h/,cpp_questions
34,notasuccessstory,Am I the only one that noticed the eyes?!,1568118141.0,1568089341.0,/r/CarAV/comments/d1xzo8/more_good_progress_on_my_walled_6th_order_in_my/ezseyhg/,CarAV
35,notasuccessstory,Was about to ask about part one. You saved me the trouble. Thanks!,1567884180.0,1567855380.0,/r/iZone/comments/czwqya/eng_sub_181123_human_intelligence_episode_2_izone/ezduw33/,iZone
36,notasuccessstory,I wouldn’t mind that either!,1567751110.0,1567722310.0,/r/iZone/comments/czza1n/190905_izone_enozi_cam_kb_liiv/ez7dwn8/,iZone
37,notasuccessstory,I’m really happy with IZ*ONE’s recent Vlive activity.  New videos are being released on Vlive left and right.  Hopefully they can continue with this current pace for a bit and 🤞we see CHU Season 3 in the near future too.,1567710705.0,1567681905.0,/r/iZone/comments/czza1n/190905_izone_enozi_cam_kb_liiv/ez46omc/,iZone
38,notasuccessstory,Minju ga ttooooo!!!  😂,1567185384.0,1567156584.0,/r/iZone/comments/cxcqek/181020_vlive_chaewon_rain_remix_by_gage/eykkgy8/,iZone
39,notasuccessstory,"I don’t know if you saw this video, but I did a quick google search to see what would come up for C++ garbage collection and found this link to a [video by Herb Sutter](https://channel9.msdn.com/Events/Build/BUILD2011/TOOL-835T)  in a stackoverflow post on the topic.  Herb Sutter will be a name you’ll learn if you choose to study C++.  

The video is a bit old (since C++ 20 is on the horizon) but still relevant.  It might be a bit hard to follow for a beginner but, write down, then do a web search for anything you don’t know.  You might now fully understand it immediately but at least you’ve exposed yourself to it and can dedicate time to learning it when you are ready.",1567181367.0,1567152567.0,/r/AskComputerScience/comments/cx452t/what_language_for_complete_beginner_game_dev/eykhxsj/,AskComputerScience
40,notasuccessstory,Thank you for the help!,1567077508.0,1567048708.0,/r/xmen/comments/cwmvv6/reprints_housepowers_of_x/eyfh3tf/,xmen
41,notasuccessstory,Thank you for the help!,1567077495.0,1567048695.0,/r/xmen/comments/cwmvv6/reprints_housepowers_of_x/eyfh2rb/,xmen
42,notasuccessstory,Previous company contracted most of it out overseas with a small amount done in house.  I personally don’t recall having seen any remote labeling positions at any companies I’ve looked at in the past.  Maybe check out companies like Scale AI.,1567069631.0,1567040831.0,/r/SelfDrivingCars/comments/cwosob/some_selfdriving_companies_are_paying_data/eyeyhiz/,SelfDrivingCars
43,notasuccessstory,By any chance do you know if value decreases with reprints?,1567067417.0,1567038617.0,/r/xmen/comments/cwmvv6/reprints_housepowers_of_x/eyet3t6/,xmen
44,notasuccessstory,"I called around and Powers of X #1 & #2 were available, but not #3.  I was advised to try back next week by one place I called.",1567067364.0,1567038564.0,/r/xmen/comments/cwmvv6/reprints_housepowers_of_x/eyesz29/,xmen
45,notasuccessstory,"I checked today when I picked up House of X, my local shop didn’t have any.",1567067270.0,1567038470.0,/r/xmen/comments/cwmvv6/reprints_housepowers_of_x/eyesqvp/,xmen
46,notasuccessstory,Thank you!  I’ll ask!,1567039410.0,1567010610.0,/r/xmen/comments/cwmvv6/reprints_housepowers_of_x/eyd3i6b/,xmen
5,notasuccessstory,"Reprints (House/Powers of X). Quick question.  How do reprints work?  I missed last weeks Powers of X #3 (my local comic book store sold out by the time I arrived).  

I haven’t bought comics in years so I’m out of the loop in this regard.  But I was hoping to read/collect all 12 issues of the intertwined series.",1567037335.0,1567008535.0,/r/xmen/comments/cwmvv6/reprints_housepowers_of_x/,xmen
47,notasuccessstory,Am I the only one that immediately thought of Leonardo da Vinci’s The Last Supper after seeing the image above?!  😆,1567022081.0,1566993281.0,/r/iZone/comments/cwi5ci/190828_izone_arcade_ep09/eybx6in/,iZone
48,notasuccessstory,You get a deer tick!  And you get a deer tick! And you get a deer tick!  Everyone gets a deer tick!,1567014768.0,1566985968.0,/r/AnimalsBeingBros/comments/cwguar/ohh_u_cute_little_meows/eybjlwi/,AnimalsBeingBros
49,notasuccessstory,"Correct me if I’m wrong, but isn’t Uber on the hook for paying for his defense as part of the initial agreement made when they bought Otto.  I believe I read that somewhere; but it may have just been for the previous trail in 2017.",1566967466.0,1566938666.0,/r/SelfDrivingCars/comments/cw7s07/former_star_google_and_uber_engineer_charged_with/ey9a5fp/,SelfDrivingCars
50,notasuccessstory,"Looks like clips not shown in [ENOZI Cam EP.28](https://youtu.be/M71e4ObS514) , so it might have been shot a couple months prior to it’s air date.",1566735535.0,1566706735.0,/r/iZone/comments/ctv27d/190822_i_went_to_a_cafe_with_izone/ey1pnjh/,iZone
51,notasuccessstory,Thank you kind friend for doing the investigative work.,1566066470.0,1566037670.0,/r/iZone/comments/crkal4/190817_rewatch_kwon_eunbi_and_kim_chaewon_ft_ahn/ex62mq4/,iZone
52,notasuccessstory,Now I’m curious what was cut out.,1566065962.0,1566037162.0,/r/iZone/comments/crkal4/190817_rewatch_kwon_eunbi_and_kim_chaewon_ft_ahn/ex61um9/,iZone
53,notasuccessstory,http://www.kconusa.com/timetable/event/izone-fan-club-meeting/,1566025530.0,1565996730.0,/r/iZone/comments/crdvza/izone_fan_club_at_kcon19_la/ex42er2/,iZone
6,notasuccessstory,Tons of Your Favorite Films Are Being Turned Into TV Series. ,1565755781.0,1565726981.0,/r/television/comments/cpyn5l/tons_of_your_favorite_films_are_being_turned_into/,television
54,notasuccessstory,"Melancholia (2011)

—Next 2 films might be on Netflix depending on your region—

Under the Skin (2013)

The Signal (2014)",1565721426.0,1565692626.0,/r/movies/comments/cpbgn1/lesser_knownlow_budget_thriller_or_scifi_films/ewr3cey/,movies
55,notasuccessstory,Minor typo in film title.  “p” should be a “b”.  But yeah this movie left me thinking we need a dinosaur level extinction event.  Just wipe the human race off the map and hopefully whatever species reaches superiority next doesn’t make shit like this.,1565720156.0,1565691356.0,/r/movies/comments/cpqvt9/which_is_the_most_disgusting_film_youve_ever_seen/ewr2et0/,movies
56,notasuccessstory,Many gems in this episode!  My favorite being Yuri and Yena finding Yujin’s graded papers in her locker!  Never gets olds. 😆,1565548654.0,1565519854.0,/r/iZone/comments/coegbp/eng_sub_181101_izone_chu_episode_2_by_izsubs/ewle7o1/,iZone
7,notasuccessstory,When Battlefield Surveillance Comes to Your Town. ,1565504184.0,1565475384.0,/r/privacy/comments/coohvw/when_battlefield_surveillance_comes_to_your_town/,privacy
57,notasuccessstory,This video by [The Drive](https://youtu.be/bLEF0yyG1Sk) explains why their newer cars have a vintage feel.,1565348836.0,1565320036.0,/r/wec/comments/cnn93u/glickenhaus_hypercar_render_teaser/ewecf39/,wec
58,notasuccessstory,Wish this was subbed 😢,1565273442.0,1565244642.0,/r/iZone/comments/cmykhu/cute_chaewon_and_pretty_wonyoung_fansign_video/ewaiwt3/,iZone
8,notasuccessstory,Self-driving car service open sources new tool for securing firmware. ,1565244462.0,1565215662.0,/r/SelfDrivingCars/comments/cncfpw/selfdriving_car_service_open_sources_new_tool_for/,SelfDrivingCars
59,notasuccessstory,"I’d argue that Firefly got an excellent movie post cancellation, which reinvigorated it’s following. And if the creator was ever interested in continuing the series (which to my knowledge he’s not), he probably wouldn’t have a problem finding a streaming platform that wouldn’t like the opportunity to have it on their service.  

I don’t know if this current mindset will be good going forward.  It’s like having the first Lord of the Rings, but not having 2 and 3 on your service.  It was different in the past when a show did bad the network would just cancel it and you’d never see it again.  But with streaming (as long as they don’t remove it) it’ll be there site for years to come unfinished and probably avoided since people tend to look up shows on the internet before watching.  Which will hurt the perceived value of their catalog.",1565107185.0,1565078385.0,/r/netflix/comments/cmhpyt/with_all_of_the_cancellations_happening_why/ew3gz2c/,netflix
60,notasuccessstory,"I know people living in two non-US markets (where English isn’t the national language) that watch Netflix, and in particular enjoy a lot of the Netflix originals with English speaking casts/actors.  The problem with their current approach is television/movies can take time to grow in popularity (or reach cult status).  People will be put off (by Netflix) knowing that so much original content is getting canceled and left unfinished.  Especially considering the battle for subscribers is occurring in many countries (not just the US).  If Netflix develops a reputation for having a catalog of abruptly canceled shows people will have less incentive to either subscribe at all or be long term subscribers (when they can just binge watch a hit show then cancel until next season is released for something like Stranger Things).",1565106270.0,1565077470.0,/r/netflix/comments/cmhpyt/with_all_of_the_cancellations_happening_why/ew3gc0v/,netflix
61,notasuccessstory,If you’re looking for a comedy Good Boys will be released in less than 2 weeks (at theaters).,1565103002.0,1565074202.0,/r/MovieSuggestions/comments/cmjy0k/any_movies_aimed_at_adults_but_with_kids_as_the/ew3dy0z/,MovieSuggestions
62,notasuccessstory,https://www.vlive.tv/video/141049,1564938775.0,1564909975.0,/r/asiangirlsbeingcute/comments/clt7r6/when_you_are_a_cat_in_your_previous_life/evxvk0u/,asiangirlsbeingcute
63,notasuccessstory,Or to avoid the bugs I saw some of the groups running and jumping from. 😆,1564681806.0,1564653006.0,/r/iZone/comments/cklqrd/190801_vlive_chaewon_birthday/evop2po/,iZone
64,notasuccessstory,Didn’t realize a career as a flight attendant was a sought after profession for Koreans (in this case Korean women).  Doesn’t seem to carry the same stature in the west.,1564506571.0,1564477771.0,/r/iZone/comments/cihhff/surprise_vlive_채연이의_고민상담/evesue0/,iZone
65,notasuccessstory,"Former member of HKT48/AKB48 😄

https://www.instagram.com/345insta",1564471268.0,1564442468.0,/r/iZone/comments/cjg4vd/190729_mama_sasshi_with_sakuchan/evdnail/,iZone
66,notasuccessstory,"The title of the article is admittedly boisterous, but I if Facebook views this experiment as a success there is a real possibility of it finding its way into their other products/services (like WhatsApp).  There is no way of us predicting the future, but we can look at Facebook’s past and get an idea of their possible future trajectory under its current leadership.  If anything I think the author is scared how this will affect privacy as it matures and if similar approaches are adopted by other companies or if legislature requires its use.",1564298225.0,1564269425.0,/r/privacy/comments/cidtv4/the_encryption_debate_is_over_dead_at_the_hands/ev84yzw/,privacy
67,notasuccessstory,"I think what the author is worried about is Facebook’s experiment leading to censorship and privacy issues on the device level (beginning first with Facebook’s products/services).  If successful this then might lead others to also adapt this technique of AI on the Edge.  Which could lead to legislation requiring it and undermine the value of encryption.  I don’t think it’s scare mongering, but a warning that this could have the unintended consequence of overall reduced privacy.",1564296634.0,1564267834.0,/r/privacy/comments/cidtv4/the_encryption_debate_is_over_dead_at_the_hands/ev824gi/,privacy
68,notasuccessstory,"If you click on “announced” in the seventh paragraph it’ll take you to another article by the author.  

Then click on “previewed” in the first paragraph, it’ll take you here:

https://developers.facebook.com/videos/2019/applying-ai-to-keep-the-platform-safe

And the AI on the Edge portion of the talk which the author is referring to begins at the 20:48 mark. 

A Google search can provide additional information on Facebook’s AI on the Edge like this:

https://research.fb.com/publications/machine-learning-at-facebook-understanding-inference-at-the-edge/",1564295509.0,1564266709.0,/r/privacy/comments/cidtv4/the_encryption_debate_is_over_dead_at_the_hands/ev7zmtu/,privacy
9,notasuccessstory,The Encryption Debate Is Over - Dead At The Hands Of Facebook. ,1564235379.0,1564206579.0,/r/privacy/comments/cidtv4/the_encryption_debate_is_over_dead_at_the_hands/,privacy
69,notasuccessstory,"From what I can gather from previous news articles their plans have changed several times.  From going at it alone (building an entire vehicle like Zoox), to partnering with another automaker (and just develop the self-driving capabilities), to retrofitting employee shuttles to drive autonomously around their campus.  This seems to indicate they may again have an interest in creating and commercializing some type of self-driving vehicle.",1563962185.0,1563933385.0,/r/SelfDrivingCars/comments/cgz2d7/apples_latest_tesla_hire_specializes_in_car/euntomx/,SelfDrivingCars
10,notasuccessstory,Apple’s latest Tesla hire specializes in car interiors (perhaps a sign Apple might be interested in making a vehicle). ,1563947505.0,1563918705.0,/r/SelfDrivingCars/comments/cgz2d7/apples_latest_tesla_hire_specializes_in_car/,SelfDrivingCars
11,notasuccessstory,Lyft opens to the public autonomous driving data set from its Level 5 self-driving fleet. ,1563946961.0,1563918161.0,/r/SelfDrivingCars/comments/cgyybt/lyft_opens_to_the_public_autonomous_driving_data/,SelfDrivingCars
70,notasuccessstory,I’m really excited for him.  I hope he becomes one of the greats in the sport.,1563893921.0,1563865121.0,/r/japannews/comments/cgnkam/rui_hachimura_gives_japan_a_taste_of_his_newfound/euj8h07/,japannews
71,notasuccessstory,"I feel your pain.  I’ve had a few negative interactions in the past as well.  After a while I just started speaking vaguely about what I did for my job, and stopped mentioning terms like self driving car/autonomous vehicle.",1563800729.0,1563771929.0,/r/SelfDrivingCars/comments/cg8h9z/working_in_the_self_driving_car_av_industry/euff2bn/,SelfDrivingCars
72,notasuccessstory,Thank you!,1563776715.0,1563747915.0,/r/iZone/comments/cg0z88/190317_댕댕라이브_vlive_yujin_mentioned_about_2016/euem7w3/,iZone
73,notasuccessstory,Do you know when she talked about it during the vlive?,1563773084.0,1563744284.0,/r/iZone/comments/cg0z88/190317_댕댕라이브_vlive_yujin_mentioned_about_2016/eueh6d1/,iZone
74,notasuccessstory,Thanks!,1563630948.0,1563602148.0,/r/iZone/comments/cf9213/190719_produce_x_101_프로듀스_x_101_e12_finale_izone/eua5o4g/,iZone
75,notasuccessstory,"More like a reappearance, we got a sneak peek during Hyewon’s birthday vlive.  😄",1563387562.0,1563358762.0,/r/iZone/comments/ceaap4/190717_izone_arcade_ep06/eu11jru/,iZone
76,notasuccessstory,[Part 1](https://www.reddit.com/r/iZone/comments/c8m78c/190703_izone_x_gmarket_behind_the_scene/),1563372713.0,1563343913.0,/r/iZone/comments/ce636r/190716_g_market_campaign_behind_the_scenes_pt_2/eu0950e/,iZone
77,notasuccessstory,Made me think of this [video](https://youtu.be/uEsq1YjfZ0c) .,1563191435.0,1563162635.0,/r/asiangirlsbeingcute/comments/cd1y7f/a_quick_sneaky_kiss/ett2oau/,asiangirlsbeingcute
12,notasuccessstory,How Nako is doing following the announcement of Twice’s Mina condition?. [removed],1562912180.0,1562883380.0,/r/iZone/comments/cc271t/how_nako_is_doing_following_the_announcement_of/,iZone
78,notasuccessstory,Absolutely correct.  I should have made that clearer.,1562588285.0,1562559485.0,/r/SelfDrivingCars/comments/cabkz3/devbot_20_completes_goodwood_fos_hillclimb/et8koy2/,SelfDrivingCars
79,notasuccessstory,For comparison this is the fastest human driven [time](https://www.theverge.com/2019/7/5/20683330/volkswagen-idr-goodwood-record-heidfeld-video).,1562560497.0,1562531697.0,/r/SelfDrivingCars/comments/cabkz3/devbot_20_completes_goodwood_fos_hillclimb/et7i5jw/,SelfDrivingCars
13,notasuccessstory,Devbot 2.0 completes Goodwood FOS hillclimb.. ,1562560329.0,1562531529.0,/r/SelfDrivingCars/comments/cabkz3/devbot_20_completes_goodwood_fos_hillclimb/,SelfDrivingCars
14,notasuccessstory,Viziblezone wants to make pedestrians more visible to autonomous cars. ,1562263122.0,1562234322.0,/r/SelfDrivingCars/comments/c90sjp/viziblezone_wants_to_make_pedestrians_more/,SelfDrivingCars
15,notasuccessstory,BMW and Daimler team up to develop automated driving technology. ,1562262913.0,1562234113.0,/r/SelfDrivingCars/comments/c90rk7/bmw_and_daimler_team_up_to_develop_automated/,SelfDrivingCars
16,notasuccessstory,Uber Buys AI Firm To Develop Driverless Cars. ,1561875060.0,1561846260.0,/r/SelfDrivingCars/comments/c75bky/uber_buys_ai_firm_to_develop_driverless_cars/,SelfDrivingCars
80,notasuccessstory,"Me personally I’d use every resource available. Order books off of Amazon (on topics like grammar), locate and utilize websites and apps relevant to my learning needs, listen to podcasts, watch every YouTube tutorial I could find and immerse myself in Korean TV.  And more importantly find a native to talk to.  Make learning your full time job.",1561837713.0,1561808913.0,/r/Korean/comments/c6woel/how_to_learn_how_to_speak_formal_korean_asap/esbs423/,Korean
81,notasuccessstory,"Correct me if I’m wrong, but kimi works on either a male or female now (like the word guys in English, as in “hey guys”).  Yes, anata is analogous, but it is usually modified and pronounced differently when used by female speakers versus male speakers.  The reason I say this is sometimes songs address a person in general as opposed to someone of a specific gender.  Again, please chime in if I’m incorrect.",1561826268.0,1561797468.0,/r/japanese/comments/c6r3sh/why_do_japanese_songs_often_use_君きみ/esbkrz0/,japanese
82,notasuccessstory,"I wouldn’t say it’s a bad word in itself.  Cursing in Japanese is a bit different than it is English, as you’ll eventually learn.  When I think of cursing in Japanese it usually consists of lowering someone’s hierarchical status.  But of course how you use a word (such as in anger or frustration) also has meaning.  But the word you mentioned you’ll see used on TV shows and movies targeted towards various ages.  Whereas the English equivalent (the word it’s usually translated as) would get you at least a pg-13 rating in a movie and won’t air on a nationally syndicated TV show (in America at least to my knowledge).",1561824405.0,1561795605.0,/r/japanese/comments/c6qloh/im_learning_hiragana_right_now_and_i_was/esbjmh0/,japanese
83,notasuccessstory,Thanks!,1561784219.0,1561755419.0,/r/twice/comments/c4f0up/190624_weekly_discussion_thread/esaaqga/,twice
84,notasuccessstory,Another member pointed me to Twice TV5 Switzerland.  It was apart of a DVD special that doesn’t seem to appear on their vlives.  Again I appreciate your help!  Thank you!,1561736597.0,1561707797.0,/r/twice/comments/c6gc30/does_anyone_know_where_this_video_comes_from_sana/es8pi03/,twice
85,notasuccessstory,Thank you!!!  You’re were absolutely correct.  Unfortunately it doesn’t appear to be apart of their vlives but from special included on the DVD.  Regardless I appreciate the help!,1561736452.0,1561707652.0,/r/twice/comments/c4f0up/190624_weekly_discussion_thread/es8pefz/,twice
86,notasuccessstory,"Quick question.  Does anyone know where this clip originated from?  

https://twitter.com/seductivesana/status/959133178593206272?s=20",1561731717.0,1561702917.0,/r/twice/comments/c4f0up/190624_weekly_discussion_thread/es8ltqm/,twice
87,notasuccessstory,Thank you!!!  I’ll give that a try.,1561730447.0,1561701647.0,/r/twice/comments/c6gc30/does_anyone_know_where_this_video_comes_from_sana/es8krhv/,twice
17,notasuccessstory,Does anyone know where this video comes from (Sana and Dahyun)? I was hoping to find the name/date if possible.. ,1561729093.0,1561700293.0,/r/twice/comments/c6gc30/does_anyone_know_where_this_video_comes_from_sana/,twice
88,notasuccessstory,"That’s it!   I’ve tried to search for it, but was unsuccessful.  Thank you!!!",1561656157.0,1561627357.0,/r/AKB48/comments/c62ex8/looking_for_an_episode_of_akbingo/es5tci0/,AKB48
18,notasuccessstory,"Looking for an episode of akbingo. I recall seeing a while back an episode where
島田晴香 was complaining about (I think) 
中西智代梨 & 西野未姫 & I believe one other member.  Hoping someone could point me to an episode number.  Thanks!",1561648405.0,1561619605.0,/r/AKB48/comments/c62ex8/looking_for_an_episode_of_akbingo/,AKB48
89,notasuccessstory,So does this mean former Mad Men actor Jon Hamm can trademark Hamburger?,1561573495.0,1561544695.0,/r/japan/comments/c5i3t2/kim_kardashian_just_trademarked_kimono_let_the/es2wr1l/,japan
90,notasuccessstory,Towards the end when the showed clips from the past shows it made me wish うたばん was still around.  I think their personalities would have shined on that show.,1561216286.0,1561187486.0,/r/iZone/comments/c3es51/190621_tv_asahi_music_station_izone_cut/errx0z7/,iZone
91,notasuccessstory,They both attend the same school.  Perhaps a singing class....?,1561214137.0,1561185337.0,/r/iZone/comments/c3m1l9/monthly_test/errvgze/,iZone
92,notasuccessstory,Of course Minju would grab names two accidentally.,1560965431.0,1560936631.0,/r/iZone/comments/c22pc3/video_clip_of_izone_decorating_cupcakes_to_look/erjlvm8/,iZone
93,notasuccessstory,"If proven to be less prone to accidents or safer  than humans than perhaps.  If launched when expected it’ll probably have numerous operational constraints, much like we see with current “self-driving” vehicles.",1560781761.0,1560752961.0,/r/SelfDrivingCars/comments/c1fi4k/mobileye_expects_to_see_selfdriving_cabs_hit_the/erdqypr/,SelfDrivingCars
94,notasuccessstory,Thanks!!!,1560775455.0,1560746655.0,/r/iZone/comments/c1d02y/190617_omy/erdlukb/,iZone
95,notasuccessstory,Is there a replay of this available?  I don’t see this on vlive.,1560772801.0,1560744001.0,/r/iZone/comments/c1d02y/190617_omy/erdjc42/,iZone
96,notasuccessstory,Wind River (on Netflix),1560622662.0,1560593862.0,/r/MovieSuggestions/comments/c0s1ag/movies_that_will_fuck_me_up/er81xed/,MovieSuggestions
97,notasuccessstory,NSFW warning for those who aren’t familiar with the series.,1560518730.0,1560489930.0,/r/GakiNoTsukai/comments/c029q6/longest_10_minutes_of_hoseis_life/er4fhq3/,GakiNoTsukai
98,notasuccessstory,I’ll do better next time. Thank you!,1560488279.0,1560459479.0,/r/SelfDrivingCars/comments/c0a41g/more_analysis_of_old_and_recent_partnerships/er3b2zi/,SelfDrivingCars
99,notasuccessstory,What would have been better?  Starting to post more often and open to others ideas.,1560487517.0,1560458717.0,/r/SelfDrivingCars/comments/c0a41g/more_analysis_of_old_and_recent_partnerships/er39r7u/,SelfDrivingCars
19,notasuccessstory,More analysis of old and recent partnerships.. ,1560482400.0,1560453600.0,/r/SelfDrivingCars/comments/c0a41g/more_analysis_of_old_and_recent_partnerships/,SelfDrivingCars
100,notasuccessstory,"That’s true for the most if not all the industry now, especially following the incident/s involving Uber, but prior to that not all companies were thinking as they do now.  They were thinking how soon can we get this on the street, we must be first (or second) to market with a product and so on.  It was a mad dash to get a product on the streets and monetize it.  Public and internal dialogue with these companies has since changed.",1560393498.0,1560364698.0,/r/SelfDrivingCars/comments/bzi7vf/no_info_on_argo_ai_progress_but_now_the_industry/eqx3g2x/,SelfDrivingCars
101,notasuccessstory,I don’t believe there was a company that didn’t not have a set time frame a year or more ago.,1560386761.0,1560357961.0,/r/SelfDrivingCars/comments/bzi7vf/no_info_on_argo_ai_progress_but_now_the_industry/eqwjur3/,SelfDrivingCars
102,notasuccessstory,"The company is targeting “full autonomy” by 2021. 

https://techcrunch.com/2017/02/18/ford-invests-in-pittsburgh-based-argo-ai-to-build-self-driving-cars-by-2021/",1560386700.0,1560357900.0,/r/SelfDrivingCars/comments/bzi7vf/no_info_on_argo_ai_progress_but_now_the_industry/eqwjoxd/,SelfDrivingCars
103,notasuccessstory,"“Our short term goal for Argo AI is to bring SAE’s Level 4 autonomous cars to the market by 2021,” said Fields. 

https://www.eetimes.com/document.asp?doc_id=1331341",1560386566.0,1560357766.0,/r/SelfDrivingCars/comments/bzi7vf/no_info_on_argo_ai_progress_but_now_the_industry/eqwjble/,SelfDrivingCars
20,notasuccessstory,"No info on Argo AI progress, but now the industry seems to be moving away from dates to a it’s ready when it’s ready mindset. ",1560316167.0,1560287367.0,/r/SelfDrivingCars/comments/bzi7vf/no_info_on_argo_ai_progress_but_now_the_industry/,SelfDrivingCars
104,notasuccessstory,Probably as an acquihire and to own what they were developing rather than license as Aurora hopes companies will do.,1560315321.0,1560286521.0,/r/SelfDrivingCars/comments/bzeeei/volkswagen_breaks_with_selfdriving_startup_aurora/eqsjtyz/,SelfDrivingCars
105,notasuccessstory,Strange acquisition considering Apple laying off “hundreds” from its own self driving project earlier this year.  Perhaps shedding of “less skilled” employees in anticipation of this acquisition?  Still seems odd to me.,1559845523.0,1559816723.0,/r/SelfDrivingCars/comments/bxbwlz/apple_reportedly_in_process_of_acquiring/eq5xber/,SelfDrivingCars
106,notasuccessstory,[possible answer ](https://hinative.com/ko/questions/7539361),1559686005.0,1559657205.0,/r/Korean/comments/bwofx9/how_would_you_guys_translate_화제성/epz2w1k/,Korean
107,notasuccessstory,Unrelated but can direct others to the proper subreddit should they be interested in “non-gaki” programming.,1559645819.0,1559617019.0,/r/GakiNoTsukai/comments/bwcxja/does_anyone_know_this_show_and_are_there/epy20np/,GakiNoTsukai
108,notasuccessstory,Thanks for the explanation!,1559373300.0,1559344500.0,/r/SelfDrivingCars/comments/bvasov/a_short_noninformative_article_on_lunewaves_radar/epohhn9/,SelfDrivingCars
109,notasuccessstory,"Link to their website: [Lunewave](https://lunewave.com/) 

Still not a lot of information on the radar.",1559361685.0,1559332885.0,/r/SelfDrivingCars/comments/bvasov/a_short_noninformative_article_on_lunewaves_radar/epnt5do/,SelfDrivingCars
21,notasuccessstory,A short (non-informative) article on Lunewave’s radar. ,1559354500.0,1559325700.0,/r/SelfDrivingCars/comments/bvasov/a_short_noninformative_article_on_lunewaves_radar/,SelfDrivingCars
110,notasuccessstory,The Fountain,1558900453.0,1558871653.0,/r/MovieSuggestions/comments/bt6dq1/what_movies_have_you_been_obsessed_with/eouknyf/,MovieSuggestions
111,notasuccessstory,"Or a tornado, hurricane, flood, mud slide, avalanche ...",1558898711.0,1558869911.0,/r/SelfDrivingCars/comments/bsvbar/how_will_selfdriving_vehicles_keep_passengers/eoujb61/,SelfDrivingCars
113,notasuccessstory,What app or website was used?,1558618914.0,1558590114.0,/r/movies/comments/brx8rz/might_be_alone_here_but_impressed_to_learn_the/eohrjqg/,movies
114,notasuccessstory,I am unable to modify the request and repost?  What is the reason?,1558545475.0,1558516675.0,/r/translator/comments/brme9v/i_was_hoping_someone_could_translate_a_small_part/eof14du/,translator
115,notasuccessstory,"https://www.oreilly.com/online-learning/

I’ve used this paid service in the past.  Give the free trail a shot and see if it’s beneficial for you.",1558355649.0,1558326849.0,/r/cpp/comments/bqp5sw/self_learning_c/eo6v6e3/,cpp
116,notasuccessstory,[Watchmen (2009)](https://youtu.be/NUjMO_k9IF8),1557995239.0,1557966439.0,/r/movies/comments/bp3c9z/favorite_movie_trailers/enoxdcc/,movies
117,notasuccessstory,Thanks!,1557971850.0,1557943050.0,/r/iZone/comments/bouxgc/izone_on_their_way_to_losing_their_vlive_account/enn8w8y/,iZone
118,notasuccessstory,Thank you for the link to the explanation.,1557967007.0,1557938207.0,/r/iZone/comments/bouxgc/izone_on_their_way_to_losing_their_vlive_account/enmxmmd/,iZone
119,notasuccessstory,Which video was taken down?,1557966810.0,1557938010.0,/r/iZone/comments/bouxgc/izone_on_their_way_to_losing_their_vlive_account/enmx2fg/,iZone
120,notasuccessstory,"Clockerz, Set It Off,  In Too Deep, ATL, Sunset Park",1557763686.0,1557734886.0,/r/movies/comments/bntvfy/im_looking_for_violent_and_dark_hood_movies_like/enb1vnq/,movies
121,notasuccessstory,Be sure sure to have a strong support group to talk to after watching this film.  Lol,1557737973.0,1557709173.0,/r/movies/comments/bnaswl/so_im_trying_to_watch_more_international_films/en9vlpe/,movies
122,notasuccessstory,"If you’re using the reddit mobile app, you’ll have to open this post in a web browser.  Then you’ll see the option to un-mute in the top right hand corner.",1557707334.0,1557678534.0,/r/asiangirlsbeingcute/comments/bnjg2a/sound_cute_whining/en8bnis/,asiangirlsbeingcute
123,notasuccessstory,"If you’re using the reddit mobile app, you’ll have to open this post in a web browser.  Then you’ll see the option to un-mute in the top right hand corner.",1557707325.0,1557678525.0,/r/asiangirlsbeingcute/comments/bnjg2a/sound_cute_whining/en8bn35/,asiangirlsbeingcute
124,notasuccessstory,"Trying watching some of Sion Sono’s films (Japanese). 

- Suicide Club
- Noriko’s Dinner Table
- Love Exposure
- Strange Circus
- Cold Fish

...to name a few. 

He’s directed many films.

Recently saw The Assassin (Chinese)

Couple anime titles come to mind too

- Paprika
- Perfect Blue",1557649009.0,1557620209.0,/r/movies/comments/bnaswl/so_im_trying_to_watch_more_international_films/en631vj/,movies
