,author,body,created,created_utc,permalink,subreddit
0,goodenin,"You make a good point. Do you think an iPhone app would even be able to compute information about the surrounding environment from LiDAR input (if hypothetically it was small enough to be worn)? Or in the meantime it would be more feasible to use a camera both size and computationally wise?

Also, it would be so interesting if we could bypass everything and go right to the occipital lobes, similar to the research they're doing with prosthetic limbs. My thoughts in this are that if someone has been blind/visually impaired for a while, their brain often rewires itself and enhances other sensory modalities, including somatosensory areas and that we are under utilizing haptic perception by predominantly using audio cues in navigation.",1564311226.0,1564282426.0,/r/SelfDrivingCars/comments/cij545/can_autonomous_car_navigation_be_translated_for/ev8klqv/,SelfDrivingCars
1,goodenin,"Yeah that's true LiDARs have a ways to go. You make an interesting point--where I'm from our crosswalk lights have images in the signs (walking man vs hand), but that may not be true everywhere, especially in more rural areas. 

Your input has been really helpful, thanks!",1564310198.0,1564281398.0,/r/technology/comments/cialm5/got_a_tech_question_or_want_to_discuss_tech/ev8jeyk/,technology
2,goodenin,"Hi! thanks for your input! As for button activated lights,  would this be lights in the ground to help guide you across the street? And for vibrations, how much information would you need to navigate? (i.e. just vibrations when to turn and stop or more detailed ones like to shift slightly right)

Thanks again!",1564298288.0,1564269488.0,/r/Blind/comments/cij0pp/asking_for_help_from_blind_and_visually_impaired/ev852bm/,Blind
3,goodenin,"Hi! the idea for the LiDAR is to sense and retrieve the information from the outside world and as for translating what the LiDAR picks up, one of my ideas is for a haptic device to deliver the information via different patterns of tactile sensations to, lets say, the arm. The benefit its being more hands free, or being able to detect objects beyond the scope of a cane (i.e. give sooner warning for things like stairs). 

I guess what I meant by my question is along the lines of: what information does a cane or guide dog pick up that a LiDAR might not be sensitive to?",1564298109.0,1564269309.0,/r/technology/comments/cialm5/got_a_tech_question_or_want_to_discuss_tech/ev84szv/,technology
0,goodenin,"Research for design thinking project! - tactile signal information devices for wayfinding. Hi! I'm working on a project to create a device building upon technology around us.

I was wondering for those with language impairments or conditions that affect audio/language processing: what are your thoughts on a device that provides ~~tactile~~  haptic sensations/stimulations to give wayfinding information (i.e. directions)?

My idea is a sort of a sticker or sleeve that provides a very light electric  signal (sort of like the tingling sensation in FES devices) in a pattern that informs the user on which direction to go in/if there is an object coming up.

Any thoughts, concerns, ideas, feedback are welcome! :) thanks!

(edit: I realized I made an error, I meant haptic not tactile)",1564275387.0,1564246587.0,/r/disability/comments/cijvu5/research_for_design_thinking_project_tactile/,disability
4,goodenin,"Hi!

I'm currently in a disruptive technology course and am researching for my final project...

I wanted to know what people's thoughts on the feasibility of LiDAR technology (used in autonomous vehicle navigation) being used for human-centric purposes? For example, could LiDARS and object recognition technology be used to build a wayfinding/navigation device for visually impaired individuals (in place of canes or guide dogs)? What are some of the feasibility issues/barriers to that sort translational use of LiDARS?  
   
Any or all answers would be a huge help! Thank you in advance!",1564273669.0,1564244869.0,/r/technology/comments/cialm5/got_a_tech_question_or_want_to_discuss_tech/ev6bnn7/,technology
5,goodenin,">Thanks! That autonomous wheelchair is pretty cool!   
>  
>I'd imagine a lot of what holds back LiDAR technology from widespread use is cost-- or do you think are the reasons holding it back from market feasibility?",1564273125.0,1564244325.0,/r/SelfDrivingCars/comments/cij545/can_autonomous_car_navigation_be_translated_for/ev69yh9/,SelfDrivingCars
1,goodenin,"Can autonomous car navigation be translated for human uses?. Hi! I'm working on a disruptive innovation course at school and I previously wrote a paper on autonomous vehicles and it got me thinking about the translational uses of the the technology used to allow self-driving cars to get around. 

Do you think that LiDARS (or even the other sensors (ultrasound, cameras, radar)) could be used to help people with vision impairments navigate their immediate environments (i.e. avoid an object in the way of their path) in place of canes/guide dogs?

Interested in your thoughts!",1564271745.0,1564242945.0,/r/SelfDrivingCars/comments/cij545/can_autonomous_car_navigation_be_translated_for/,SelfDrivingCars
2,goodenin,"Asking for help from blind and visually impaired individuals on urban wayfinding!. Hi! I am working on a design thinking project for school and would l like to get a better understanding of what the experiences of VI and blind people are when it comes to navigating immediate surroundings in urban environments. 

Currently, LiDARs (light based radars) and object detection and recognition technology are being developed for autonomous cars to allow them to scan, understand, and navigate the environment. I am trying to see if the same technology could be translated into a device for VI/blind people to navigate their immediate environments? 

My questions are: what navigation apps have you found helpful? What are your experiences with wayfinding information that is provided in a tactile manner, for example tactile maps? If a stream of wayfinding information could be provided in a tactile manner (for example instead of verbal cues) that it would free up your ability to use audio for other uses?

Thank you in advance for your answers!! This is my first time researching with a target population so I hope my questions are open ended enough to be able to empathize and ideate from your experiences!",1564271143.0,1564242343.0,/r/Blind/comments/cij0pp/asking_for_help_from_blind_and_visually_impaired/,Blind
6,goodenin,"Thanks, that's a good way to look at it. I understand that the emotionality attached by my previous experiences definitely is a hinderance. Are there any books you would recommend I read?",1535518289.0,1535489489.0,/r/PersonalFinanceCanada/comments/9b2fal/uni_student_with_large_insurance_cheque_and_no/e4zw21a/,PersonalFinanceCanada
7,goodenin,"The cheque is coming from Canada, thankfully and I haven't been doing returns yet but it is something on my to do list.

How come HISA over TFSA? Is this due to the higher interest rates?",1535518189.0,1535489389.0,/r/PersonalFinanceCanada/comments/9b2fal/uni_student_with_large_insurance_cheque_and_no/e4zvxvg/,PersonalFinanceCanada
3,goodenin,"Uni student with large insurance cheque and no idea where to start/what to do with it. I'm just finishing undergrad with no large debts to pay off and just received a large life insurance cheque in the low six figures. I have no previous experience with how to handle money of that size and am not in the position (income wise) to use it to help buy a property in the city where I live, as one of my siblings has done. My parents had a hard time investing and lost a lot of money in the past with stocks, so I am quite disillusioned with banks/financial advisors/investing in general.

One advice I have been told was to put the money in a (few) TFSA's and tier them and to also buy some GICs. However, firstly, I have no idea how to even buy GICs/set up TFSAs and I do not trust the ""financial advisors"" in my bank's branches as they have screwed up very simple tasks relating to my bank account and financial advice in the past. Secondly, as I don't have plans in the near future that require a large sum of money (i.e. masters, buying a house/car, etc.) so I don't know what to do or how to configure a savings/investment plan for the money.  I do know that I'm quite risk adverse and would prefer to put the money in more secure and long term investments. Further, I have read about HISA on here and am confused by which to use and whether they can be combined (i.e. HISA in a TSFA?). Also what is the difference between a bank like EQ and one like BMO with saving/investing money?

Basically, I'm looking for advice on how to store this money so that I can allow it to grow while keeping it safe and secure. I'm terrified of making the wrong move or decisions or my naivety being taken advantage of by advisors. I know that this post is probably very general and all over the place but I'm just hoping to get some advice on possible options and what others have done when starting an investment/savings portfolio.

Edit: I'm also dual citizen with the US which I'm worried may complicate things.​",1535516516.0,1535487716.0,/r/PersonalFinanceCanada/comments/9b2fal/uni_student_with_large_insurance_cheque_and_no/,PersonalFinanceCanada
