,author,body,created,created_utc,permalink,subreddit
0,hondarip,Exclusive: Google's jobs search draws antitrust complaints from rivals. ,1565723831.0,1565695031.0,/r/business/comments/cprou7/exclusive_googles_jobs_search_draws_antitrust/,business
1,hondarip,10 SDF MLAs join BJP in Sikkim. ,1565719203.0,1565690403.0,/r/india/comments/cpqzj8/10_sdf_mlas_join_bjp_in_sikkim/,india
2,hondarip,Body found in search for missing London teen Nora Anne Quoirin in Malaysian forest. ,1565719033.0,1565690233.0,/r/Austrailia/comments/cpqyo6/body_found_in_search_for_missing_london_teen_nora/,Austrailia
3,hondarip,Thinnest optical waveguide channels light within just three layers of atoms. ,1565718194.0,1565689394.0,/r/Physics/comments/cpquf4/thinnest_optical_waveguide_channels_light_within/,Physics
0,hondarip,It looks like lady's finger!,1565625213.0,1565596413.0,/r/funny/comments/cp06k5/ah_yes_my_favourite_time_of_the_day/ewnybre/,funny
1,hondarip,Her daughter hates it!,1565625160.0,1565596360.0,/r/funny/comments/cp6m5u/shes_a_certified_twenty/ewnyafb/,funny
4,hondarip,"""Hope It Furthers Spirit Of Peace"": PM Modi Wishes Nation On Eid-Al-Adha. ",1565625070.0,1565596270.0,/r/india/comments/cp98p1/hope_it_furthers_spirit_of_peace_pm_modi_wishes/,india
5,hondarip,Plant-based diet can fight climate change - UN. ,1565624918.0,1565596118.0,/r/environment/comments/cp97yk/plantbased_diet_can_fight_climate_change_un/,environment
6,hondarip,Perseid meteor shower 2019: How to watch the fireballs hit their August peak. ,1565623928.0,1565595128.0,/r/science/comments/cp9375/perseid_meteor_shower_2019_how_to_watch_the/,science
2,hondarip,So here i come!,1565622836.0,1565594036.0,/r/funny/comments/cp598j/cant_stop_the_dogg/ewnwnbt/,funny
7,hondarip,Alejandro Giammattei wins Guatemala's presidential race. ,1565622225.0,1565593425.0,/r/news/comments/cp8uhw/alejandro_giammattei_wins_guatemalas_presidential/,news
3,hondarip,When a prank goes right!,1565622178.0,1565593378.0,/r/funny/comments/coxkhb/fooled/ewnw5n6/,funny
8,hondarip,Versace apologises after T-shirt draws China ire. ,1565622038.0,1565593238.0,/r/entertainment/comments/cp8tgj/versace_apologises_after_tshirt_draws_china_ire/,entertainment
9,hondarip,Improving the magnetic bottle that controls fusion power on Earth. ,1565117256.0,1565088456.0,/r/Physics/comments/cmp0g8/improving_the_magnetic_bottle_that_controls/,Physics
10,hondarip,Once Upon a Time in Hollywood: A glossary of all the pop culture references in Tarantino’s new film. ,1565114743.0,1565085943.0,/r/culture/comments/cmoo71/once_upon_a_time_in_hollywood_a_glossary_of_all/,culture
11,hondarip,"6 Dead In Fire At Building In Delhi, Arvind Kejriwal Visits Site. ",1565112443.0,1565083643.0,/r/india/comments/cmodkl/6_dead_in_fire_at_building_in_delhi_arvind/,india
4,hondarip,I can feel the urgency!,1565112211.0,1565083411.0,/r/funny/comments/cmo9cj/sometimes_i_start_questioning_reality/ew3kefb/,funny
12,hondarip,‘Fast and Furious’ Star Michelle Rodriguez Rips ‘Hobbs & Shaw’ Writer Over ‘Justice for Han’ Comment. ,1565107893.0,1565079093.0,/r/entertainment/comments/cmntdy/fast_and_furious_star_michelle_rodriguez_rips/,entertainment
5,hondarip,This guy failed to watch the Science of Stupid program!,1565106724.0,1565077924.0,/r/funny/comments/cmmpju/my_buddy_could_sand_the_dunes/ew3gniz/,funny
13,hondarip,"Regional inequality growing under Tory government with record number of UK’s top 1% earners living in southeast, research reveals. ",1565106512.0,1565077712.0,/r/politics/comments/cmnn9c/regional_inequality_growing_under_tory_government/,politics
6,hondarip,"We call her ""Lady"".",1565103414.0,1565074614.0,/r/funny/comments/cmmu3e/girl_with_the_dragonfly_tattoo/ew3e98a/,funny
14,hondarip,San Diego police sergeant accused of soliciting minor for sex found dead from apparent suicide. ,1565103362.0,1565074562.0,/r/USNEWS/comments/cmn8ip/san_diego_police_sergeant_accused_of_soliciting/,USNEWS
7,hondarip,Disgusting creature.,1565103272.0,1565074472.0,/r/mildlyinteresting/comments/cmcwdd/wolf_eels_that_eat_a_lot_of_red_urchins_end_up/ew3e5g0/,mildlyinteresting
8,hondarip,Its easy to identify!,1565103178.0,1565074378.0,/r/mildlyinteresting/comments/cmgtdz/this_chick_we_hatched_has_a_1_on_its_head/ew3e2vh/,mildlyinteresting
9,hondarip,Intercaste marriage!,1565015116.0,1564986316.0,/r/funny/comments/clyyiw/looks_like_their_engagement_photo/ew0f7u8/,funny
10,hondarip,He reacted as nothing happened!,1565015057.0,1564986257.0,/r/funny/comments/clx6m1/perfectly_cut/ew0f632/,funny
15,hondarip,"Whaley Bridge residents refusing to evacuate put lives at risk, says police chief. ",1565014947.0,1564986147.0,/r/environment/comments/cm7c86/whaley_bridge_residents_refusing_to_evacuate_put/,environment
16,hondarip,Qatar- Fears rise as fourth Ebola case found in Congo city. ,1565012634.0,1564983834.0,/r/Health/comments/cm70cz/qatar_fears_rise_as_fourth_ebola_case_found_in/,Health
11,hondarip,Like a loaded gun!,1565012610.0,1564983810.0,/r/funny/comments/cm0huc/found_the_car_from_all_the_middle_school_math/ew0d1i8/,funny
17,hondarip,Egypt car crash sets off deadly explosion outside Cairo hospital. ,1565012391.0,1564983591.0,/r/news/comments/cm6z55/egypt_car_crash_sets_off_deadly_explosion_outside/,news
18,hondarip,Ruby Rose's 'Batwoman' is TV's 1st out LGBTQ superhero. ,1565011745.0,1564982945.0,/r/entertainment/comments/cm6vod/ruby_roses_batwoman_is_tvs_1st_out_lgbtq_superhero/,entertainment
12,hondarip,That animal guys are making us laugh!,1565011590.0,1564982790.0,/r/funny/comments/cm5exx/look_humans/ew0c3pp/,funny
13,hondarip,Its a natural truth!,1565011476.0,1564982676.0,/r/funny/comments/cm5cie/this_is_one_of_my_favorite_scenes_from_how_its/ew0bzs2/,funny
19,hondarip,"Snake Teaser For Tekken 7 Was Only A Joke, Organizer Says [UPDATE]. ",1565011393.0,1564982593.0,/r/Games/comments/cm6trr/snake_teaser_for_tekken_7_was_only_a_joke/,Games
14,hondarip,Dog's reaction is hilarious!,1564595038.0,1564566238.0,/r/funny/comments/ck0vei/our_kids_are_learning_at_an_early_age/evjnwlr/,funny
20,hondarip,North Korea in second missile launch in a week. ,1564594943.0,1564566143.0,/r/worldnews/comments/ck68bv/north_korea_in_second_missile_launch_in_a_week/,worldnews
21,hondarip,Twelve years to save Earth? Make that 18 months.... ,1564594866.0,1564566066.0,/r/environment/comments/ck67xf/twelve_years_to_save_earth_make_that_18_months/,environment
15,hondarip,The worst face reaction of the kid.,1564594529.0,1564565729.0,/r/funny/comments/ck1gq9/kids_first_roller_coaster_ride/evjn12i/,funny
16,hondarip,420 can smoke 24x7!,1564594262.0,1564565462.0,/r/funny/comments/cjwhi6/by_no_means_a_coincidence/evjmjyy/,funny
22,hondarip,"Sign of the times: China's capital orders Arabic, Muslim symbols taken down. ",1564594104.0,1564565304.0,/r/news/comments/ck642i/sign_of_the_times_chinas_capital_orders_arabic/,news
23,hondarip,The Crab Nebula slammed Earth with highest-energy gamma rays ever seen. ,1564589543.0,1564560743.0,/r/science/comments/ck5hdq/the_crab_nebula_slammed_earth_with_highestenergy/,science
24,hondarip,"Disney star Cameron Boyce died of epilepsy, coroner says. ",1564584233.0,1564555433.0,/r/entertainment/comments/ck4q0n/disney_star_cameron_boyce_died_of_epilepsy/,entertainment
25,hondarip,Scientists create contact lenses that zoom on command. ,1564495962.0,1564467162.0,/r/science/comments/cjnmo0/scientists_create_contact_lenses_that_zoom_on/,science
17,hondarip,Looking like his son!!!,1564495548.0,1564466748.0,/r/funny/comments/cjk6g0/was_bored_at_the_cartried_to_match_my_face_to_abe/evehd1w/,funny
26,hondarip,"Settle With BJP Lawmaker, Cops Allegedly Told Unnao Rape Survivor's Family. ",1564495291.0,1564466491.0,/r/india/comments/cjniw9/settle_with_bjp_lawmaker_cops_allegedly_told/,india
27,hondarip,"California police execute search warrants at Gilroy Garlic Festival shooter's home, car. ",1564495132.0,1564466332.0,/r/USNEWS/comments/cjni42/california_police_execute_search_warrants_at/,USNEWS
28,hondarip,The Confusing Federal Reserve. ,1564492746.0,1564463946.0,/r/economy/comments/cjn4vo/the_confusing_federal_reserve/,economy
18,hondarip,That guy got caught!,1564492655.0,1564463855.0,/r/funny/comments/cjm9ib/one_of_my_favorite_gifs/evedxzd/,funny
19,hondarip,That scary jump!,1564492518.0,1564463718.0,/r/funny/comments/cjj44r/snow_leopard_cub_scares_mom_and_himself/evedrx7/,funny
29,hondarip,"Hong Kong protesters disrupt train services, cause commuter chaos. ",1564492413.0,1564463613.0,/r/worldnews/comments/cjn2xw/hong_kong_protesters_disrupt_train_services_cause/,worldnews
30,hondarip,"Gang Fight Kills 57 in Brazil, 16 Beheaded. ",1564492364.0,1564463564.0,/r/worldnews/comments/cjn2n1/gang_fight_kills_57_in_brazil_16_beheaded/,worldnews
20,hondarip,Always single!,1564492317.0,1564463517.0,/r/funny/comments/cjivp6/oh_darn_just_missed_it/evedipc/,funny
31,hondarip,Could Fundamental Constants Be Neither Fundamental nor Constant?. ,1564411548.0,1564382748.0,/r/Physics/comments/cj7kln/could_fundamental_constants_be_neither/,Physics
21,hondarip,Oh Shit!,1564410908.0,1564382108.0,/r/funny/comments/cj6yeo/its_crap_o_clock/evblbe9/,funny
32,hondarip,Tree Stump Stays Alive with a Little Help from Neighboring Trees. ,1564410838.0,1564382038.0,/r/culture/comments/cj7gx1/tree_stump_stays_alive_with_a_little_help_from/,culture
22,hondarip,The horse got scared after seeing the human face!,1564410669.0,1564381869.0,/r/funny/comments/cj797j/neigh/evbl4my/,funny
23,hondarip,No music needed!,1564410602.0,1564381802.0,/r/funny/comments/cj7ed6/these_are_some_damn_considerate_neighbors_cherish/evbl2q0/,funny
24,hondarip,Why I couldn't find the AVENGERS hero!,1564410527.0,1564381727.0,/r/funny/comments/ciup8j/avengers/evbl0kn/,funny
33,hondarip,Asteroid-Mining Bacteria Blast Off for Space Station. ,1564410407.0,1564381607.0,/r/science/comments/cj7el3/asteroidmining_bacteria_blast_off_for_space/,science
34,hondarip,Possible sighting of Canada murder suspects reported in Manitoba as police swarm area. ,1564409939.0,1564381139.0,/r/news/comments/cj7c8v/possible_sighting_of_canada_murder_suspects/,news
25,hondarip,That was a nice conversation!,1564409362.0,1564380562.0,/r/funny/comments/ciz8j4/bruuhhh_take_off_that_robe_bruuhh_please/evbk2gl/,funny
35,hondarip,Disney sets record for highest-grossing year for a studio with five months to spare. ,1564409194.0,1564380394.0,/r/entertainment/comments/cj7892/disney_sets_record_for_highestgrossing_year_for_a/,entertainment
36,hondarip,HBO President Casey Bloys on How ‘Euphoria’ Is Leading the Charge on Streaming. ,1564075566.0,1564046766.0,/r/entertainment/comments/chleo0/hbo_president_casey_bloys_on_how_euphoria_is/,entertainment
26,hondarip,That dare look!,1564074825.0,1564046025.0,/r/funny/comments/chjxsi/ooooooo_she_in_trouble/euukkg0/,funny
27,hondarip,Thanks for the boost.,1564069270.0,1564040470.0,/r/lawofattraction/comments/ch0jpy/dont_underestimate_yourself_dear_god/euua0ti/,lawofattraction
37,hondarip,Forecasters flummoxed by competing drivers for oil price. ,1564068665.0,1564039865.0,/r/economy/comments/chkizs/forecasters_flummoxed_by_competing_drivers_for/,economy
28,hondarip,aborted!,1564068390.0,1564039590.0,/r/funny/comments/chk39s/sisters_are_doing_it_for_themselves/euu8g7i/,funny
38,hondarip,French MPs boycott ‘apocalypse guru’ Thunberg. ,1564067273.0,1564038473.0,/r/news/comments/chkc3c/french_mps_boycott_apocalypse_guru_thunberg/,news
29,hondarip,You'll get a nightmare after watching this scene.,1564067013.0,1564038213.0,/r/funny/comments/chk7hw/someone_help_me_my_tvs_been_frozen_like_this_for/euu66ge/,funny
39,hondarip,"Samsung Galaxy Fold is gearing up for a September launch after delay, and it'll cost $1,980. ",1564066787.0,1564037987.0,/r/mobile/comments/chk9pd/samsung_galaxy_fold_is_gearing_up_for_a_september/,mobile
40,hondarip,Dwayne 'The Rock' Johnson joins native protesters in Hawaii. ,1564066289.0,1564037489.0,/r/USNEWS/comments/chk6zr/dwayne_the_rock_johnson_joins_native_protesters/,USNEWS
41,hondarip,More than 21 Kendriya Vidyalaya buildings found unsafe in audit; HRD ministry issues directive not to run schools in these structures. ,1563909727.0,1563880927.0,/r/india/comments/cgrc6g/more_than_21_kendriya_vidyalaya_buildings_found/,india
30,hondarip,Its awesome.,1563909672.0,1563880872.0,/r/india/comments/cgqzxq/mumbai_skies_timelapse_shot_on_oneplus_2/eujz95b/,india
31,hondarip,Run Run...,1563905123.0,1563876323.0,/r/funny/comments/cgpgpi/kangaroo_stopping_a_soccer_match/eujpulb/,funny
42,hondarip,Team Rocket is now prepared to fight Pokémon Go trainers. ,1563904242.0,1563875442.0,/r/Games/comments/cgqjq2/team_rocket_is_now_prepared_to_fight_pokémon_go/,Games
32,hondarip,That jump!,1563904118.0,1563875318.0,/r/funny/comments/cgpffn/nachoooooooooooooooooo_begins/eujo01r/,funny
33,hondarip,He didn't see it.,1563903733.0,1563874933.0,/r/funny/comments/cgpjo8/wheelie_time/eujna1f/,funny
34,hondarip,Long way to go!,1563820153.0,1563791353.0,/r/india/comments/cgangz/the_golden_girl_hima_das/eufun0c/,india
43,hondarip,BJP working president JP Nadda pulls up Sadhvi Pragya for cleaning toilet remark. ,1563820065.0,1563791265.0,/r/india/comments/cgbhgp/bjp_working_president_jp_nadda_pulls_up_sadhvi/,india
35,hondarip,That's great. God bless you too.,1563819984.0,1563791184.0,/r/lawofattraction/comments/cg9brc/i_manifested_the_lottery/eufuh49/,lawofattraction
44,hondarip,"The US will likely win in a ‘cold currency war,’ says Pimco. ",1563816846.0,1563788046.0,/r/economy/comments/cgb1nq/the_us_will_likely_win_in_a_cold_currency_war/,economy
45,hondarip,An Astronomer's Old Photos Reveal Hidden Wonders of the Night Sky. ,1563812698.0,1563783898.0,/r/space/comments/cgaixb/an_astronomers_old_photos_reveal_hidden_wonders/,space
36,hondarip,While his balls swing!,1563812237.0,1563783437.0,/r/funny/comments/cgacvm/wtf_this_guy_is_doing/eufoe7v/,funny
46,hondarip,'Trojan Horse' Anticancer Drug Disguises Itself as Fat. ,1563812178.0,1563783378.0,/r/Health/comments/cgagos/trojan_horse_anticancer_drug_disguises_itself_as/,Health
47,hondarip,Hong Kong is teetering on the edge as protests take a darker turn. ,1563812064.0,1563783264.0,/r/worldnews/comments/cgag7y/hong_kong_is_teetering_on_the_edge_as_protests/,worldnews
37,hondarip,Oxygen... water,1562886528.0,1562857728.0,/r/AskReddit/comments/cbwn0i/what_is_something_that_you_cant_live_without/etiqsyx/,AskReddit
38,hondarip,very much inspiring,1562886380.0,1562857580.0,/r/motivation/comments/cbj532/be_focused/etiqkvu/,motivation
48,hondarip,UK ships in Strait of Hormuz put on 'heightened security'. ,1562886253.0,1562857453.0,/r/news/comments/cbwmbr/uk_ships_in_strait_of_hormuz_put_on_heightened/,news
49,hondarip,The first electric Mini helps explain why BMW’s CEO just quit. ,1562886106.0,1562857306.0,/r/technews/comments/cbwl60/the_first_electric_mini_helps_explain_why_bmws/,technews
39,hondarip,Spot on..,1562885774.0,1562856974.0,/r/Cricket/comments/cbp5h5/indian_news_media_after_the_loss_against_nz_in/etipnnk/,Cricket
40,hondarip,spending time with my ex...,1562885729.0,1562856929.0,/r/AskReddit/comments/cbwgj7/whats_the_craziest_lucid_dream_experience_youve/etiplc7/,AskReddit
41,hondarip,solitude.... I like to sit idle for some time to relax,1562885401.0,1562856601.0,/r/AskReddit/comments/cbwdql/what_thingactivity_relaxes_you_the_most/etip3tq/,AskReddit
50,hondarip,Australian police adds Tesla Model X to Highway Patrol. ,1562885292.0,1562856492.0,/r/elonmusk/comments/cbwfd1/australian_police_adds_tesla_model_x_to_highway/,elonmusk
51,hondarip,Nintendo Switch Lite Model Coming For Pokemon Sword & Shield. ,1562857256.0,1562828456.0,/r/Games/comments/cbskhl/nintendo_switch_lite_model_coming_for_pokemon/,Games
52,hondarip,Ayodhya Hearing From July 25 If Mediation Panel Rules Out Role: Top Court. ,1562854935.0,1562826135.0,/r/india/comments/cbs8sn/ayodhya_hearing_from_july_25_if_mediation_panel/,india
42,hondarip,He clipped the extra belt!,1562854635.0,1562825835.0,/r/india/comments/cbrlvk/my_cab_driver_had_seatbelt_with_a_plastic_clip/eths8zo/,india
44,hondarip,Enjoying the moment.,1562854210.0,1562825410.0,/r/funny/comments/cbnnuj/meanwhile_this_morning_in_new_orleans/ethrssq/,funny
45,hondarip,Aquaman.,1562851260.0,1562822460.0,/r/funny/comments/cbkhsn/terry_crew_auditioning_for_triton/ethp1e3/,funny
53,hondarip,‘Outright disrespectful’: Four House women struggle as Pelosi isolates them. ,1562851179.0,1562822379.0,/r/USNEWS/comments/cbrpod/outright_disrespectful_four_house_women_struggle/,USNEWS
54,hondarip,Powell Sounds Dovish Enough to Open Door for a Half-Point Cut. ,1562850921.0,1562822121.0,/r/economy/comments/cbroe0/powell_sounds_dovish_enough_to_open_door_for_a/,economy
46,hondarip,Am always ready.,1562850866.0,1562822066.0,/r/funny/comments/cbq7ws/stay_at_home_dad/ethonbo/,funny
55,hondarip,Alexandria Ocasio-Cortez tears up while hearing story of child who died after being held by ICE. ,1562850553.0,1562821753.0,/r/worldnews/comments/cbrmel/alexandria_ocasiocortez_tears_up_while_hearing/,worldnews
47,hondarip,Robotic speaker.,1562782613.0,1562753813.0,/r/funny/comments/cbet6h/the_speaker_on_my_bus_looks_like_a_tiny_robot/etez418/,funny
56,hondarip,"Tucker Carlson blasts Rep. Ilhan Omar, and she calls him a 'racist fool'. ",1562782299.0,1562753499.0,/r/worldnews/comments/cbew9r/tucker_carlson_blasts_rep_ilhan_omar_and_she/,worldnews
57,hondarip,Playmobil 'Mars Mission' Giveaway: Enter to Win 6 Red Planet Playsets. ,1562774557.0,1562745757.0,/r/space/comments/cbdwfc/playmobil_mars_mission_giveaway_enter_to_win_6/,space
58,hondarip,The iconic photo that summed up our place in the Universe. ,1562773242.0,1562744442.0,/r/science/comments/cbdqaq/the_iconic_photo_that_summed_up_our_place_in_the/,science
48,hondarip,I'm impressed.,1562772922.0,1562744122.0,/r/funny/comments/cbdgot/i_finally_found_a_job/eterxbh/,funny
49,hondarip,Expecting more.,1562772794.0,1562743994.0,/r/funny/comments/cbdiqw/my_favorite_one/etertt7/,funny
59,hondarip,At least 15 women and children killed in tribal massacre in Papua New Guinea | World news. ,1562771869.0,1562743069.0,/r/news/comments/cbdjcd/at_least_15_women_and_children_killed_in_tribal/,news
60,hondarip,Jay-Z joins cannabis company Caliva as chief brand strategist. ,1562771779.0,1562742979.0,/r/entertainment/comments/cbdiv4/jayz_joins_cannabis_company_caliva_as_chief_brand/,entertainment
50,hondarip,Trained rat!,1562687186.0,1562658386.0,/r/funny/comments/cawy9f/the_best_kind_of_asmr/etbrhr4/,funny
51,hondarip,Shit! missed!,1562686280.0,1562657480.0,/r/funny/comments/cax2qn/fire_in_the_hole/etbqub4/,funny
61,hondarip,New Type of Glass Inspired by Nature is More Resistant to Impacts. ,1562685881.0,1562657081.0,/r/technology/comments/caxk7y/new_type_of_glass_inspired_by_nature_is_more/,technology
62,hondarip,June's Stellar Space Pictures. ,1562685678.0,1562656878.0,/r/space/comments/caxj82/junes_stellar_space_pictures/,space
52,hondarip,He can cover only his balls!,1562685605.0,1562656805.0,/r/funny/comments/cax6if/found_this/etbqcdz/,funny
53,hondarip,That was a perfect throw!,1562684643.0,1562655843.0,/r/funny/comments/capz43/water_balloon_in_the_face/etbpm6b/,funny
63,hondarip,HIV eliminated from the genomes of living animals. ,1562684491.0,1562655691.0,/r/Health/comments/caxcsb/hiv_eliminated_from_the_genomes_of_living_animals/,Health
64,hondarip,Powering Your World with Fish Scales?. ,1562683603.0,1562654803.0,/r/science/comments/cax87y/powering_your_world_with_fish_scales/,science
54,hondarip,He is doing this job.,1562683300.0,1562654500.0,/r/funny/comments/can41s/bar_tuitions_not_funny_at_all/etboir4/,funny
65,hondarip,Samuel L. Jackson to Hopefully Kick Ass As Chris Rock’s Dad in the Comedian’s Upcoming Saw Movie. ,1562683022.0,1562654222.0,/r/entertainment/comments/cax53y/samuel_l_jackson_to_hopefully_kick_ass_as_chris/,entertainment
66,hondarip,Trump seizes on cables scandal to jam UK. ,1562682211.0,1562653411.0,/r/news/comments/cax0vn/trump_seizes_on_cables_scandal_to_jam_uk/,news
55,hondarip,Its a free show!,1562681883.0,1562653083.0,/r/funny/comments/caoyhp/dinner_a_show/etbnbw4/,funny
67,hondarip,"""Legitimises Terrorism"": India Protests UN Body Report On Kashmir. ",1562613231.0,1562584431.0,/r/india/comments/cajq2b/legitimises_terrorism_india_protests_un_body/,india
68,hondarip,"A Detroit festival charged white people $20 and black people $10, then they got hit with backlash. ",1562613119.0,1562584319.0,/r/entertainment/comments/cajpfz/a_detroit_festival_charged_white_people_20_and/,entertainment
69,hondarip,"Environmental news, a monthly report on Global Warming problems and solutions. ",1562610183.0,1562581383.0,/r/environment/comments/cajarq/environmental_news_a_monthly_report_on_global/,environment
56,hondarip,Like a bird wing.,1562594960.0,1562566160.0,/r/funny/comments/caf86d/good_boy_on_the_river/et8qwl9/,funny
70,hondarip,'Destiny 2' year two winds down with Moments of Triumph starting July 9th. ,1562593624.0,1562564824.0,/r/technology/comments/cah57s/destiny_2_year_two_winds_down_with_moments_of/,technology
57,hondarip,Tell him to call ur name. I think he is hesitating to call ur name because you are elder.,1562593196.0,1562564396.0,/r/india/comments/caf6v1/my_friend_calls_me_maam_no_idea_why/et8pdxu/,india
71,hondarip,"Back from US, Kumaraswamy in fire-fighting mode, meets Congress rebel: Report. ",1562592533.0,1562563733.0,/r/india/comments/cagztr/back_from_us_kumaraswamy_in_firefighting_mode/,india
58,hondarip,Beautiful view.,1562592433.0,1562563633.0,/r/india/comments/cag3fk/a_morning_in_kuttanad_kerala_46083456_oppo_f7/et8opim/,india
59,hondarip,"Even, when she accepts it!",1562592305.0,1562563505.0,/r/india/comments/cagv3o/physical_contact_with_girl_promising_to_marry_and/et8olb6/,india
60,hondarip,That's ready. Its not safe trying these type of things.,1562591944.0,1562563144.0,/r/funny/comments/cadgwx/horse_knows_what_to_do/et8o9lx/,funny
72,hondarip,"Bodies of three kids, woman found in torched trailer in Washington state; man arrested. ",1562591610.0,1562562810.0,/r/USNEWS/comments/cagv7f/bodies_of_three_kids_woman_found_in_torched/,USNEWS
61,hondarip,"Still, she is waiting...",1562591188.0,1562562388.0,/r/funny/comments/caccj2/my_wife_nailed_the_custom_t_shirt_for_our_14_year/et8nkgd/,funny
62,hondarip,Wut!,1562591157.0,1562562357.0,/r/funny/comments/caccj2/my_wife_nailed_the_custom_t_shirt_for_our_14_year/et8njgg/,funny
73,hondarip,Japan machinery orders fall most in eight months in worrying sign for economy. ,1562591057.0,1562562257.0,/r/economy/comments/cagsdc/japan_machinery_orders_fall_most_in_eight_months/,economy
63,hondarip,"It's to remind everyone. Thanks, dude.",1562590963.0,1562562163.0,/r/funny/comments/cactzo/stay_safe_out_there_boyos/et8ncrr/,funny
74,hondarip,Hong Kong extradition protests: Police and protesters clash. ,1562590826.0,1562562026.0,/r/worldnews/comments/cagr72/hong_kong_extradition_protests_police_and/,worldnews
75,hondarip,"Capcom's New Card Game Has Chun-Li, Dante And Mega Man. ",1562334703.0,1562305903.0,/r/Games/comments/c9ccg7/capcoms_new_card_game_has_chunli_dante_and_mega/,Games
64,hondarip,It was perfectly matched.,1562334577.0,1562305777.0,/r/funny/comments/c969eg/perspective/esvxn2c/,funny
65,hondarip,The unexpected jump!,1562334522.0,1562305722.0,/r/funny/comments/c98djw/the_majesty_of_nature/esvxirt/,funny
66,hondarip,Ssshhhhhh!,1562334235.0,1562305435.0,/r/india/comments/c9c4rl/meanwhile_at_my_office/esvww5o/,india
67,hondarip,I will take the video and watch it every year.,1562333708.0,1562304908.0,/r/funny/comments/c993co/seriously_why_do_we_bother/esvvqdq/,funny
76,hondarip,"Man kills wife and three children, hangs himself in Ghaziabad's Masuri; suicide note recovered. ",1562333548.0,1562304748.0,/r/india/comments/c9c6qn/man_kills_wife_and_three_children_hangs_himself/,india
68,hondarip,It slipped!,1562333211.0,1562304411.0,/r/funny/comments/c97p0c/i_think_my_favorite_quality_of_bulldogs_is_their/esvuot9/,funny
77,hondarip,Billionaire coal executive and philanthropist Chris Cline dies at 60. ,1562332761.0,1562303961.0,/r/USNEWS/comments/c9c304/billionaire_coal_executive_and_philanthropist/,USNEWS
69,hondarip,"Among the Australian plaintiffs is Victorian gardener Michael Ogalirolo, 54, who regularly used the herbicide between 1997 and 2018 and who has developed non-Hodgkins lymphoma.",1562332663.0,1562303863.0,/r/economy/comments/c96857/more_than_500_workers_at_a_sydney_australia/esvte59/,economy
70,hondarip,We now have the greatest chance ever to rid the world.,1562332543.0,1562303743.0,/r/funny/comments/c982pu/how_we_do_it/esvt3uk/,funny
78,hondarip,A Tale of Two Economies. ,1562332384.0,1562303584.0,/r/economy/comments/c9c15x/a_tale_of_two_economies/,economy
79,hondarip,Britain seizes Iran oil tanker attempting to violate Syrian sanctions. ,1562332298.0,1562303498.0,/r/worldnews/comments/c9c0qz/britain_seizes_iran_oil_tanker_attempting_to/,worldnews
71,hondarip,His parents confused with the number 5 & 1.,1562332080.0,1562303280.0,/r/funny/comments/c97am5/my_parents_bought_me_a_shirt_that_said_5uck_my/esvrxqu/,funny
72,hondarip,expecting a good fight back from England,1562324094.0,1562295294.0,/r/Cricket/comments/c997kr/australia_win_again_to_extend_womens_ashes_lead/esv8cdx/,Cricket
73,hondarip,If your wife is not pregnant would you blame your neighbor?,1562323918.0,1562295118.0,/r/Cricket/comments/c94nk6/former_pakistan_captain_rashid_latif_claims_nz/esv7x81/,Cricket
74,hondarip,I was about to type that... lol,1562323779.0,1562294979.0,/r/Cricket/comments/c963sq/87_per_cent_fans_want_t20_in_olympics_reveals_icc/esv7jv4/,Cricket
80,hondarip,Putin signs bill withdrawing from nuclear arms treaty with the United States. ,1562279621.0,1562250821.0,/r/worldnews/comments/c939v1/putin_signs_bill_withdrawing_from_nuclear_arms/,worldnews
75,hondarip,I would plant lot of trees and create awareness on climate change,1562279552.0,1562250752.0,/r/AskReddit/comments/c93716/you_get_to_be_mayor_of_a_citytownvillage_youve/essf2e6/,AskReddit
81,hondarip,Engineer who tried to smuggle US military chips to China faces 219 years in prison. ,1562279318.0,1562250518.0,/r/JusticeServed/comments/c937xs/engineer_who_tried_to_smuggle_us_military_chips/,JusticeServed
76,hondarip,Take it!,1562166500.0,1562137700.0,/r/funny/comments/c8kn23/saw_this_in_car_front_of_memade_my_day/esnlou8/,funny
77,hondarip,Keep the ocean clean.,1562166307.0,1562137507.0,/r/funny/comments/c8ksma/not_all_heroes_wear_capes/esnljlx/,funny
82,hondarip,US Navy SEAL acquitted of murder in war crimes trial. ,1562166235.0,1562137435.0,/r/USNEWS/comments/c8ky4c/us_navy_seal_acquitted_of_murder_in_war_crimes/,USNEWS
83,hondarip,Libya: Air raid kills dozens at Tripoli migrant detention centre. ,1562165737.0,1562136937.0,/r/news/comments/c8kvoe/libya_air_raid_kills_dozens_at_tripoli_migrant/,news
79,hondarip,"If you smoke, please don't leave your butts behind.",1562165627.0,1562136827.0,/r/news/comments/c8k7th/a_wildlife_photographer_has_captured_a_picture_of/esnl0sq/,news
80,hondarip,"Hi. From the morning I'm seeing 11:11 several times. yes, its on the way. Thank you :)",1562165520.0,1562136720.0,/r/lawofattraction/comments/c8fwog/1111_our_manifestation_is_on_its_way/esnkxrs/,lawofattraction
81,hondarip,I need this msg. Thank you so much. Good vibes.,1562165368.0,1562136568.0,/r/lawofattraction/comments/c8cx9o/if_you_have_you_ask_yourself_why_your/esnktgh/,lawofattraction
84,hondarip,Amazon rainforest indigenous people in fight for survival. ,1562165245.0,1562136445.0,/r/environment/comments/c8ktcy/amazon_rainforest_indigenous_people_in_fight_for/,environment
85,hondarip,Scientists regret to inform you that this mystery space object is (probably) not aliens. ,1562164557.0,1562135757.0,/r/space/comments/c8kq3z/scientists_regret_to_inform_you_that_this_mystery/,space
83,hondarip,Freak dog.,1562164380.0,1562135580.0,/r/funny/comments/c8hkaf/dog_dap/esnk12y/,funny
86,hondarip,Another mysterious deep space signal traced to the other side of the universe. ,1562164221.0,1562135421.0,/r/science/comments/c8kohs/another_mysterious_deep_space_signal_traced_to/,science
87,hondarip,No Deal Between WGA And Abrams Artists Agency. ,1562163783.0,1562134983.0,/r/entertainment/comments/c8kmh1/no_deal_between_wga_and_abrams_artists_agency/,entertainment
88,hondarip,Irv Gotta Says Rap Ready to Accept Lil Nas X For Coming Out. ,1562094226.0,1562065426.0,/r/entertainment/comments/c87whm/irv_gotta_says_rap_ready_to_accept_lil_nas_x_for/,entertainment
84,hondarip,Oh no! She rejected him.,1562093255.0,1562064455.0,/r/funny/comments/c86ol6/man_down_man_down_man_down/eskh8d9/,funny
85,hondarip,"Yes, am aligning with the universe.",1562092982.0,1562064182.0,/r/lawofattraction/comments/c7t39s/this_is_the_week_youve_been_talking_about_things/eskgx8i/,lawofattraction
86,hondarip,"Feel so good to be alive, Universe.",1562092533.0,1562063733.0,/r/lawofattraction/comments/c7rc6v/dont_forget_to_thank_the_universe_every_day_for/eskgf5r/,lawofattraction
87,hondarip,Awesome Technology.,1562091649.0,1562062849.0,/r/funny/comments/c86pyk/i_think_he_is_the_man_of_the_year/eskfh7j/,funny
88,hondarip,Shawn Michaels kick.,1562091539.0,1562062739.0,/r/funny/comments/c86rah/fuck_that_guy_in_particular/eskfcrd/,funny
89,hondarip,"'Seriously?': Zarif mocks US, insists Iran has not violated deal. ",1562091323.0,1562062523.0,/r/worldnews/comments/c87i7j/seriously_zarif_mocks_us_insists_iran_has_not/,worldnews
89,hondarip,How dare you!,1562090906.0,1562062106.0,/r/funny/comments/c86t5v/be_caught_by_one_s_wife/eskeoh0/,funny
90,hondarip,Boobs!,1562089847.0,1562061047.0,/r/funny/comments/c86vrd/be_caught_by_one_s_wife_2/eskdns6/,funny
91,hondarip,She is chilling!,1562089781.0,1562060981.0,/r/funny/comments/c86xq9/hoomanwanna_join_me/eskdlnl/,funny
90,hondarip,"Yogi govt’s caste certificate order ‘unconstitutional’, says Centre. ",1562089427.0,1562060627.0,/r/india/comments/c8795i/yogi_govts_caste_certificate_order/,india
92,hondarip,1-day offer.,1562088790.0,1562059990.0,/r/funny/comments/c872j7/unfortunate_place_to_stand/eskcr2e/,funny
93,hondarip,It showing his skill!,1562088734.0,1562059934.0,/r/funny/comments/c87335/this_cow_is_lit/eskcpfy/,funny
91,hondarip,China wants to create a tech landscape where the US can no longer hurt it. ,1562088139.0,1562059339.0,/r/economy/comments/c873dy/china_wants_to_create_a_tech_landscape_where_the/,economy
94,hondarip,She uses to do daily because she doesn't know to cook!,1562081608.0,1562052808.0,/r/funny/comments/c8642h/told_ya/esk69uf/,funny
95,hondarip,"actually, She ate freely.",1562081464.0,1562052664.0,/r/funny/comments/c867p9/this_is_how_girls_pay_their_bills/esk64rw/,funny
96,hondarip,"“They’re spending $10,000 a day on cards not designed for that purpose,” the report said.",1562081281.0,1562052481.0,/r/USNEWS/comments/c7ukga/border_agents_feared_riots_armed_themselves/esk5y2l/,USNEWS
92,hondarip,US Border Patrol investigate ‘disturbing’ secret Facebook group. ,1562081214.0,1562052414.0,/r/USNEWS/comments/c869dr/us_border_patrol_investigate_disturbing_secret/,USNEWS
97,hondarip,How they can!,1562081119.0,1562052319.0,/r/funny/comments/c7u30g/ouch/esk5s5e/,funny
93,hondarip,"Japan and China look to strengthen ties at G-20 summit, even as Trump looms large. ",1561477082.0,1561448282.0,/r/news/comments/c54mmk/japan_and_china_look_to_strengthen_ties_at_g20/,news
98,hondarip,Panda acted as nothing happened.,1561473526.0,1561444726.0,/r/funny/comments/c53uj8/i_just_love_pandas/erzpabx/,funny
94,hondarip,Soyuz MS-11 returns station crew to Earth after 204 days in space. ,1561473398.0,1561444598.0,/r/science/comments/c53xuh/soyuz_ms11_returns_station_crew_to_earth_after/,science
99,hondarip,Good idea.,1561473244.0,1561444444.0,/r/funny/comments/c52koi/not_stupid_if_it_works/erzp2m7/,funny
95,hondarip,‘Harry Potter: Wizards Unite’ couldn’t match the early success of ‘Pokemon Go’. ,1561470152.0,1561441352.0,/r/Games/comments/c53biz/harry_potter_wizards_unite_couldnt_match_the/,Games
96,hondarip,"Jharkhand Mob Killing: 11 Arrested, Alleged Lapses By Doctor Under Probe. ",1561469495.0,1561440695.0,/r/india/comments/c536z1/jharkhand_mob_killing_11_arrested_alleged_lapses/,india
100,hondarip,Thank you for making us proud. Jai Hind.,1561469423.0,1561440623.0,/r/india/comments/c51zq9/indian_womens_hockey_team_returns_to_india_after/erzlw4z/,india
101,hondarip,Unforgettable moment.,1561469376.0,1561440576.0,/r/india/comments/c52jf1/on_this_day_in_1983_india_won_its_maiden_cricket/erzluni/,india
102,hondarip,He tried in every way.,1561469159.0,1561440359.0,/r/funny/comments/c52l04/its_hurt_too_see_this/erzlno6/,funny
97,hondarip,Four Carnival Cruise passengers airlifted to Florida after Bahamas bus crash. ,1561468609.0,1561439809.0,/r/USNEWS/comments/c530rd/four_carnival_cruise_passengers_airlifted_to/,USNEWS
98,hondarip,"Trump Imposes New Economic Sanctions on Iran, Adding to Tensions. ",1561467932.0,1561439132.0,/r/economy/comments/c52vvo/trump_imposes_new_economic_sanctions_on_iran/,economy
103,hondarip,Why can't you replace with the adult head!,1561467806.0,1561439006.0,/r/funny/comments/c52mix/i_need_better_friends/erzkemz/,funny
104,hondarip,All eyes on him!,1561467511.0,1561438711.0,/r/funny/comments/c52mix/i_need_better_friends/erzk4jm/,funny
99,hondarip,Migrant Children Moved From Border Patrol Center After Outcry. ,1561467425.0,1561438625.0,/r/worldnews/comments/c52s3g/migrant_children_moved_from_border_patrol_center/,worldnews
105,hondarip,being on time,1561465245.0,1561436445.0,/r/AskReddit/comments/c529kr/whats_one_mistake_you_keep_repeating_and_repeating/erzhvmy/,AskReddit
106,hondarip,Hear songs which you enjoyed during your childhood,1561465167.0,1561436367.0,/r/AskReddit/comments/c52bkn/what_advice_do_you_have_for_making_time_feel_like/erzhsqo/,AskReddit
100,hondarip,"Unemployment is anything but chilling out, Li Andersson. ",1561465028.0,1561436228.0,/r/Finland/comments/c52att/unemployment_is_anything_but_chilling_out_li/,Finland
107,hondarip,I hope he plays. At 40 his energy levels are high and looks very enthusiastic. T20 is not just for youngsters.,1561380780.0,1561351980.0,/r/Cricket/comments/c48b3o/south_africa_have_been_eliminated_in_2019_world/erwq7tr/,Cricket
108,hondarip,a pic of a cozy place,1561380691.0,1561351891.0,/r/AskReddit/comments/c4iduk/what_turns_you_on/erwq4u0/,AskReddit
101,hondarip,"""Heavily Investigated"": Trump Brushes Off Calls To Probe Jamal Khashoggi Death. ",1561380618.0,1561351818.0,/r/worldnews/comments/c4iesd/heavily_investigated_trump_brushes_off_calls_to/,worldnews
102,hondarip,"Finland - Europe's most digitally advanced nation,EU Report. ",1560347491.0,1560318691.0,/r/Finland/comments/bznd74/finland_europes_most_digitally_advanced_nationeu/,Finland
103,hondarip,NASA ‘Snoopy’ lunar module likely found 50 years after being jettisoned into space. ,1560253014.0,1560224214.0,/r/space/comments/bz7huj/nasa_snoopy_lunar_module_likely_found_50_years/,space
109,hondarip,"Bad things teach us lessons and i wont want to z it. Take life as it comes. 

I like this quote 

Life is not all about circumstances its is about how you react to it.",1560250615.0,1560221815.0,/r/AskReddit/comments/bz73gn/what_part_of_your_life_do_you_wish_you_could_ctrlz/eqqicq1/,AskReddit
104,hondarip,"Vancouver condo developers offer free wine,avocado toast for a year to woo buyers. ",1560250439.0,1560221639.0,/r/canada/comments/bz7378/vancouver_condo_developers_offer_free_wineavocado/,canada
105,hondarip,Couple wins millions using lottery loophole. ,1560249709.0,1560220909.0,/r/news/comments/bz6ys8/couple_wins_millions_using_lottery_loophole/,news
106,hondarip,"Condo developers offer free wine , avocado toast for a year to woo buyers. ",1560249631.0,1560220831.0,/r/vancouver/comments/bz6yc3/condo_developers_offer_free_wine_avocado_toast/,vancouver
107,hondarip,Thoughts on the U.S. U-20's 1-0 win over Qatar to advance at World Cup. ,1559318497.0,1559289697.0,/r/soccer/comments/bv4s7v/thoughts_on_the_us_u20s_10_win_over_qatar_to/,soccer
108,hondarip,MLB’s attendance problem is getting worse. ,1559316236.0,1559287436.0,/r/mlb/comments/bv4itx/mlbs_attendance_problem_is_getting_worse/,mlb
110,hondarip,And have a grilled chicken.,1559315922.0,1559287122.0,/r/funny/comments/bv3q9s/the_tattoo_to_end_all_tattoos/epl46mv/,funny
109,hondarip,"Pascal Siakam, Raptors Already Putting Kevin Durant-Less Warriors on Notice. ",1559315447.0,1559286647.0,/r/nba/comments/bv4fd5/pascal_siakam_raptors_already_putting_kevin/,nba
110,hondarip,"At Disneyland’s new ‘Star Wars’ attraction, brace yourself for $200 lightsabers, $42 cocktails and 4 a.m. lines. ",1559314703.0,1559285903.0,/r/entertainment/comments/bv4bup/at_disneylands_new_star_wars_attraction_brace/,entertainment
111,hondarip,They sell everything that is black!,1559314212.0,1559285412.0,/r/funny/comments/bv3pwr/oops/epl1cuw/,funny
111,hondarip,World Cup 2019: Pakistan opener Fakhar Zaman pulls all short balls – and no punches. ,1559314055.0,1559285255.0,/r/Cricket/comments/bv48y9/world_cup_2019_pakistan_opener_fakhar_zaman_pulls/,Cricket
112,hondarip,"It's me, Mom.",1559226624.0,1559197824.0,/r/funny/comments/buoqtz/unexpected_small_creature/epfla8b/,funny
113,hondarip,His legs going like an ostrich.,1559226124.0,1559197324.0,/r/funny/comments/buovu4/almost_almost_almost_nahhhh/epfk368/,funny
112,hondarip,"""Sachin Opens Again"": Sachin Tendulkar Set For Another Debut In World Cup Opener. ",1559225920.0,1559197120.0,/r/Cricket/comments/bupr11/sachin_opens_again_sachin_tendulkar_set_for/,Cricket
113,hondarip,"Was Mumbai doctor Payal Tadvi murdered? Post mortem report finds bruises on neck, body. ",1559224586.0,1559195786.0,/r/india/comments/bupkyb/was_mumbai_doctor_payal_tadvi_murdered_post/,india
114,hondarip,Because we are the die-hard fan of Neasamani.,1559222370.0,1559193570.0,/r/india/comments/bup6lb/who_is_contractor_neasamani_and_why_is_the_world/epfb27b/,india
114,hondarip,Will Apple's roots in China hold fast amid political storm?. ,1559221772.0,1559192972.0,/r/economy/comments/bup7yj/will_apples_roots_in_china_hold_fast_amid/,economy
115,hondarip,Best ECO system.,1559221293.0,1559192493.0,/r/funny/comments/bup0ko/my_wife_just_got_this/epf8cdq/,funny
115,hondarip,"Jim Jordan: Mueller statement, Russia investigation report offered 'same darn conclusion'. ",1559221171.0,1559192371.0,/r/USNEWS/comments/bup4xc/jim_jordan_mueller_statement_russia_investigation/,USNEWS
116,hondarip,"After he wakes up and realizes that, there are no more pizzas left inside the pizza box!",1559221114.0,1559192314.0,/r/funny/comments/buozyx/how_to_lose_1500_calories_while_you_sleep/epf7vkn/,funny
117,hondarip,Lol!,1559220804.0,1559192004.0,/r/funny/comments/bup04u/funny_crazy_shit/epf72ap/,funny
118,hondarip,I couldn't see it funny.,1559220728.0,1559191928.0,/r/funny/comments/bup221/oops/epf6vmi/,funny
116,hondarip,Israeli Parliament Schedules Unprecedented Early Elections. ,1559220551.0,1559191751.0,/r/worldnews/comments/bup1u6/israeli_parliament_schedules_unprecedented_early/,worldnews
119,hondarip,What a F\*\*\*,1559157192.0,1559128392.0,/r/funny/comments/bu0kq6/i_guess_its_fing_good_frozen_yogurt/epai5q6/,funny
117,hondarip,Off-Season Watch: Why Kessel nixed trade to Wild. ,1559157065.0,1559128265.0,/r/nhl/comments/budaxt/offseason_watch_why_kessel_nixed_trade_to_wild/,nhl
120,hondarip,Oh shit! Get off from me.,1559154457.0,1559125657.0,/r/funny/comments/bu4zgk/no_no_no_no_nooo_god_no/epacbhr/,funny
118,hondarip,DNC to raise polling and fundraising bars for 3rd debate. ,1559154350.0,1559125550.0,/r/USNEWS/comments/bucwqs/dnc_to_raise_polling_and_fundraising_bars_for_3rd/,USNEWS
121,hondarip,That guys look! Lol.,1559154344.0,1559125544.0,/r/funny/comments/bu69yp/a_little_bit_of_magic/epac2i2/,funny
119,hondarip,Investor wealth soars Rs 5.33 lakh crore as exit polls predict return of NDA govt. ,1558395371.0,1558366571.0,/r/india/comments/bqx3cj/investor_wealth_soars_rs_533_lakh_crore_as_exit/,india
122,hondarip,Reading books.. Choose ones which u like most.. you can spend some useful time and all successful persons are good readers.,1558394866.0,1558366066.0,/r/AskReddit/comments/bqwxe3/what_is_a_good_hobby_to_get_into_for_someone_who/eo8go14/,AskReddit
123,hondarip,Engage with something your love...for me netflix..,1558388701.0,1558359901.0,/r/AskReddit/comments/bqvngo/how_do_you_get_through_your_day_faster/eo87zvy/,AskReddit
120,hondarip,Driverless Cars Working Together Can Speed Up Traffic By 35%. ,1558388308.0,1558359508.0,/r/SelfDrivingCars/comments/bqvnb6/driverless_cars_working_together_can_speed_up/,SelfDrivingCars
124,hondarip,One difference.. Algorithms follow commands.. Humans doesn't follow rules,1558385588.0,1558356788.0,/r/Futurology/comments/bqtj0y/driverless_cars_working_together_can_speed_up/eo843f0/,Futurology
121,hondarip,Billionaire Surprises 400 Graduates With $10 Million Loan Pay-Off Promise. ,1558385467.0,1558356667.0,/r/news/comments/bqv570/billionaire_surprises_400_graduates_with_10/,news
122,hondarip,Chicago becomes first major city to tax streaming sites. Collects $2 million ‘Netflix Tax’ to bolster city coffers. ,1558384742.0,1558355942.0,/r/chicago/comments/bqv0sk/chicago_becomes_first_major_city_to_tax_streaming/,chicago
125,hondarip,I dont have a specific one. But like those moments spent with school day friends...,1558384611.0,1558355811.0,/r/AskReddit/comments/bquzir/whats_your_funniest_drunk_stories/eo82web/,AskReddit
126,hondarip,lol...,1548767488.0,1548738688.0,/r/Cricket/comments/aktu0c/icc_t20_world_cup_2020_super_12_groups/ef8jone/,Cricket
127,hondarip,[Another One](https://i.imgur.com/CHc8wGA.jpg),1548767386.0,1548738586.0,/r/Amanda_Seyfried/comments/akbp3z/i_adore_her/ef8jkjc/,Amanda_Seyfried
128,hondarip,[Pretty](https://2.bp.blogspot.com/-xnl5Lt_7gWA/Wct0S69hpPI/AAAAAAAB2pM/tvHKLQTW6_0m1AE5sRWsnTX-2dae-r-5QCLcBGAs/s1600/1436827285_475563844_amanda-seyfried-zoom.jpg),1548766792.0,1548737992.0,/r/gentlemanboners/comments/aktxkg/amanda_seyfried/ef8ivpj/,gentlemanboners
129,hondarip,"amazing

&#x200B;",1548766094.0,1548737294.0,/r/CozyPlaces/comments/akskfh/an_ultra_cozy_loft_in_la/ef8i1d6/,CozyPlaces
123,hondarip,Book Cafe. ,1548765724.0,1548736924.0,/r/CozyPlaces/comments/akwhh5/book_cafe/,CozyPlaces
124,hondarip,Georgia Ellenwood. ,1498661541.0,1498632741.0,/r/SkinnyWithAbs/comments/6jywz4/georgia_ellenwood/,SkinnyWithAbs
125,hondarip,Alice Matos. ,1498659534.0,1498630734.0,/r/hardbodies/comments/6jys68/alice_matos/,hardbodies
126,hondarip,Janna Breslin. ,1498658205.0,1498629405.0,/r/JustFitnessGirls/comments/6jyorz/janna_breslin/,JustFitnessGirls
