,author,body,created,created_utc,permalink,subreddit
0,josephwilkinson,How do you manage your finances if you have multiple properties?. How to you analyze/track payments through your bank account for multiple properties? Do you find it difficult?,1574061709.0,1574032909.0,/r/PropertyManagement/comments/dxuglh/how_do_you_manage_your_finances_if_you_have/,PropertyManagement
1,josephwilkinson,[Discussion] Have you ever use a telehealth service?. what was your experience like? did you encounter and problems?,1574059742.0,1574030942.0,/r/healthcare/comments/dxu0pc/discussion_have_you_ever_use_a_telehealth_service/,healthcare
2,josephwilkinson,"Telehealth, what are the problems with these services?. [removed]",1574058931.0,1574030131.0,/r/healthcare/comments/dxtu52/telehealth_what_are_the_problems_with_these/,healthcare
3,josephwilkinson,How to Be Better than 90% of Freelancers. [removed],1573714635.0,1573685835.0,/r/startup/comments/dvzz9a/how_to_be_better_than_90_of_freelancers/,startup
0,josephwilkinson,this an amazing list!,1573711974.0,1573683174.0,/r/Entrepreneur/comments/dvyvzl/i_made_an_animated_summary_of_the_100_startup_by/f7fnh3k/,Entrepreneur
1,josephwilkinson,https://startups.co.uk/grants-for-starting-a-business-what-small-business-grants-are-available/,1573711181.0,1573682381.0,/r/Entrepreneur/comments/dvwdu9/how_to_find_an_investor_for_a_relatively_small/f7fm55b/,Entrepreneur
2,josephwilkinson,You can look for a grant,1573710582.0,1573681782.0,/r/Entrepreneur/comments/dvwdu9/how_to_find_an_investor_for_a_relatively_small/f7fl6oh/,Entrepreneur
3,josephwilkinson,whats this?,1573704053.0,1573675253.0,/r/realtors/comments/duydip/when_a_house_is_sold_how_is_all_the_paperwork/f7fa05w/,realtors
4,josephwilkinson,Freelancing: Why does the agency always win?. [removed],1573624704.0,1573595904.0,/r/Entrepreneur/comments/dvh81m/freelancing_why_does_the_agency_always_win/,Entrepreneur
5,josephwilkinson,Freelancing: Why does the agency always win?. [removed],1573537269.0,1573508469.0,/r/digitalnomad/comments/duzjx5/freelancing_why_does_the_agency_always_win/,digitalnomad
4,josephwilkinson,Are you a realtor? do you talk to all parties involved>,1573535267.0,1573506467.0,/r/realtors/comments/duydip/when_a_house_is_sold_how_is_all_the_paperwork/f79eocx/,realtors
6,josephwilkinson,"When a house is sold, how is all the paperwork coordenated?. How does the realtor, solicitor, buyer, seller conveyor, mortgage broker all communicate? Does this lack of transparency lead to sales breaking down?",1573532776.0,1573503976.0,/r/realtors/comments/duydip/when_a_house_is_sold_how_is_all_the_paperwork/,realtors
7,josephwilkinson,"Three quarters of renters want to buy, but not if it lengthens their commute.  Three quarters (75%) of renters in the UK would consider buying a property, but not if it significantly lengthened their commute, a new study has found. A survey of 2,000 private renters by Landbay revealed that on average, commuters will only consider switching from the private rented sector to homeownership if their journey time would not increase by more than 17 minutes. Would you agree?",1573531902.0,1573503102.0,/r/FinancialPlanning/comments/duy581/three_quarters_of_renters_want_to_buy_but_not_if/,FinancialPlanning
8,josephwilkinson,"Three quarters of renters want to buy, but not if it lengthens their commute.  Three quarters (75%) of renters in the UK would considering buying a property, but not if it significantly lengthened their commute, a new study has found.  A survey of 2,000 private renters by Landbay revealed that on average, commuters will only consider switching from the private rented sector to homeownership if their journey time would not increase by more than 17 minutes. Would you agree?",1573529130.0,1573500330.0,/r/UKPersonalFinance/comments/duxf35/three_quarters_of_renters_want_to_buy_but_not_if/,UKPersonalFinance
9,josephwilkinson,Warren Buffet recommends investing in real estate however ...... [removed],1573105614.0,1573076814.0,/r/investing/comments/dsn6iw/warren_buffet_recommends_investing_in_real_estate/,investing
7,josephwilkinson,"I see, I am new to this, what are the checks they perform?",1572823432.0,1572794632.0,/r/UKPersonalFinance/comments/dqo3wq/why_do_many_house_sales_fall_through/f6dj2kx/,UKPersonalFinance
8,josephwilkinson,"Really, whats the reason for this?",1572762108.0,1572733308.0,/r/UKPersonalFinance/comments/dqo3wq/why_do_many_house_sales_fall_through/f68zjjn/,UKPersonalFinance
10,josephwilkinson,Why do many house sales fall through?. What are the most common reasons?,1572747615.0,1572718815.0,/r/UKPersonalFinance/comments/dqo3wq/why_do_many_house_sales_fall_through/,UKPersonalFinance
11,josephwilkinson,Is Tesla’s dats open to developers?. Is it possible to access self driving car data?,1572592856.0,1572564056.0,/r/SelfDrivingCars/comments/dpvus5/is_teslas_dats_open_to_developers/,SelfDrivingCars
12,josephwilkinson,"What are the main costs of buying a property?. I am considering buying my first house or renting, what are the major costs of buying I  need to be aware of?",1572326709.0,1572297909.0,/r/UKPersonalFinance/comments/dofok2/what_are_the_main_costs_of_buying_a_property/,UKPersonalFinance
13,josephwilkinson,why does it take on average 50 days to sell a property?. according to zoopla -  [https://www.zoopla.co.uk/discover/property-news/how-long-it-takes-to-sell-a-property/#0PJPIpY2UkyvRJvH.97](https://www.zoopla.co.uk/discover/property-news/how-long-it-takes-to-sell-a-property/#0PJPIpY2UkyvRJvH.97),1572238163.0,1572209363.0,/r/Money/comments/dnz2fy/why_does_it_take_on_average_50_days_to_sell_a/,Money
9,josephwilkinson,"wow thats fast!, any ideas why so fast?",1572237450.0,1572208650.0,/r/RealEstate/comments/dnjnd1/why_does_it_take_on_average_6_months_to_sell_a/f5hwjdv/,RealEstate
10,josephwilkinson,Would you say the huge cost is that of a deposit? or are there other hidden costs?,1572237059.0,1572208259.0,/r/RealEstate/comments/dnjnd1/why_does_it_take_on_average_6_months_to_sell_a/f5huzkd/,RealEstate
14,josephwilkinson,Whats the most difficult part about growing and sustaining a youtube channel?. [removed],1572153534.0,1572124734.0,/r/youtube/comments/dnjxs6/whats_the_most_difficult_part_about_growing_and/,youtube
15,josephwilkinson,"Why does it take on average 6 months to sell a house, however 22 days to let out the property?. What would you say the factors behind this?",1572152195.0,1572123395.0,/r/RealEstate/comments/dnjnd1/why_does_it_take_on_average_6_months_to_sell_a/,RealEstate
11,josephwilkinson,"I see, how does ACH work? Does this improve your debtor days?",1571634503.0,1571605703.0,/r/QuickBooks/comments/dkatxh/how_can_quick_books_help_me_chase_my_debtor/f4ikqrw/,QuickBooks
16,josephwilkinson,How can quick books help me chase my debtor invoices?. ,1571553278.0,1571524478.0,/r/QuickBooks/comments/dkatxh/how_can_quick_books_help_me_chase_my_debtor/,QuickBooks
12,josephwilkinson,whats shortest period you have rented for?,1571375701.0,1571346901.0,/r/personalfinance/comments/divts6/what_is_the_main_driving_factor_behind_generation/f440hsl/,personalfinance
13,josephwilkinson,"Thanks for your response, do you rent yourself?",1571375607.0,1571346807.0,/r/personalfinance/comments/divts6/what_is_the_main_driving_factor_behind_generation/f4407it/,personalfinance
17,josephwilkinson,What is the main driving factor behind generation rent?. Apparently this trend is increasing,1571288866.0,1571260066.0,/r/personalfinance/comments/divts6/what_is_the_main_driving_factor_behind_generation/,personalfinance
18,josephwilkinson,What is the main driving factor behind millennial's becoming generation rent?. [removed],1571288263.0,1571259463.0,/r/personalfinance/comments/divoe6/what_is_the_main_driving_factor_behind/,personalfinance
14,josephwilkinson,">NIHR  
>  
>,

I see, sounds like pharma is only responsible for a minority of clinical funding? Any ideas why this may be?",1571278721.0,1571249921.0,/r/nhs/comments/dievbi/where_does_funding_for_clinical_trails_come_from/f3y7tik/,nhs
19,josephwilkinson,Where does funding for clinical trails come from?. [removed],1571204880.0,1571176080.0,/r/healthcare/comments/dif2f1/where_does_funding_for_clinical_trails_come_from/,healthcare
20,josephwilkinson,Where does funding for clinical trails come from?. ,1571204056.0,1571175256.0,/r/nhs/comments/dievbi/where_does_funding_for_clinical_trails_come_from/,nhs
15,josephwilkinson,What made you choose this option?,1571117836.0,1571089036.0,/r/homeowners/comments/dhfhy7/as_a_first_time_house_buyer_would_you_pay_a/f3rkm6p/,homeowners
16,josephwilkinson,"I was thinking if someone gave me a 10% deposit and they owned 10% of the house, however, I had to pay them a monthly fee. This would be was separate from my mortgage as in the UK 100% mortgages are not allowed.",1571102310.0,1571073510.0,/r/homeowners/comments/dhfhy7/as_a_first_time_house_buyer_would_you_pay_a/f3qefxb/,homeowners
21,josephwilkinson,Why is tiktok exploding right now?. ,1571030096.0,1571001296.0,/r/socialmedia/comments/dhgp26/why_is_tiktok_exploding_right_now/,socialmedia
22,josephwilkinson,"Only 3% of doctors are involved in clinical trials, why is this rate so low?. [removed]",1571026201.0,1570997401.0,/r/AskDocs/comments/dhfsxn/only_3_of_doctors_are_involved_in_clinical_trials/,AskDocs
23,josephwilkinson,"As a first time house buyer, would you pay a higher monthly morgage repayment if no intial deposit was required?. Have you managed to save up for your initial deposit?",1571025540.0,1570996740.0,/r/UKPersonalFinance/comments/dhfnbg/as_a_first_time_house_buyer_would_you_pay_a/,UKPersonalFinance
24,josephwilkinson,"As a first time house buyer, would you pay a higher monthly morgage repayment if no intial deposit was required?. ",1571024889.0,1570996089.0,/r/homeowners/comments/dhfhy7/as_a_first_time_house_buyer_would_you_pay_a/,homeowners
17,josephwilkinson,How large is the company?,1571024546.0,1570995746.0,/r/smallbusiness/comments/dgx5hw/how_often_do_you_need_talent_from_different/f3n8epu/,smallbusiness
18,josephwilkinson,which teams where involved in this one?,1571024515.0,1570995715.0,/r/smallbusiness/comments/dgx5hw/how_often_do_you_need_talent_from_different/f3n8bfy/,smallbusiness
19,josephwilkinson,I see how many people were involved?,1571023202.0,1570994402.0,/r/smallbusiness/comments/dgx5hw/how_often_do_you_need_talent_from_different/f3n2rfc/,smallbusiness
20,josephwilkinson,would you mind sharing what the project involved?,1570935697.0,1570906897.0,/r/smallbusiness/comments/dgx5hw/how_often_do_you_need_talent_from_different/f3g35fu/,smallbusiness
21,josephwilkinson,When was the last time for you?,1570926855.0,1570898055.0,/r/smallbusiness/comments/dgx5hw/how_often_do_you_need_talent_from_different/f3fjgs2/,smallbusiness
25,josephwilkinson,How often do you need talent from different departments finance/marketeting/web development to work on the same project?. ,1570925546.0,1570896746.0,/r/smallbusiness/comments/dgx5hw/how_often_do_you_need_talent_from_different/,smallbusiness
26,josephwilkinson,Apparently 2 out 3 projects fail because of an inability to find the right talent. do you agree?,1570924591.0,1570895791.0,/r/smallbusiness/comments/dgwy09/apparently_2_out_3_projects_fail_because_of_an/,smallbusiness
27,josephwilkinson,Why are only 3% of doctors involved in clinical trials?. ,1570771404.0,1570742604.0,/r/AskReddit/comments/dg4se3/why_are_only_3_of_doctors_involved_in_clinical/,AskReddit
28,josephwilkinson,Are there any property sources out there?. [removed],1570599468.0,1570570668.0,/r/RealEstate/comments/df6qyo/are_there_any_property_sources_out_there/,RealEstate
22,josephwilkinson,"This could be coded into the map, especially when all cars are using the map",1570595066.0,1570566266.0,/r/SelfDrivingCars/comments/dep3lt/how_important_is_it_that_selfdriving_cars_can/f311dpa/,SelfDrivingCars
23,josephwilkinson,"I see the construction workers submitting requests to the central council, only they can update the map",1570594745.0,1570565945.0,/r/SelfDrivingCars/comments/dep3lt/how_important_is_it_that_selfdriving_cars_can/f310ski/,SelfDrivingCars
24,josephwilkinson,Yes that is how I imagined it to. It would be the local council who would govern the area.,1570594481.0,1570565681.0,/r/SelfDrivingCars/comments/dep3lt/how_important_is_it_that_selfdriving_cars_can/f310bdh/,SelfDrivingCars
25,josephwilkinson,"I would suspect govement maps are outdated becuase they are not linked to the live real world.

The same I believe is true for psychical signs, they must become outdated yet are still in place. It would be easier for all party to push a digital switch.",1570594423.0,1570565623.0,/r/SelfDrivingCars/comments/dep3lt/how_important_is_it_that_selfdriving_cars_can/f3107ot/,SelfDrivingCars
26,josephwilkinson,Wow I didn't know that.  So I imagine the vast majority of patients ware ruled out on that basis?,1570594083.0,1570565283.0,/r/AskReddit/comments/deq2sf/why_is_recruitment_for_clinical_trails_so/f30zk66/,AskReddit
27,josephwilkinson,"I see, thanks for the insight. Can you give an example of a small and big job?",1570592707.0,1570563907.0,/r/smallbusiness/comments/de89ur/why_would_you_hire_an_agency_over_a_freelancer_as/f30wyr8/,smallbusiness
29,josephwilkinson,Why is recruitment for clinical trails so difficult?. ,1570512460.0,1570483660.0,/r/AskReddit/comments/deq2sf/why_is_recruitment_for_clinical_trails_so/,AskReddit
28,josephwilkinson,Can you expand on the objections?,1570512233.0,1570483433.0,/r/smallbusiness/comments/de89ur/why_would_you_hire_an_agency_over_a_freelancer_as/f2xwq8z/,smallbusiness
29,josephwilkinson,"I envisioned the local council updating the map, organisations are able to submit requests to the council. The local council act as almost air traffic control for their area.",1570511812.0,1570483012.0,/r/SelfDrivingCars/comments/dep3lt/how_important_is_it_that_selfdriving_cars_can/f2xvhc1/,SelfDrivingCars
30,josephwilkinson,I was thinking the road signs could be programmed into a digital map which all cars read from.,1570510688.0,1570481888.0,/r/SelfDrivingCars/comments/dep3lt/how_important_is_it_that_selfdriving_cars_can/f2xs4yz/,SelfDrivingCars
31,josephwilkinson,How come?,1570508820.0,1570480020.0,/r/SelfDrivingCars/comments/dep3lt/how_important_is_it_that_selfdriving_cars_can/f2xmdw9/,SelfDrivingCars
30,josephwilkinson,How important is it that self-driving cars can read road signs?. Will road signs still be in use in 20 years from now?,1570508336.0,1570479536.0,/r/SelfDrivingCars/comments/dep3lt/how_important_is_it_that_selfdriving_cars_can/,SelfDrivingCars
31,josephwilkinson,How long per week do you usually spend chasing debtor payments?. [removed],1570506541.0,1570477741.0,/r/Construction/comments/deons2/how_long_per_week_do_you_usually_spend_chasing/,Construction
32,josephwilkinson,Have you hired an agency in the past?,1570504927.0,1570476127.0,/r/smallbusiness/comments/de89ur/why_would_you_hire_an_agency_over_a_freelancer_as/f2xbz1o/,smallbusiness
33,josephwilkinson,How does the auto e-transfer work?,1570504866.0,1570476066.0,/r/business/comments/de9gwo/how_much_time_per_month_do_you_spend_chasing/f2xbuv9/,business
38,josephwilkinson,I would look at the average P/E ratio of publicly listed companies in your industry.,1570426340.0,1570397540.0,/r/smallbusiness/comments/ddwrpy/selling_business_price/f2tmznv/,smallbusiness
32,josephwilkinson,How much time per month do you spend chasing debtor invoice?. Is this a time consuming task for you?,1570425042.0,1570396242.0,/r/business/comments/de9gwo/how_much_time_per_month_do_you_spend_chasing/,business
39,josephwilkinson,"I would have thought the returns where higher in the real estate market, when including rent and capital appreciation.",1570424650.0,1570395850.0,/r/investing/comments/de7vvc/why_choose_the_stock_market_over_real_estate/f2timan/,investing
40,josephwilkinson,The fact you are basing my intelligence on the country I am from does not prove your point,1570422797.0,1570393997.0,/r/investing/comments/de7vvc/why_choose_the_stock_market_over_real_estate/f2temyt/,investing
41,josephwilkinson,"In 2008 the FTSE dropped 45%, the property market dropped 15% because it takes longer to sell a property.",1570421795.0,1570392995.0,/r/investing/comments/de7vvc/why_choose_the_stock_market_over_real_estate/f2tbsy1/,investing
42,josephwilkinson,Companies' products can go out of favor however we always need somewhere to live and so real estate always has demand.,1570420913.0,1570392113.0,/r/investing/comments/de7vvc/why_choose_the_stock_market_over_real_estate/f2t9ehi/,investing
43,josephwilkinson,What would be the main barrier for you? do you invest in the stock market instead?,1570420820.0,1570392020.0,/r/investing/comments/de7vvc/why_choose_the_stock_market_over_real_estate/f2t8ved/,investing
44,josephwilkinson,If anything I would like to buy more in a recession,1570420738.0,1570391938.0,/r/investing/comments/de7vvc/why_choose_the_stock_market_over_real_estate/f2t8n0a/,investing
45,josephwilkinson,"The best investments are for the long term, so there not being able to sell easily I would see as an advantage.",1570420424.0,1570391624.0,/r/investing/comments/de7vvc/why_choose_the_stock_market_over_real_estate/f2t7sql/,investing
46,josephwilkinson,Do you invest in both?,1570420201.0,1570391401.0,/r/investing/comments/de7vvc/why_choose_the_stock_market_over_real_estate/f2t6yrl/,investing
47,josephwilkinson,"You can, I guess I meant if you had a fixed some to pick. Do you invest in ethier?",1570420132.0,1570391332.0,/r/investing/comments/de7vvc/why_choose_the_stock_market_over_real_estate/f2t6r0o/,investing
48,josephwilkinson,"Please, can you expand?",1570420076.0,1570391276.0,/r/investing/comments/de7vvc/why_choose_the_stock_market_over_real_estate/f2t6ct8/,investing
49,josephwilkinson,The same applies to the stock market?,1570420023.0,1570391223.0,/r/investing/comments/de7vvc/why_choose_the_stock_market_over_real_estate/f2t675t/,investing
33,josephwilkinson,Why would you hire an agency over a freelancer as an SME?. What would you look for in an agency if you were to hire one over a freelancer?,1570419937.0,1570391137.0,/r/smallbusiness/comments/de89ur/why_would_you_hire_an_agency_over_a_freelancer_as/,smallbusiness
50,josephwilkinson,You can take out a mortgage so you only have to pay the deposit?,1570419047.0,1570390247.0,/r/investing/comments/de7vvc/why_choose_the_stock_market_over_real_estate/f2t2w9c/,investing
34,josephwilkinson,Why choose the stock market over real estate?. Why should one choose to invest in the stock market over real estate? Which do you prefer to invest in?,1570418236.0,1570389436.0,/r/investing/comments/de7vvc/why_choose_the_stock_market_over_real_estate/,investing
51,josephwilkinson,Tell me more about these whale projects? What kind of work are they?,1570407784.0,1570378984.0,/r/digitalnomad/comments/ddmg1i/how_do_you_find_work_as_a_remote_freelancer/f2s34uv/,digitalnomad
52,josephwilkinson,Is there little competition for this spefics kind of work?,1570407329.0,1570378529.0,/r/digitalnomad/comments/ddmg1i/how_do_you_find_work_as_a_remote_freelancer/f2s1icd/,digitalnomad
53,josephwilkinson,"I would say Entrepreneurs only make more money if there is demand, which isnt usually the case. Least with freelancing you know the client exits.",1570407191.0,1570378391.0,/r/digitalnomad/comments/ddmg1i/how_do_you_find_work_as_a_remote_freelancer/f2s1543/,digitalnomad
54,josephwilkinson,Are the projects similar to the ones you would find on upwork?,1570407058.0,1570378258.0,/r/digitalnomad/comments/ddmg1i/how_do_you_find_work_as_a_remote_freelancer/f2s0jml/,digitalnomad
55,josephwilkinson,"I see, do the high priced jobs require specialist skills?",1570406625.0,1570377825.0,/r/digitalnomad/comments/ddmg1i/how_do_you_find_work_as_a_remote_freelancer/f2rz1fg/,digitalnomad
56,josephwilkinson,I see and how long would you have to run this software before you find work? Do clients ever ask for work which you do not have the skills to complete?,1570406463.0,1570377663.0,/r/digitalnomad/comments/ddmg1i/how_do_you_find_work_as_a_remote_freelancer/f2ryjd7/,digitalnomad
57,josephwilkinson,"That's really interesting! would you say running the scraper and emailing is something anyone could do? How do the scraper find websites? 

Is it efficient if it always captures the wrong email? sounds frustrating to use?

Sorry what do you mean by content mill?",1570340005.0,1570311205.0,/r/digitalnomad/comments/ddmg1i/how_do_you_find_work_as_a_remote_freelancer/f2n3aks/,digitalnomad
58,josephwilkinson,Whats your experience at the other airports you fly to?,1570338833.0,1570310033.0,/r/Flights/comments/dddln9/what_is_the_most_frustrating_element_about_taking/f2mz70m/,Flights
59,josephwilkinson,"Do you not check your bags in, or is this for hand luggage?",1570336526.0,1570307726.0,/r/Flights/comments/dddln9/what_is_the_most_frustrating_element_about_taking/f2mq93t/,Flights
60,josephwilkinson,How long was you waiting?,1570336483.0,1570307683.0,/r/Flights/comments/dddln9/what_is_the_most_frustrating_element_about_taking/f2mq405/,Flights
61,josephwilkinson,Where in the world are you?,1570336212.0,1570307412.0,/r/Flights/comments/dddln9/what_is_the_most_frustrating_element_about_taking/f2mp73k/,Flights
62,josephwilkinson,How much time do you spend doing this on average?,1570311189.0,1570282389.0,/r/digitalnomad/comments/ddmg1i/how_do_you_find_work_as_a_remote_freelancer/f2k82yi/,digitalnomad
35,josephwilkinson,Would it be benifical to have your blood screened on a quartily basis?. [removed],1570310333.0,1570281533.0,/r/nutrition/comments/ddn5fv/would_it_be_benifical_to_have_your_blood_screened/,nutrition
36,josephwilkinson,Would it be benifical to have your blood tested on a quartily basis?. [removed],1570308932.0,1570280132.0,/r/medicine/comments/ddmwlx/would_it_be_benifical_to_have_your_blood_tested/,medicine
37,josephwilkinson,How do you find work as a remote freelancer?. I have found that most online platforms are a race to the bottom in terms of price. Are the best projects found still found offline?,1570306241.0,1570277441.0,/r/digitalnomad/comments/ddmg1i/how_do_you_find_work_as_a_remote_freelancer/,digitalnomad
38,josephwilkinson,How do you find work as a freelancer?. [removed],1570306105.0,1570277305.0,/r/freelance/comments/ddmf6t/how_do_you_find_work_as_a_freelancer/,freelance
63,josephwilkinson,"Can check-in online and would not have to drop off, pick up luggage at the airport. It would be waiting for you at your hotel.",1570305916.0,1570277116.0,/r/Flights/comments/dddln9/what_is_the_most_frustrating_element_about_taking/f2jsj7v/,Flights
64,josephwilkinson,Sorry whats $VT?,1570305539.0,1570276739.0,/r/investing/comments/dc0hb9/what_is_your_target_return_per_year_in_stocks/f2jrqne/,investing
65,josephwilkinson,You could post your luggage ahead of time?,1570305435.0,1570276635.0,/r/Flights/comments/dddln9/what_is_the_most_frustrating_element_about_taking/f2jrh7l/,Flights
66,josephwilkinson,"Do you check in online, that would save some time I guess?",1570297174.0,1570268374.0,/r/Flights/comments/dddln9/what_is_the_most_frustrating_element_about_taking/f2j7eyj/,Flights
67,josephwilkinson,"I see, that makes sense. What do you think is the harder problem finding the new deals or that the rent is too small to buy another property with?",1570295865.0,1570267065.0,/r/investing/comments/dcwq0s/real_estate_is_still_the_best_investment_you_can/f2j4aw6/,investing
68,josephwilkinson,That's long term! would you consider any other asset class if it would achieve this?,1570295573.0,1570266773.0,/r/investing/comments/dc0hb9/what_is_your_target_return_per_year_in_stocks/f2j3mh0/,investing
69,josephwilkinson,"That's a valid point. However the compounding of the investment return over the years I believe will have a bigger impact on building the capital base.

Starting with $50K with a 5% compound interest will equal $216k capital in 30 years. With a 10% return per year will $872K capital base. I guess putting investment rate return and saving rate together and you have the perfect storm!",1570295430.0,1570266630.0,/r/investing/comments/dc0hb9/what_is_your_target_return_per_year_in_stocks/f2j3af5/,investing
70,josephwilkinson,Yes it is! have you ever considered other asset classes for a 7% return?,1570294532.0,1570265732.0,/r/investing/comments/dc0hb9/what_is_your_target_return_per_year_in_stocks/f2j171q/,investing
71,josephwilkinson,Where do you see a better return?,1570294343.0,1570265543.0,/r/investing/comments/ddd91m/do_you_invest_in_individual_companies_or_in_a/f2j0rjq/,investing
72,josephwilkinson,Would you consider individual stocks?,1570294322.0,1570265522.0,/r/investing/comments/ddd91m/do_you_invest_in_individual_companies_or_in_a/f2j0pqx/,investing
73,josephwilkinson,What's your % of individual to funds/indexes?,1570294276.0,1570265476.0,/r/investing/comments/ddd91m/do_you_invest_in_individual_companies_or_in_a/f2j0ltz/,investing
74,josephwilkinson,What makes you pick the 80/20 ratio?,1570294235.0,1570265435.0,/r/investing/comments/ddd91m/do_you_invest_in_individual_companies_or_in_a/f2j0id7/,investing
75,josephwilkinson,Ah I was purely thinking of residential housing.  My misunderstanding.,1570252360.0,1570223560.0,/r/investing/comments/dcwq0s/real_estate_is_still_the_best_investment_you_can/f2fwc4b/,investing
39,josephwilkinson,"What is the most frustrating element about taking a flight?. Taking a flight is never as easy as it would seem when booking, what is the most frustrating problems you have experienced when taking a flight?",1570252239.0,1570223439.0,/r/Flights/comments/dddln9/what_is_the_most_frustrating_element_about_taking/,Flights
40,josephwilkinson,Do you invest in individual companies or in a form of tracker or index fund?. How many of us do old fashioned individual stock picking?,1570250695.0,1570221895.0,/r/investing/comments/ddd91m/do_you_invest_in_individual_companies_or_in_a/,investing
76,josephwilkinson,"I see, do you pick individual companies yourself? or would you just invest in a tracker?",1570250485.0,1570221685.0,/r/investing/comments/dc0hb9/what_is_your_target_return_per_year_in_stocks/f2frfgf/,investing
77,josephwilkinson,Why would eCommerce wipe out high real estate returns?,1570249941.0,1570221141.0,/r/investing/comments/dcwq0s/real_estate_is_still_the_best_investment_you_can/f2fq0h4/,investing
78,josephwilkinson,Warren says he would buy single family homes and rent them out if he could manage 2000 units,1570249757.0,1570220957.0,/r/investing/comments/dcwq0s/real_estate_is_still_the_best_investment_you_can/f2fpe5t/,investing
79,josephwilkinson,I would love to know what you mean by harder to compound as appose to stocks?,1570249513.0,1570220713.0,/r/investing/comments/dcwq0s/real_estate_is_still_the_best_investment_you_can/f2fowba/,investing
80,josephwilkinson,"Recessions happen once every 10 years on average, depressions happen once every 75 on average, the last one in 2008. So we are due a recession! However they are not nowhere near as bad as depressions.",1570248976.0,1570220176.0,/r/investing/comments/dd0g3r/interesting_to_me_article_on_business_cycle/f2fnewk/,investing
81,josephwilkinson," I see, thats an impressive saving rate! What would encourage you to invest a higher % rather than save?",1570248658.0,1570219858.0,/r/investing/comments/dc0hb9/what_is_your_target_return_per_year_in_stocks/f2fmoby/,investing
82,josephwilkinson,"I rent out all the rooms in my house so I live rent free, then invest the savings!",1570248291.0,1570219491.0,/r/investing/comments/ddbeb8/does_anyone_live_in_a_cheap_apartment_just_so/f2fljia/,investing
83,josephwilkinson,What makes you pick this figure?,1570247867.0,1570219067.0,/r/investing/comments/dc0hb9/what_is_your_target_return_per_year_in_stocks/f2fkj01/,investing
84,josephwilkinson,"I understand, How long would you be willing to hold to achieve 7%? or would you indefinitely hold if 7% per year?",1570247806.0,1570219006.0,/r/investing/comments/dc0hb9/what_is_your_target_return_per_year_in_stocks/f2fkfbz/,investing
85,josephwilkinson,How long would you be willing to hold to achieve this? or indefinitely hold?,1570247736.0,1570218936.0,/r/investing/comments/dc0hb9/what_is_your_target_return_per_year_in_stocks/f2fk1s8/,investing
86,josephwilkinson,"Guaranteed, zero risk, constant return I'd say. What would be your target rate?",1570247682.0,1570218882.0,/r/investing/comments/dc0hb9/what_is_your_target_return_per_year_in_stocks/f2fjy14/,investing
87,josephwilkinson,Target saving rate?,1570247444.0,1570218644.0,/r/investing/comments/dc0hb9/what_is_your_target_return_per_year_in_stocks/f2fjipa/,investing
88,josephwilkinson,I was under the impression the market average was 10%. Is this more than you expected?,1570247175.0,1570218375.0,/r/investing/comments/dc0hb9/what_is_your_target_return_per_year_in_stocks/f2fivt4/,investing
89,josephwilkinson,Let us know how it goes!,1570165800.0,1570137000.0,/r/freelance/comments/d95bxd/freelancers_share_your_productivity_secrets/f2cdpmj/,freelance
41,josephwilkinson,What is your target % return per year in stocks?. Do you have a % target annualized  return you would be happy with?,1569995429.0,1569966629.0,/r/investing/comments/dc0hb9/what_is_your_target_return_per_year_in_stocks/,investing
90,josephwilkinson,Are these standalone projects? How long are they?,1569993524.0,1569964724.0,/r/freelance/comments/dbz11s/responding_to_two_proposals/f252pgx/,freelance
91,josephwilkinson,Work on the quality  if you are struggling with the volume,1569993403.0,1569964603.0,/r/freelance/comments/dbx4jr/behind_on_a_clients_work_what_should_i_do/f252hd5/,freelance
92,josephwilkinson,I definitely agree sending 2 at once helps!,1569993339.0,1569964539.0,/r/freelance/comments/dbx4jr/behind_on_a_clients_work_what_should_i_do/f252d4y/,freelance
93,josephwilkinson,So true!,1569993111.0,1569964311.0,/r/freelance/comments/dbdo7f/accurate_for_me_how_about_you_lot/f251x20/,freelance
94,josephwilkinson,"Wework have their £30 per month package, I think it has two visits per month included.",1569992902.0,1569964102.0,/r/digitalnomad/comments/dag7cw/24_hour_casual_coworking_spaces_am_i_dreaming/f251ix0/,digitalnomad
95,josephwilkinson,I couldn't agree more! The difficult cones from finding decently paid work CONSISTENTLY!,1569992749.0,1569963949.0,/r/digitalnomad/comments/dbpt34/whats_everyone_do/f2518fw/,digitalnomad
96,josephwilkinson,Could even charge your phone too!,1569992404.0,1569963604.0,/r/digitalnomad/comments/dbc4aa/when_you_find_a_coffee_shop_with_outlets_at_every/f250kih/,digitalnomad
97,josephwilkinson,"Stick to 20 minute intervals, have a break for 5.",1569992001.0,1569963201.0,/r/remotework/comments/dbusfv/how_to_be_productive_while_working_from_home/f24zqft/,remotework
42,josephwilkinson,Taking a flight for business?. [removed],1569909244.0,1569880444.0,/r/Entrepreneur/comments/dbizqo/taking_a_flight_for_business/,Entrepreneur
43,josephwilkinson,How do you usually find work?. [removed],1569907820.0,1569879020.0,/r/digitalnomad/comments/dbini6/how_do_you_usually_find_work/,digitalnomad
98,josephwilkinson,Have you considered networking? or building an online following around your LinkedIn profile?,1569906661.0,1569877861.0,/r/digitalnomad/comments/daw33u/finding_remote_marketing_jobs/f21wx4a/,digitalnomad
99,josephwilkinson,"Host your own event, stick an add on Eventbrite hire a host and a few speakers relevant to your niche and start inviting the kind of business you would like to see there.",1569901775.0,1569872975.0,/r/freelance/comments/d3r9td/good_ways_to_find_good_networking_groups/f21jjpv/,freelance
100,josephwilkinson,Having big task days and little task days. It feels great when you can complete 10 short tasks in a day and feels better when you know you have all of tomorrow to focus on 1 task.,1569900219.0,1569871419.0,/r/freelance/comments/d95bxd/freelancers_share_your_productivity_secrets/f21ewsq/,freelance
101,josephwilkinson,"Understand how they are looking to grow their business and see how you can add value to this. Even bring your contacts into the fold to help your clients along even if you yourself do not stand to gain out of it. As you do this you can broarded your skillset to win new clients and become a key connection ""between"" clients.",1569899356.0,1569870556.0,/r/freelance/comments/da638t/how_do_you_continue_building_a_relationship_after/f21cf5t/,freelance
44,josephwilkinson,Finding work as a freelancer?. [removed],1569898959.0,1569870159.0,/r/Freelancers/comments/dbgfii/finding_work_as_a_freelancer/,Freelancers
