,author,body,created,created_utc,permalink,subreddit
0,binarybits,"I don't know how you can say competitors ""haven’t even demonstrated them to be equally capable."" Waymo's self-driving stack is dramatically more capable than Tesla's. They've been able to do reliable 360 degree pedestrian detection for years.",1571254690.0,1571225890.0,/r/SelfDrivingCars/comments/dhrjdi/i_watched_over_100_tesla_smart_summon_videosheres/f3wxrg1/,SelfDrivingCars
0,binarybits,I watched over 100 Tesla Smart Summon videos—here’s what I learned. ,1571093070.0,1571064270.0,/r/SelfDrivingCars/comments/dhrjdi/i_watched_over_100_tesla_smart_summon_videosheres/,SelfDrivingCars
1,binarybits,Maybe the car should refuse to move if asked to Smart Summon in an environment it doesn't understand.,1570070475.0,1570041675.0,/r/SelfDrivingCars/comments/dbyhwg/teslas_smart_summon_accident_while_navigating_a/f27mqmw/,SelfDrivingCars
2,binarybits,If the car is driving itself then engine and transmission damage isn't a risk.,1569617997.0,1569589197.0,/r/Futurology/comments/d9scri/tesla_just_released_a_big_software_update_that/f1maiz6/,Futurology
3,binarybits,"The NTSB isn't part of ""the media.""",1567630966.0,1567602166.0,/r/SelfDrivingCars/comments/czaeu6/ntsb_says_autopilot_engaged_in_2018_california/eyyui25/,SelfDrivingCars
4,binarybits,Sam Abuelsamid and Greg McGuire are not PhD computer scientists but they are both experts on self-driving.,1566600993.0,1566572193.0,/r/SelfDrivingCars/comments/cmpxp9/elon_musk_anyone_relying_on_lidar_is_doomed/extocg9/,SelfDrivingCars
5,binarybits,Two of them were co-authors of the pseudo-lidar paper (a roboticist and a computer vision expert). The third runs the University of Michigan's MCity research lab. The fourth is an industry analyst with an engineering background.,1566595368.0,1566566568.0,/r/SelfDrivingCars/comments/cmpxp9/elon_musk_anyone_relying_on_lidar_is_doomed/extctjj/,SelfDrivingCars
6,binarybits,"I interviewed at least four experts and none of them agreed with Musk's position. You're hardly ever going to get total unanimity, but I think it's safe to say that most experts would agree that Musk might be wrong.",1565300017.0,1565271217.0,/r/SelfDrivingCars/comments/cmpxp9/elon_musk_anyone_relying_on_lidar_is_doomed/ewbric1/,SelfDrivingCars
7,binarybits,What makes you think I'm a dummy?,1565223424.0,1565194624.0,/r/btc/comments/cn4qyu/try_bch_next_time/ew7nvtv/,btc
9,binarybits,"""You retain any ownership rights you have in Your Content, but you grant Reddit the following license to use that Content...""

No one who isn't Reddit gets a license to use a video you upload to Reddit. Theoretically Reddit could sub-license to third parties but as far as I know they don't do that and it's certainly not automatic.",1560833051.0,1560804251.0,/r/IdiotsInCars/comments/c1h23s/ridiotsincars_was_mentioned_in_the_new_york_post/erfb719/,IdiotsInCars
10,binarybits,That is not accurate. You give permission to Reddit (or whatever service you're using) to host it. That doesn't mean anyone else gets a license.,1560832590.0,1560803790.0,/r/IdiotsInCars/comments/c1h23s/ridiotsincars_was_mentioned_in_the_new_york_post/erfahng/,IdiotsInCars
11,binarybits,People are more interested in new and unusual events than commonplace ones.,1559881007.0,1559852207.0,/r/SelfDrivingCars/comments/bxlcrm/why_is_it_that_when_there_is_a_normal_car/eq7rzni/,SelfDrivingCars
12,binarybits,"""Invalid"" isn't a binary concept. No sensible engineer would design a self-driving car to blindly follow its map without checking inputs from other sensors. The question any one time is what percentage of a map's features are still accurate? It might go from 99.99 percent a week after the map is made to 99.9 percent after a month and 99 percent after a year. The year-old map probably still adds some value because it increases the software's confidence for objects where the map and sensors agree, while encouraging the software to be cautious in the rare cases where they don't.",1559680809.0,1559652009.0,/r/SelfDrivingCars/comments/bwgh20/apple_to_scan_all_streets_of_the_us_until_the_end/epyvfrj/,SelfDrivingCars
13,binarybits,That's some serious nitpicking. If there were literally no studies what would the article say? (It's behind the paywall so I haven't actually read it.),1559259792.0,1559230992.0,/r/SelfDrivingCars/comments/bug64n/studies_dont_support_elon_musks_autopilot_safety/ephtrcb/,SelfDrivingCars
14,binarybits,"The headline is ""Studies Don’t Support Elon Musk’s Autopilot Safety Claims."" That is the same thing as ""they don't support the claims of Musk."" What are you talking about?",1559178917.0,1559150117.0,/r/SelfDrivingCars/comments/bug64n/studies_dont_support_elon_musks_autopilot_safety/epc4k8i/,SelfDrivingCars
15,binarybits,This news is 3 weeks old.,1559083597.0,1559054797.0,/r/SelfDrivingCars/comments/bta07k/waymo_and_lyft_partner_to_scale_selfdriving/ep5emek/,SelfDrivingCars
16,binarybits,"""They've already started pulling the safety drivers for some Early Riders."" What's your source for this?",1558651959.0,1558623159.0,/r/SelfDrivingCars/comments/brjdso/could_waymo_map_a_previously_unmapped_city_with/eoimym3/,SelfDrivingCars
17,binarybits,"You might be interested in my deep dive into lidar companies here: https://arstechnica.com/cars/2019/02/the-ars-technica-guide-to-the-lidar-industry/

From my perspective as a report, the companies with the most effective outreach efforts have been Ouster and Blackmore. Both companies have made senior executives available to me and answered in-depth technical questions about how their products work. Ouster also has a real, shipping product with listed prices.

I talked to executives at most of the other companies featured in my article, but found them less forthcoming with details about how their technology works—which obviously doesn't mean their technology isn't as good.",1556491036.0,1556462236.0,/r/SelfDrivingCars/comments/bhrtyh/which_lidar_companies_have_the_most_successful/elzfdu2/,SelfDrivingCars
18,binarybits,"What on earth are you talking about? Self-driving cars are essentially unregulated at the federal level in the US. I don't know of any US regulatory process that involves submitting a ""miles driven/accidents ratio"" and getting an approval. If Tesla had full self-driving software ready to go they could push it out to cars tomorrow and I don't think any regulator would have grounds to object.

Obviously other countries have different laws so I'm sure there are some countries that require pre-approval. But if you're asking about some other country you should specify which one(s) you're asking about.",1555636590.0,1555607790.0,/r/SelfDrivingCars/comments/beemsn/which_company_do_you_think_will_have_the_first/el77ukr/,SelfDrivingCars
19,binarybits,"I feel like you just made the case against Tesla's self-driving strategy. It's going to be many years before it's viable to do a self-driving car without lidar. Lidar is currently too expensive to include in customer-owned cars. Hence, the first self-driving cars are going to come in the form of ride-hailing services, and Tesla's business model isn't going to be a good fit for the first generation of self-driving technology.

I'm sure eventually self-driving technology will become cheap enough to include in customer-owned cars (either because lidar costs come down or we figure out how to do it without lidar). But I think that's likely to take several years after the first taxi services arrive. And the first taxi services haven't even arrived yet! So I'll be shocked if Tesla manages to deliver full self-driving (the kind where the driver can take a nap in the backseat) in the next five years.",1555029639.0,1555000839.0,/r/teslamotors/comments/bbenbz/ars_technica_writer_timothy_lee_consistently/ekn54mt/,teslamotors
20,binarybits,"I have friends at many other news organizations, and every online news organization that's primarily ad-supported evaluates their reporters partly based on the traffic they generate. It's hard to avoid because at the end of the day they need to sell a certain number of ads to cover their costs.

With that said, I don't want to give the impression that traffic is the only or even most important factor in my coverage decisions. I cover lots of stories that I don't expect to bring in significant traffic because I think they're important. And I never let traffic considerations shape the conclusions I reach in a story.",1554950949.0,1554922149.0,/r/teslamotors/comments/bbenbz/ars_technica_writer_timothy_lee_consistently/ekkgmop/,teslamotors
21,binarybits,I've written many negative stories about Uber.,1554950401.0,1554921601.0,/r/teslamotors/comments/bbenbz/ars_technica_writer_timothy_lee_consistently/ekkfpep/,teslamotors
22,binarybits,"It's hard to generalize. I'm sure some topics have a larger audience for positive stories and others for negative stories. For example, I doubt many people are going to click on pro-Comcast stories. But Tesla has a lot of fans who will click on positive stories about Tesla, and I haven't noticed any particular difference between positive and negative Tesla stories.

The situation was similar for Bitcoin at the peak of the last boom in late 2017. You could get a lot of traffic writing negative bitcoin stories but you could also get a lot of traffic writing positive stories.

This also depends on what platform you're talking about. Google News seems to care more about the topic than the specific angle of the story. Google sends a lot of traffic to Tesla stories whether they're positive, negative, or don't have a strong angle one way or the other. That's in contrast to Facebook, for example, which at times has placed a huge premium on ""clickbaity"" headlines. One of the reasons I'm happy to work at Ars is that we get hardly any Facebook traffic. Google is usually our largest external source of traffic.",1554939062.0,1554910262.0,/r/teslamotors/comments/bbenbz/ars_technica_writer_timothy_lee_consistently/ekjxm3c/,teslamotors
23,binarybits,One of the thing I love about working at Ars is the broad editorial freedom I enjoy as a reporter. My editors give me broad guidelines on what to cover (e.g. tech policy and self-driving cars) but I come up with almost all specific story ideas myself and I've never been asked to make substantive changes to stories after they're filed.,1554931338.0,1554902538.0,/r/teslamotors/comments/bbenbz/ars_technica_writer_timothy_lee_consistently/ekjmwr6/,teslamotors
24,binarybits,I love getting emails from readers and try to respond to every one.,1554931206.0,1554902406.0,/r/teslamotors/comments/bbenbz/ars_technica_writer_timothy_lee_consistently/ekjmqrl/,teslamotors
25,binarybits,"Hi folks! Thanks for the thoughtful discussion of my work.

I think it's useful to distinguish between two different questions: (1) Why do I write more about Tesla than other car companies? and (2) Why is the coverage more negative than positive?

On 1, I don't think anyone on this subreddit is going to disagree with me when I say that Tesla is the most interesting car company in the world right now. It's the first major American car company in decades, they're pioneering an important new technology, they have a charismatic founder, etc. So of course I'm going to write about them a lot.

With that said, obviously traffic plays a role. We're a primarily ad-supported business and so we write more about topics that will generate more clicks. Articles about Tesla generate high click-through rates on our home page. Google News, our primary source of external traffic, also sends us a lot of traffic any time we write about Tesla. So do I write about Tesla for clicks? Guilty as charged.

Now for 2: why are many of my articles negative? Here I don't think traffic really plays a role. In my experience, positive articles about Tesla can get traffic as easily as negative ones. In my first year at Ars (starting in July 2017) I wrote a number of positive articles about Tesla and consistently got excellent traffic. Just last week I wrote an article about strong Tesla sales in Norway and that got good traffic. There are lots of Tesla fans out there who will read and share pro-Tesla articles.

So then why are many of my recent articles negative? I'm officially a tech policy reporter, so a lot of the ""bad stuff"" companies encounter—lawsuits, regulatory actions, safety problems, layoffs—fall in my beat. I've covered Ford recalls and GM layoffs in addition to Tesla's troubles with the SEC.

Second, I cover self-driving cars and I'm extremely pessimistic about Tesla's self-driving car strategy. The company appears to be years behind industry leaders like Waymo and Cruise and I simply don't believe it's going to be possible to build a self-driving car without lidar any time in the next decade. So my articles about Autopilot reflect that pessimism.

Overall I'm a Tesla optimist. I think there's little question that Elon Musk has pushed forward the electrification of cars. I've long thought cashflow concerns about Tesla were overblown. But news sites focus on what's new, and most of the recent news about Tesla has been bad.",1554926695.0,1554897895.0,/r/teslamotors/comments/bbenbz/ars_technica_writer_timothy_lee_consistently/ekjholv/,teslamotors
26,binarybits,That video is still prominently featured on Tesla's Autopilot page.,1553206353.0,1553177553.0,/r/teslamotors/comments/b36x27/its_back_after_6_months_of_working_fine_2019515/ej1f78w/,teslamotors
27,binarybits,Level 3 autonomous vehicles are a bad idea.,1552086173.0,1552057373.0,/r/SelfDrivingCars/comments/aypy18/i_am_doing_a_project_on_the_function_of_steering/ei2mwbj/,SelfDrivingCars
28,binarybits,"> The author also admits that Google/others who are relying on LIDAR are no closer to full self driving than Tesla, despite working on it for many years.

Author here. I admitted no such thing. Tesla is still struggling to achieve the level of autonomy Google reached around 2014. Autopilot has been involved in at least two deaths and many other crashes. Waymo's cars have been involved in zero deaths and at fault in only one very minor crash. Obviously this isn't a perfect comparison because Tesla's cars have logged many more miles. But the evidnce that's publicly available strongly suggests that Waymo's technology is safer and more sophisticated.",1552085972.0,1552057172.0,/r/SelfDrivingCars/comments/ayjq3r/tesla_has_a_selfdriving_strategy_other_companies/ei2mmq6/,SelfDrivingCars
29,binarybits,"Here are two reasons for ""all the negativity"":

https://www.nytimes.com/2016/07/02/business/joshua-brown-technology-enthusiast-tested-the-limits-of-his-tesla.html https://arstechnica.com/cars/2018/06/ntsb-autopilot-steered-tesla-car-toward-traffic-barrier-before-deadly-crash/

Testing different approaches is great. Unnecessarily putting peoples' lives in danger is not.

",1552085658.0,1552056858.0,/r/SelfDrivingCars/comments/ayjq3r/tesla_has_a_selfdriving_strategy_other_companies/ei2m8el/,SelfDrivingCars
30,binarybits,"Sorry, but this is nonsense. The abstract of Whitfield's (QCS author) study doesn't even mention the 59 percent increase figure. Whitfield certainly doesn't claim that this figure is a statistically rigorous estimate of Autopilot's impact on crash rates. It's just the best number one can come up with given deeply flawed data.

Ultimately, Whitfield did a major public service by obtaining raw data that discredits NHTSA's flawed methodology. You can download the data and double-check that part of his results yourself, so it doesn't matter very much whether you trust Whitfield.

I don't know who else might have asked him for interviews but he did a lengthy interview with me for this piece. https://arstechnica.com/cars/2019/02/in-2017-the-feds-said-tesla-autopilot-cut-crashes-40-that-was-bogus/",1551838259.0,1551809459.0,/r/SelfDrivingCars/comments/axinnj/tesla_withheld_information_that_may_indicate/ehutxgg/,SelfDrivingCars
31,binarybits,"Tim Lee from Ars here. I've followed Navya's progress and have mentioned them in a few articles. As others have mentioned, they seem to be focusing on the very low end of the market—low-speed, fixed-route shuttles, which makes them seem a little less revolutionary.

I've had conversations with CEOs or other officials at most of the major self-driving startups in the US (Nuro, Udelv, Drive.ai, Optimus Ride, Voyage, May Mobility, Zoox). In most cases the companies' PR people approached me for an interview. I'd love to talk to people at Navya and Easymile, but as far as I know they haven't approached me. And talking to them would be a bit more challenging because of language and time zone issues. But I hope to do so in the future. I'd also love to learn more about Yandex, but haven't had a good opportunity to do so.

The place I really worry about is China, which has a lot of self-driving activity that I've not been following closely at all. The language and time zone barriers there are even more serious there. Also the Chinese market is so big that I think a lot of those companies just don't care that much about coverage in the American media. They're focused on selling their technology in China.
",1551747850.0,1551719050.0,/r/SelfDrivingCars/comments/awyajm/coverage_of_self_driving_cars_companies_and/ehrzmt2/,SelfDrivingCars
32,binarybits,"It's hard to say exactly when they should shift strategies without seeing their internal data, but as a wild-ass guess I'd say they should have re-thought their strategy last summer, which seems to be when they started to realize that they weren't close to ready for a fully driverless launch. Certainly at this point they should be working on some kind of lower-speed, geographically limited service.",1550233697.0,1550204897.0,/r/SelfDrivingCars/comments/aqovdh/googles_waymo_risks_repeating_silicon_valleys/egicsb2/,SelfDrivingCars
33,binarybits,It is definitely possible that I'm wrong.,1550233579.0,1550204779.0,/r/SelfDrivingCars/comments/aqovdh/googles_waymo_risks_repeating_silicon_valleys/egico0n/,SelfDrivingCars
34,binarybits,"As far as I know Waymo isn't being traded separately from Alphabet so I don't think we can say how the market values it.

But I think I would take 1 percent of Nuro over 1 percent of Waymo. And given a choice between 1 percent of Waymo and 1 percent each from five leading startups (say Nuro, Voyage, Optimus Prime, Udelv, and Drive.ai), I'd choose the startups without hesitation.",1550233493.0,1550204693.0,/r/SelfDrivingCars/comments/aqovdh/googles_waymo_risks_repeating_silicon_valleys/egickx2/,SelfDrivingCars
35,binarybits,I somehow did not know about this limitation! I still think SF might be too complicated to be a good initial product but this certainly cuts in Cruise's favor.,1550233285.0,1550204485.0,/r/SelfDrivingCars/comments/aqovdh/googles_waymo_risks_repeating_silicon_valleys/egicddv/,SelfDrivingCars
36,binarybits,Author here. I didn't mean to argue that Waymo won't change its strategy. My claim is just that their current strategy doesn't seem to be working and they ought to change it. I'd love it if my article inspired them to do that.,1550215702.0,1550186902.0,/r/SelfDrivingCars/comments/aqovdh/googles_waymo_risks_repeating_silicon_valleys/eghrt2z/,SelfDrivingCars
37,binarybits,40 degree horizontal view I think.,1548111057.0,1548082257.0,/r/SelfDrivingCars/comments/ai9pn0/livox_lidar_mid40_open_box/eemamf5/,SelfDrivingCars
38,binarybits,"> So you think they aren't targeting delivery of anything except groceries and maybe ready to eat food? I can't think of much else that fits this category and it seems odd that if you have a delivery system you wouldn't use it to compete for all deliveries.

I think their initial target market is perishable and on-demand items that UPS and FedEx don't serve well. That includes groceries but also includes restaurant deliveries and there's probably a market for on-demand purchases where people are willing to pay a few extra bucks to get the product in an hour instead of 2 days. This seems like a significant market on its own and easily enough to cover the costs of developing the R1.

I'm sure that in the future they will try to target other markets as well, and that might mean building larger vehicles. As you say, once they have the self-driving stack this won't actually be that difficult.

If they're successful I expect them to eventually get into the taxi business too, which will of course require a totally different vehicle design. But it makes sense that they're starting with a high-value market and a vehicle that due to low size and weight has a lower probability of killing someone.

> Electric for any vehicle doing deliveries would be assumed. I've run the numbers and ignoring the numbers of deliveries they can make, they will not be significantly cheaper than a normal vehicle. Maybe 2x cheaper than a UPS size vehicle. The reason is electricity is cheap so it's hardly a factor. All the cost is in the depreciation of the rolling stock per mile driven.

Don't you think the depreciation costs of a tiny electric vehicle will be dramatically lower than the depreciation costs on a multi-ton UPS truck? Initially the costs of lidar and computing power will drive up vehicle costs somewhat but those costs should come down quickly with scale.",1547704860.0,1547676060.0,/r/SelfDrivingCars/comments/afrz93/video_of_nuro_delivering_groceries/ee85uhi/,SelfDrivingCars
39,binarybits,"The UPS/FedEx model assumes that you leave packages on the customer's doorstep to be picked up later. Nuro is targeting an on-demand model, with a tighter delivery window and the customer on hand to receive the items. This is the kind of model you need for perishable items like groceries, and it's also potentially more convenient for the customer since it means you can get the product in an hour instead of a couple of days.

Also, I wouldn't necessarily assume that it will cost $0.10/mile to operate these things. I haven't tried to run the numbers myself, but the R1 is an electric vehicle that's much smaller and lighter than a conventional car. At scale it might be possible to operate it much, much more cheaply than a conventional car.",1547596786.0,1547567986.0,/r/SelfDrivingCars/comments/afrz93/video_of_nuro_delivering_groceries/ee4klal/,SelfDrivingCars
40,binarybits,"Indeed, check it several times per day. It's by far the best place to find interesting leads for self-driving car stories.",1547288456.0,1547259656.0,/r/SelfDrivingCars/comments/aez8qo/man_says_ces_lidars_laser_was_so_powerful_it/edv07kf/,SelfDrivingCars
41,binarybits,I thought the difference was that the fluid in the human eye was opaque to light at 1550 nm.,1547261808.0,1547233008.0,/r/SelfDrivingCars/comments/aec9qp/aeye_lidar_permanently_damages_a_dslr_camera_at/edtv2nh/,SelfDrivingCars
42,binarybits,"When you're talking about a technology that can get people killed, we really do need to worry about corner cases!

I would submit that ""preventing accidents in high-risk situations"" is likely to be the hardest part of full autonomy. Obviously there's a lot of other stuff you need to figure out to run an autonomous taxi service, but the core question is whether the car is going to get anyone killed. It seems to me that the testing required to verify that Guardian won't kill anyone is not going to be much easier than the testing required to verify that a Waymo-style taxi service won't kill anyone. And with a Waymo-style service you don't need to worry about the danger of the human driver getting startled or confused by the Guardian system's decisions.",1547165228.0,1547136428.0,/r/SelfDrivingCars/comments/ae2lev/why_im_skeptical_about_toyotas_approach_to/edpw0e5/,SelfDrivingCars
43,binarybits,Author here. Please elaborate!,1547160206.0,1547131406.0,/r/SelfDrivingCars/comments/ae2lev/why_im_skeptical_about_toyotas_approach_to/edppt7r/,SelfDrivingCars
44,binarybits,https://arstechnica.com/cars/2018/12/waymos-ambitious-plans-for-high-speed-taxis-could-be-holding-it-back/,1546901443.0,1546872643.0,/r/SelfDrivingCars/comments/acr8hz/voyages_smart_business_plan/edh4007/,SelfDrivingCars
45,binarybits,"Waymo One: One safety driver
Waymo Zero: zero safety drivers
",1544831566.0,1544802766.0,/r/SelfDrivingCars/comments/a5xi1v/early_rider_calls_waymo_very_impressivebut_with/ebs4jjd/,SelfDrivingCars
46,binarybits,"Yes, they've told me that there's no NDA for Waymo One passengers, though previous ERP NDA still applies to ERP rides.",1544151836.0,1544123036.0,/r/SelfDrivingCars/comments/a3jsiy/if_waymo_nda_is_lifted_where_are_the_social_media/eb8dgze/,SelfDrivingCars
47,binarybits,In the running scenario self-driving cars are likely to be cheap enough that having it wait for you for an hour isn't going to be a big deal. And at scale it shouldn't be hard to have a certain fraction of driverless taxis come with the right configuration of carseats pre-installed. Uber already does this in some cities.,1543884837.0,1543856037.0,/r/SelfDrivingCars/comments/a2p8zg/through_all_the_hype_selfdriving_cars_remain/eb0bhlw/,SelfDrivingCars
48,binarybits,"Author here. How was I ""throwing shade at Tesla?"" The Tesla angle is relevant because it seems likely that Autopilot was engaged here, but I don't see how this reflects badly on Tesla—quite the contrary, I say it may have saved the guy's life.",1543838072.0,1543809272.0,/r/SelfDrivingCars/comments/a21gvb/it_took_seven_miles_to_pull_over_a_tesla_with_a/eaz9x8s/,SelfDrivingCars
49,binarybits,They deal with it by staying below power levels that pose eye-safety problems.,1541735247.0,1541706447.0,/r/SelfDrivingCars/comments/9vc97k/why_millions_of_lasers_on_a_chip_could_be_the/e9b7kkj/,SelfDrivingCars
1,binarybits,Excellent in-depth overview of the lidar market. ,1541117952.0,1541089152.0,/r/SelfDrivingCars/comments/9taw6b/excellent_indepth_overview_of_the_lidar_market/,SelfDrivingCars
50,binarybits,That explains the timing but it doesn't explain why they do things like have Ruth Porat announce that they've started charging money.,1541025093.0,1540996293.0,/r/SelfDrivingCars/comments/9syoai/waymos_excruciatingly_gradual_launch_process/e8sg0ms/,SelfDrivingCars
51,binarybits,Are you sure Waymo has actually been charging fares since August 1? My impression is that they started showing potential prices then but hadn't actually started charging. https://www.theverge.com/2018/7/31/17635472/waymo-self-driving-cars-pricing-ride-hail-arizona,1539216376.0,1539187576.0,/r/SelfDrivingCars/comments/9mvi2g/is_walmart_paying_for_peoples_rides_when_they_use/e7ipy3j/,SelfDrivingCars
52,binarybits,But it's a non-sequitur to say that the high cost of Uber and Lyft rides proves that Waymo rides will be expensive.,1539206424.0,1539177624.0,/r/SelfDrivingCars/comments/9mrmkd/top_auto_dealer_says_robotaxi_hype_has_reached/e7iejsa/,SelfDrivingCars
53,binarybits,What a strange sequence of arguments. Nobody has launched a commercial driverless service yet so obviously there's not going to be evidence that these services are safer and cheaper than owning a car. That doesn't prove anything about what they'll be like once they come to market.,1539138678.0,1539109878.0,/r/SelfDrivingCars/comments/9mrmkd/top_auto_dealer_says_robotaxi_hype_has_reached/e7gscxp/,SelfDrivingCars
54,binarybits,"The ""driver"" isn't driving. He's monitoring the car's performance so he can intervene in the very unlikely event that it makes a mistake.",1538888504.0,1538859704.0,/r/SelfDrivingCars/comments/9lpphv/more_early_rider_videos_on_waymo_youtube_channel/e7am552/,SelfDrivingCars
55,binarybits,"Thanks! To be clear I don't favor an FAA/FDA-style regime, but I do think it would be good for NHTSA to require more transparency about the design of driverless cars as well as statistics about testing (accidents, disengagement rates, etc) (Tim Lee, article author)",1538521967.0,1538493167.0,/r/SelfDrivingCars/comments/9khqh8/fully_driverless_waymo_taxis_are_due_out_this/e715xgm/,SelfDrivingCars
56,binarybits,"They are absolutely more transparent than many, maybe all, of their competitors. But that might just be a sign that the standards for these things are abysmally low. For example, it seems like a no-brainer to require Waymo to publish accident reports in Arizona the way they do in California.",1538521790.0,1538492990.0,/r/SelfDrivingCars/comments/9khqh8/fully_driverless_waymo_taxis_are_due_out_this/e715puy/,SelfDrivingCars
57,binarybits,"I say no IPO for at least a decade, and maybe ever. Remember, Larry and Sergey control a majority of Alphabet's voting power between them, which means they can do whatever they want with Alphabet (and therefore with Google, Waymo, and other Alphabet companies). They set up Alphabet so they have the infrastructure to manage a portfolio of companies.

There are two basic reasons they might want to spin off Waymo. One would be so they could be managed independently. But there's no reason for Larry and Sergey to give up control in the foreseeable future—and Alphabet already gives Waymo significant autonomy. So an IPO offers no advantage here.

The other potential reason for an IPO would be to raise money. But that doesn't make sense either. The issue isn't just that Google has a lot of cash on hand and billions more coming in the door every years. Alphabet also has an almost unlimited ability to issue new shares to finance an expansion. So if Larry Page decides Waymo needs more cash to finance its expansion, he can just sell Alphabet shares and give the money to Waymo. Doing an IPO first just adds complexity with no real benefit.",1537998134.0,1537969334.0,/r/SelfDrivingCars/comments/9ies49/when_do_you_personally_think_waymo_will_ipo/e6o47wy/,SelfDrivingCars
58,binarybits,"I think this is confusing two different issues. One is whether the creator of the self-driving car supports the particular area where you want to go (if it's rural, mountainous, etc.), the other is whether a driverless taxi service will offer long one-way trips.

I don't think the rent-vs-own distinction is relevant for the first question. Whether you formally own or rent a self-driving car, it's not going to drive you somewhere unless it has a pre-made map for the area. And it's no easier to map an area for a customer-owned car than for a rented one. So there's no reason that buying a self-driving car would let you go self-drive to places a taxi can't go.

Which brings us to the second question: even if the taxi service is technically able to go somewhere up in the mountains, will companies choose to actually offer service there, and will the price be reasonable. I think peoples' intuitions about this are severely skewed by the economics of human-driven cars. Taking a 2-hour taxi ride is expensive because you're paying for 4 hours of the taxi-driver's time—2 hours to go out and 2 hours to come back. If you're taking a self-driving car, on the other hand, you're only paying for the time and depreciation of the vehicle, which is much less expensive. And the self-driving car doesn't have to get home to its family, so at scale it will often be possible to wait around at the drop-off point until someone needs a trip back into town (or to a totally different town).",1537481325.0,1537452525.0,/r/SelfDrivingCars/comments/9hd06j/is_there_a_potential_timeline_for_when/e6bfxso/,SelfDrivingCars
59,binarybits,That makes sense to me.,1537330796.0,1537301996.0,/r/SelfDrivingCars/comments/9gvd5h/my_spies_report_seeing_waymo_ceo_johnkrafcik/e67qru5/,SelfDrivingCars
60,binarybits,I don't understand this brand name point. Approximately 0 percent of Americans know what Waymo is.,1537323392.0,1537294592.0,/r/SelfDrivingCars/comments/9gvd5h/my_spies_report_seeing_waymo_ceo_johnkrafcik/e67hc68/,SelfDrivingCars
61,binarybits,This is from August.,1537218195.0,1537189395.0,/r/SelfDrivingCars/comments/9gikdy/waymo_is_expanding_in_chandler/e64o9nr/,SelfDrivingCars
62,binarybits,"Restaurants are not going to be 100 percent automated. Notice how one of the key distinguishing factors between more and less fancy restaurants is how many people are in the front of the restaurant attending to customers. Low-end restaurants like McDonalds and Chipotle have all the staff behind the counter where you only talk to them for a few seconds. Mid-range restuarants have a waitress who brings you your food. High-end restaurants have a whole swarm of people taking your coat, sweeping crumbs off your table, etc.

So even if someone invents a robot capable of producing food as well as the best chefs (which is unlikely) that's not going to eliminate restaurant industry employment. To the contrary, the lower cost of restaurant meals will mean that people eat out more, increasing employment in the front half of the restaurant and somewhat (though perhaps not completely) offsetting the job losses in the kitchen. People like interacting with other people, and so there will always be a big market for high-end restaurants where you're largely paying for the privilege of having other human beings fussing over you.",1536615699.0,1536586899.0,/r/SelfDrivingCars/comments/9e38r8/in_a_future_where_automation_replaces_jobs_and/e5q0das/,SelfDrivingCars
63,binarybits,"Why do you expect that to suddenly happen in the next decade when there's been little sign of this trend over the last 20 years?
",1536615243.0,1536586443.0,/r/SelfDrivingCars/comments/9e38r8/in_a_future_where_automation_replaces_jobs_and/e5pzy2o/,SelfDrivingCars
64,binarybits,"They are not planning to have safety drivers in the initial vehicles, though they may have Waymo ""chaperones"" sitting in a passenger seat keeping an eye on things.",1536309672.0,1536280872.0,/r/SelfDrivingCars/comments/9dkrea/when_and_how_do_you_think_waymo_will_finally_make/e5j10y1/,SelfDrivingCars
2,binarybits,"Looking to talk to Arlington residents about Via and Drive.ai. Hi, I'm a reporter at the tech site Ars Technica and I'm working on a story about transportation innovations in Arlington-specifically the Via shared shuttle service and the forthcoming Drive.ai service. I'd love to talk to Arlington residents who have experience riding the Via service. If you'd like to talk to me please email me at timothy.lee@arstechnica.com. Thank you!",1535087777.0,1535058977.0,/r/utarlington/comments/99rbdj/looking_to_talk_to_arlington_residents_about_via/,utarlington
3,binarybits,"Looking to talk to Arlington residents about Via and Drive.ai. Hi, I'm a reporter at the tech site Ars Technica and I'm working on a story about transportation innovations in Arlington-specifically the Via shared shuttle service and the forthcoming Drive.ai service. I'd love to talk to Arlington residents who have experience riding the Via service. If you'd like to talk to me please email me at timothy.lee@arstechnica.com. Thank you!",1535065222.0,1535036422.0,/r/arlington/comments/99o3q0/looking_to_talk_to_arlington_residents_about_via/,arlington
65,binarybits,"They reached the point of one error every 5,000 miles over a year ago, so I think their goal is likely to be much higher than one mistake every 20,000 miles. If not, then they should absolutely keep testing with human drivers. The question is whether to continue it as a pure testing project until it's safe (meaning no errors expected for hundreds of thousands or even millions of miles) or start taking human passengers.",1535060460.0,1535031660.0,/r/SelfDrivingCars/comments/96rxu5/what_are_the_chances_waymo_launches_in_phoenix/e4oxi28/,SelfDrivingCars
66,binarybits,"Waymo says it wants to launch in 2018, not 2019. And I think there's a good reason for Waymo to not launch a commercial service until they are confident they can go fully driverless--otherwise they should delay launch and do more testing. What they can probably do is program the cars to be very conservative--basically slowing down any time it encounters a situation it doesn't fully understand. This could lead to a sub-par user experience, but would allow them to start getting practical experience operating a fully driverless commercial service. As their software gets better the user experience should improve.",1534134001.0,1534105201.0,/r/SelfDrivingCars/comments/96rxu5/what_are_the_chances_waymo_launches_in_phoenix/e42r2ju/,SelfDrivingCars
67,binarybits,"Obviously we don't know what companies might be working on in secret, but I think there's reason to believe it's not practical to get to full self-driving without extensive on-road testing. And as far as we know, no one has logged anywhere near as many miles as Waymo. (And yes, Tesla is collecting data from customer vehicles, which could be a partial substitute for on-road testing. But I don't think it's a full substitute for full on-road testing with professional safety drivers.)

I think the place where westerners have the least visibility is China, which has a number of ambitious self-driving car projects. As far as I know, none of them are close to surpassing Waymo yet, but if I had to pick a place where a surprise leader is most likely to emerge, China would be it.",1533156033.0,1533127233.0,/r/SelfDrivingCars/comments/93it3y/who_is_winning_the_driverless_car_race/e3epup6/,SelfDrivingCars
68,binarybits,"Something to keep in mind here is that for any self-driving car there's a trade off between speed/comfort and safety. You can create a car that's very safe if you don't mind it stopping any time it encounters a situation it doesn't fully understand—it might just be a very slow and jerky ride. Conversely, if the car is willing to tolerate a higher (but hopefully still very small) risk of mistakes, then the car can be more aggressive, leading to a faster, more pleasant ride for the pedestrian.

Every self-driving carmaker has a knob they can adjust between these two alternatives. Uber obviously set theirs too far in the ""aggressive"" direction. But if you set the knob too far in the ""safe"" direction during testing you don't learn as much because the car is constantly stopping for phantom problems. Disengagements are learning opportunities, so if you configure your car so conservatively that there are no disengagements, then you're not going to learn very much.

So my guess is that Waymo sets its cars for a somewhat more aggressive driving style when it has a safety driver than when it doesn't. And as the software gets better, it probably makes sense to turn the knob in a more aggressive direction during safety-driver testing in order to generate more disengagements and get more data about cases where the software is still making mistakes. And if Waymo is doing something like this, then the change in disengagements between one year and the next isn't going to tell you very much about whether the underlying software is getting more capable.",1533155691.0,1533126891.0,/r/SelfDrivingCars/comments/93hpa9/waymos_apparent_quantum_leap/e3epkem/,SelfDrivingCars
69,binarybits,"I wrote an article about this exact question! https://arstechnica.com/cars/2018/06/how-startups-are-building-driverless-cars-without-googles-billions/

The short answer is that most startups trying to build fully self-driving cars are pursuing incremental strategies that involve solving easier problems first, like a single shuttle bus route or providing taxi service in a gated community where the top speed is 25 mph. The hope is that this will be a useful enough product in its own right to generate some revenue and fund continued research and development. I don't think any of these companies are going to beat Waymo to market, but I could imagine a couple of them rolling out Waymo-level taxi services within 2 to 3 years of Waymo doing so.",1532466195.0,1532437395.0,/r/SelfDrivingCars/comments/91ecwc/many_large_companies_are_developing_technology/e2xxhkc/,SelfDrivingCars
70,binarybits,"I think it'll be many decades, if ever, before manually-driven cars will be outright banned from the roads. What's more likely to happen is that regulators will require new cars to have full self-driving capabilities while simultaneously making it harder and harder to get a driver's license and limiting which roads people can drive them on. That will cause most human-driving cars to disappear from the roads due to attrition, leaving a hard core of dedicated hobbyists. That'll be a tiny percentage of the population and it's probably best to just leave them alone.

I think machine gun owners are a good parallel here. It's not illegal to own a machine gun, but manufacturing of new machine guns is essentially banned and there's a fairly elaborate licensing scheme for fully automatic machine guns. People who really want a machine gun can jump through the necessary hoops and pay a lot of money for one of the existing ones. But there are so few in circulation, and they're so tightly controlled, that they don't pose much of a safety risk.",1530574494.0,1530545694.0,/r/SelfDrivingCars/comments/8v41ss/so_selfdriving_features_will_come_standard_on_new/e1nsvxg/,SelfDrivingCars
71,binarybits,"I don't think you can generalize too much, since the specifics of the various companies here are pretty different. Some are using high-end Velodyne lidars from the outset. Some have done significant high-speed testing with safety drivers. Others don't. My point is just that there's nothing about this kind of incremental strategy that necessarily locks you out of moving up-market or requires you to do major redesigns.",1529142490.0,1529113690.0,/r/SelfDrivingCars/comments/8razkq/how_startups_are_building_driverless_cars_without/e0r259p/,SelfDrivingCars
72,binarybits,"""Operating on arterial roads with construction"" isn't a ""redesign,"" it's just a challenge that a driverless car company is going to have to tackle no matter what approach it uses. The advantage of starting slow is that you don't have to solve every problem at once, and you can make some money while you work on the more challenging situations.

Lidar upgrades will obviously be needed but so what? If you have a decent sensor fusion system swapping out lidars shouldn't require a big redesign.",1529137806.0,1529109006.0,/r/SelfDrivingCars/comments/8razkq/how_startups_are_building_driverless_cars_without/e0qy8te/,SelfDrivingCars
73,binarybits,"Thanks, I hadn't seen that!",1529020537.0,1528991737.0,/r/SelfDrivingCars/comments/8qyuhh/latest_waymos_miles_driven_graph/e0nzcjj/,SelfDrivingCars
74,binarybits,"This might be right. But labor costs are about half the overall costs of a taxi service, so you should be able to undercut taxi fares by 10-20 percent and still make back your investment in a 3-5 years.",1529020443.0,1528991643.0,/r/SelfDrivingCars/comments/8qyuhh/latest_waymos_miles_driven_graph/e0nz8cf/,SelfDrivingCars
75,binarybits,"This logic works in a factory but it doesn't work for taxis because demand is very spiky. Your fleet is going to be fully utilized during rush hours and on Friday/Saturday evenings, but you'll get light utilization the rest of the time. So average utilization is probably higher than 40 hours/week but I doubt it's above 80 hours/week.",1529020301.0,1528991501.0,/r/SelfDrivingCars/comments/8qyuhh/latest_waymos_miles_driven_graph/e0nz23e/,SelfDrivingCars
76,binarybits,"It was reported 18 months ago that Waymo had reduced the cost of its lidars by 90 percent. It wasn't specified what the original price was, but it presumably wasn't more than Velodyne's original $85k, which means Waymo's lidars were probably under $10,000 apiece. And presumably they'll achieve further cost savings as they start manufacturing them at larger scales.

At the same time, $100k doesn't actually seem like that much money when you remember that you're eliminating a driver who would otherwise be making $30-50k/year (possibly even two drivers, since you can run the car 24/7). So if you charge standard taxi rates you should be able to recoup the investment in 2-3 years.",1529012863.0,1528984063.0,/r/SelfDrivingCars/comments/8qyuhh/latest_waymos_miles_driven_graph/e0nqrw7/,SelfDrivingCars
77,binarybits,"I've tried to get their PR people to tell me more about this (what fraction of trips have no one in the driver's seat, what fraction of those have a Waymo employee somewhere else in the car, are these no-driver cars carrying Early rider passengers) and they've been super cagey about providing any details. My guess is that they've been phasing this in super slowly.",1528155265.0,1528126465.0,/r/SelfDrivingCars/comments/8nw309/will_waymo_really_launch_this_year/e03hgh5/,SelfDrivingCars
78,binarybits,"Article author here. Sometimes I think this is a deliberate strategy of theirs. Covering them can be frustrating because they dribble out news one tiny drop at a time in a way that almost seems designed to minimize interest and attention.

But then I realized that this actually makes sense given their situation. They have plenty of money, plenty of mindshare among developers, and if their technology works they'll have no trouble finding customers. So there's no real upside for them getting more media coverage. There's only the downside if hype leads to unrealistic expectations that then leads to disappointment.",1527914386.0,1527885586.0,/r/SelfDrivingCars/comments/8nu9es/as_uber_and_tesla_struggle_with_driverless_cars/dzylr1p/,SelfDrivingCars
79,binarybits,"It's going to be called a waymo, the way kleenix is called kleenix and hoovers are called hoovers.
",1526506288.0,1526477488.0,/r/SelfDrivingCars/comments/8jqsvf/call_it_autoauto/dz2l8al/,SelfDrivingCars
80,binarybits,I for one will make sure to note the better safety record of autonomous cars if and when there's evidence demonstrating that.,1525468303.0,1525439503.0,/r/SelfDrivingCars/comments/8gyr48/sorry_elon_musk_theres_no_clear_evidence/dyfq0oq/,SelfDrivingCars
81,binarybits,"Thanks for reading my article! These are great points. I don't have a strong opinion about how much data should be released. A situation where government investigators have full data, and they then release selected/redacted data to the public seems like a reasonable approach to me.

I would love to learn more about how this is handled in the aviation industry, because I think you're right that it's a good model. I think the NTSB, which I discuss in my article, is also the agency that does the aviation investigations. Do you know of any good books/papers/articles about how investigations are handled in the airline industry and how this interacts with industry culture there?",1523412119.0,1523383319.0,/r/SelfDrivingCars/comments/8b79yj/the_way_we_regulate_selfdriving_cars_is/dx508wy/,SelfDrivingCars
82,binarybits,"The luxury car point is a response to the 320 million miles per fatality statistic, not he NTSB one.",1523305675.0,1523276875.0,/r/SelfDrivingCars/comments/8at9rk/theres_growing_evidence_teslas_autopilot_handles/dx2dwxy/,SelfDrivingCars
83,binarybits,I didn't say anything about whether it was purposeful or not. I provided evidence that the dash cam video was misleading by relying on first-hand testimony from two Tempe residents who captured their experience in YouTube videos.,1521862115.0,1521833315.0,/r/Tempe/comments/86mq2a/reporter_looking_to_talk_to_people_about_uber/dw6dd9a/,Tempe
4,binarybits,"Reporter looking to talk to people about Uber cars on Phoenix-area streets. Hi! I'm a reporter at the technology site Ars Technica working on a story about the experience of sharing the roads with Uber vehicles in the Phoenix area.

A few months ago kind Phoenix redditors helped me out by talking to me for this article, which focused more on Waymo: https://arstechnica.com/cars/2017/11/why-phoenix-is-becoming-the-self-driving-capital-of-the-world/

So, I'd love to talk to Phoenix-area people who have had interesting experiences sharing the roads with Uber self-driving vehicles. If you are interested in talking to me, the best way to get in touch is by email (timothy.lee@arstechnica.com), or you can also PM me.

Thanks a lot!

-Tim Lee",1521857037.0,1521828237.0,/r/Tempe/comments/86mq2a/reporter_looking_to_talk_to_people_about_uber/,Tempe
5,binarybits,"Reporter looking to talk to people about Uber cars on Phoenix-area streets. Hi! I'm a reporter at the technology site Ars Technica working on a story about the experience of sharing the roads with Uber vehicles in the Phoenix area.

A few months ago kind Phoenix redditors helped me out by talking to me for this article, which focused more on Waymo: https://arstechnica.com/cars/2017/11/why-phoenix-is-becoming-the-self-driving-capital-of-the-world/

So, I'd love to talk to Phoenix-area people who have had interesting experiences sharing the roads with Uber self-driving vehicles. If you are interested in talking to me, the best way to get in touch is by email (timothy.lee@arstechnica.com), or you can also PM me.

Thanks a lot!

-Tim Lee",1521856374.0,1521827574.0,/r/phoenix/comments/86mmv7/reporter_looking_to_talk_to_people_about_uber/,phoenix
6,binarybits,"Reporter interested in graphics card prices. Hi! I'm a reporter at Ars Technica and I'm working on a story about how the cryptocurrency boom has pushed up the price of graphics cards. Would love to talk to anyone involved in ether (or other graphics-card-friendly cryptocurrency) mining about how mining works and how prices have changed over time. Best way to contact me is by email: timothy.lee@arstechnica.com. Thanks!

-Tim Lee",1516167277.0,1516138477.0,/r/EtherMining/comments/7qvrxw/reporter_interested_in_graphics_card_prices/,EtherMining
7,binarybits,"Reporter looking to talk to Phoenicians about self-driving cars. I'm a reporter working on a story about self-driving cars in the Phoenix metro area, and I would love to talk to people in the region about your experiences with them. Whether you've ridden in a self-driving car or you've just seen them on the roads around you, I'd love to chat. You can reach me at timothy.lee@arstechnica.com. Thanks!",1508991434.0,1508962634.0,/r/phoenix/comments/78qfbt/reporter_looking_to_talk_to_phoenicians_about/,phoenix
8,binarybits,"Reporter looking to talk to Chandlerites about self-driving cars. I'm a reporter working on a story about self-driving cars in the Phoenix metro area, and I would love to talk to people in the Chandler area about your experiences with them. Whether you've ridden in a self-driving car or you've just seen them on the roads around you, I'd love to chat. You can reach me at timothy.lee@arstechnica.com. Thanks!",1508983836.0,1508955036.0,/r/ChandlerAZ/comments/78pjac/reporter_looking_to_talk_to_chandlerites_about/,ChandlerAZ
84,binarybits,"The comparison is to Uber and Airbnb, which are also raising large sums of money but (unlike Tesla) are not producing major innovations with it. Obviously, if someone could figure out how to build electric cars with less capital that would be great. But what we really need is just more companies making these kinds of investments at all.",1489721249.0,1489692449.0,/r/teslamotors/comments/5zsjye/why_america_needs_more_teslas_and_fewer_ubers/df0p1oj/,teslamotors
85,binarybits,I've been writing about Bitcoin for 5 years. :-) http://arstechnica.com/tech-policy/2011/12/bitcoins-comeback-should-western-union-be-afraid/,1464163096.0,1464134296.0,/r/Bitcoin/comments/4jgf67/timothy_b_lee_vox_reporter_on_twitter_im_becoming/d3ies4i/,Bitcoin
86,binarybits,"Hi,

I'm a reporter. It's not clear from your post that Western Union was behind the takedown. Could you please send details of how you know WU sent the takedown request to tim@vox.com? Thanks.

-Tim
",1416912399.0,1416883599.0,/r/Bitcoin/comments/2nab2a/western_union_filed_a_copyright_claim_against_me/cmc82c3/,Bitcoin
