,author,body,created,created_utc,permalink,subreddit
0,Techrules80,Agree.  Not close to what Waymo has shown in the videos shared here.   But Google/Waymo has been at it a lot longer and has a ton more resources.   Plus there is nobody better at AI than Google.,1573014326.0,1572985526.0,/r/SelfDrivingCars/comments/ds17d8/mobileye_most_advanced_self_driving_test_drive/f6n6bd9/,SelfDrivingCars
0,Techrules80,Waymo without driver spotted.  [https://www.youtube.com/watch?v=t\_1YLHW65M8&feature=youtu.be](https://www.youtube.com/watch?v=t_1YLHW65M8&feature=youtu.be),1572285704.0,1572256904.0,/r/SelfDrivingCars/comments/do6qpg/waymo_without_driver_spotted/,SelfDrivingCars
1,Techrules80,"First product placement for self driving cars?

&#x200B;

Did notice no driver.",1558040550.0,1558011750.0,/r/SelfDrivingCars/comments/bpbqeg/waymo_in_a_short_film_girl_code/enrbdff/,SelfDrivingCars
