,author,body,created,created_utc,permalink,subreddit
0,ebb101,"Focusing computational power for more accurate, efficient weather forecasts. ",1566590676.0,1566561876.0,/r/artificial/comments/cucxps/focusing_computational_power_for_more_accurate/,artificial
0,ebb101,Hoping maybe you would print it out?,1565749425.0,1565720625.0,/r/science/comments/cpw9s6/brains_trained_on_edevices_may_struggle_to/ews5jum/,science
1,ebb101,Brains trained on e-devices may struggle to understand scientific info. ,1565745687.0,1565716887.0,/r/science/comments/cpw9s6/brains_trained_on_edevices_may_struggle_to/,science
2,ebb101,Can using e-devices impair our understanding of science?. ,1565741615.0,1565712815.0,/r/science/comments/cpvbiy/can_using_edevices_impair_our_understanding_of/,science
1,ebb101,It's always one year away.,1563942164.0,1563913364.0,/r/singularity/comments/cfxjzv/when_is_kurzweils_new_book_coming_out_i_cant_find/eumavky/,singularity
3,ebb101,"Scientific evidence boosts actions of activists, but not scientists. In a study, when the researchers added a reference to peer-reviewed,  scientific evidence in an email about environmental policy, it increased  the likelihood that an activist would click on a “take action” link by  about 1 percent. However, that same science-backed email lowered the  chance that scientific policy experts would take the same action by a  little over 4 percent.

[https://ics.psu.edu/scientific-evidence-boosts-action-for-activists-decreases-action-for-scientists/](https://ics.psu.edu/scientific-evidence-boosts-action-for-activists-decreases-action-for-scientists/)",1558640259.0,1558611459.0,/r/sciencecommunication/comments/bs1ut8/scientific_evidence_boosts_actions_of_activists/,sciencecommunication
4,ebb101,Quantum Simulator Gets TensorFlow Backend. [removed],1558118687.0,1558089887.0,/r/tensorflow/comments/bppnmj/quantum_simulator_gets_tensorflow_backend/,tensorflow
2,ebb101,I hear what you're saying!,1557361504.0,1557332704.0,/r/SelfDrivingCars/comments/bm5yyd/posthuman_beliefs_may_fuel_selfdriving_car/emubx5s/,SelfDrivingCars
5,ebb101,"Posthuman beliefs may fuel self-driving car acceptance. People who think that machines can out-perform people are more [willing to accept self-driving cars](https://ics.psu.edu/believing-machines-can-out-do-people-may-fuel-acceptance-of-self-driving-cars/), according to researchers.",1557354700.0,1557325900.0,/r/SelfDrivingCars/comments/bm5yyd/posthuman_beliefs_may_fuel_selfdriving_car/,SelfDrivingCars
6,ebb101,"Some people may trust AI more than humans. When it comes to private information and access to financial data,  people tend to trust machines more than people, which could lead to both  positive and negative online behaviors, according to [Penn State researchers](https://ics.psu.edu/people-more-likely-to-trust-machines-than-humans-with-their-private-info/).",1557352938.0,1557324138.0,/r/artificial/comments/bm5n0z/some_people_may_trust_ai_more_than_humans/,artificial
7,ebb101,7 Ways Exponential Technology is Leading to Exponential Medicine. ,1542230808.0,1542202008.0,/r/Futurology/comments/9x02xo/7_ways_exponential_technology_is_leading_to/,Futurology
8,ebb101,Computer model helps split up -- reassemble -- proteins.. ,1538594285.0,1538565485.0,/r/biology/comments/9l07vh/computer_model_helps_split_up_reassemble_proteins/,biology
9,ebb101,Why Europe Must Act Now in the Global AI Arms Race. ,1536961295.0,1536932495.0,/r/Futurology/comments/9fs396/why_europe_must_act_now_in_the_global_ai_arms_race/,Futurology
10,ebb101,User Engagement Isn't One Thing -- It's a Bunch of Actions and Assessments. ,1533235725.0,1533206925.0,/r/technology/comments/93y7zu/user_engagement_isnt_one_thing_its_a_bunch_of/,technology
11,ebb101,Hats Amazing -- How Ancient People Got 13-Ton Hats on the Statues of Rapa Nui--Easter Island. ,1528158219.0,1528129419.0,/r/Archeology/comments/8oilvj/hats_amazing_how_ancient_people_got_13ton_hats_on/,Archeology
12,ebb101,What's up with the inflation rates: Current housing rental info may throw off inflation rate indexes. ,1527715610.0,1527686810.0,/r/Economics/comments/8n8k0c/whats_up_with_the_inflation_rates_current_housing/,Economics
13,ebb101,"Report: U.S., China, and Israel are winning the global AI startup race. ",1527100802.0,1527072002.0,/r/artificial/comments/8lic7o/report_us_china_and_israel_are_winning_the_global/,artificial
14,ebb101,Are visions of an AI apocalypse really a vision at all?. ,1525709809.0,1525681009.0,/r/singularity/comments/8hlxc2/are_visions_of_an_ai_apocalypse_really_a_vision/,singularity
15,ebb101,"Facebook may help older adults feel more empowered, less isolated. ",1525231681.0,1525202881.0,/r/facebook/comments/8gb5hb/facebook_may_help_older_adults_feel_more/,facebook
16,ebb101,"Uber platform takes the wheel as drivers' manager, according to study. ",1524706750.0,1524677950.0,/r/uberdrivers/comments/8evh01/uber_platform_takes_the_wheel_as_drivers_manager/,uberdrivers
17,ebb101,"For apps to be trusted, they should be transparent. ",1524625818.0,1524597018.0,/r/privacy/comments/8en1zh/for_apps_to_be_trusted_they_should_be_transparent/,privacy
18,ebb101,Is Craigslist good for the environment?. ,1524278481.0,1524249681.0,/r/environment/comments/8dpy1n/is_craigslist_good_for_the_environment/,environment
19,ebb101,A Venture Capital Firm Creates Singularity Fund Token Sale to Promote AI Technologies. ,1512509378.0,1512480578.0,/r/singularity/comments/7hpnph/a_venture_capital_firm_creates_singularity_fund/,singularity
20,ebb101,The Douchebag’s Guide to Instant Riches on the Internet. ,1317414092.0,1317385292.0,/r/reddit.com/comments/kwdz7/the_douchebags_guide_to_instant_riches_on_the/,reddit.com
