,author,body,created,created_utc,permalink,subreddit
0,BlackHolesAreHungry,Any camera not directly connected to the computers via a super fast cable will have delays and have reliability issues .,1571102026.0,1571073226.0,/r/SelfDrivingCars/comments/dhrjdi/i_watched_over_100_tesla_smart_summon_videosheres/f3qdoqi/,SelfDrivingCars
1,BlackHolesAreHungry,Thundergedon ⚡!,1567947948.0,1567919148.0,/r/Seattle/comments/d15bsw/guys_its_thundering/ezhzxu1/,Seattle
0,BlackHolesAreHungry,Found at a Blue star donut shop. ,1567388290.0,1567359490.0,/r/funny/comments/cycxyb/found_at_a_blue_star_donut_shop/,funny
2,BlackHolesAreHungry,"Exactly my point. Can you trust any of them?
There are people far richer than us who pay financial experts to figure this out in addition to what the givt does. So we don't have to worry to believe random redittors.",1565673006.0,1565644206.0,/r/india/comments/cn7zri/speculation_of_the_incoming_recession/ewpm6zj/,india
3,BlackHolesAreHungry,Just go check the previous question posted by this author,1565671519.0,1565642719.0,/r/india/comments/cn7zri/speculation_of_the_incoming_recession/ewpjtns/,india
4,BlackHolesAreHungry,I don't think the guy who posted this even knows what a recession is. Stop spreading rumors. Go back to work bored internet person.,1565660945.0,1565632145.0,/r/india/comments/cn7zri/speculation_of_the_incoming_recession/ewp2ogu/,india
5,BlackHolesAreHungry,This post is spreading virally on whatsapp. So do you have any financial background or did you copy paste this from somewhere else?,1565660512.0,1565631712.0,/r/india/comments/cn7zri/speculation_of_the_incoming_recession/ewp1zlv/,india
6,BlackHolesAreHungry,"The same thing stopping you from doing the same uosng stap, right only and other road signs.",1564969903.0,1564941103.0,/r/SelfDrivingCars/comments/clwxxh/rfid_tags_in_road_reflectors/evytly7/,SelfDrivingCars
7,BlackHolesAreHungry,Bad sale too,1563772698.0,1563743898.0,/r/movies/comments/cg3dhn/disney_bought_marvel_for_4_billion_in_2009_a/euegmui/,movies
1,BlackHolesAreHungry,The inside of a saturn V. Ya I guess these things are a bit complicated to make.. ,1563696543.0,1563667743.0,/r/pics/comments/cfsske/the_inside_of_a_saturn_v_ya_i_guess_these_things/,pics
8,BlackHolesAreHungry,It looks like the fuel tanks inside. I have seen the real one in person and fuel tanks are all these are. And the wires and pipes that run in all directions.,1563696254.0,1563667454.0,/r/pics/comments/cfp6q1/4_adults_2_kids_25_hours_and_1969_lego_pieces_got/euc7tsq/,pics
9,BlackHolesAreHungry,https://www.reddit.com/r/lego/comments/cfsm74/50th_anniversary_1969_pieces/?utm_medium=android_app&utm_source=share,1563695935.0,1563667135.0,/r/pics/comments/cfp6q1/4_adults_2_kids_25_hours_and_1969_lego_pieces_got/euc7f6a/,pics
10,BlackHolesAreHungry,Love the moving truck too,1563695807.0,1563667007.0,/r/lego/comments/cfq8yj/celebrating_the_50th_saturn_v_with_tower_and/euc79d0/,lego
11,BlackHolesAreHungry,"I recently posted a time-lapse video of this set
https://www.reddit.com/r/lego/comments/cfsm74/50th_anniversary_1969_pieces/?utm_medium=android_app&utm_source=share",1563695620.0,1563666820.0,/r/lego/comments/cfsjxb/been_wanting_this_set_for_a_while_and_well_today/euc70tk/,lego
2,BlackHolesAreHungry,50th anniversary! 1969 pieces. ,1563695420.0,1563666620.0,/r/lego/comments/cfsm74/50th_anniversary_1969_pieces/,lego
12,BlackHolesAreHungry,"I love this Lego set. It looks simple on the outside than it actually is on the inside. I think that represents the amount of new technology and risk involved in these missions. You only see the rockets and pictures from the moon, thousands of hard working people and years of innovation is behind it all.
Me and my wife built it. It was a birthday gift from my brother.",1563694890.0,1563666090.0,/r/pics/comments/cfp6q1/4_adults_2_kids_25_hours_and_1969_lego_pieces_got/euc63kw/,pics
3,BlackHolesAreHungry,Buy 1 Get 3 Get 2. So get 6?. ,1563634735.0,1563605935.0,/r/CrappyDesign/comments/cfiy6e/buy_1_get_3_get_2_so_get_6/,CrappyDesign
13,BlackHolesAreHungry,Which Google sells to others and makes money out of. Unlike other companies that employ and pay humans to do this. Thank you for working for free without even knowing it.,1562798259.0,1562769459.0,/r/CrappyDesign/comments/cbbl4w/sweating_do_i_click_the_square/etfgzve/,CrappyDesign
14,BlackHolesAreHungry,The film Avatar did this how many years ago now?,1562629841.0,1562601041.0,/r/technology/comments/cajnj2/in_the_age_of_deepfakes_could_virtual_actors_put/et9ncff/,technology
15,BlackHolesAreHungry,Sounds like blackmail to get more people to buy a Tesla NOW.,1562628819.0,1562600019.0,/r/SelfDrivingCars/comments/calvt7/elon_musk_tesla_will_stop_selling_cars_update_at/et9lu7j/,SelfDrivingCars
16,BlackHolesAreHungry,Ola in India has these features for years now. They even have tablets for each passenger and U can get premium streaming services.,1562628655.0,1562599855.0,/r/SelfDrivingCars/comments/cak7yl/waymo_tests_wifi_in_driverless_taxis_hoping_perks/et9llhb/,SelfDrivingCars
17,BlackHolesAreHungry,👍,1562566954.0,1562538154.0,/r/ATBGE/comments/ca4wph/this_possibly_functioning_microwacemailbox/et7tyxq/,ATBGE
18,BlackHolesAreHungry,Read the other comments and see the support you have,1562561162.0,1562532362.0,/r/ATBGE/comments/ca4wph/this_possibly_functioning_microwacemailbox/et7jhs4/,ATBGE
19,BlackHolesAreHungry,Agreed. Yahoo was the first to ditch passwords. Yes they did it to compensate for other faults. But it's good tech and I still don't see such a push from Google. And don't get me started on Gmail awful threaded conversations!,1562560768.0,1562531968.0,/r/ATBGE/comments/ca4wph/this_possibly_functioning_microwacemailbox/et7ip7s/,ATBGE
4,BlackHolesAreHungry,Better upvote counters. [removed],1562553515.0,1562524715.0,/r/technology/comments/caa84v/better_upvote_counters/,technology
20,BlackHolesAreHungry,Really? That's so absurd. I would think someone with hotmail and yahoo are better qualified amd more tech savvy as they have been using it for a much longer time. Opening email accounts those days was far more infrequent and confusing.,1562552958.0,1562524158.0,/r/ATBGE/comments/ca4wph/this_possibly_functioning_microwacemailbox/et740eo/,ATBGE
21,BlackHolesAreHungry,Does it matter? The self driving tech should be doing most of the scheduling of tasks and memory management. The os is just a thin layer to talk to the hardware.,1560486875.0,1560458075.0,/r/SelfDrivingCars/comments/c02oww/what_operating_systems_do_self_driving_car/er38mn1/,SelfDrivingCars
22,BlackHolesAreHungry,"Ola in India has had this for a few years now. In the app u can pick food, Wi-Fi, TV channels, YouTube and music subscriptions you want. Uber has a lot of catching up to do there.",1560486711.0,1560457911.0,/r/SelfDrivingCars/comments/c047y4/once_drivers_become_passengers_a_new_fifthscreen/er38cbm/,SelfDrivingCars
23,BlackHolesAreHungry,"👍 Ah now I see. Thank you!
I started on this idea thinking it would make self driving AI easier as it's a couple of less variables to worry about.",1560138279.0,1560109479.0,/r/SelfDrivingCars/comments/byhsdm/self_driving_street_carstrams/eqjq7em/,SelfDrivingCars
24,BlackHolesAreHungry,In Seattle they are empty almost all the time. With smaller cars u can control the count of cars. Have a lot of cars running at peak hours and fewer cars at other times. And they can run 24x7.,1560122389.0,1560093589.0,/r/SelfDrivingCars/comments/byhsdm/self_driving_street_carstrams/eqitz8l/,SelfDrivingCars
25,BlackHolesAreHungry,It's data to feed the self driving AI. I don't think they will use that data in street view. They need lidar data from every single vehicle they can get their hands on. Tesla in beating them at this with hundreds of thousands of cars on the road. The street view cars though limited in number goes to every single corner of america. That's a lot of edge case data.,1560094376.0,1560065576.0,/r/SelfDrivingCars/comments/bwgh20/apple_to_scan_all_streets_of_the_us_until_the_end/eqho6es/,SelfDrivingCars
5,BlackHolesAreHungry,"Self driving street cars/trams. How hard can it be?
The only controls are go and stop. You don't have to worry about navigation and traffic lights as they go on tracks and have dedicated lights. Seems like a good idea to start testing self driving tech in the real world right?
Even better world be to take some teslas, replace the wheels and put them on the tracks. Bahm! On demand street cars that are not empty 90% of the time!",1560093732.0,1560064932.0,/r/SelfDrivingCars/comments/byhsdm/self_driving_street_carstrams/,SelfDrivingCars
26,BlackHolesAreHungry,Everyone self driving vehicle company needs to start like this. But Tesla and Uber and Google don't as they want to be first to make money from the tech and don't care much if a few people are killed on the way.,1558019676.0,1557990876.0,/r/SelfDrivingCars/comments/bp33aw/driverless_electric_truck_starts_deliveries_on/enq8zam/,SelfDrivingCars
27,BlackHolesAreHungry,Sounds cool and I understand the environmental concern but why electric? Batteries are heavy right ?,1558019168.0,1557990368.0,/r/aviation/comments/bp8gu2/the_lilium_jet_five_seater_allelectric_air_taxi/enq85xy/,aviation
28,BlackHolesAreHungry,I think Tesla does not allow it.,1557413287.0,1557384487.0,/r/SelfDrivingCars/comments/bmaabr/waymo_showing_off_ipace_with_camouflaged_sensor/emwdja8/,SelfDrivingCars
29,BlackHolesAreHungry,"Robo taxis will be built for being just that. Which means they will have specially designed seats on which a child seat can be installed in a much easier and faster manner. Just like they will have special doors for easy access to people with disabilities.
Or they might not need seat belts and child seats at all. Have you every worn a seat belt on a bus?",1557273274.0,1557244474.0,/r/SelfDrivingCars/comments/blhxkt/how_will_robotaxis_be_practical_for_kids_that/emqy88b/,SelfDrivingCars
30,BlackHolesAreHungry,"Ya you are right but they are a big company with hundreds of their projects. They cannot spend it all on one venture.
Also it looks like money is not the problem now. It's the data to train these systems which Tesla is getting for free. Technically Tesla should pay each of its customers for collecting their data but thanks to Google and fb that's never going to happen.",1557272940.0,1557244140.0,/r/SelfDrivingCars/comments/blddvm/elon_musks_war_on_lidar_who_is_right_and_why_do/emqxl8x/,SelfDrivingCars
31,BlackHolesAreHungry,Pretty sure even Google does not have that much money. Look at their earnings they are already bleeding on these other ventures.,1557271311.0,1557242511.0,/r/SelfDrivingCars/comments/blddvm/elon_musks_war_on_lidar_who_is_right_and_why_do/emquqwd/,SelfDrivingCars
32,BlackHolesAreHungry,"Current self cars on the road like waymo have a lot of tech in them. Including bug heavy computers, extra sensors and batteries. So they need a bigger car with more boot space.
Assembly and Mass production of cars is a completely different problem. Just look at all the problem a new company like Tesla is facing. It's just easier to use current mass produced cheap cars to develop the tech and then build smaller cars.",1557105712.0,1557076912.0,/r/SelfDrivingCars/comments/bko44d/why_not_make_selfdriving_cars_smaller/emklp07/,SelfDrivingCars
33,BlackHolesAreHungry,"E²=(mc²)²+(pc)²
P being momentum.
https://gizmodo.com/do-you-know-the-rest-of-einsteins-most-famous-equation-5955723",1555334430.0,1555305630.0,/r/blackhole/comments/bc41tg/is_light_have_a_mass/ekx7yse/,blackhole
34,BlackHolesAreHungry,Anything moving at the speed of light has no mass or time,1555334292.0,1555305492.0,/r/blackhole/comments/bc41tg/is_light_have_a_mass/ekx7ul7/,blackhole
35,BlackHolesAreHungry,Karl Schwarzschild. Yup he was a genius.,1555332434.0,1555303634.0,/r/blackhole/comments/bc392d/it_took_7_years_8_planetscale_telescopes_a_team/ekx67hs/,blackhole
36,BlackHolesAreHungry,Say my name,1555332201.0,1555303401.0,/r/blackhole/comments/bda1fr/the_blackhole_js_adorable_guys_it_wont_hurt_you/ekx5zji/,blackhole
37,BlackHolesAreHungry,Remember that times shows across locations are relative. So all that happens in the same episode does not mean it happens at the same time. The books were good at exploiting this.,1555332154.0,1555303354.0,/r/gameofthrones/comments/bdbwv3/spoilers_cersei_and_her_reason_to_fight/ekx5xy4/,gameofthrones
38,BlackHolesAreHungry,Jamie called king slayer since the start. He definitely is going to kill a king. Only 2 kings left now. He is not dying before that for sure.,1555332038.0,1555303238.0,/r/gameofthrones/comments/bdbxdn/spoilers_who_is_going_to_die/ekx5tse/,gameofthrones
39,BlackHolesAreHungry,It has a very good screen which actually makes it good as a digital photo frame now. Plus it's got a browser so if Amazon ever releases a web version of Alexa it would get far more exiting. ,1530064729.0,1530035929.0,/r/Ubuntu/comments/853wvk/is_the_microsoft_surface_rt_a_paper_weight_now/e1bykgc/,Ubuntu
40,BlackHolesAreHungry,I think the present (Bernard waking up on the beach) is not the old Midwest world from season 1 but a new host hunting themed park. The Delos military men are guests in a new story involving hunting and rounding up hosts maybe. Bernard then is still a host but now under Dalos control but slowly gaining consciousness. The man in black is probably in the past true events that happen after Fords death. ,1524652995.0,1524624195.0,/r/westworld/comments/8ely7v/evidence_that_bernard_is_living_in_a_loop/dxx8fap/,westworld
41,BlackHolesAreHungry,I think the present (Bernard waking up on the beach) is not the old Midwest world from season 1 but a new host hunting themed park. The Delos military men are guests in a new story involving hunting and rounding up hosts maybe. Bernard then is still a host but now under Dalos control but slowly gaining consciousness. The man in black is probably in the past true events that happen after Fords death. ,1524651474.0,1524622674.0,/r/westworld/comments/8e9wnh/bernard_theory/dxx6zl8/,westworld
