,author,body,created,created_utc,permalink,subreddit
0,pernola,He need to clean those too,1572751544.0,1572722744.0,/r/powerwashingporn/comments/dqon9u/saturday_with_my_dad_birthday_present/f67tk3t/,powerwashingporn
0,pernola,Saturday with my dad birthday present. ,1572749854.0,1572721054.0,/r/powerwashingporn/comments/dqon9u/saturday_with_my_dad_birthday_present/,powerwashingporn
1,pernola,There isn't bug with the fishes.. Just fishes with fishes,1571394316.0,1571365516.0,/r/FortNiteBR/comments/dj572r/found_a_pretty_interesting_bug_with_the_fishes/f453zdj/,FortNiteBR
2,pernola,"My wallet, I dont have money",1571372807.0,1571344007.0,/r/AskReddit/comments/dj65o9/what_is_most_useless_item_you_carry_with_you_all/f43q1jf/,AskReddit
1,pernola,"People who saw things being done for the first time live, what did you guys see? And what did you feel?. ",1569616421.0,1569587621.0,/r/AskReddit/comments/d9zqzf/people_who_saw_things_being_done_for_the_first/,AskReddit
3,pernola,Oh brazilll,1569467661.0,1569438861.0,/r/motorcycles/comments/d93nh1/just_one_more_the_guy_says/f1f89nu/,motorcycles
2,pernola,Finally my first motorcycle. [removed],1568697213.0,1568668413.0,/r/motorcycles/comments/d56rqj/finally_my_first_motorcycle/,motorcycles
4,pernola,OH BRAZIL,1568533790.0,1568504990.0,/r/motorcycles/comments/d4aeyc/jesus/f09p4uc/,motorcycles
5,pernola,Ohh Brazil,1567946780.0,1567917980.0,/r/Unexpected/comments/d0uegg/pool_party/ezhx6no/,Unexpected
6,pernola,Broke my feet playing soccer table lol,1566057624.0,1566028824.0,/r/AskReddit/comments/crc4n7/whats_the_stupidest_way_youve_hurt_yourself/ex5p9em/,AskReddit
7,pernola,i did yesterday,1562914364.0,1562885564.0,/r/TibiaMMO/comments/cbolk3/just_finished_the_oldest_one_of_quest_on_tibia/etk03ho/,TibiaMMO
8,pernola,"yep, never again",1562385460.0,1562356660.0,/r/TeamfightTactics/comments/c9jlvi/hmmm_ok_then/esz7j3y/,TeamfightTactics
3,pernola,Hmmm ok then. ,1562381214.0,1562352414.0,/r/TeamfightTactics/comments/c9jlvi/hmmm_ok_then/,TeamfightTactics
10,pernola,Hey,1561519576.0,1561490776.0,/r/pcmasterrace/comments/c57nwv/we_are_giving_away_1_cyberpunk_2077_for_steam/es17hf5/,pcmasterrace
11,pernola,Looks like optic fiber to me,1561278477.0,1561249677.0,/r/whatisthisthing/comments/c3wu3n/can_anyone_identify_this_odd_wire_looks_similar/ertpyyc/,whatisthisthing
12,pernola,You are breathtaking,1560471281.0,1560442481.0,/r/Damnthatsinteresting/comments/c04kfi/an_iceberg_flipped_over_and_its_underside_is/er2biv5/,Damnthatsinteresting
13,pernola,LInk,1557913082.0,1557884282.0,/r/tifu/comments/bonrm0/tifu_by_not_closing_the_tab_of_porn_on_my_phone/enjpujw/,tifu
14,pernola,Thanks!!,1557740056.0,1557711256.0,/r/SelfDrivingCars/comments/bn38y7/how_can_i_be_a_test_driver_for_project_like_waymo/en9zhuw/,SelfDrivingCars
15,pernola,Taxi driver,1557736135.0,1557707335.0,/r/AskReddit/comments/bnp83z/the_world_now_runs_on_porn_logic_whats_the_first/en9s6nd/,AskReddit
16,pernola,Thank you very much,1557656068.0,1557627268.0,/r/SelfDrivingCars/comments/bn38y7/how_can_i_be_a_test_driver_for_project_like_waymo/en6d3uj/,SelfDrivingCars
17,pernola,"But how is the name of this job?? Test driver or operator, I just don't where to look, because we don't have things like this in brazil",1557651649.0,1557622849.0,/r/SelfDrivingCars/comments/bn38y7/how_can_i_be_a_test_driver_for_project_like_waymo/en67rcs/,SelfDrivingCars
4,pernola,"How can I be a test driver for project like waymo or tesla?. I'm from Brazil, I did one job like this before ( test drivers for self driving cars), and I love it.

&#x200B;

But I'm not a software engineer and I dont know how to get job like this again. ( especially because I'm from Brazil and Their are not testing cars here)

&#x200B;

I would really enjoy some help. 

&#x200B;

Thank you",1557548367.0,1557519567.0,/r/SelfDrivingCars/comments/bn38y7/how_can_i_be_a_test_driver_for_project_like_waymo/,SelfDrivingCars
18,pernola,this game physically hurts me...really..,1551872823.0,1551844023.0,/r/nintendo/comments/axojfy/turok_listed_for_nintendo_switch_on_the_eshop/ehw6esh/,nintendo
19,pernola,Me ,1550033137.0,1550004337.0,/r/NintendoSwitch/comments/api9i0/this_is_getting_out_of_hand_4_free_switch_games_i/egbyyo3/,NintendoSwitch
20,pernola,"New super mario, or mario kart ",1549949934.0,1549921134.0,/r/NintendoSwitch/comments/apih0q/people_are_giving_out_games_so_why_not_i_want_to/eg9afon/,NintendoSwitch
21,pernola,Nice shit ,1549937901.0,1549909101.0,/r/funny/comments/aphhig/forecast_was_for_freezing_rain_but_had_to_go/eg8ozf6/,funny
22,pernola,"New super mario bros, ty",1549925861.0,1549897061.0,/r/NintendoSwitch/comments/apgnjq/60_worth_of_digital_ns_games_giveaway_ask_for/eg85yho/,NintendoSwitch
23,pernola,Mario kart,1549925824.0,1549897024.0,/r/NintendoSwitch/comments/apgq5a/i_see_your_post_of_three_free_games_for_the/eg85wsh/,NintendoSwitch
24,pernola,New super mario bros 😊,1549925748.0,1549896948.0,/r/NintendoSwitch/comments/ape3g7/i_see_your_post_of_a_free_switch_game_and_i_bring/eg85t95/,NintendoSwitch
25,pernola,New Super Mario Bros for switch or mario kart ty,1549885500.0,1549856700.0,/r/NintendoSwitch/comments/apa1x9/one_digital_copy_of_your_choice_for_nintendo/eg78zww/,NintendoSwitch
26,pernola,But theres something different about his run? ,1549519555.0,1549490755.0,/r/residentevil/comments/anu6pn/that_was_one_hell_of_a_ride/efwgefl/,residentevil
27,pernola,Who is this? ,1549517778.0,1549488978.0,/r/residentevil/comments/anu6pn/that_was_one_hell_of_a_ride/efwdqht/,residentevil
28,pernola,We have  yaris here... But only now lol 2019,1549450497.0,1549421697.0,/r/nevertellmetheodds/comments/anf2x0/who_could_tell_it_wouldnt_touch_the_post/efue0jl/,nevertellmetheodds
30,pernola,They got Alex! ,1549257366.0,1549228566.0,/r/thedivision/comments/amsvum/we_have_50_beta_codes_to_give_away/efojxvb/,thedivision
31,pernola,"can someone explain me what I'm seeing

?",1548661890.0,1548633090.0,/r/SelfDrivingCars/comments/akghm3/commaai_our_vision_stack_the_last_piece_of/ef4szvl/,SelfDrivingCars
32,pernola,"this was exactly like my first accident. I was the red car

&#x200B;",1548582052.0,1548553252.0,/r/IdiotsInCars/comments/ak1cnh/i_turn_now/ef28r2p/,IdiotsInCars
33,pernola,Canadians ,1548494980.0,1548466180.0,/r/PublicFreakout/comments/ajss0p/i_guess_one_person_can_make_a_difference/eez9bn9/,PublicFreakout
34,pernola,"This is Brazil
Source: it was me",1545433808.0,1545405008.0,/r/Whatcouldgowrong/comments/a8666l/wcgw_if_i_try_to_steal_a_bus/ec95u8b/,Whatcouldgowrong
35,pernola,Ty,1540375486.0,1540346686.0,/r/NintendoSwitchDeals/comments/9pxyxn/best_buy_will_price_match_costcocostcocom_super/e8c3ogc/,NintendoSwitchDeals
36,pernola,Canada or usa? ,1540102988.0,1540074188.0,/r/NintendoSwitchDeals/comments/9pxyxn/best_buy_will_price_match_costcocostcocom_super/e856c2d/,NintendoSwitchDeals
37,pernola,"thank you..
",1539771560.0,1539742760.0,/r/NintendoSwitch/comments/9oneaw/rnintendoswitchs_daily_question_thread_10162018/e7wtigb/,NintendoSwitch
38,pernola,I just Did ty,1539771530.0,1539742730.0,/r/NintendoSwitch/comments/9oneaw/rnintendoswitchs_daily_question_thread_10162018/e7wth1u/,NintendoSwitch
39,pernola,"Hello, I m about to buy the nintendo switch this week, should I wait a little bit more for better bundles, or just buy now the cheapest version and buy nline games?",1539747379.0,1539718579.0,/r/NintendoSwitch/comments/9oneaw/rnintendoswitchs_daily_question_thread_10162018/e7w0jz2/,NintendoSwitch
40,pernola,"NICE
",1531468304.0,1531439504.0,/r/FortNiteBR/comments/8y9wnu/season_5_week_1_challenges_all_inclusive_cheat/e2adaob/,FortNiteBR
41,pernola,malaquias in brazil,1531466685.0,1531437885.0,/r/FORTnITE/comments/8yepg3/a_real_question/e2abl8r/,FORTnITE
5,pernola,No skin enjoying the battle pass. ,1531466579.0,1531437779.0,/r/FortNiteBR/comments/8yesxo/no_skin_enjoying_the_battle_pass/,FortNiteBR
42,pernola,lol,1530829298.0,1530800498.0,/r/FORTnITE/comments/8w6qc4/we_really_cant_leave_without_it/e1tzlh7/,FORTnITE
43,pernola,"true
",1530829260.0,1530800460.0,/r/FORTnITE/comments/8w2x83/wood_crate_coming_in_with_the_clutch/e1tzk4o/,FORTnITE
44,pernola,LoL love this,1530828320.0,1530799520.0,/r/FortNiteBR/comments/8w7wwv/rise_upcarbide_origin_story_cinematic_short_story/e1tym1y/,FortNiteBR
45,pernola,never forget,1530828294.0,1530799494.0,/r/FortNiteBR/comments/8w9oiu/reminder_that_we_still_dont_know_what_the_hell/e1tyl71/,FortNiteBR
46,pernola,"amazing
",1530828236.0,1530799436.0,/r/FortNiteBR/comments/8w7zxb/3d_animator_here_i_made_a_new_victory_screen/e1tyj4t/,FortNiteBR
6,pernola,Sears towers. ,1530828087.0,1530799287.0,/r/FortNiteBR/comments/8wanvc/sears_towers/,FortNiteBR
47,pernola,SKY LIMITTT,1530784185.0,1530755385.0,/r/FortNiteBR/comments/8w6qdx/willis_tower/e1t5ck3/,FortNiteBR
48,pernola,same shit,1530784156.0,1530755356.0,/r/FortNiteBR/comments/8w6qdx/willis_tower/e1t5bke/,FortNiteBR
49,pernola,"
I'm from Brazil, but I went there 4 years ago. Besides, my brother lives in Chicago.",1530784150.0,1530755350.0,/r/FortNiteBR/comments/8w6qdx/willis_tower/e1t5be4/,FortNiteBR
7,pernola,Willis tower =]. ,1530783710.0,1530754910.0,/r/FortNiteBR/comments/8w6qdx/willis_tower/,FortNiteBR
8,pernola,When you complete your missions. ,1529650154.0,1529621354.0,/r/FortNiteBR/comments/8swbry/when_you_complete_your_missions/,FortNiteBR
9,pernola,Just in time. ,1529633223.0,1529604423.0,/r/FortNiteBR/comments/8su3xo/just_in_time/,FortNiteBR
10,pernola,Bait. ,1528522286.0,1528493486.0,/r/FortNiteBR/comments/8pns3c/bait/,FortNiteBR
11,pernola,Bait. ,1528522248.0,1528493448.0,/r/FortNiteBR/comments/8pnrwz/bait/,FortNiteBR
50,pernola,This ,1526516326.0,1526487526.0,/r/FORTnITE/comments/8ju1vp/i_think_we_need_more_optimization_is_stw/dz2wb6q/,FORTnITE
51,pernola,Only With stw? I do t think so...there's some option that makes my fps drop to 40...and I cant find.. ,1526506849.0,1526478049.0,/r/FORTnITE/comments/8ju1vp/i_think_we_need_more_optimization_is_stw/dz2lriq/,FORTnITE
12,pernola,"i think we need more optimization is stw... Patch note always show optimization but is  for The BR... I have a 970gtx and sometimes i cant get solid 60 fps... BR I can get 60~90..
In stw i got 40 to 60 sometimes ",1526497788.0,1526468988.0,/r/FORTnITE/comments/8ju1vp/i_think_we_need_more_optimization_is_stw/,FORTnITE
52,pernola,Just build when u are knocked down,1526365216.0,1526336416.0,/r/FortNiteBR/comments/8jdmyo/finishing_knocked_players/dyzfvmq/,FortNiteBR
13,pernola,This dance. ,1526296392.0,1526267592.0,/r/FortNiteBR/comments/8j97vf/this_dance/,FortNiteBR
53,pernola,i had the same fucking ideia last week..,1526099545.0,1526070745.0,/r/FortNiteBR/comments/8iny58/that_famous_windows_xp_bliss_wallpaper_recreated/dytw9ow/,FortNiteBR
54,pernola,FACKING AMUZING,1525846448.0,1525817648.0,/r/FortNiteBR/comments/8hwzdp/you_asked_for_more_i_deliver/dyo0faj/,FortNiteBR
14,pernola,"How about a survive mode..with water, food and stuff... Like the divison dlc",1525515238.0,1525486438.0,/r/FortNiteBR/comments/8h4ihw/how_about_a_survive_modewith_water_food_and_stuff/,FortNiteBR
55,pernola,"Sure, its supose tô be better but focus not working here",1525456163.0,1525427363.0,/r/FortNiteBR/comments/8gvwfx/screeshot_is_a_thing_right_now_so/dyfinhe/,FortNiteBR
56,pernola,"I like it
",1525432224.0,1525403424.0,/r/FortNiteBR/comments/8gvwfx/screeshot_is_a_thing_right_now_so/dyf52wj/,FortNiteBR
57,pernola,I just changed..I'm using the ravens bp,1525432004.0,1525403204.0,/r/FortNiteBR/comments/8gvwfx/screeshot_is_a_thing_right_now_so/dyf4vh8/,FortNiteBR
15,pernola,screeshot is a thing right now so.... ,1525429528.0,1525400728.0,/r/FortNiteBR/comments/8gvwfx/screeshot_is_a_thing_right_now_so/,FortNiteBR
58,pernola,"It was Just a test, to see if i could do more damage ",1525305273.0,1525276473.0,/r/FortNiteBR/comments/8gg4m1/putting_the_dusty_divot_ice_cream_truck_rumor_to/dybvuv6/,FortNiteBR
59,pernola,I break it yesterday https://www.youtube.com/watch?v=US_tB2NCPm4,1525293906.0,1525265106.0,/r/FortNiteBR/comments/8gg4m1/putting_the_dusty_divot_ice_cream_truck_rumor_to/dybkbk3/,FortNiteBR
16,pernola,"When the loot is only bricks and wood, and my team calls me for help. ",1525258423.0,1525229623.0,/r/FortNiteBR/comments/8ge7am/when_the_loot_is_only_bricks_and_wood_and_my_team/,FortNiteBR
17,pernola,My friend and his little poop. ,1525254561.0,1525225761.0,/r/FortNiteBR/comments/8gdssm/my_friend_and_his_little_poop/,FortNiteBR
60,pernola,"I know, sorry about that..but the loot was just a shield",1525253629.0,1525224829.0,/r/FortNiteBR/comments/8gdmsj/secret_chest_dusty_divot/dyau4g8/,FortNiteBR
18,pernola,Secret chest dusty divot. ,1525253040.0,1525224240.0,/r/FortNiteBR/comments/8gdmsj/secret_chest_dusty_divot/,FortNiteBR
61,pernola,Video here https://www.youtube.com/watch?v=olKXpGKR5sI,1525247551.0,1525218751.0,/r/FortNiteBR/comments/8gcv5s/justice_from_above/dyaoiup/,FortNiteBR
19,pernola,Justice from above. ,1525245658.0,1525216858.0,/r/FortNiteBR/comments/8gcv5s/justice_from_above/,FortNiteBR
20,pernola,Love the new jump thing. ,1525227859.0,1525199059.0,/r/FortNiteBR/comments/8gans7/love_the_new_jump_thing/,FortNiteBR
62,pernola,lucky landing top of building,1525213188.0,1525184388.0,/r/FortNiteBR/comments/8g7hfh/fortnite_letter_locations_challenge_week_1/dy9nyu9/,FortNiteBR
21,pernola,Peaceful place. ,1525151615.0,1525122815.0,/r/FortNiteBR/comments/8g2yzg/peaceful_place/,FortNiteBR
22,pernola,4 POV Video 32 kills pc game. ,1525078418.0,1525049618.0,/r/FortNiteBR/comments/8fvr38/4_pov_video_32_kills_pc_game/,FortNiteBR
63,pernola,yes,1524881674.0,1524852874.0,/r/MovieDetails/comments/8evd3m/in_mummy_returns_jonathan_teach_alex_a_symbol/dy2nnji/,MovieDetails
23,pernola,they talk about my snipes. ,1524734409.0,1524705609.0,/r/FortNiteBR/comments/8eyvcs/they_talk_about_my_snipes/,FortNiteBR
24,pernola,In Mummy returns Jonathan teach Alex a symbol that he learns from Evelyn in first movie in a very similar scene.. ,1524705924.0,1524677124.0,/r/MovieDetails/comments/8evd3m/in_mummy_returns_jonathan_teach_alex_a_symbol/,MovieDetails
64,pernola,"Name: Pernola
Number 6

And for my friend 
NAME:RZ GOD
Number 3


Ty ",1524703356.0,1524674556.0,/r/FortNiteBR/comments/8esbdk/free_twitch_and_twitter_fortnite_headers_comment/dxy8qol/,FortNiteBR
65,pernola,"F for yes
",1524293211.0,1524264411.0,/r/FortNiteBR/comments/8dppic/should_i_copyright_strike_a_click_baiter_for/dxpfp9m/,FortNiteBR
25,pernola,how exactly feel the base works. ,1524281365.0,1524252565.0,/r/FORTnITE/comments/8dqauk/how_exactly_feel_the_base_works/,FORTnITE
26,pernola,Hmmm. ,1523843300.0,1523814500.0,/r/FORTnITE/comments/8cgt5p/hmmm/,FORTnITE
27,pernola,Final fight. ,1523587228.0,1523558428.0,/r/FortNiteBR/comments/8bsjhi/final_fight/,FortNiteBR
66,pernola,"i dont have this motivation to stream save the world..theres no quest progression..only farming they need to add canny and twine asap
",1523525802.0,1523497002.0,/r/FORTnITE/comments/8bku8m/nice_to_see_that_community_managers_are_reaching/dx7wvbu/,FORTnITE
67,pernola,Thank you..now that I know..I am putting this game on hold,1523435430.0,1523406630.0,/r/FORTnITE/comments/8b4hfg/finally_got_to_twine_peaks_cant_wait_for_the/dx5pyhn/,FORTnITE
68,pernola,what about canny and twine are the same thing? just harderd?,1523435393.0,1523406593.0,/r/FORTnITE/comments/8bagzk/upcoming_changes_to_repair_the_shelter_mission/dx5px4r/,FORTnITE
69,pernola,and the quest are always the same...ffs epic where is your game design...just copy paste in all zones..,1523403426.0,1523374626.0,/r/FORTnITE/comments/8b4hfg/finally_got_to_twine_peaks_cant_wait_for_the/dx4q6ei/,FORTnITE
70,pernola,with auto run u can't look to other way and run foward...u always run to where u are looking at,1522221904.0,1522193104.0,/r/FortNiteBR/comments/87n45x/so_this_happen_to_me_today/dwe32dy/,FortNiteBR
71,pernola,I'm running forward looking the other way.,1522221700.0,1522192900.0,/r/FortNiteBR/comments/87n45x/so_this_happen_to_me_today/dwe2vkx/,FortNiteBR
72,pernola,I did twice..but never know how to do it,1522221458.0,1522192658.0,/r/FortNiteBR/comments/87n45x/so_this_happen_to_me_today/dwe2nhk/,FortNiteBR
28,pernola,So this happen to me today. ,1522221276.0,1522192476.0,/r/FortNiteBR/comments/87n45x/so_this_happen_to_me_today/,FortNiteBR
73,pernola,So should I play in canny? ow wait for the buff?,1522156067.0,1522127267.0,/r/FORTnITE/comments/8658rm/save_the_world_update_roadmap_321/dwckzvy/,FORTnITE
74,pernola,in portuguese this skin has a literaly translation: Roblowjob,1521746904.0,1521718104.0,/r/FortNiteBR/comments/866uac/skin_concept_robocat_face_changing_emoticon/dw3krg8/,FortNiteBR
75,pernola,"u sir..has a special place in hell
",1521591063.0,1521562263.0,/r/FortNiteBR/comments/85rl7e/bush_bait/dw0048v/,FortNiteBR
76,pernola,"they are just like defenders...theres no need for this
",1521451252.0,1521422452.0,/r/FORTnITE/comments/85e3gu/epic_bring_this_trap_back_now/dvx3zte/,FORTnITE
77,pernola,Explain? English is not my native language,1521414226.0,1521385426.0,/r/comics/comments/85aqi6/hook_line_and_thinker/dvw6rn2/,comics
78,pernola,"thank you
",1520378849.0,1520350049.0,/r/FORTnITE/comments/82flsc/if_i_use_the_outlander_i_have_more_chances_of/dv9p6cd/,FORTnITE
79,pernola,"Thank you so much
",1520378170.0,1520349370.0,/r/FORTnITE/comments/82flsc/if_i_use_the_outlander_i_have_more_chances_of/dv9oi2l/,FORTnITE
29,pernola,"If I use the outlander, i have more chances of getting more tier3+ stuff?. ",1520376675.0,1520347875.0,/r/FORTnITE/comments/82flsc/if_i_use_the_outlander_i_have_more_chances_of/,FORTnITE
30,pernola,Smooth AF. ,1520159104.0,1520130304.0,/r/FortNiteBR/comments/81ux3a/smooth_af/,FortNiteBR
80,pernola,"nice
",1519989983.0,1519961183.0,/r/FortNiteBR/comments/81bajb/did_i_do_it_right/dv1xkj0/,FortNiteBR
81,pernola,https://www.youtube.com/watch?v=MtTRIIUhScs,1519956687.0,1519927887.0,/r/FortNiteBR/comments/815tvg/the_challenge_that_separate_men_from_kids/dv0z8qu/,FortNiteBR
31,pernola,Chest in Wailling Woods be like. ,1519953327.0,1519924527.0,/r/FortNiteBR/comments/816voz/chest_in_wailling_woods_be_like/,FortNiteBR
32,pernola,"How about ingame mark?. Like  mark system of battlefield, u press a key facing to where u wanna mark.. A moutain or a building..and the mark stays there for like 5 seconds",1519766559.0,1519737759.0,/r/FortNiteBR/comments/80mdo9/how_about_ingame_mark/,FortNiteBR
33,pernola,Epic PLZ...Put the hoverboard in battle royale... with the posibilite of giving a ride to a friend,1519549440.0,1519520640.0,/r/FortNiteBR/comments/80122c/epic_plzput_the_hoverboard_in_battle_royale/,FortNiteBR
34,pernola,Another type of double pump. ,1518673225.0,1518644425.0,/r/FortNiteBR/comments/7xlknd/another_type_of_double_pump/,FortNiteBR
35,pernola,Mini stroke. ,1518344210.0,1518315410.0,/r/FortNiteBR/comments/7wq26u/mini_stroke/,FortNiteBR
82,pernola,"what is wrong with that?
",1518319276.0,1518290476.0,/r/FortNiteBR/comments/7wlfnh/even_epic_employees_do_this/du1oymr/,FortNiteBR
83,pernola,I thought drop shot was a thing only in rainbow six,1517598396.0,1517569596.0,/r/FortNiteBR/comments/7uk754/one_of_my_closest_escapes_so_far/dtmc6y2/,FortNiteBR
36,pernola,Play smart. ,1516480426.0,1516451626.0,/r/FortNiteBR/comments/7rq54q/play_smart/,FortNiteBR
84,pernola,GOOD,1515819781.0,1515790981.0,/r/FortNiteBR/comments/7pvd10/welp_ive_never_died_like_this_before/dsl8mml/,FortNiteBR
85,pernola,"lol
",1515272534.0,1515243734.0,/r/FortNiteBR/comments/7od385/just_got_sniped_by_this_dude_not_even_mad/ds9u5ky/,FortNiteBR
86,pernola,"genius
",1515218556.0,1515189756.0,/r/FortNiteBR/comments/7ocsf1/this_guy_forget_to_record_in_game_audio_so_he/ds8x8zn/,FortNiteBR
87,pernola,sure,1515178063.0,1515149263.0,/r/FortNiteBR/comments/7o9rca/is_it_just_me_or_does_anyone_else_wish_you_could/ds7zcqp/,FortNiteBR
88,pernola,"lol
",1515122423.0,1515093623.0,/r/FortNiteBR/comments/7o4e9m/i_think_epic_need_to_nerf_the_hitboxes/ds6w1oi/,FortNiteBR
89,pernola,"good lord
",1515119713.0,1515090913.0,/r/FortNiteBR/comments/7o339h/the_best_launch_pad_play_youll_see_today/ds6tgn0/,FortNiteBR
90,pernola,"nice
",1515058096.0,1515029296.0,/r/FortNiteBR/comments/7nxysv/i_am_one_lucky_person/ds5nsmh/,FortNiteBR
91,pernola,nice,1514974533.0,1514945733.0,/r/FortNiteBR/comments/7nmcuk/aoe_healing_item_coming_next_week/ds3y4xs/,FortNiteBR
37,pernola,"I used to be an adventure like you, but then.... ",1514938980.0,1514910180.0,/r/FortNiteBR/comments/7nnenx/i_used_to_be_an_adventure_like_you_but_then/,FortNiteBR
38,pernola,Hmmm. ,1514697874.0,1514669074.0,/r/FortNiteBR/comments/7n46i2/hmmm/,FortNiteBR
39,pernola,Some good shots over here. ,1513140437.0,1513111637.0,/r/FortNiteBR/comments/7jdtru/some_good_shots_over_here/,FortNiteBR
40,pernola,EA and I. ,1510644609.0,1510615809.0,/r/gaming/comments/7crbbg/ea_and_i/,gaming
92,pernola,"She is from Brazil, that's why. Garbage salary here",1509574068.0,1509545268.0,/r/Rainbow6/comments/7a0et1/she_works_hard_for_her_money/dp6tk13/,Rainbow6
93,pernola,Pump Shotgun... amazing,1508997399.0,1508968599.0,/r/FortNiteBR/comments/78nu3z/official_epic_fortnitemare_giveaways_day_1/dovzdmh/,FortNiteBR
41,pernola,"New invites. http://imgur.com/a/rH860

Why cant we have this on main screen? shift f2 sux...",1486707559.0,1486678759.0,/r/Rainbow6/comments/5t3a63/new_invites/,Rainbow6
42,pernola,Just Chillin'. ,1484798460.0,1484769660.0,/r/Rainbow6/comments/5orom2/just_chillin/,Rainbow6
43,pernola,First Highlights =]. ,1484359848.0,1484331048.0,/r/Rainbow6/comments/5ns7oe/first_highlights/,Rainbow6
94,pernola,"77
",1483859777.0,1483830977.0,/r/BattleRite/comments/5mmjz6/giving_away_four_battlerite_razer_codes/dc4vd50/,BattleRite
44,pernola,Love Freya. ,1482041686.0,1482012886.0,/r/BattleRite/comments/5iwyg9/love_freya/,BattleRite
95,pernola,"Me plzz
",1481665474.0,1481636674.0,/r/BattleRite/comments/5i1nvf/razer_mount_giveaway/db526ls/,BattleRite
