,author,body,created,created_utc,permalink,subreddit
0,LosVangelis,"You are friggin lucky to have parents like that and a home to go home to. Shit, I'd sober up just on account of not wanting to put stress on parents like that.",1574098056.0,1574069256.0,/r/Stims/comments/dxjbhn/i_cant_sleep_at_night/f7xq0vb/,Stims
0,LosVangelis,"My main purpose for learning more Khmer is.... ... so I can pretend I don't understand it when people are talking about me in Khmer in my presence, while they assume I can't understand.",1574010162.0,1573981362.0,/r/cambodia/comments/dxkd08/my_main_purpose_for_learning_more_khmer_is/,cambodia
1,LosVangelis,This. He's being thrown under the bus.,1573981475.0,1573952675.0,/r/conspiracy/comments/dxd51c/prince_andrew_is_a_terrible_liar/f7ppl1x/,conspiracy
2,LosVangelis,This right here is the reason I may never move back from SE Asia. Nearly every toilet over here has a 'bum gun' instead of toilet paper. Makes the West seem downright barbaric to just spread the shit around with paper like that.,1573816159.0,1573787359.0,/r/researchchemicals/comments/dwaogp/toilet_mounted_bidet_boofing_protip/f7jv9ci/,researchchemicals
3,LosVangelis,My best seller has cyberpunk elements.,1573636183.0,1573607383.0,/r/eroticauthors/comments/cwp1ij/is_cyberpunk_a_genre_that_is_actually_selling/f7d4hhl/,eroticauthors
4,LosVangelis,"I'm just going off of a lot of videos I see on youtube of people inhaling deeply and quickly over and over again as if they are running or doing cardio exercise, even while their body is already in a relaxed state. Some sort of breath of fire type work.",1573632593.0,1573603793.0,/r/yoga/comments/dv3rld/pranayama_and_hyperoxia/f7czk2x/,yoga
5,LosVangelis,"How would you describe high altitude conditioning or a free diver's ability to dive for long on a single breath of air, except for carbon dioxide resistance?",1573632403.0,1573603603.0,/r/yoga/comments/dv3rld/pranayama_and_hyperoxia/f7czajs/,yoga
6,LosVangelis,Eating dairy and pulses (beans) as sources of protein is mathematically more efficient than eating pork.,1573581319.0,1573552519.0,/r/China/comments/dv137c/chinas_pork_crisis_is_bigger_than_you_think/f7b2qgx/,China
7,LosVangelis,Spent six weeks in Meizhou recently and everything cooked by the kitchen at the school I worked at was drowned in pork fat.,1573579063.0,1573550263.0,/r/China/comments/dv137c/chinas_pork_crisis_is_bigger_than_you_think/f7b1cg9/,China
8,LosVangelis,"India is one of the poorest countries in the world so of course it has a high rate of malnutrition. Traditional Indian cuisine has nothing to do with that. China had a lot of malnutrition too not so long ago and their cuisines are very different.  


I could go through the news too and find a lot of problems with China's food supply. Chinese food is absolute crap -- full of chemicals, pesticides, adulterants. Poisonous infant formula. Come on.  


Anyway, I wasn't talking about the purity of the food supply and of course, India has a lot of room for improvement but the fact of the matter is that India has developed a much more efficient use of arable land and extracting calories per acre. There's just no arguing against that. Eating a diet high in pork is the worst possible diet for the planet.",1573578747.0,1573549947.0,/r/China/comments/dv137c/chinas_pork_crisis_is_bigger_than_you_think/f7b15ba/,China
9,LosVangelis,Chinese cuisine is a matter of national pride. Pork is pretty much synonymous with Chinese cuisine.,1573573584.0,1573544784.0,/r/China/comments/dv137c/chinas_pork_crisis_is_bigger_than_you_think/f7axnge/,China
10,LosVangelis,"Please be specific. What is it in butter, which ingredient is it that makes you have digestive problems? It is likely not lactose since butter has almost zero protein or sugar at all.  


Anyway, the Indians use clarified butter or 'ghee'.",1573563841.0,1573535041.0,/r/China/comments/dv137c/chinas_pork_crisis_is_bigger_than_you_think/f7aosup/,China
11,LosVangelis,"Most cheese has zero lactose. Butter none whatsoever. Besides, urban middle class Chinese seem to be drinking a lot of milk.",1573561583.0,1573532783.0,/r/China/comments/dv137c/chinas_pork_crisis_is_bigger_than_you_think/f7aly94/,China
1,LosVangelis,"Pranayama and hyperoxia.. I am a novice yogi, while I am also trained in freediving. What I am curious about is pranayama and hyperoxia (hyperventilation). It seems to me that most pranayama exercises involve deep breathing repeatedly, while it is known in medical circles that hyperoxia can actually result in health problems including anxiety (this is why some doctors recommend breathing into a paper bag -- it *reduces* oxygen in the system and raises carbon dioxide).  


Personally, in my freediving/breath-hold training, I have noticed an improvement in overall mood and well being from training my carbon dioxide resistance due to oxygen deprivation. I sense that depriving my body of oxygen actually ahs trained my physiology to make more efficient use of oxygen. This is also the same mechanism as adapting to high-altitude environments.",1573556069.0,1573527269.0,/r/yoga/comments/dv3rld/pranayama_and_hyperoxia/,yoga
12,LosVangelis,"Could be solved if China changed its cuisine closer to India's which is based on dairy for protein and fat, and minimal meat-eating if any. Never going to happen though -- too much pride.  


China is a complete mess.",1573554394.0,1573525594.0,/r/China/comments/dv137c/chinas_pork_crisis_is_bigger_than_you_think/f7ac0nj/,China
13,LosVangelis,Because discussion and establishing rules is SO EROTIC!,1573552770.0,1573523970.0,/r/sex/comments/duuuzx/my_best_friend_has_been_acting_a_bit_distantupset/f7a9p4w/,sex
14,LosVangelis,"This is why I never want to be involved in group sex, polyamory and the like. Way too much psychic tension.",1573552744.0,1573523944.0,/r/sex/comments/duuuzx/my_best_friend_has_been_acting_a_bit_distantupset/f7a9nt3/,sex
15,LosVangelis,"If you don't have enough scapular retraction, then your spine takes on the burden.",1573214883.0,1573186083.0,/r/flexibility/comments/ds0302/ive_been_following_this_community_for_awhile/f6vh51r/,flexibility
16,LosVangelis,Tulsi is so gorgeous.,1573119121.0,1573090321.0,/r/YangForPresidentHQ/comments/dskt7t/whoopi_with_another_andrew_yang_shoutout_on_the/f6r027u/,YangForPresidentHQ
17,LosVangelis,Five days? I can recover from a carb binge within one day of IF/cardio. Little miniature fasts seem to reset the system and glucose sensitivity immediately.,1573071017.0,1573042217.0,/r/flexibility/comments/ds0302/ive_been_following_this_community_for_awhile/f6ozco1/,flexibility
18,LosVangelis,Seems like your shoulders are the problem to me.,1573070871.0,1573042071.0,/r/flexibility/comments/ds0302/ive_been_following_this_community_for_awhile/f6oz80m/,flexibility
19,LosVangelis,I keep this in ming when I add a few words or sentences to a story then get distracted with other more important things. mind,1573042973.0,1573014173.0,/r/eroticauthors/comments/dr6u0p/every_litte_bit_counts/f6oddz9/,eroticauthors
20,LosVangelis,I never understand the point of a dataporn that doesn't mention genre.,1572684524.0,1572655724.0,/r/eroticauthors/comments/dq4w4p/dataporn_october_2019_1607/f62a4w7/,eroticauthors
21,LosVangelis,"Read my original post, this time with your glasses on.",1572683611.0,1572654811.0,/r/lostgeneration/comments/dpt9np/bernie_sanders_is_the_only_presidential_candidate/f6284la/,lostgeneration
22,LosVangelis,"How do you propose we install new systems in homes, replace all gas cars, build a grid that reaches from the SW all over the country?

It would take at least a year or two, right? Longer?

And what about manufacturing? Smelting? Heavy industry? Powering residential and transportation takes far less power than that. Does a 100% self sufficient factory even exist yet?",1572627218.0,1572598418.0,/r/lostgeneration/comments/dpt9np/bernie_sanders_is_the_only_presidential_candidate/f600crs/,lostgeneration
23,LosVangelis,"In the interim, while we are transferring to renewables (a long process), would you prefer we fuel the American economy with Middle East oil or domestic/intercontinental?  


Or we could just totally bring the American economy to a screeching halt -- we would need way less oil that way!  


How to go about this? Be specific.",1572604789.0,1572575989.0,/r/lostgeneration/comments/dpt9np/bernie_sanders_is_the_only_presidential_candidate/f5zfy6d/,lostgeneration
24,LosVangelis,Meth ree,1572596237.0,1572567437.0,/r/researchchemicals/comments/dpsmrg/if_i_love_psychedelics_but_hate_weed_how_will_i/f5z55p9/,researchchemicals
25,LosVangelis,Cannabis is better for me in low dosages and mixed with alcohol. But these high THC modern strains are too strong.,1572595919.0,1572567119.0,/r/researchchemicals/comments/dpsmrg/if_i_love_psychedelics_but_hate_weed_how_will_i/f5z4ras/,researchchemicals
2,LosVangelis,CHINA BANS ANTI-BLOCKCHAIN SENTIMENT. ,1572560710.0,1572531910.0,/r/Bitcoin/comments/dpo9o7/china_bans_antiblockchain_sentiment/,Bitcoin
26,LosVangelis,"I read all thes eposts about people stacking drugs, trying drug after drug, using drugs to treat symptoms which may or may not have emerged due to the usage of prior pharmaceuticals.  


Why not try going off all drugs and using diet, herbs, and exercise.  


As an aside, stomach vacuum yoga ([uddiyana bandha](https://yogainternational.com/article/view/uddiyana-bandha-step-by-step)) poses and diaphramatic stretching have helped my symptoms a lot.",1572529708.0,1572500908.0,/r/Interstitialcystitis/comments/dphlxi/strange_update_to_my_uti_and_more_doctor_bs_but/f5vun9i/,Interstitialcystitis
27,LosVangelis,"Did they ever realize/take responsibility for their folly?

I'm the child of two people who basically met got fucked up and had sex. Professional college graduates, just part of the liberated generation. It's like the '60s just gave people from middle-class backgrounds carte blanche to act like they were raised in slums. 

But Boomers will never seem to take responsibility for their mess. Most are now NIMBY's with fat savings, and many I know are drowning in homeless people in West Coast cities.",1572464100.0,1572435300.0,/r/lostgeneration/comments/dosj07/ok_boomer/f5sl5zj/,lostgeneration
28,LosVangelis,"Dissos seem to give me worse and worse manic episodes each binge. But then again, the first time I tried 3-meo-pcp I ended up restrained and intubated in the ER without any memory of why, so maybe not.",1572462807.0,1572434007.0,/r/researchchemicals/comments/dos9kq/who_else_had_just_lost_interest_in_everything/f5sk134/,researchchemicals
29,LosVangelis,Gentle as in not addictive?,1572429360.0,1572400560.0,/r/researchchemicals/comments/donv4e/help_12_mg_diclazepam_daily_and_i_think_im_fucked/f5rqiwh/,researchchemicals
30,LosVangelis,Maybe that's part of the reason my sales have yet to take off?,1572388599.0,1572359799.0,/r/eroticauthors/comments/doq4c0/a_silly_mistake/f5phy21/,eroticauthors
31,LosVangelis,well I had no tolerance. One 10mg valium will give me a buzz.,1572387253.0,1572358453.0,/r/researchchemicals/comments/donv4e/help_12_mg_diclazepam_daily_and_i_think_im_fucked/f5pg0y3/,researchchemicals
32,LosVangelis,I ordered a vial full of liquid diclaz once. When I found out that it was the most potent benzo I immediately threw it out. Scary shit! Go to your doctor dude there's no other way. Maybe you have some family who can help you with a place to stay. Fuck your job. All you need is a roof over your head and your life/health.,1572386777.0,1572357977.0,/r/researchchemicals/comments/donv4e/help_12_mg_diclazepam_daily_and_i_think_im_fucked/f5pfcou/,researchchemicals
33,LosVangelis,"I went through all my back matter, improved my covers, and published a new novel and still October is less than September!",1572386208.0,1572357408.0,/r/eroticauthors/comments/dolsht/october_slower_than_september_despite_publishing/f5pekll/,eroticauthors
34,LosVangelis,Most Thais working low wage jobs in Bangkok have families in small cities and villages in the country. Similar in Cambodia so I imagine similar in Phillipenes too. Very few middle class would go drive trucks in Afghanistan.,1572365080.0,1572336280.0,/r/Futurology/comments/docs3y/soldiers_bottled_water_consumption_is/f5owjjr/,Futurology
3,LosVangelis,"October slower than September (despite publishing). I published this month. Didn't last month. September is supposed to be the slowest month of the year but for me October is looking to end significantly lower in sales.  


Someone had the theory in another thread that it was because everyone is posting backlogged titles they waited until the end of summer to put on the market. Makes logical sense to me.  


Anyone else experiencing this, a slower Oct than Sep?",1572357931.0,1572329131.0,/r/eroticauthors/comments/dolsht/october_slower_than_september_despite_publishing/,eroticauthors
35,LosVangelis,"400 a week is enough to finance a palatial lifestyle in rural SE ASia. With an income like that, they probably built the nicest homes in their villages.",1572357472.0,1572328672.0,/r/Futurology/comments/docs3y/soldiers_bottled_water_consumption_is/f5oro6y/,Futurology
36,LosVangelis,Every disso experience I have had has been good. Even the bad ones.,1572285253.0,1572256453.0,/r/researchchemicals/comments/dnui3w/bad_experiences_on_dissos/f5k6w8m/,researchchemicals
37,LosVangelis,"Might help to think in terms of 'kinks' rather than 'ideas'. Until I found a popular kink, none of my ideas produced many results, in smut.

Yeah there is a divergence between the arts and humanities and STEM subjects, and I don't see where they meet. One is based on a binary system, the other shades of grey.

Perhaps quantum computing better mimics how the human mind works.",1572249952.0,1572221152.0,/r/eroticauthors/comments/dkln54/fairly_successful_in_erotica_transitioning_to/f5j4dss/,eroticauthors
38,LosVangelis,"The best way to combat Xi's policies is to foment a feminist and gay liberation movement in China. Leave the banking system intact though.   


After all, look what the 60's did for America!",1572184356.0,1572155556.0,/r/China/comments/dngc67/george_soros_i_consider_xi_jinpings_china_the/f5dlbqp/,China
39,LosVangelis,Says more about the masses of readership than about the author.,1572182193.0,1572153393.0,/r/eroticauthors/comments/dnjncj/i_always_wondered_why_this_sub_said_actual/f5dgfwm/,eroticauthors
4,LosVangelis,Nicholas Nassim Taleb on Lebanese protests and BTC. ,1572043030.0,1572014230.0,/r/Bitcoin/comments/dmyc9x/nicholas_nassim_taleb_on_lebanese_protests_and_btc/,Bitcoin
5,LosVangelis,"Elon Musk: Tesla Full Self-Driving in early access this year, without supervision next year - Electrek. ",1572029248.0,1572000448.0,/r/SelfDrivingCars/comments/dmvoig/elon_musk_tesla_full_selfdriving_in_early_access/,SelfDrivingCars
40,LosVangelis,It's a wall of text.,1572014528.0,1571985728.0,/r/KeepWriting/comments/dmrxm4/i_need_opinions_on_a_section_from_my_book_some/f54l73x/,KeepWriting
6,LosVangelis,"Can't find info on this anywhere: (male) two long v-shaped protrusions that feel like they are full of liquid on crotch above scrotum/penis. I can't afford a trip to the doctor. I have had bladder/urinary problems for years.  


Recently I lost weight and now I have noticed on my pelvis two long half-inch wide bumps that make a v shape downwards to each side of my base/scrotum. When I press on them they give easily but feel like they are full of fluid. No color, just feel almost like natural anatomical features, no rash or anything.   


I lost weight recently, but in addition to my IC symptoms this is alarming.",1572001473.0,1571972673.0,/r/Interstitialcystitis/comments/dmrcf8/cant_find_info_on_this_anywhere_male_two_long/,Interstitialcystitis
41,LosVangelis,Synopsis: money makes whores of us all.,1571996435.0,1571967635.0,/r/eroticauthors/comments/dmikby/reminder_your_pen_name_is_not_a_political/f53zxo2/,eroticauthors
42,LosVangelis,Can you vape it in an oil-burner?,1571995590.0,1571966790.0,/r/researchchemicals/comments/dml6bu/2fdck_is_great/f53yq5b/,researchchemicals
43,LosVangelis,"Unless I can get my hands on good cocaine, or 2-CB and similar, I only take dissos.  


All other RC's I just read about. And it's fascinating.",1571995509.0,1571966709.0,/r/researchchemicals/comments/dlza9d/do_you_sometimes_feel_like_you_enjoy_learning/f53ylv6/,researchchemicals
44,LosVangelis,哈哈,1571994609.0,1571965809.0,/r/China/comments/dly7dc/guess_which_tablet_huaweis_founder_uses/f53x0zm/,China
45,LosVangelis,"Typical of actors. They really aren't that intelligent, most of them. Comedians are usually operating on more brain cells. Very few dramatic actors are articulate of have anything interesting to say in interviews.",1571943441.0,1571914641.0,/r/dune/comments/dmbobm/rebecca_ferguson_talks_gender_equality_in_dune/f4zrybj/,dune
46,LosVangelis,"I had a dream the other night that I was a big, black woman that killed some people and I was trying to hide the bodies. I'm a small, white male.  


Maybe I have seen too many Tyler Perry movies or something. Been laying off the RC's, too.",1571943213.0,1571914413.0,/r/researchchemicals/comments/dmd79l/your_daily_reminder_that_hexens_bad_for_you/f4zrlw6/,researchchemicals
47,LosVangelis,Joke...,1571935638.0,1571906838.0,/r/China/comments/dly7dc/guess_which_tablet_huaweis_founder_uses/f4zgvcr/,China
48,LosVangelis,Did you read Tikhal and Pikhal? Did you ask Shulgin 'how?' in every chapter?,1571923302.0,1571894502.0,/r/researchchemicals/comments/dm9ojw/case_report_unexpected_serotonin_syndrome/f4z4i0q/,researchchemicals
49,LosVangelis,"Many, many bestselling smut books have larger text in the blurb.",1571914867.0,1571886067.0,/r/eroticauthors/comments/dm8t64/text_size_in_blurb_on_amazon/f4yv3js/,eroticauthors
50,LosVangelis,I stay away from any drugs that raise serotonin significantly. Serotonin is a toxic neurotransmitter in excess. Excess dopamine does less damage.,1571914808.0,1571886008.0,/r/researchchemicals/comments/dm9ojw/case_report_unexpected_serotonin_syndrome/f4yv0mc/,researchchemicals
51,LosVangelis,It's a knockoff.,1571910379.0,1571881579.0,/r/China/comments/dly7dc/guess_which_tablet_huaweis_founder_uses/f4yotr8/,China
7,LosVangelis,"Text size in blurb on Amazon. I want to update all my backmatter to increase the text size on all my blurbs. What's a good size to use? The regular size just looks too small, it doesn't pop out from the page on desktop.",1571906910.0,1571878110.0,/r/eroticauthors/comments/dm8t64/text_size_in_blurb_on_amazon/,eroticauthors
52,LosVangelis,"I overdosed on 3-meo-pcp and ended up in the ER restrained and intubated with a tube down my throat (I think because the docs gave me opiates because I was thrashing violently while blacked out, for some reason dissos never sedate me).  


The afterglow from that lasted for weeks! Wouldn't advise anyone to OD like that, but from my experience the higher I dose, the longer the afterglow.",1571834391.0,1571805591.0,/r/researchchemicals/comments/dlnx6a/disso_hype_train_be_careful/f4ucjwg/,researchchemicals
53,LosVangelis,"I am not a STEM person whatsoever, but it seems that what it will take to get driverless cars going is the IOT being embedded in 'smart streets'. When they put 5G sensors in every traffic light, every milepost or sign above a freeway, *then* there will be enough data for AI to deal with inclement weather, icy streets, etc.",1571831973.0,1571803173.0,/r/SelfDrivingCars/comments/dlkmxb/elon_musk_says_tesla_vehicles_will_drive/f4u9xck/,SelfDrivingCars
54,LosVangelis,"I can barely break 200!

Also: I am fascinated with the difference between writing and coding. Because for me I see it like this: writing (and particularly fiction) is coding the human brain. Like neurolinguistic programming. They're opposites.

For instance, coding is binary ones and zeroes. Black and white. On and off and no grey areas.

Whereas writing fiction is all about grey areas. Similes and metaphors are about A is B and A is like B. 

Off tangent but I'd be interested to hear why you like writing fiction so much more than writing code.",1571680916.0,1571652116.0,/r/eroticauthors/comments/dkln54/fairly_successful_in_erotica_transitioning_to/f4kiw3z/,eroticauthors
55,LosVangelis,Do you experience side effects?,1571579929.0,1571551129.0,/r/researchchemicals/comments/dkaisf/big_news_dutch_rc_ban_coming/f4e2iba/,researchchemicals
56,LosVangelis,Hopefully a Streisand effect kicks in.,1571579549.0,1571550749.0,/r/YangForPresidentHQ/comments/dk7jum/msnbc_did_it_again_left_off_yang_with_64m_but/f4e1nlw/,YangForPresidentHQ
57,LosVangelis,"If I am renting a place from a workaholic landlord that is doing hard labor on a regular basis using the money they make from my rental to improve their property, then I think that's justified. Labor creates value.",1571506659.0,1571477859.0,/r/lostgeneration/comments/djfdpf/all_landlords_are_bastards/f49p0jc/,lostgeneration
58,LosVangelis,"Pretty much all passive income is a burden on society. 

https://en.wikipedia.org/wiki/Rent-seeking",1571474092.0,1571445292.0,/r/lostgeneration/comments/djfdpf/all_landlords_are_bastards/f48pkvi/,lostgeneration
59,LosVangelis,"Well, I guess what I have learned is to write fluff without bogging down the pace. I think it's imperative to write fluff to make money in smut. 

Then again, if I wrote lean prose I would publish a lot more often. Maybe I will take it upon myself to try and write a title with lean, Hemingwayesque prose and see how it does.",1571473982.0,1571445182.0,/r/eroticauthors/comments/djh2d4/what_ive_learned_from_writing_smut/f48pftr/,eroticauthors
60,LosVangelis,"https://www.nationalreview.com/2019/10/andrew-yang-tech-entrepreneur-fears-automation-self-driving-cars/amp/

""Andrew Yang: Snake Oil Salesman""",1571434447.0,1571405647.0,/r/YangForPresidentHQ/comments/djeppv/incoming_the_haters_have_arrived_we_must_be_doing/f468ueo/,YangForPresidentHQ
61,LosVangelis,"Let me guess, you disagree with Scott's opinion that the film was too long, don't you?",1571434328.0,1571405528.0,/r/bladerunner/comments/djg5zq/anyone_else_wish_wed_seen_more_of_las_streets_at/f468ix8/,bladerunner
62,LosVangelis,"Much, much more common in Asia than US in my experience.",1571416344.0,1571387544.0,/r/lostgeneration/comments/djfdpf/all_landlords_are_bastards/f45otop/,lostgeneration
63,LosVangelis,"I stand corrected. The filter threw me off. Too heavy IMO.

No please down vote me everyone!",1571405305.0,1571376505.0,/r/bladerunner/comments/djg5zq/anyone_else_wish_wed_seen_more_of_las_streets_at/f45gtdl/,bladerunner
64,LosVangelis,"Heavily filtered, vehicle is CGI, fake steam/smoke. Looks cartoonish compared to every single shot in the first movie.",1571400477.0,1571371677.0,/r/bladerunner/comments/djg5zq/anyone_else_wish_wed_seen_more_of_las_streets_at/f45c12n/,bladerunner
65,LosVangelis,"Yeah and most are collecting social security on top of their rent seeking. The ones who treat the dynamic more like a hotelier are better. There's some who cater to the needs of their tenants more. 

If the dynamic were reversed and consumers had the power, then all landlords would be forced to run their properties more like hotels or bed and breakfasts. They would have to cater to the needs of tenants more.

There are rentals like that in other countries like South Korea -- places where cleaning and meals are included with rent.",1571400427.0,1571371627.0,/r/lostgeneration/comments/djfdpf/all_landlords_are_bastards/f45bz1l/,lostgeneration
66,LosVangelis,"Most landlords are lazy pieces of shit who have absolutely nothing innovative to offer society. Some are better, the ones who regularly check in on tenants, who ask if anything needs maintenance, who don't force their tenants to track them down to fix plumbing or electrical issues, who maintain a cordial and communicative relationship with tenants.",1571398007.0,1571369207.0,/r/lostgeneration/comments/djfdpf/all_landlords_are_bastards/f4591vs/,lostgeneration
67,LosVangelis,There's a reason David Peoples wrote Soldier.,1571397874.0,1571369074.0,/r/bladerunner/comments/djg5zq/anyone_else_wish_wed_seen_more_of_las_streets_at/f458vrt/,bladerunner
68,LosVangelis,Highly unlikely you will be banned without warning signs like multiple blocked titles.,1571397835.0,1571369035.0,/r/eroticauthors/comments/djevm6/irrational_fear/f458tzf/,eroticauthors
69,LosVangelis,Horrible CGI scene.,1571396008.0,1571367208.0,/r/bladerunner/comments/djg5zq/anyone_else_wish_wed_seen_more_of_las_streets_at/f456elk/,bladerunner
70,LosVangelis,I wish they'd taken the narrative off-world entirely. Or out into the barrens. The whole movie came across as trying to copy the first.,1571395969.0,1571367169.0,/r/bladerunner/comments/djg5zq/anyone_else_wish_wed_seen_more_of_las_streets_at/f456cng/,bladerunner
71,LosVangelis,"Vary location, orifices, props.",1571395442.0,1571366642.0,/r/eroticauthors/comments/djbedy/how_do_you_vary_your_sex_scenes/f455lfo/,eroticauthors
8,LosVangelis,"What I've Learned From Writing Smut. Pretty much all that comes to mind is:

A) Work ethic. I never sat down and wrote 5k words in a day in my regular non-erotic genres.

B) TWISTS. I get so bored writing smut that I start to think of twists that are way out of left field, which has the added benefit, hopefully, of keeping the reader turning the pages. Now it's like second nature, to think of a way to surprise the audience.

C) Purple prose. I have learned how to fill up a page with as much fluff as possible while still maintaining a pace that doesn't bore the reader.

D) a few other small lessons that I don't even know how to describe from a literary criticism perspective.

So, some of these lessons are more valuable than others. But overall I really wish I could have learned them writing in my main genres. I find ways to make writing smut bearable, and sometimes it's fun, but overall it's a slog.",1571395372.0,1571366572.0,/r/eroticauthors/comments/djh2d4/what_ive_learned_from_writing_smut/,eroticauthors
72,LosVangelis,"And they would be invasive on Mars, too.",1571312035.0,1571283235.0,/r/Futurology/comments/diys6r/exclusive_patagonia_founder_yvon_chouinard_talks/f402qau/,Futurology
76,LosVangelis,I think it's also because they can hear the guillotines getting sharpened and their robot sentry drones armed with crowd control aren't quite ready for production yet.,1571125592.0,1571096792.0,/r/YangForPresidentHQ/comments/dhe1mi/billionaires_against_ubi_be_like/f3s4eov/,YangForPresidentHQ
77,LosVangelis,China's toast.,1570786699.0,1570757899.0,/r/China/comments/dg2j98/china_hit_by_eu_tariffs_as_high_as_66/f39y3aw/,China
78,LosVangelis,Fucking cowards.,1570784918.0,1570756118.0,/r/HongKong/comments/dg0f3u/15_year_old_found_dead_naked_in_the_sea_was_an/f39usu4/,HongKong
79,LosVangelis,There's no way I could write smut without a healthy dose of the absurd thrown in.,1570271208.0,1570242408.0,/r/eroticauthors/comments/dd72vz/unintentionally_hilarious_moments_while_writing/f2hdou7/,eroticauthors
80,LosVangelis,"I'd supplement with B12. Your tolerance will creep up at that frequency but not too quickly. You could probably maintain that schedule for a year or two before noticing significant tolerance.  


Nitrous oxide abuse results in B12 deficiency, though I haven't read anything about K also doing so, I wouldn't be surprised. It's a powerful chemical and chemicals tend to compete with vitamins/minerals in the bloodstream. And I have found B12 to be synergistic with K and memantine.

You should notice positive effects on your life from this schedule/combo.",1570270894.0,1570242094.0,/r/MemantineHCl/comments/dd7rbu/low_dose_memantine_between_ketamine_treatments/f2hcqd2/,MemantineHCl
81,LosVangelis,"I like how the internet makes media production accessible to all, but I also miss the radio days where only people with a pleasant speaking voice managed to get careers as narrators and DJ's.",1570106475.0,1570077675.0,/r/China/comments/dcer4t/the_world_is_just_jealous_of_china_hint_hint/f29211t/,China
82,LosVangelis,"Yeah, I think the cover was just not up to speed. The content is good -- much better I am confident than most of the things passing for 'books' on Amazon. The cover is decent at first glance but compared to the bestsellers it does appear less than professional.  


I just don't know if I should ditch the pen name or not.",1570104501.0,1570075701.0,/r/eroticauthors/comments/dbqrxq/dataporn_3_months_full_time_romance/f2901il/,eroticauthors
83,LosVangelis,"Memantine is more dopaminergic I believe. DXM more serotonergic. The effects are quite different. DXM is more euphoric, Memantine more manic.",1570101100.0,1570072300.0,/r/MemantineHCl/comments/dcejri/is_it_worth_trying_agmatine_first/f28w65y/,MemantineHCl
84,LosVangelis,I had a well-reviewed romance with a decent cover totally flop recently. Got four good ARC reviews. WTF.,1569954043.0,1569925243.0,/r/eroticauthors/comments/dbqrxq/dataporn_3_months_full_time_romance/f23hlxk/,eroticauthors
85,LosVangelis,Monetize all that hippie shit!,1569752509.0,1569723709.0,/r/lostgeneration/comments/dahtob/the_problem_with_rocknroll_is_that_the_generation/f1s3kdg/,lostgeneration
86,LosVangelis,"I've found Memantine and other dissos to have a reliable, pronounced, and long lasting positive effect on my depression. Perhaps this is due to other meds you are on. Dissos in my experience have an after glow that lasts a long time.",1569745960.0,1569717160.0,/r/MemantineHCl/comments/d7cb2v/strong_therapeutic_effect_at_just_20mg/f1rlp91/,MemantineHCl
87,LosVangelis,"It builds in the system and has a long half-life, as well as an afterglow that is I believe caused by upregulation of a variety of receptors. Personally I prefer to cycle it rather than take it daily. Helps keep my tolerance low, too, so long as I don't take high doses.",1569679845.0,1569651045.0,/r/MemantineHCl/comments/d9yekl/memantine_feels_godsend_for_me_i_use_it_daily/f1olznz/,MemantineHCl
88,LosVangelis,Sad but trew.,1569679529.0,1569650729.0,/r/lostgeneration/comments/da7pqh/life_after_college_starterpack/f1olrf6/,lostgeneration
89,LosVangelis,"The thing is, it wasn't lit for black and white. So I doubt you will get a full film noir effect from it by turning off the colors.",1569255384.0,1569226584.0,/r/bladerunner/comments/d7ynpl/in_honor_of_detective_film_noirs_im_watching/f16wb5e/,bladerunner
90,LosVangelis,"Well usually mysteries are in first, thrillers are in third. So it depends on how Childs wanted to go about building the plot most likely.",1569254147.0,1569225347.0,/r/JackReacher/comments/d80aa7/why_does_personal_have_a_first_person_narrative/f16v93x/,JackReacher
91,LosVangelis,I agree.,1569052389.0,1569023589.0,/r/YangForPresidentHQ/comments/d6tw8y/i_do_not_care_about_inequality_the_rich_can_have/f0x70e2/,YangForPresidentHQ
92,LosVangelis,What I want to do is turn HCL into a snortable form. Anyone here have any ideas on that?,1568707019.0,1568678219.0,/r/MemantineHCl/comments/d4mo8e/memantine_vape_juice_works/f0kfard/,MemantineHCl
93,LosVangelis,"Stays in the system for a long time but titrate up slowly and you hit a point where you can function despite the duration. If you overdo it though you're in for a long trip and people in your social circle will start asking if you took something.  


powerful drug, mem is.",1568706990.0,1568678190.0,/r/MemantineHCl/comments/d4mo8e/memantine_vape_juice_works/f0kf971/,MemantineHCl
94,LosVangelis,"Fincher has more experience. I liked 2049 don't get me wrong but I think Fincher would have done it better and not made it so long as R. Scott complained about.   


Most movies shouldn't be more then 100 mins. Even Tarantino goes too long.",1568457843.0,1568429043.0,/r/bladerunner/comments/d3oqay/david_finchers_blade_runnerinspired_cocacola/f064nmd/,bladerunner
95,LosVangelis,Would have done better than 2049.,1568449617.0,1568420817.0,/r/bladerunner/comments/d3oqay/david_finchers_blade_runnerinspired_cocacola/f05vdhw/,bladerunner
96,LosVangelis,"Dope commercial. Soon they will start putting research chemicals in Coke like before when it was cocaine. Energy drinks like Monster and Baccus are already on this trajectory.   


We're headed for a Cyberpunk future and once 5G hits it will happen FAST.",1568449559.0,1568420759.0,/r/bladerunner/comments/d3oqay/david_finchers_blade_runnerinspired_cocacola/f05vb3d/,bladerunner
97,LosVangelis,"I shoot for 500-word sprints, after which I allow myself to get distracted with random web BS or exercise/walking.   


This way I can do ten sprints a day to reach 5k words. Been lower than this lately however because I just moved and have been adjusting to my new environment.   


Usually one, two or three-hour session in the morning, a less productive one in the evening.",1568349236.0,1568320436.0,/r/eroticauthors/comments/d2v8ja/those_who_have_consistently_written_5k_a_day/f01y1bg/,eroticauthors
98,LosVangelis,    just walk the fuckk through.,1568190398.0,1568161598.0,/r/researchchemicals/comments/d239nh/saying_goodbye_to_an_old_friend_doing_my_last/ezuvf0o/,researchchemicals
99,LosVangelis,"I travel with Ketamine all the time, snort it in airport and plane bathrooms. I just put them in capsules mixed with a bottle of supplements with other compounds in the other capsules. Never fails.",1568190353.0,1568161553.0,/r/researchchemicals/comments/d239nh/saying_goodbye_to_an_old_friend_doing_my_last/ezuvc4i/,researchchemicals
100,LosVangelis,Not a chance.,1567148152.0,1567119352.0,/r/eroticauthors/comments/cx4hdd/this_machine_learning_ai_is_trained_to_predict/eyjhm2u/,eroticauthors
101,LosVangelis,what I write AI will never be able to write. I am constantly changing my writing style and genre etc. AI can never track me.,1567148122.0,1567119322.0,/r/eroticauthors/comments/cx4hdd/this_machine_learning_ai_is_trained_to_predict/eyjhkgb/,eroticauthors
9,LosVangelis,How long to pick up a benzo habitif I use one small valium every few days?. Title says it all. I am in Thailand and get them OTC. I want to keep using the sporadically.,1567146971.0,1567118171.0,/r/benzodiazepines/comments/cx84bu/how_long_to_pick_up_a_benzo_habitif_i_use_one/,benzodiazepines
102,LosVangelis,"The atheistic, secular state of China is FINISHED. Mark my words! The people will be fine but the communist party is absolutely toast!",1566893902.0,1566865102.0,/r/China/comments/cvw8ww/does_china_not_understand_their_kindgom_is_done/ey6vsrv/,China
103,LosVangelis,Exactly!,1566893845.0,1566865045.0,/r/China/comments/cvw8ww/does_china_not_understand_their_kindgom_is_done/ey6vpjm/,China
104,LosVangelis,It didn't have to be this way but it is the chosen path. The book of revelation was right. We already chose this path as a global species. The walls of Byzantium will fall again and again. Ce'st la vie.,1566893510.0,1566864710.0,/r/China/comments/cvw8ww/does_china_not_understand_their_kindgom_is_done/ey6v6ir/,China
105,LosVangelis,Doom? Hell no this is the beggining! This is only the beginning!,1566893431.0,1566864631.0,/r/China/comments/cvw8ww/does_china_not_understand_their_kindgom_is_done/ey6v1ua/,China
107,LosVangelis,Thanks.,1566892283.0,1566863483.0,/r/eroticauthors/comments/cvw6t6/keep_getting_my_erom_title_miscategorzed/ey6t8th/,eroticauthors
10,LosVangelis,"Does China not understand their kindgom is DONE. OVER. Give up now because it's FINISHED!. Every sock fucking puppet in here needs to shut the fuck up and GO AWAY. You're FINISHED. Your whole attempt at global takeover is DONE. The end is nigh so GIVE IT UP and fuck off. You are finished, the game is over, and your AI facial recognition attempt to dominate the S. China Sea is futile.   


Live with it.",1566892223.0,1566863423.0,/r/China/comments/cvw8ww/does_china_not_understand_their_kindgom_is_done/,China
109,LosVangelis,I heard 3-meo-pcp pops for PCP.,1566192919.0,1566164119.0,/r/researchchemicals/comments/cs6ci6/dissossss/exd0edl/,researchchemicals
110,LosVangelis,I basically became an expert level percussionist in one night of practice while on LSD.,1566192385.0,1566163585.0,/r/researchchemicals/comments/cs3jl5/tryptamine_stacks/exczng3/,researchchemicals
111,LosVangelis,This is classic. I see some crazy shit in Asia but this is really on another level. America is becoming so utterly bizarre.,1565636871.0,1565608071.0,/r/childfree/comments/cp55c4/mombie_raged_at_starbucks_worker_and_accused_him/ewo6kvy/,childfree
112,LosVangelis,I've listened to hours of Rogans podcast. Some guests he let's talk but sometimes he'll do something stupid like interrupt someone mention some scene from a Hollywood blockbuster.,1565615206.0,1565586406.0,/r/YangForPresidentHQ/comments/coln1e/elon_musk_officialy_supports_yang/ewnqa28/,YangForPresidentHQ
113,LosVangelis,"Exactly. The thing is kids learn the most by looking and listening, not by talking.",1565615137.0,1565586337.0,/r/childfree/comments/copjmi/thats_your_life/ewnq7nr/,childfree
114,LosVangelis,"I just wish he'd let his guests talk for more than three sentances before interrupting with stoner humor attempts. Also, he gossips too much about inane topics and he tends to trash talk some former guests in a backhanded way",1565530387.0,1565501587.0,/r/YangForPresidentHQ/comments/coln1e/elon_musk_officialy_supports_yang/ewl1780/,YangForPresidentHQ
115,LosVangelis,"Do whatever you can to find another way to make a living, remotely or artistically. Take up an instrument, learn to code. Do SOMETHING now and it may take awhile but you can find another way.

Start going to comedy open mics and develop a routine about being a millennial. Get a WOOF membership and go work on farms.",1564994555.0,1564965755.0,/r/lostgeneration/comments/clz5zg/i_am_absolutely_terrified/evzs2uo/,lostgeneration
116,LosVangelis,Boring is also guaranteed.,1564990113.0,1564961313.0,/r/BasicIncome/comments/clhkrm/capitalism_is_a_lot_like_fossil_fuels_it_helped/evzm9wy/,BasicIncome
117,LosVangelis,Every political system eventually fails. Plato was right.,1564943080.0,1564914280.0,/r/BasicIncome/comments/clhkrm/capitalism_is_a_lot_like_fossil_fuels_it_helped/evxyf5y/,BasicIncome
118,LosVangelis,Yes just make the whole world like Scandinavia and it'll be perfect.,1564942632.0,1564913832.0,/r/BasicIncome/comments/clhkrm/capitalism_is_a_lot_like_fossil_fuels_it_helped/evxy4hw/,BasicIncome
119,LosVangelis,"What, pray tell, is this holy perfect equilibrium of regulation that will make capitalism sustainable?

I ask because as I see it, regulation, and intervention in markets, always increases or decreases. It never stays at the same level of stasis.",1564942563.0,1564913763.0,/r/BasicIncome/comments/clhkrm/capitalism_is_a_lot_like_fossil_fuels_it_helped/evxy2us/,BasicIncome
121,LosVangelis,You're saying they're all in bed?,1562263544.0,1562234744.0,/r/China/comments/c8lszx/britain_tells_china_to_honor_hong_kong_freedoms/esrrwuo/,China
122,LosVangelis,Arylcyclohexylamines.,1562235561.0,1562206761.0,/r/AskReddit/comments/c8nqdb/what_was_something_you_didnt_know_you_needed/esqorkn/,AskReddit
123,LosVangelis,"Lol. ""We're Amazon, we do whatever we want.""

The smut gods. I wonder how big of a piece of their pie is actually smut. Would be ironic if it's significant!",1562228868.0,1562200068.0,/r/eroticauthors/comments/c7b16d/missing_kindle_payout_this_month/esqd08u/,eroticauthors
124,LosVangelis,Just fucking write it.,1562178769.0,1562149969.0,/r/eroticauthors/comments/c6zgnx/plot_feasibility_of_trans_woman_in_college_setting/esnttxf/,eroticauthors
125,LosVangelis,China learning old school spy tactics. XJP probably has had advice from poutin.,1562095292.0,1562066492.0,/r/China/comments/c83tk5/protestors_entered_the_building_at_9pm_police/eskjno7/,China
126,LosVangelis,The big news the XXX soundtrack...,1561985491.0,1561956691.0,/r/YangForPresidentHQ/comments/c7lptr/andrew_yang_42nd_most_viewed_wikipedia_page_last/esglf16/,YangForPresidentHQ
127,LosVangelis,For all humanity!,1561973189.0,1561944389.0,/r/China/comments/c77g67/hong_kong_protests_embrace_bruce_lee_but_reject/esg6fl3/,China
128,LosVangelis,Divide and conquer then...,1561973106.0,1561944306.0,/r/China/comments/c77g67/hong_kong_protests_embrace_bruce_lee_but_reject/esg6big/,China
11,LosVangelis,Hong Kong protests embrace Bruce Lee but reject Jackie Chan. ,1561973031.0,1561944231.0,/r/HongKong/comments/c7mb2k/hong_kong_protests_embrace_bruce_lee_but_reject/,HongKong
12,LosVangelis,Hong Kong protests embrace Bruce Lee but reject Jackie Chan in tale of two martial arts heroes. ,1561887522.0,1561858722.0,/r/China/comments/c77g67/hong_kong_protests_embrace_bruce_lee_but_reject/,China
129,LosVangelis,can't have too many angels sprouting their wings...,1561884100.0,1561855300.0,/r/researchchemicals/comments/c3o2yb/rc_dissociatives_vs_pcp/esdesb7/,researchchemicals
130,LosVangelis,Very few on here will have tried the same PCP that was available on the streets back in the 70's-80's.,1561884022.0,1561855222.0,/r/researchchemicals/comments/c3o2yb/rc_dissociatives_vs_pcp/esdeozj/,researchchemicals
131,LosVangelis,"I do yoga, become an amoeba, a shapeshifting mutant. 

&#x200B;

I can not sit or lie still on dissos. Maybe it's set and setting, and if I went to one of those ketamine clinic places and was in a state of Zen going in, then I would be 'preprogrammed' to just passively take in the universe.   


But then again, passivity is dangerous.",1561883702.0,1561854902.0,/r/researchchemicals/comments/c6f6l9/do_you_do_the_grabby_grab_on_dissos/esdeba2/,researchchemicals
132,LosVangelis,Khat.,1561883569.0,1561854769.0,/r/researchchemicals/comments/c6zdkv/shortacting_uppers_with_no_negative_health_effects/esde5p2/,researchchemicals
133,LosVangelis,"That scene is one of my favorites in the movie. Usually, I pick up on annoying exposition and plot dumps in films, but this scene had me mesmerized because of its setting (I have spent many hours in that train station), the mise en scene, and the absurdist caricature of Bryant.",1561545546.0,1561516746.0,/r/bladerunner/comments/c46hcy/bryants_exposition_about_replicants/es28hfd/,bladerunner
134,LosVangelis,"Yeah, blocks will help you get beyond the plateau. If you're trying 2000 in one session then I can understand.",1561457574.0,1561428774.0,/r/eroticauthors/comments/c4czi1/how_many_words_a_day_do_you_need_to_write_to_earn/erz8uhl/,eroticauthors
135,LosVangelis,"You can easily hit a higher word count if you have time. Just do 500-word blocks at a minimum. Easy to get through 500 words in fifteen or so minutes or less. This way you can hit 3-5k in a day.  


What I don't understand is how people hit 10k. Both my mind and my hands get burned out at 5k. Then again, I'm working in coffee shops with a small laptop rather than in an ergonomic chair with a deluxe keyboard and mouse.",1561383117.0,1561354317.0,/r/eroticauthors/comments/c4czi1/how_many_words_a_day_do_you_need_to_write_to_earn/erwsc5p/,eroticauthors
136,LosVangelis,Drones are no match for airsoft guns (when in range).,1561206382.0,1561177582.0,/r/Cyberpunk/comments/c39ahw/hong_kong_protest_high_tech_cctv_defeated_by_low/errov0i/,Cyberpunk
137,LosVangelis,"It makes sense on many levels. Technology (depending on how one defines it) is not dependent on gravity, an atmosphere, calories, sunlight even. Technology can replicate itself in a vacuum, fuelled by base metals. Technology can expand into the universe indefinitely, simply eating asteroids and base matter.

All technology needs to replicate, basically, is matter of any form. Whereas biology is dependent on photosynthesis, water, oxygen, digestion, etc.

So it makes sense to just ban technology -- or rather stop its development at a certain level in some sort of Luddite sense. Otherwise it can get out of control. It doesn't need heat either, in fact technology thrives in very cold, dry environments. Water rusts robotics, whereas humans are mostly water.  


Another problem with technology and tool use is that it invariably weakens the human brain through a continual process of automation. AI will compound this by many orders of magnitude.   


Take the written word for example -- before it, whe humans passed on stories and myths via word of mouth and memorization, people actually had a better ability to memorize information. Then the written word comes along and all of a sudden we don't need to memorize things as much. We can just write them down. Technology by its very nature atrophies biology. The culmination of this is that humans will be entirely transferred in to a technological matrix.   


Herbert was a prophet, as much as he was a novelist.",1561035400.0,1561006600.0,/r/dune/comments/c2j53a/i_often_think_that_frank_herberts_vision_of_a/erm58ms/,dune
138,LosVangelis,reminds me of Hard Boiled by Geoff Darrow.,1561034585.0,1561005785.0,/r/Cyberpunk/comments/c2m6n1/maelstrom_by_josan_gonzales/erm4g4i/,Cyberpunk
