,author,body,created,created_utc,permalink,subreddit
0,masterRJ2404,Do Titans feel pain?. [removed],1572064065.0,1572035265.0,/r/anime/comments/dn3abc/do_titans_feel_pain/,anime
1,masterRJ2404,Do Titans feel pain?. [removed],1572056260.0,1572027460.0,/r/anime/comments/dn1fty/do_titans_feel_pain/,anime
0,masterRJ2404,When there will be no humans left to report about it.,1569270837.0,1569242037.0,/r/deeplearning/comments/d82v38/when_will_deep_learning_finally_die_out/f17fi54/,deeplearning
1,masterRJ2404,"Thanks for spending so much time and explaining me, I am finally able to understand what Initialization, maintenance and termination is all about.",1567701710.0,1567672910.0,/r/learnprogramming/comments/czx5sa/whats_the_best_way_to_study_data_structures_and/ez3qbkj/,learnprogramming
2,masterRJ2404,"Yeah I have read the insertion sort and I know how it works but the main part which is troubling me is "" initialization, maintenance and termination"" part which is mentioned after most of the algorithms in Cormen including Insertion sort . I find it's language and explanation complicated.",1567698470.0,1567669670.0,/r/learnprogramming/comments/czx5sa/whats_the_best_way_to_study_data_structures_and/ez3l5pe/,learnprogramming
3,masterRJ2404,I am able to understand the pseudocode of algorithms from Cormen by tracing it but the main problem comes when I try to understand it's analysis part. As after every algorithm in Cormen there is an Analysis part which is very important.,1567695331.0,1567666531.0,/r/learnprogramming/comments/czx5sa/whats_the_best_way_to_study_data_structures_and/ez3fsi2/,learnprogramming
2,masterRJ2404,What's the best way to study Data Structures and Algorithms?. I am Computer Science student and I am very interested in learning DSA as it's one of the most important subject in CS. So I started learning DSA from Cormen but I feel it's pretty much complex for me. Without a doubt it's one of the best books out there for algorithms but I feel it's a bit tougher for me to understand. So can you recommend me any materials or books to understand DSA and the best way of learning it so that my base is powerful enough to understand Cormen clearly.,1567694381.0,1567665581.0,/r/learnprogramming/comments/czx5sa/whats_the_best_way_to_study_data_structures_and/,learnprogramming
4,masterRJ2404,Thanks!,1567613048.0,1567584248.0,/r/deeplearning/comments/czhffa/can_anyone_please_explain_me_the_concept_of/eyyfcr7/,deeplearning
3,masterRJ2404,Can anyone please explain me the concept of Linear Dependence and Span in Linear Algebra.I was studying the book deeplearning by Ian Goodfelow and I got a doubt in this section.I have provided the link. Pg no.53. ,1567609692.0,1567580892.0,/r/deeplearning/comments/czhffa/can_anyone_please_explain_me_the_concept_of/,deeplearning
5,masterRJ2404,I am scared!🥺,1567293619.0,1567264819.0,/r/google/comments/cxtvos/from_time_to_time_people_are_posting_their/eyny1ck/,google
7,masterRJ2404,Thanks!,1566649217.0,1566620417.0,/r/programmingchallenges/comments/cuge3g/how_can_i_be_good_at_competitive_coding/exwjuxa/,programmingchallenges
4,masterRJ2404,"How can I be good at competitive coding ?. I am a final year student and until the last 1 months I never took competitive coding seriously as now companies are approaching our campus for placements. It's becoming very difficult for me to clear the coding round , it's not like I don't understand the question but my main problem is the time limit and optimizing the solution. I have tried Interview Preparation Kit on Hackerank and I am able to solve most of the easy and some medium level questions but it takes me too much time to find the solution. So can anyone please give me advice on how to increase my speed and tackle my demotivation when I am not able to solve the given question.",1566607241.0,1566578441.0,/r/programmingchallenges/comments/cuge3g/how_can_i_be_good_at_competitive_coding/,programmingchallenges
8,masterRJ2404,🍠toshi is the real one.,1566341146.0,1566312346.0,/r/Bitcoin/comments/csyc9t/which_faketoshi_is_a_more_believable_satoshi/exhreeh/,Bitcoin
9,masterRJ2404,Android studio is the best option available for developing applications 👉📱for Android devices. Android studio provides you with tonnes of features and API's.,1566222079.0,1566193279.0,/r/AskComputerScience/comments/cs9w04/what_program_should_i_use_in_order_to_develop_a/exe0n09/,AskComputerScience
10,masterRJ2404,I really don't trust Samsung when it comes to battery 🔋irrespective of any result.,1566192770.0,1566163970.0,/r/gadgets/comments/cs31l8/galaxy_note_10_plus_battery_life_tested_over_2/exd06xk/,gadgets
5,masterRJ2404,Does anyone knows any easy method to solve this question?. ,1565362384.0,1565333584.0,/r/mathpics/comments/cnyo7l/does_anyone_knows_any_easy_method_to_solve_this/,mathpics
11,masterRJ2404,Thanks!,1560349496.0,1560320696.0,/r/webdevelopment/comments/bzb7hp/how_to_make_a_livestream_platform_like_youtube_or/eqtw305/,webdevelopment
6,masterRJ2404,"How to make a livestream platform like YouTube or Twitch?. I have 1 years experience in the field of  Web Development and I am pretty much good at front end as well as back end. In my current project I am planning to have a livestream chat as well as video. But after enough of googling I was not able to find any single complete resource related to it. So can you please suggest me with a learning path, and what all technology and languages  I would need for it. And also if you have any resources (video or good blogs) related to it then please provide me the link.",1560280902.0,1560252102.0,/r/webdevelopment/comments/bzb7hp/how_to_make_a_livestream_platform_like_youtube_or/,webdevelopment
7,masterRJ2404,How can I install Vizdoom (Doom Environment) for reinforcement learning on Windows?. [removed],1560263981.0,1560235181.0,/r/MachineLearning/comments/bz92iv/how_can_i_install_vizdoom_doom_environment_for/,MachineLearning
8,masterRJ2404,How can I make a livestreaming platform like YouTube or Twitch ?. [removed],1560262713.0,1560233913.0,/r/webdev/comments/bz8wk9/how_can_i_make_a_livestreaming_platform_like/,webdev
12,masterRJ2404,"Discrete Maths has its own set of uses in other fields like cryptography and web search but in ML you really don't need it. The only four fields of maths which are important for ML are Linear Algebra, Statistics, Probability and Calculus. If you have mastered this four fields you are more then enough to understand almost all the   algorithms and concepts in ML.",1560042707.0,1560013907.0,/r/learnmachinelearning/comments/by82lc/do_you_need_to_know_discrete_math_for_machine/eqf2bbu/,learnmachinelearning
9,masterRJ2404,How do I start learning about using AI in the field of Robotics ?. [removed],1559917726.0,1559888926.0,/r/MachineLearning/comments/bxr8t0/how_do_i_start_learning_about_using_ai_in_the/,MachineLearning
10,masterRJ2404,What's the best resource to learn about making your very own self driving car ?. [removed],1559314811.0,1559286011.0,/r/MachineLearning/comments/bv4cb6/whats_the_best_resource_to_learn_about_making/,MachineLearning
13,masterRJ2404,Thanks!,1559157976.0,1559129176.0,/r/SelfDrivingCars/comments/bswrzh/self_driving_car_simulators_which_doesnt_requires/epajz9c/,SelfDrivingCars
14,masterRJ2404,Thanks!,1558900756.0,1558871956.0,/r/deeplearning/comments/bt57e3/gradient_boosting_research_papers_from_the_last/eoukwth/,deeplearning
15,masterRJ2404,Thanks for your advice,1558885535.0,1558856735.0,/r/SelfDrivingCars/comments/bswrzh/self_driving_car_simulators_which_doesnt_requires/eou588m/,SelfDrivingCars
11,masterRJ2404,"Self Driving Car simulators which doesn't requires a GPU?. I am planning to make a self driving car project but the main problem is that  I don't have GPU in my laptop so most of the simulators like ""Carla Simulator"" , ""Udacity Simulator""  requires a GPU so it won't run on my laptop. So can someone please suggest me the names of simulators which doesn't  require a GPU. In case if there aren't any can someone please tell me the procedure of making my very own simulator from  scratch.",1558832396.0,1558803596.0,/r/SelfDrivingCars/comments/bswrzh/self_driving_car_simulators_which_doesnt_requires/,SelfDrivingCars
12,masterRJ2404,What's the best resource to learn the maths behind SVM?. [removed],1558322353.0,1558293553.0,/r/MachineLearning/comments/bqkty8/whats_the_best_resource_to_learn_the_maths_behind/,MachineLearning
16,masterRJ2404,Thanks!,1558307960.0,1558279160.0,/r/ArtificialInteligence/comments/bq4ggr/what_topics_i_should_know_to_start_doing_projects/eo4jlc7/,ArtificialInteligence
17,masterRJ2404,Thanks for your advice.,1558307891.0,1558279091.0,/r/ArtificialInteligence/comments/bq4ggr/what_topics_i_should_know_to_start_doing_projects/eo4jh08/,ArtificialInteligence
13,masterRJ2404,"What topics I should know to start doing projects on OpenAi Platform?. I have already learned the core concepts of Machine Learning and Deep Learning and now I am looking to start making projects on  Reinforcement Learning on OpenAi platform. 
So can anyone please suggest what all topics should I know before starting my journey on OpenAi platform.",1558217829.0,1558189029.0,/r/ArtificialInteligence/comments/bq4ggr/what_topics_i_should_know_to_start_doing_projects/,ArtificialInteligence
14,masterRJ2404,What is the best learning path and resources to learn Artificial intelligence?. [removed],1558213404.0,1558184604.0,/r/MachineLearning/comments/bq3rzs/what_is_the_best_learning_path_and_resources_to/,MachineLearning
15,masterRJ2404,"Why Propositional Logic Is The Foundation For Artificial Intelligence.. 
https://www.analyticsindiamag.com/why-propositional-logic-is-the-foundation-for-artificial-intelligence/",1558151414.0,1558122614.0,/r/u_masterRJ2404/comments/bpvuez/why_propositional_logic_is_the_foundation_for/,u_masterRJ2404
16,masterRJ2404,8 Free Linux Learning Resources For Programmers.. [removed],1558140185.0,1558111385.0,/r/linux/comments/bptlf0/8_free_linux_learning_resources_for_programmers/,linux
17,masterRJ2404,Understanding Semi-supervised learning. [removed],1558064507.0,1558035707.0,/r/MachineLearning/comments/bph3at/understanding_semisupervised_learning/,MachineLearning
18,masterRJ2404,Certification Examinations to test the knowledge of machine learning?. [removed],1557963431.0,1557934631.0,/r/MachineLearning/comments/bozfnz/certification_examinations_to_test_the_knowledge/,MachineLearning
19,masterRJ2404,Question. [removed],1556777568.0,1556748768.0,/r/MachineLearning/comments/bjn95x/question/,MachineLearning
