,author,body,created,created_utc,permalink,subreddit
0,Mr_Icer,Worst Self Driving Car. ,1571820872.0,1571792072.0,/r/SelfDrivingCars/comments/dlrlbl/worst_self_driving_car/,SelfDrivingCars
0,Mr_Icer,">Don't forget that 200 feet of that is for human perception reaction time

\[from my reply above\] it takes close to 500 feet for a car traveling 100 mph behind it to come to a full stop **excluding reaction time**

the linked PDF shows reaction time and, separately, physical time to stop",1541051303.0,1541022503.0,/r/SelfDrivingCars/comments/9s5043/if_selfdriving_cars_became_the_norm_and_the_only/e8tc8cy/,SelfDrivingCars
1,Mr_Icer,Is the car going to be waiting in your driveway in the morning the minute you walk out the door?,1541019383.0,1540990583.0,/r/SelfDrivingCars/comments/9rkwet/alphabets_waymo_begins_charging_passengers_for/e8sa5io/,SelfDrivingCars
2,Mr_Icer,"I don't believe self driving vehicles will be as disruptive as people think. We have cars that drive around today, the only thing self driving gets us is cars without a human driver. It doesn't save the energy costs of the cars. In fact, self driving cars will likely increase energy consumption as companies and people will be able to drive more miles at lower cost without having to pay a human driver. We already have delivery by car (USPS, Fedex, etc.) and taxis, Uber, etc. Those aren't new industries and significant costs are energy costs (gas, electric) and wear and tear. The only thing self driving does is remove a human navigating.",1541018996.0,1540990196.0,/r/SelfDrivingCars/comments/9s5043/if_selfdriving_cars_became_the_norm_and_the_only/e8s9syq/,SelfDrivingCars
3,Mr_Icer,"Let's say it is all self driving cars and one car has a tire blow out, it takes close to 500 feet for a car traveling 100 mph behind it to come to a full stop excluding reaction time:

[https://nacto.org/docs/usdg/vehicle\_stopping\_distance\_and\_time\_upenn.pdf](https://nacto.org/docs/usdg/vehicle_stopping_distance_and_time_upenn.pdf)",1541018577.0,1540989777.0,/r/SelfDrivingCars/comments/9s5043/if_selfdriving_cars_became_the_norm_and_the_only/e8s9fw8/,SelfDrivingCars
4,Mr_Icer,"I've never seen data showing their system actually works as described. What I have seen is this from just over 2 month ago:

[https://www.bloomberg.com/news/features/2018-08-13/how-a-billion-dollar-autonomous-vehicle-startup-lost-its-way](https://www.bloomberg.com/news/features/2018-08-13/how-a-billion-dollar-autonomous-vehicle-startup-lost-its-way)

""It was a troubling sign for the lidar industry’s first unicorn—and it  wasn’t the only one. Quanergy has struggled to deliver products along  the timelines it has set out for itself, and has shipped devices that  don’t work as well as advertised.""",1541017711.0,1540988911.0,/r/SelfDrivingCars/comments/9srgh2/quanergy_raises_series_c_round/e8s8pmj/,SelfDrivingCars
5,Mr_Icer,Was the first Waymo just stopped in the middle of the road?,1541017401.0,1540988601.0,/r/SelfDrivingCars/comments/9svqek/autonomous_vehicle_compilation_from_october_30th/e8s8gig/,SelfDrivingCars
6,Mr_Icer,"They are restricting it to my neighborhood

""Waymo will restrict its driverless test cars to the neighborhoods of  Mountain View, Sunnyvale, Los Altos, Los Altos Hills, and Palo Alto.""

I wish they would test them somewhere else so other people would have to deal with them.  If others had to actually deal with the cars on a daily basis, they wouldn't be allowed to deploy fully driverless cars until they were ready.

&#x200B;",1541016569.0,1540987769.0,/r/SelfDrivingCars/comments/9srz7z/a_green_light_for_waymos_driverless_testing_in/e8s7snx/,SelfDrivingCars
7,Mr_Icer,"At 10:52 it goes off the right edge of the road at 60mph. At 11:49 it goes over the markers on the center of the road at only 53 mph and a mild right (you can hear them thumping). At 13:19 it happens again with just one thump. This is with a clearly marked road, clear day and no traffic. At 12:49, there is a daylight headlight sign on the side of the road. Driver has to manually turn on the headlights. I didn't watch the whole thing.

&#x200B;",1538573903.0,1538545103.0,/r/SelfDrivingCars/comments/9kyb28/tesla_autopilot_fast_60_mph_on_windingcurvy_roads/e72qe8c/,SelfDrivingCars
8,Mr_Icer,"As a car comes to a complete stop, it pitches forward. As the wheels slow to stop the car, the body pitches over them. How much pitch depends on the rate of deceleration and the maximum stretch/compression of the springs/shocks.

When the wheels completely stop, the car resets to a horizontal position. On a dash cam, this gives the apperance of slight acceleration. In reality, the car is just bringing its nose up and back. I made a video to show the effect in the same car just now. I was on San Antonio and El Camino and in the video, you can actually see a Waymo on the left at the intersection (they are constantly in the area). As usual, the date in the dashcam is wrong (video is from 30 or so min ago).

The red line is at a fixed position in the video. Since the clouds are far away, they are a reasonable reference point. You can see the pitch of the car by the movement of the clouds in respect to the fixed red line in the video. The car was completely stopped at the point the cloud moves down with respect to the red line.

In the video I posted, I came to a complete stop. The pitch back of the car told me I could continue. The pitch back of the car gives the appearance of forward motion in the dash cam but it occurs when the car is completely stopped.

[Complete stop w/dashcam](https://www.youtube.com/watch?v=ZOiUVKSTm7M&feature=youtu.be)",1537677951.0,1537649151.0,/r/SelfDrivingCars/comments/9hl5rs/just_a_waymo_driving_for_5_minutes/e6gds1i/,SelfDrivingCars
9,Mr_Icer,"Stand at the corner of El Camino and San Antonio. You will see them almost constantly, driving back and forth along El Camino and San Antonio.",1537664868.0,1537636068.0,/r/SelfDrivingCars/comments/9h7wz2/waymo_cars_in_what_seems_to_be_the_mountain_view/e6g0gb1/,SelfDrivingCars
11,Mr_Icer,Around 20% of the population lives in rural areas in the U.S. (2015 Census),1537664327.0,1537635527.0,/r/SelfDrivingCars/comments/9htayp/will_people_with_robocars_hire_them_out_as_taxis/e6fzva8/,SelfDrivingCars
12,Mr_Icer,"It is not legal in California to stop in the street and turn your hazards on except to indicate a vehicle is disabled or to indicate an accident. I have not seen the car pull over, off the roadway and park to turn its hazards on (disabled or parked off the roadway, #2 in the code).

In the video, there is an dirt / parking area to the next of the vehicle when it stops in the road. The car turns on its right blinker, does not pull over and park and then turns on it hazards in the road. It does not pull into or move directly next to the dirt area. If they are simulated drop offs, their simulation is dropping off people without pulling over to park.

[https://leginfo.legislature.ca.gov/faces/codes\_displaySection.xhtml?lawCode=VEH&sectionNum=25251](https://leginfo.legislature.ca.gov/faces/codes_displaySection.xhtml?lawCode=VEH&sectionNum=25251)

[https://goo.gl/maps/1JwikDx6Muk](https://goo.gl/maps/1JwikDx6Muk)",1537663422.0,1537634622.0,/r/SelfDrivingCars/comments/9hl5rs/just_a_waymo_driving_for_5_minutes/e6fywcx/,SelfDrivingCars
13,Mr_Icer,"I wasn't out looking for it, this was from my commute (same as the Waymo stuck on the entrance/exit ramp a few days ago).",1537625128.0,1537596328.0,/r/SelfDrivingCars/comments/9hl5rs/just_a_waymo_driving_for_5_minutes/e6f9uel/,SelfDrivingCars
14,Mr_Icer,There are a ton of Teslas in the area. The car driving in the video is a electric-only itself.,1537625066.0,1537596266.0,/r/SelfDrivingCars/comments/9hl5rs/just_a_waymo_driving_for_5_minutes/e6f9t39/,SelfDrivingCars
15,Mr_Icer,"Normally I just seem them driving down the street. The streets in the area are very simple, nothing complicated so you will normally see them just driving along a straight street in the other lane (you see more cars in other lanes than cars in your lane because the cars in your lane are all traveling your speed  and in your direction). If they are at a stop light, they turn normally when the light turns, no delay. I did see one the other day at a light take a corner too tightly causing the car next to it to have to maneuver away (on Foothill). Other drivers, like myself, have learned to treat them like student driver cars.

They are trying to get OK to have the cars drive around without a driver. This may be fine for the people who don't have to live with them but I don't want to be stuck behind a non-moving Waymo because it decides there's a reason it can't move ahead. For some reason, of all the places in the world, I manage to live in a test area.

Maybe it decides to swerve into a moving car like the swerve into the direction of the parked car in the other video. That would cause the other car to get in an accident which would would be the 'other cars fault', of course. The technology simply isn't ready to lose the safety driver but they are likely going to do it anyway.",1537624679.0,1537595879.0,/r/SelfDrivingCars/comments/9hl5rs/just_a_waymo_driving_for_5_minutes/e6f9ksd/,SelfDrivingCars
16,Mr_Icer,"They create accidents around them because of the way they drive. The pile up of cars waiting for it is one example. There were more cars than you can see in the video because there were 2 lines of cars waiting for the car to turn. One on the right and one behind. The pile up of cars caused the pedestrian to have to walk between cars and caused cars to have to start squeezing between each other. There was no reason for the Waymo to stay where it was and when it did turn, it turned into a car which was driving in the lanes it merged in to in any case.",1537624155.0,1537595355.0,/r/SelfDrivingCars/comments/9hl5rs/just_a_waymo_driving_for_5_minutes/e6f99gj/,SelfDrivingCars
17,Mr_Icer,"You don't see the lidar laser with your eyes, it only appears on the dashcam (as the other poster here states, just verifying it). It is a decent powered laser, the reason it doesn't burn out your eyes is because the pulse is short lived.",1537623993.0,1537595193.0,/r/SelfDrivingCars/comments/9hl5rs/just_a_waymo_driving_for_5_minutes/e6f95x3/,SelfDrivingCars
18,Mr_Icer,"Nobody got in and out of the car and it put the hazards in the street, it did not pull to the side.",1537623865.0,1537595065.0,/r/SelfDrivingCars/comments/9hl5rs/just_a_waymo_driving_for_5_minutes/e6f932i/,SelfDrivingCars
19,Mr_Icer,"You'll notice when the Waymo did take the left, it did so right into a passing car in that lane. It wasn't waiting for the safest moment. What I think likely actually happened is the Waymo wouldn't take the turn and so many cars piled up behind it that the driver took over. But we'll never know, of course.",1537623695.0,1537594895.0,/r/SelfDrivingCars/comments/9hl5rs/just_a_waymo_driving_for_5_minutes/e6f8zbp/,SelfDrivingCars
20,Mr_Icer,"Saw this one on the way home and it was holding up traffic so I decided to pull behind it and see hold long it waited to turn. Then I followed it down a street and it did the usual, puts the hazards on in the middle of the road, hit the brakes a lot and did a stop/start at the stop sign. Waymo is requesting local governments to allow them to drive without a driver. Date on the dashcam is wrong, it is 9/20/2018.",1537523883.0,1537495083.0,/r/SelfDrivingCars/comments/9hl5rs/just_a_waymo_driving_for_5_minutes/e6cssmt/,SelfDrivingCars
1,Mr_Icer,Just a Waymo driving for 5 minutes. ,1537523848.0,1537495048.0,/r/SelfDrivingCars/comments/9hl5rs/just_a_waymo_driving_for_5_minutes/,SelfDrivingCars
21,Mr_Icer,"The entrance isn't dangerous, here's what it looks like [https://goo.gl/maps/JNtJDS6Z1532](https://goo.gl/maps/JNtJDS6Z1532)

The most dangerous merge in the general area is the merge from 85 to 280 here (upper left path)  [https://goo.gl/maps/pNY9ocA3Sst](https://goo.gl/maps/pNY9ocA3Sst)

You first have a merge from two freeways into one lane and then a lot of cars are trying to exit 280 at the same time cars are entering the freeway. Cars are merging both off and on the freeway at once at freeway speed.",1536807290.0,1536778490.0,/r/SelfDrivingCars/comments/9f5vo1/just_a_waymo_merging_into_traffic/e5uz7ke/,SelfDrivingCars
22,Mr_Icer,"You don't stop at the entrance to an exit ramp. If you can't merge by that point, this is a full figure 8 and you take the full figure 8 to get back to the on ramp. Doesn't take that long.",1536793378.0,1536764578.0,/r/SelfDrivingCars/comments/9f5vo1/just_a_waymo_merging_into_traffic/e5uier0/,SelfDrivingCars
23,Mr_Icer,"From my morning commute. As I drove away, as far as I could see, didn't see any movement from what you see in the video.

&#x200B;

There were some complaints about a previous video of mine regarding my commentary so this video has none, just the footage. Also, there was a comment saying I might be following Waymos around looking for issues instead of just posting dash cam footage resulting from me driving around normally. Draw your own conclusions. Dash cam date is wrong because I haven't fixed it, should be 9/11/2018.",1536769516.0,1536740716.0,/r/SelfDrivingCars/comments/9f5vo1/just_a_waymo_merging_into_traffic/e5u0oyt/,SelfDrivingCars
2,Mr_Icer,Just a Waymo Merging into Traffic. ,1536769297.0,1536740497.0,/r/SelfDrivingCars/comments/9f5vo1/just_a_waymo_merging_into_traffic/,SelfDrivingCars
24,Mr_Icer,"I've never seen a passenger get out of a Waymo after the hazards were on. Every time I've seen it happen, someone or something (I assume the human driver) turned off the hazards and drove off without anyone getting out.

You can see the hazards on and the car drive off without any dropoff in the video twice. In the cul de sac, I didn't see a passenger get out but I can't be certain it didn't happen because I went on my way.

When I have seen them with their hazards on where I have no video (parking lots, streets) I haven't seen anyone get out. Just my observations.

I see easily 10+ a day these days since I am in the El Camino/San Antonio (Mountain View) area a lot. Waymo ramped up the driving this year way above last year. They are almost constantly on the road now, driving back and forth on the same streets and then driving through side streets and parking lots.",1536053779.0,1536024979.0,/r/SelfDrivingCars/comments/9cofce/my_vid_on_the_state_of_self_driving_cars_in_2018/e5cp80j/,SelfDrivingCars
25,Mr_Icer,"I was recently in Crete and I could barely drive when the traffic and conditions were bad. It seemed every choice was a bad one. I mention that briefly in the video but its ridiculous the number of tradeoff decisions I, as a human, had to make in just 10 minutes driving on the road when traffic was bad.

Bicycles, pedestrians, everywhere, parked cars on both sides with a passage area that was just the width of my car with cars coming at me because it was a two way street. Unless all cars were self-driving, I wouldn't even want a self driving car to try to move in that situation. You need to be able to judge if someone is going to let you move or not and then do some back and forth communication with them. People will let you through if you communicate it properly. If you don't, you are either at a dead stop or pushing people with the car.

I know humans can make dumb mistakes too, can drive drunk, etc. But I'm not 100% sure which would be safer in the end, though. Is a self driving car going to drive through a flood if that's the only option? If a bicyclist starts attacking the car, will the car speed away quickly? There isn't 100% reliability in either situation.",1536051929.0,1536023129.0,/r/SelfDrivingCars/comments/9cofce/my_vid_on_the_state_of_self_driving_cars_in_2018/e5cncmc/,SelfDrivingCars
26,Mr_Icer,"The timid turning is shown at 5:40 in the video. It is in the section (5:37) titled ""#4 They make drivers miserable"". 

I am not stating it is against the law. I state it annoys other drivers. I have had a Waymo get me stuck in the middle of an intersection. The light was stale green, we both went through and then it hit its brakes as it got to other side for some reason, leaving me in the intersection. Legal? I guess so. Makes other drivers miserable? I would assume so. It crawled along at 2 mph to 5 mph after that.

I tried to be fair in the video and didn't say all the other things I've seen them do when I was in my other car. I also didn't go around looking for problems. I would take video when I saw an issue, usually on my way home. I am half the time in this car and half in another car. 

It seems you believe the one car was ""ending its trip"". Do the cars put their hazards on and stop to end trips on various roads? I would assume they would end a trip back where they started but I have zero insight into that because I don't work for Google/Waymo. I have seen the cars drop their hazards on in parking lots with cars behind them (like in the video), in the middle of side streets with cars behind them (we went around it), and in intersections (doubt thats a trip end?).

And when I could see the driver when the hazards were on, I would see the driver taking over (sometimes, apparently frantically) and then pulling the car away. I could be wrong, but I can't know. I know as much as the video presents. And I state multiple times, I can't know if a human is driving or the car is. But I'd assume given the nature of the driving, most of it is testing things out so most of it is the car driving (with human assist).",1536051322.0,1536022522.0,/r/SelfDrivingCars/comments/9cofce/my_vid_on_the_state_of_self_driving_cars_in_2018/e5cmqqn/,SelfDrivingCars
27,Mr_Icer,"When I have seen them change lanes, they are usually on their own, I don't remember seeing them in a blocked situation.

When driving my other car, I've seen a variety of others things. One was just stopped on the road the other day because a bicyclist had aimed their car across the street. It was near an intersection and the Waymo wouldn't move even though the bicyclist wasn't moving. This is another case where the car can't seem to determine human intent. Another was a Waymo driving in the green bike lane (San Antonio after El Camino and not just to make a turn).

When you merge, there is a back and forth between drivers. Sometimes you look at each other, then they see your blinker, they open up a space, you move in and then give them a thanks wave. You can see how this works with a Waymo by putting your blinker on and seeing if the cars gives you space to merge.

I just got back from the Walmart in Mountain View and it was a mess with cars and people and kids all over. Even though everyone was going in every direction, nobody had an accident. It is easy to discount the ability of what humans can do in physical situations. A computer will always beat a human at a game with fixed rules (Go, Chess, etc.) and will beat a human around a racetrack. But the natural environment is not fixed.

Will a self driving car drive you into a riot? A bridge collapsing? I want self driving cars because I have relatives who could use them right now. But I am on the fence as to how well it would really work without a driver. It seems like when things go wrong, they can go really wrong. And they certainly aren't ready to go driverless right now given what I've seen.",1536049545.0,1536020745.0,/r/SelfDrivingCars/comments/9cofce/my_vid_on_the_state_of_self_driving_cars_in_2018/e5ckz2q/,SelfDrivingCars
28,Mr_Icer,"It is legal to go through a yellow as long as the front of your car crosses into the intersection while the light is yellow. I'll ignore the ad hominems.

​

​",1536048747.0,1536019947.0,/r/SelfDrivingCars/comments/9cofce/my_vid_on_the_state_of_self_driving_cars_in_2018/e5ck64i/,SelfDrivingCars
29,Mr_Icer,"I agree people do it all the time but I guess I'd wonder whether self driving cars should follow the rules of the road or not. Here's info about turning right to a two way street in CA (one way is different)

[https://www.dmv.ca.gov/portal/dmv/detail/pubs/hdbk/turns](https://www.dmv.ca.gov/portal/dmv/detail/pubs/hdbk/turns)

*2. Right turn*. Begin **and** end the turn in the  lane nearest the right edge of the road. Do not swing wide into another lane of traffic. Watch for pedestrians, motorcyclists, and bicyclists between your vehicle and the curb. Sometimes, signs or pavement markings  will let you turn right from another lane as shown by the graphic.

As a driver, I'd still pull into the lane nearest and then merge over if the lane markings permit it. It's just habit to me.",1536041575.0,1536012775.0,/r/SelfDrivingCars/comments/9cofce/my_vid_on_the_state_of_self_driving_cars_in_2018/e5cd81e/,SelfDrivingCars
30,Mr_Icer,"At night, when a cars headlights are on, a camera is capturing the reflected light from the surroundings, giving the car active and passive elements. With LIDAR, light is directed at points making distances to points easier to calculate. Depth cameras exist in an area between the two. No disagreement, I'm just throwing that out there because conceptually, they are dealing with the same types of things.

&#x200B;",1536032400.0,1536003600.0,/r/SelfDrivingCars/comments/9c60pe/the_camera_is_the_lidar/e5c3in9/,SelfDrivingCars
3,Mr_Icer,My Vid on the State of Self Driving Cars in 2018. ,1536031756.0,1536002956.0,/r/SelfDrivingCars/comments/9cofce/my_vid_on_the_state_of_self_driving_cars_in_2018/,SelfDrivingCars
