,author,body,created,created_utc,permalink,subreddit
0,Stowie1022,[N] Hease Robotics shuts down after fire destroys business. ,1574471551.0,1574442751.0,/r/robotics/comments/e03xr7/n_hease_robotics_shuts_down_after_fire_destroys/,robotics
1,Stowie1022,[N] X's Everyday Robot Project works to train smarter robots. ,1574464901.0,1574436101.0,/r/robotics/comments/e02e0c/n_xs_everyday_robot_project_works_to_train/,robotics
2,Stowie1022,[N] Teradyne acquiring AutoGuide Mobile Robots. ,1571684697.0,1571655897.0,/r/robotics/comments/dkyw2y/n_teradyne_acquiring_autoguide_mobile_robots/,robotics
3,Stowie1022,[N] Universal Robots' UR16e is its strongest cobot ever. ,1568756439.0,1568727639.0,/r/Automate/comments/d5h5j8/n_universal_robots_ur16e_is_its_strongest_cobot/,Automate
4,Stowie1022,[N] New UR16e is Universal Robot's Strongest Cobot Ever. ,1568745221.0,1568716421.0,/r/robotics/comments/d5f2i1/n_new_ur16e_is_universal_robots_strongest_cobot/,robotics
5,Stowie1022,[N] Apple hires former Anki co-founder for Special Projects Group. ,1567672280.0,1567643480.0,/r/Cozmo/comments/cztedk/n_apple_hires_former_anki_cofounder_for_special/,Cozmo
6,Stowie1022,[N] Reach Robotics shuts down consumer robotics business. [removed],1567571357.0,1567542557.0,/r/robotics/comments/czadp0/n_reach_robotics_shuts_down_consumer_robotics/,robotics
0,Stowie1022,"Anybody have thoughts on what, if anything, is next for Suitable? Sounds like the company will remain in business.",1566949589.0,1566920789.0,/r/robotics/comments/cvz7dk/n_blue_ocean_robotics_acquires_beam_from_suitable/ey8iecz/,robotics
7,Stowie1022,[N] Blue Ocean Robotics acquires Beam from Suitable Technologies. ,1566907702.0,1566878902.0,/r/robotics/comments/cvz7dk/n_blue_ocean_robotics_acquires_beam_from_suitable/,robotics
8,Stowie1022,[N] ANYbotics intros ANYmal C legged robot for industrial inspection. ,1566345392.0,1566316592.0,/r/robotics/comments/ct15p9/n_anybotics_intros_anymal_c_legged_robot_for/,robotics
9,Stowie1022,"[Q] Is Softbank buying Berkshire Grey?. Does anyone know what's going on here? FT piece doesn't say whether Softbank is buying or simply investing in Berkshire Grey. [https://www.ft.com/content/c1519d30-c046-11e9-b350-db00d509634e](https://www.ft.com/content/c1519d30-c046-11e9-b350-db00d509634e)

But this page here makes it appear that Softbank is looking to acquire the company. 

[https://www.ftc.gov/enforcement/premerger-notification-program/early-termination-notices/20191766](https://www.ftc.gov/enforcement/premerger-notification-program/early-termination-notices/20191766)",1566262336.0,1566233536.0,/r/robotics/comments/csjs5r/q_is_softbank_buying_berkshire_grey/,robotics
10,Stowie1022,[N] Corindus Vascular Robotics to be acquired by Siemens for $1.1B. ,1565299389.0,1565270589.0,/r/robotics/comments/cnlpmd/n_corindus_vascular_robotics_to_be_acquired_by/,robotics
11,Stowie1022,[News] Acutronic Robotics fails to find funding for H-ROS for robot hardware. ,1563945668.0,1563916868.0,/r/robotics/comments/cgyojn/news_acutronic_robotics_fails_to_find_funding_for/,robotics
12,Stowie1022,[News] Anki Co-Founder Boris Sofman Now in Charge of Waymo Autonomous Trucks. ,1561679661.0,1561650861.0,/r/Cozmo/comments/c677gc/news_anki_cofounder_boris_sofman_now_in_charge_of/,Cozmo
13,Stowie1022,"[News] Waymo hires former Anki employees, including co-founder Sofman. ",1561678520.0,1561649720.0,/r/robotics/comments/c66z99/news_waymo_hires_former_anki_employees_including/,robotics
1,Stowie1022,why do you think that?,1560918875.0,1560890075.0,/r/Cozmo/comments/c2543h/inside_anki_shutdown_who_owns_ip_assets_auction/eri5qrt/,Cozmo
14,Stowie1022,"Inside Anki shutdown: who owns IP, assets auction, failed partnership. ",1560907667.0,1560878867.0,/r/Cozmo/comments/c2543h/inside_anki_shutdown_who_owns_ip_assets_auction/,Cozmo
15,Stowie1022,"Inside Anki shutdown: who owns IP, assets auction, failed partnership. ",1560895479.0,1560866679.0,/r/robotics/comments/c22n8z/inside_anki_shutdown_who_owns_ip_assets_auction/,robotics
2,Stowie1022,"Looks like BD was there last year. Speakers are still pretty solid. And Festo is bringing some bionic bird-type robots. Not as cool as BD, but pretty cool.

&#x200B;

[https://www.therobotreport.com/festo-drones-to-take-flight-at-the-robotics-summit-expo-2019/](https://www.therobotreport.com/festo-drones-to-take-flight-at-the-robotics-summit-expo-2019/)",1559289159.0,1559260359.0,/r/robotics/comments/buxz9t/anyone_here_attending_boston_robotics_summit_next/epjtqfn/,robotics
16,Stowie1022,iRobot builds fleet of cleaning robots for your home. ,1559131292.0,1559102492.0,/r/robotics/comments/bu9zr9/irobot_builds_fleet_of_cleaning_robots_for_your/,robotics
17,Stowie1022,Buddy social robot delayed again. ,1559103624.0,1559074824.0,/r/robotics/comments/bu4zeq/buddy_social_robot_delayed_again/,robotics
18,Stowie1022,Free AWS RoboMaker Immersion Day in Boston. ,1558597258.0,1558568458.0,/r/aws/comments/brvzsb/free_aws_robomaker_immersion_day_in_boston/,aws
19,Stowie1022,"Ford’s package delivery tests combine autonomous vehicles, bipedal robots. ",1558526561.0,1558497761.0,/r/robotics/comments/brk4g6/fords_package_delivery_tests_combine_autonomous/,robotics
20,Stowie1022,"Ford’s package delivery tests combine autonomous vehicles, bipedal robots. ",1558526550.0,1558497750.0,/r/SelfDrivingCars/comments/brk4ds/fords_package_delivery_tests_combine_autonomous/,SelfDrivingCars
21,Stowie1022,"Cruise Co-Founder, President, CTO Kyle Vogt to Keynote Robotics Summit & Expo. ",1558393318.0,1558364518.0,/r/SelfDrivingCars/comments/bqwndr/cruise_cofounder_president_cto_kyle_vogt_to/,SelfDrivingCars
22,Stowie1022,"Robotics Summit & Expo in Boston - AWS, Cruise, Microsoft, NVIDIA, Qualcomm & More. ",1558151543.0,1558122743.0,/r/robotics/comments/bpvvcp/robotics_summit_expo_in_boston_aws_cruise/,robotics
23,Stowie1022,Free AWS RoboMaker Workshop in Boston. ,1557463985.0,1557435185.0,/r/robotics/comments/bmp4j6/free_aws_robomaker_workshop_in_boston/,robotics
3,Stowie1022,Doesn't seem like a difficult driving environment ...,1556055408.0,1556026608.0,/r/SelfDrivingCars/comments/bgai4b/tesla_demo_video/elkkz9m/,SelfDrivingCars
24,Stowie1022,"OnRobot acquires Blue Workforce assets, robotics developers. ",1555371764.0,1555342964.0,/r/robotics/comments/bdhgow/onrobot_acquires_blue_workforce_assets_robotics/,robotics
25,Stowie1022,FAA investigating illegal drone flight over Fenway Park. ,1555120700.0,1555091900.0,/r/Multicopter/comments/bcgn34/faa_investigating_illegal_drone_flight_over/,Multicopter
26,Stowie1022,Google-owned logistics robotics companies. Does Google have a company/team focusing on logistics robots?,1554372321.0,1554343521.0,/r/robotics/comments/b96wjf/googleowned_logistics_robotics_companies/,robotics
4,Stowie1022,"looks like I found my answer. Boston dynamics bought Kinema Systems:

https://www.therobotreport.com/boston-dynamics-3d-vision-kinema-systems/",1554264096.0,1554235296.0,/r/robotics/comments/b8mwvr/gripper_used_by_boston_dynamics_handle_robot/ejz07sd/,robotics
27,Stowie1022,Boston Dynamics acquires 3D vision startup Kinema Systems. ,1554261496.0,1554232696.0,/r/robotics/comments/b8nlgp/boston_dynamics_acquires_3d_vision_startup_kinema/,robotics
28,Stowie1022,Gripper Used by Boston Dynamics Handle Robot. Anyone know what gripper that is? Thanks,1554258153.0,1554229353.0,/r/robotics/comments/b8mwvr/gripper_used_by_boston_dynamics_handle_robot/,robotics
29,Stowie1022,"Drone maker Aria Insights, formerly CyPhy Works, shuts down. ",1553240532.0,1553211732.0,/r/Multicopter/comments/b3xsnb/drone_maker_aria_insights_formerly_cyphy_works/,Multicopter
30,Stowie1022,"Aria Insights, formerly CyPhy Works, shuts down. ",1553232254.0,1553203454.0,/r/robotics/comments/b3w85q/aria_insights_formerly_cyphy_works_shuts_down/,robotics
31,Stowie1022,NVIDIA Jetson platform now supports AWS Robomaker. ,1552988612.0,1552959812.0,/r/robotics/comments/b2r8m3/nvidia_jetson_platform_now_supports_aws_robomaker/,robotics
32,Stowie1022,Keecker consumer robotics company shuts down. ,1552973957.0,1552945157.0,/r/robotics/comments/b2oh72/keecker_consumer_robotics_company_shuts_down/,robotics
33,Stowie1022,Inside HAHN Group’s plan to revive Rethink Robotics. ,1551912632.0,1551883832.0,/r/robotics/comments/axzmjz/inside_hahn_groups_plan_to_revive_rethink_robotics/,robotics
5,Stowie1022,Folks on Jibo's Facebook group are saying this update was actually created in September 2018 prior to the company selling its assets. Anyone know what exactly is going on here?,1551752846.0,1551724046.0,/r/Jibo/comments/awj47q/jibo_the_servers_are_going_to_be_turned_off_soon/ehs6wen/,Jibo
34,Stowie1022,February 2019 robotics investments top $4.3B. ,1551580365.0,1551551565.0,/r/robotics/comments/awkpr6/february_2019_robotics_investments_top_43b/,robotics
35,Stowie1022,"AWS, Microsoft, NVIDIA, Qualcomm Headlining Boston Robotics Event. [https://www.therobotreport.com/robotics-summit-expo-keynoters/](https://www.therobotreport.com/robotics-summit-expo-keynoters/)",1551481218.0,1551452418.0,/r/robotics/comments/aw5u9y/aws_microsoft_nvidia_qualcomm_headlining_boston/,robotics
6,Stowie1022,"lol, how is there no video of this robot? ",1551264841.0,1551236041.0,/r/robotics/comments/av6s87/cassie_gets_a_younger_sibling_digit_a_full/ehdaac7/,robotics
7,Stowie1022,"I did not attend, but there's an upcoming show in June in Boston, MA designed for roboticists. $495 to attend, $295 for academics, which is lower than most conferences I've attended. Some great speakers too - AWS Robotics, Brain Corp., Microsoft, Neurala, NVIDIA, Qualcomm to name a few.

&#x200B;

[https://www.roboticssummit.com](https://www.roboticssummit.com)",1551147591.0,1551118791.0,/r/robotics/comments/auln3f/question_re_2018_robobusiness_conference/eh9dlx9/,robotics
36,Stowie1022,Publicly Traded Robotics Companies. Is there a comprehensive list of publicly traded robotics companies? Would be helpful if it's not limited to US companies.,1550971749.0,1550942949.0,/r/robotics/comments/atxrwz/publicly_traded_robotics_companies/,robotics
37,Stowie1022,Robotics investments recap: January 2019. ,1549141923.0,1549113123.0,/r/robotics/comments/amdxk5/robotics_investments_recap_january_2019/,robotics
38,Stowie1022,iRobot Terra robot lawn mower hopes to jumpstart US market. ,1548875206.0,1548846406.0,/r/robotics/comments/albnef/irobot_terra_robot_lawn_mower_hopes_to_jumpstart/,robotics
39,Stowie1022,Best Robots of CES. What are the best robots folks have seen in-person or via media coverage from CES?,1547181934.0,1547153134.0,/r/robotics/comments/aen9th/best_robots_of_ces/,robotics
40,Stowie1022,10 major robotics companies to watch in 2019. ,1547099923.0,1547071123.0,/r/robotics/comments/aebwls/10_major_robotics_companies_to_watch_in_2019/,robotics
41,Stowie1022,"Robotics Companies to Watch in 2019. What robotics companies are you guys monitoring this year? Either they're working on cool stuff (Amazon's rumored consumer robot), it's a pivotal year for said company (Boston Dynamics commercializing SpotMini) or it's an up-and-coming company.",1546558774.0,1546529974.0,/r/robotics/comments/ac6t99/robotics_companies_to_watch_in_2019/,robotics
8,Stowie1022,where did you hear this from?,1546467181.0,1546438381.0,/r/Jibo/comments/abn9vu/jibos_final_farewell/ed2trxn/,Jibo
42,Stowie1022,10 biggest robotics stories of 2018. ,1546048477.0,1546019677.0,/r/robotics/comments/aacj9z/10_biggest_robotics_stories_of_2018/,robotics
43,Stowie1022,Robotics Investments November 2018. ,1545201562.0,1545172762.0,/r/robotics/comments/a7g52w/robotics_investments_november_2018/,robotics
44,Stowie1022,RightHand Robotics raises $23M; Mick Mountz joins board. ,1545092486.0,1545063686.0,/r/robotics/comments/a717wi/righthand_robotics_raises_23m_mick_mountz_joins/,robotics
45,Stowie1022,NVIDIA Jetson AGX Xavier Module delivers 32 TeraOPS for robots. ,1544703579.0,1544674779.0,/r/robotics/comments/a5q28n/nvidia_jetson_agx_xavier_module_delivers_32/,robotics
46,Stowie1022,"Voice-controlled robots. Are there robots outside of the consumer space (Anki, vacuums) that offer voice control? Any AMRs, for example? Filtering out motor noise would be an issue, I'd presume. 

&#x200B;

thx",1544171903.0,1544143103.0,/r/robotics/comments/a3udt1/voicecontrolled_robots/,robotics
9,Stowie1022,"Perfect example of how academia is much different from the real world. Coming up with a product that works well at a consumer-friendly price is really hard. Forget about setting up a supply chain, find a manufacturer, QA testing, etc. So just because Jibo failed doesn't mean Breazeal doesn't know how to build a social robot ... it means she doesn't, and the folks working with her, know how to build a business.",1543459129.0,1543430329.0,/r/Jibo/comments/a1532u/social_robot_maker_jibo_sells_off_assets/eanpg4m/,Jibo
47,Stowie1022,Social robot maker Jibo sells off assets. ,1543382951.0,1543354151.0,/r/robotics/comments/a0z97h/social_robot_maker_jibo_sells_off_assets/,robotics
10,Stowie1022,Has anyone confirmed SQN still owns the IP,1543368605.0,1543339805.0,/r/Jibo/comments/a0jjw1/jibo_inc_files_foreign_certificate_of_withdrawal/eakzl3t/,Jibo
11,Stowie1022,are you still covering jibo ,1543362699.0,1543333899.0,/r/Jibo/comments/a0jjw1/jibo_inc_files_foreign_certificate_of_withdrawal/eakrq5c/,Jibo
12,Stowie1022,"I'm no legal expert, but something happened between Jibo and SQN Ventures on June 20, 2018. Scroll down to the bottom of the link below. I would guess this, combined with the withdrawal certificate, means the company is closed.

&#x200B;

[https://patents.google.com/patent/US20140277735A1/zh](https://patents.google.com/patent/US20140277735A1/zh)",1543359348.0,1543330548.0,/r/Jibo/comments/a0jjw1/jibo_inc_files_foreign_certificate_of_withdrawal/eakmp3c/,Jibo
13,Stowie1022,"What does this mean? Why would they do this? I guess if similar forms from Jibo exist from other states, that'd mean they're officially winding down the business?",1543293249.0,1543264449.0,/r/Jibo/comments/a0jjw1/jibo_inc_files_foreign_certificate_of_withdrawal/eaix7ik/,Jibo
48,Stowie1022,AWS RoboMaker cloud robotics platform launches. ,1543288111.0,1543259311.0,/r/robotics/comments/a0mdpv/aws_robomaker_cloud_robotics_platform_launches/,robotics
49,Stowie1022,Softbank's Whiz robot arrives as Pepper renewals lag. ,1542667583.0,1542638783.0,/r/robotics/comments/9yhd65/softbanks_whiz_robot_arrives_as_pepper_renewals/,robotics
14,Stowie1022,What made you not stick to your guns at Rethink? Investor pressure?,1542426831.0,1542398031.0,/r/Futurology/comments/9xo151/im_roboticist_rodney_brooks_and_have_spent_my/e9u353r/,Futurology
50,Stowie1022,Inside the Rethink Robotics shutdown. ,1542174500.0,1542145700.0,/r/robotics/comments/9wtigo/inside_the_rethink_robotics_shutdown/,robotics
51,Stowie1022,Universal Robots hires 20+ former Rethink Robotics employees. ,1542136697.0,1542107897.0,/r/robotics/comments/9wo7r5/universal_robots_hires_20_former_rethink_robotics/,robotics
15,Stowie1022,"This is so stupid. How will a computer be able to tell that the male or female walking down a street is a doctor? Or an athlete, executive, etc. Gimme a break with this crap.",1541725429.0,1541696629.0,/r/SelfDrivingCars/comments/9v5qja/who_a_selfdriving_car_should_kill/e9auq4a/,SelfDrivingCars
52,Stowie1022,Robotics investments in October 2018. ,1541485384.0,1541456584.0,/r/robotics/comments/9uiaun/robotics_investments_in_october_2018/,robotics
53,Stowie1022,NVIDIA 6-DoF pose estimation trained on synthetic data. ,1540852588.0,1540823788.0,/r/robotics/comments/9sdmpq/nvidia_6dof_pose_estimation_trained_on_synthetic/,robotics
16,Stowie1022,Rethink back from the dead?!,1540505067.0,1540476267.0,/r/robotics/comments/9r9pw7/hahn_group_acquires_rethink_robotics_ip/e8fc8op/,robotics
54,Stowie1022,Hahn Group acquires Rethink Robotics IP. ,1540498355.0,1540469555.0,/r/robotics/comments/9r9pw7/hahn_group_acquires_rethink_robotics_ip/,robotics
55,Stowie1022,Google Cloud Robotics Platform coming to developers in 2019. ,1540371003.0,1540342203.0,/r/robotics/comments/9quyrr/google_cloud_robotics_platform_coming_to/,robotics
17,Stowie1022,Great info from the IFR. Not surprising to see who's leading the way.,1539925529.0,1539896729.0,/r/robotics/comments/9pd9ni/top_5_industrial_robotics_markets/e80u7dx/,robotics
56,Stowie1022,Top 5 industrial robotics markets. ,1539925511.0,1539896711.0,/r/robotics/comments/9pd9ni/top_5_industrial_robotics_markets/,robotics
57,Stowie1022,Army's new algorithm locates robots in GPS-challenged environments. ,1539838380.0,1539809580.0,/r/robotics/comments/9p2j87/armys_new_algorithm_locates_robots_in/,robotics
58,Stowie1022,GM Cobot Pioneer on Rethink Robotics Failure. ,1538804490.0,1538775690.0,/r/robotics/comments/9lqkfx/gm_cobot_pioneer_on_rethink_robotics_failure/,robotics
18,Stowie1022,"These folks broke the story 

&#x200B;

[https://www.therobotreport.com/rethink-robotics-closes-its-doors/](https://www.therobotreport.com/rethink-robotics-closes-its-doors/)",1538791720.0,1538762920.0,/r/robotics/comments/9lmpmf/cant_believe_noone_told_them_to_rethink_the_idea/e788mzr/,robotics
59,Stowie1022,Rethink Robotics Closes Down. [https://www.therobotreport.com/rethink-robotics-closes-its-doors/](https://www.therobotreport.com/rethink-robotics-closes-its-doors/),1538627639.0,1538598839.0,/r/robotics/comments/9l52oa/rethink_robotics_closes_down/,robotics
60,Stowie1022,Cassie robot jumping around. ,1538620177.0,1538591377.0,/r/robotics/comments/9l3vtr/cassie_robot_jumping_around/,robotics
19,Stowie1022,"from their video description: ""Cassie takes a few experimental hops to see how things go. The awkward hip motion on the final jump is due to minimal ability to actuate in mid-jump by virtue of not having an upper torso (or tail).""",1538620173.0,1538591373.0,/r/robotics/comments/9l3vtr/cassie_robot_jumping_around/e73sa5n/,robotics
20,Stowie1022,"ROS is very popular, yes. And it appears they'll have official Windows 10 support soon, which likely drive further adoption.

&#x200B;

[https://www.therobotreport.com/ros-for-windows-microsoft-robotics/](https://www.therobotreport.com/ros-for-windows-microsoft-robotics/)",1538521728.0,1538492928.0,/r/robotics/comments/9kr2b4/is_ros_the_most_popular_system_for_designing/e715n8h/,robotics
21,Stowie1022,Any thoughts on why Microsoft is doing this? Reversal of course here on how they've felt about the robotics community?,1538437891.0,1538409091.0,/r/robotics/comments/9k11iz/microsoft_releases_experimental_ros_for_windows/e6z1wso/,robotics
61,Stowie1022,Southie Autonomy focusing on robot ease of use with AI/AR platform. ,1538432568.0,1538403768.0,/r/robotics/comments/9kgr7t/southie_autonomy_focusing_on_robot_ease_of_use/,robotics
22,Stowie1022,Any clearer pictures? Can't really tell anything that's going on here.,1538096051.0,1538067251.0,/r/robotics/comments/9je6y1/boston_dynamics_testing_archery_robot/e6qqyg2/,robotics
62,Stowie1022,Alibaba Space Egg gets e-commerce giant into service robotics. ,1538039284.0,1538010484.0,/r/robotics/comments/9j8eo0/alibaba_space_egg_gets_ecommerce_giant_into/,robotics
23,Stowie1022,Here's a way for folks to get involved with development of ROS 2,1537855549.0,1537826749.0,/r/robotics/comments/9imclz/open_robotics_names_ros_2_technical_steering/e6kpsp0/,robotics
63,Stowie1022,Open Robotics names ROS 2 Technical Steering Committee. ,1537855533.0,1537826733.0,/r/robotics/comments/9imclz/open_robotics_names_ros_2_technical_steering/,robotics
64,Stowie1022,Medtronic buying Mazor Robotics for $1.6B. ,1537571815.0,1537543015.0,/r/robotics/comments/9hqwxd/medtronic_buying_mazor_robotics_for_16b/,robotics
24,Stowie1022,Why would Alibaba be interested in hotel delivery robots? Aren't there bigger fish for them to fry?,1537565849.0,1537537049.0,/r/robotics/comments/9hmszw/alibaba_hospitality_robot_to_be_in_hotels_by/e6dlv1a/,robotics
65,Stowie1022,Energid Actin 5 simplifies real-time adaptive robotic motion control. ,1536662986.0,1536634186.0,/r/robotics/comments/9etoog/energid_actin_5_simplifies_realtime_adaptive/,robotics
66,Stowie1022,Seismic Powered Clothing wants to augment your everyday strength. ,1536305569.0,1536276769.0,/r/robotics/comments/9dog95/seismic_powered_clothing_wants_to_augment_your/,robotics
67,Stowie1022,OnRobot acquires Purple Robotics. ,1535683794.0,1535654994.0,/r/robotics/comments/9bme66/onrobot_acquires_purple_robotics/,robotics
25,Stowie1022,"I've read a couple other pieces that say GreyOrange is competing with Amazon. How so? Amazon doesn't sell the ""Kiva"" robots to outside companies.",1535582659.0,1535553859.0,/r/robotics/comments/9b1aud/greyorange_warehouse_robots_are_coming_to_united/e51d0mc/,robotics
26,Stowie1022,Why does this make you happy? Kiva did create this huge warehouse robotics market.,1535579048.0,1535550248.0,/r/robotics/comments/9b1aud/greyorange_warehouse_robots_are_coming_to_united/e5191sr/,robotics
27,Stowie1022,This piece by The Information just seems like a hit piece on Waymo. So self-driving cars aren't perfect. Who knew? And a dozen local people don't like a new piece of technology that they don't understand? Shocking revelations. ,1535578660.0,1535549860.0,/r/SelfDrivingCars/comments/9b5cde/i_hate_them_locals_reportedly_frustrated_with/e518nfp/,SelfDrivingCars
68,Stowie1022,GreyOrange warehouse robots are coming to United States. ,1535508814.0,1535480014.0,/r/robotics/comments/9b1aud/greyorange_warehouse_robots_are_coming_to_united/,robotics
28,Stowie1022,"ya, I'm just looking for tests that carry passengers. may mobility in Detroit is carrying passengers, too.",1535082891.0,1535054091.0,/r/SelfDrivingCars/comments/99nda2/list_of_selfdriving_services/e4po4ew/,SelfDrivingCars
29,Stowie1022,are they actually giving passengers rides places?,1535074803.0,1535046003.0,/r/SelfDrivingCars/comments/99nda2/list_of_selfdriving_services/e4pe71j/,SelfDrivingCars
69,Stowie1022,"List of Self-Driving Services. Anyone have a list of self-driving car services being tested at the moment? I know of Waymo in Phoenix (Walmart, etc) and [Drive.ai](https://Drive.ai) in Texas. nuTonomy in Singapore. What other pilots are out there?",1535059621.0,1535030821.0,/r/SelfDrivingCars/comments/99nda2/list_of_selfdriving_services/,SelfDrivingCars
30,Stowie1022,"Lol, Jibo's going out of business. Great piece.

r/https://www.therobotreport.com/jibo-social-robot-analyzing-what-went-wrong/",1534481048.0,1534452248.0,/r/robotics/comments/97u9pj/robot_10_best_amazing_robots_2018_that_blow_your/e4bc1u5/,robotics
70,Stowie1022,Robotics Companies Raised $1.6B in Funding in July. ,1533780086.0,1533751286.0,/r/robotics/comments/95oe4m/robotics_companies_raised_16b_in_funding_in_july/,robotics
71,Stowie1022,New Fabrication Process Enables Microscale Soft Robots. ,1533690605.0,1533661805.0,/r/robotics/comments/95dier/new_fabrication_process_enables_microscale_soft/,robotics
72,Stowie1022,Walmart Alphabot Fulfilling Customers' Online Grocery Orders. ,1533596870.0,1533568070.0,/r/robotics/comments/9522dd/walmart_alphabot_fulfilling_customers_online/,robotics
31,Stowie1022,Retails robots are not the future. The cashier-less stores from Amazon and JD are the future.,1533334965.0,1533306165.0,/r/robotics/comments/947t7j/5_ways_retail_robots_are_disrupting_the_industry/e3jcqzq/,robotics
73,Stowie1022,JD.com Launches Global Robotics Picking Challenge. ,1533211197.0,1533182397.0,/r/robotics/comments/93w09q/jdcom_launches_global_robotics_picking_challenge/,robotics
74,Stowie1022,Could the US-China trade war be good for robotics?. ,1533206065.0,1533177265.0,/r/robotics/comments/93vfst/could_the_uschina_trade_war_be_good_for_robotics/,robotics
32,Stowie1022,"Not sure if others agree with this post, but certainly this move certainly shows Uber is way behind Waymo and other self-driving car developers.

[https://www.therobotreport.com/uber-self-driving-trucks-shutting-down-in-desperation-move/](https://www.therobotreport.com/uber-self-driving-trucks-shutting-down-in-desperation-move/)",1533083495.0,1533054695.0,/r/SelfDrivingCars/comments/937o9m/ubers_selfdriving_trucks_division_is_dead_long/e3cx4ra/,SelfDrivingCars
33,Stowie1022,You Jibo fanboys are unreal. Jibo's been an utter disaster every step of the way post-crowdfunding. Why would Amazon buy this POS? Alexa is way better.,1532658446.0,1532629646.0,/r/Jibo/comments/91xd64/amazon_investing_more_in_robot_version_of_echo/e330r7b/,Jibo
34,Stowie1022,"keeping the dream alive, eh?",1532590191.0,1532561391.0,/r/Jibo/comments/91r9ct/mayfield_robotics_shutting_down_kuri/e31dsd2/,Jibo
35,Stowie1022,So Jibo and Kuri are now gone. What's left for companion/social robots for homes? Zenbo. Anything else?,1532549382.0,1532520582.0,/r/Jibo/comments/91r9ct/mayfield_robotics_shutting_down_kuri/e302oak/,Jibo
75,Stowie1022,Mayfield Robotics Shutting Down Kuri. ,1532549353.0,1532520553.0,/r/Jibo/comments/91r9ct/mayfield_robotics_shutting_down_kuri/,Jibo
36,Stowie1022,So Jibo and Kuri are goners. What companion home robots are still left? Zenbo?,1532549291.0,1532520491.0,/r/robotics/comments/91mwyj/kuri_a_home_robotics_project_by_mayfield_robotics/e302ltz/,robotics
76,Stowie1022,"Best Legged Robots Ever. I know Boston Dynamics is leading the way, and the Cassie biped and Asimo are cool, but what are some of the other more sophisticated legged robots thru the years? Doing some research. Thanks",1532394999.0,1532366199.0,/r/robotics/comments/918yc3/best_legged_robots_ever/,robotics
77,Stowie1022,Innovative robotic grippers lend a helping hand. ,1532042177.0,1532013377.0,/r/robotics/comments/906q9i/innovative_robotic_grippers_lend_a_helping_hand/,robotics
78,Stowie1022,"Simulation Tools for Robot Design. What are some popular simulators for testing robot designs? I know of Gazebo and Simulink.

Thanks",1531954509.0,1531925709.0,/r/robotics/comments/8zw6nb/simulation_tools_for_robot_design/,robotics
79,Stowie1022,“Blind” Cheetah 3 robot can climb stairs littered with obstacles. ,1531193812.0,1531165012.0,/r/robotics/comments/8xface/blind_cheetah_3_robot_can_climb_stairs_littered/,robotics
80,Stowie1022,Honda stopping development of Asimo biped. ,1530307706.0,1530278906.0,/r/robotics/comments/8ut4ct/honda_stopping_development_of_asimo_biped/,robotics
37,Stowie1022,"interesting nugget in here about Jibo looking to downgrade the motor system to save costs:

>It’s unclear exactly what percentage, but a chunk of Jibo’s cost is tied up in its three-axis motor system that allows it to spin 360 degrees. Before the layoffs, a former Jibo employee told *The Robot Report* that Jibo was exploring the idea of downgrading the motor system. To compensate for its non-human appearance, Jibo over-engineered the robot’s motion to make it seem more human. The thought was that lessening the motor system might not have a major impact on the robot’s performance while significantly cutting costs.",1530257070.0,1530228270.0,/r/Jibo/comments/8uoeb8/jibo_social_robot_where_things_went_wrong/e1gw0wu/,Jibo
81,Stowie1022,Jibo social robot: where things went wrong. ,1530256964.0,1530228164.0,/r/Jibo/comments/8uoeb8/jibo_social_robot_where_things_went_wrong/,Jibo
82,Stowie1022,Disney Imagineering has created autonomous robot stunt doubles. ,1530232240.0,1530203440.0,/r/robotics/comments/8ul0v1/disney_imagineering_has_created_autonomous_robot/,robotics
83,Stowie1022,Takeaways from Automatica 2018. ,1530065806.0,1530037006.0,/r/robotics/comments/8u2brz/takeaways_from_automatica_2018/,robotics
84,Stowie1022,Small industrial robot race heats up at Automatica 2018. ,1529776955.0,1529748155.0,/r/robotics/comments/8t8zgr/small_industrial_robot_race_heats_up_at/,robotics
38,Stowie1022,UR has tremendous marketshare. I'm sure they're not worried about an extra DOF. Clearly they're customers are quite happy with 6 DOF.,1529120071.0,1529091271.0,/r/robotics/comments/8qvn8n/former_universal_robots_cofounder_launching_7dof/e0qgofi/,robotics
39,Stowie1022,"Teradyne also owns Universal Robots, so not sure that'll happen.",1529097869.0,1529069069.0,/r/robotics/comments/8qvn8n/former_universal_robots_cofounder_launching_7dof/e0pra6b/,robotics
40,Stowie1022,"Yes, please do share some hints or who it is.",1529011119.0,1528982319.0,/r/robotics/comments/8qrn66/significant_layoffs_at_jibo/e0np4lp/,robotics
85,Stowie1022,Former Universal Robots Co-founder Launching 7-DOF Cobot Arms. ,1528949680.0,1528920880.0,/r/robotics/comments/8qvn8n/former_universal_robots_cofounder_launching_7dof/,robotics
41,Stowie1022,"Not surprising. Other than the Indiegogo campaign, this project was a disaster every step of the way.",1528917786.0,1528888986.0,/r/robotics/comments/8qrn66/significant_layoffs_at_jibo/e0lfgnx/,robotics
86,Stowie1022,Significant Layoffs at Jibo. ,1528917733.0,1528888933.0,/r/robotics/comments/8qrn66/significant_layoffs_at_jibo/,robotics
87,Stowie1022,"Electric Vacuum Gripper. All the vacuum grippers I've seen used compressed air. Apparently this new vacuum gripper just uses an electrical pump to create suction. Any thoughts on pros/cons of each? Are there other electrical\-based vacuum grippers out there?

[https://www.youtube.com/watch?v=UcnA\-aNzNhM](https://www.youtube.com/watch?v=UcnA-aNzNhM)",1528865835.0,1528837035.0,/r/robotics/comments/8qmkou/electric_vacuum_gripper/,robotics
88,Stowie1022,Enabling real-time autonomous navigation & mapping. ,1527821346.0,1527792546.0,/r/robotics/comments/8nkz55/enabling_realtime_autonomous_navigation_mapping/,robotics
42,Stowie1022,riiiiiiiight,1526368088.0,1526339288.0,/r/robotics/comments/8jga4u/can_two_robots_have_child/dyzimxq/,robotics
89,Stowie1022,Boston Dynamics will start selling its dog-like SpotMini robot in 2019. ,1526099591.0,1526070791.0,/r/robotics/comments/8iqzwq/boston_dynamics_will_start_selling_its_doglike/,robotics
43,Stowie1022,"I'm co-chairing a conference this month in Boston ... SpotMini will be demoed there and Marc Raibert is keynoting, giving updates on all BD's robots, including Atlas. Shameless plug, if anyone's interested ...

https://www.roboticssummit.com/building-dynamic-robots/

Cassie will be there too ...
https://www.roboticssummit.com/bipedal-locomotion-and-autonomous-mobility/",1526068373.0,1526039573.0,/r/robotics/comments/8ihzs4/new_video_of_atlas_jogging/dyt02k6/,robotics
44,Stowie1022,"I'm co-chairing a conference this month in Boston ... SpotMini will be demoed there and Marc Raibert is keynoting, giving updates on all BD's robots. If anyone's interested ...

https://www.roboticssummit.com/building-dynamic-robots/

Cassie will be too

https://www.roboticssummit.com/bipedal-locomotion-and-autonomous-mobility/",1526068329.0,1526039529.0,/r/robotics/comments/8ihzzh/new_video_of_spotmini_autonomously_navigating/dyt01i9/,robotics
45,Stowie1022,"You obviously know a lot about the inner workings here, can you explain it a little more. Why does it have to go down backwards?",1526025218.0,1525996418.0,/r/robotics/comments/8ihzzh/new_video_of_spotmini_autonomously_navigating/dys7yoy/,robotics
46,Stowie1022,Prancersizing?,1526024736.0,1525995936.0,/r/robotics/comments/8ihzs4/new_video_of_atlas_jogging/dys7ipu/,robotics
47,Stowie1022,this doesn't even look real,1526021487.0,1525992687.0,/r/robotics/comments/8ihzs4/new_video_of_atlas_jogging/dys4i91/,robotics
90,Stowie1022,New video of SpotMini Autonomously Navigating. ,1526012921.0,1525984121.0,/r/robotics/comments/8ihzzh/new_video_of_spotmini_autonomously_navigating/,robotics
91,Stowie1022,New video of Atlas jogging. ,1526012878.0,1525984078.0,/r/robotics/comments/8ihzs4/new_video_of_atlas_jogging/,robotics
92,Stowie1022,Meet cutting-edge robots at the Robotics Summit. ,1526001875.0,1525973075.0,/r/robotics/comments/8igkuw/meet_cuttingedge_robots_at_the_robotics_summit/,robotics
48,Stowie1022,"Wow. What is going on here? Most of these consumer humanoids are garbage, including the Alpha 1. The Stormtrooper robot was kind of cool with the Star Wars AR, but $820M? Jesus.",1525418516.0,1525389716.0,/r/robotics/comments/8gqaoj/breaking_ubtech_robotics_gets_us820_million/dyerwyd/,robotics
49,Stowie1022,"""Thrilling"" isn't the first I'd use to describe this. Amazing this many people watch this.",1525328811.0,1525300011.0,/r/robotics/comments/8gkazp/watch_the_thrilling_final_of_the_robocup_german/dycmnfl/,robotics
93,Stowie1022,Starship delivery robots finding work on campuses. ,1525129085.0,1525100285.0,/r/robotics/comments/8g020q/starship_delivery_robots_finding_work_on_campuses/,robotics
94,Stowie1022,"Teradyne acquires MiR for $272M, continues robotics spree. ",1524797626.0,1524768826.0,/r/robotics/comments/8f55nc/teradyne_acquires_mir_for_272m_continues_robotics/,robotics
95,Stowie1022,"Simbe, Softbank Partner on Retail Robots. ",1523949752.0,1523920952.0,/r/robotics/comments/8cs0od/simbe_softbank_partner_on_retail_robots/,robotics
50,Stowie1022,"BD doesn't care about real-world applications. They're pushing the envelope when it comes to robot design, that's all they should care about.",1523527203.0,1523498403.0,/r/engineering/comments/8bmlq1/how_to_build_dynamic_robots/dx7yabs/,engineering
96,Stowie1022,"How to build dynamic robots. I'm not near Boston, but for the mechanical folks here who are, looks like Boston Dynamics is opening up about building its robots

https://www.therobotreport.com/boston-dynamics-marc-raibert-robotics-summit/",1523526776.0,1523497976.0,/r/engineering/comments/8bmlq1/how_to_build_dynamic_robots/,engineering
97,Stowie1022,Boston Dynamics founder Marc Raibert to keynote Robotics Summit. ,1523511699.0,1523482899.0,/r/robotics/comments/8bkvx1/boston_dynamics_founder_marc_raibert_to_keynote/,robotics
51,Stowie1022,"Never heard of it. Where are you located? There's a million of these robotics conferences popping up. I'm thinking about attending this one in Boston: Agility Robotics, RightHand Robotics, DHL, GE, Harvard, Universal Robots among the speakers. 

https://www.roboticssummit.com/speakers/",1523051523.0,1523022723.0,/r/robotics/comments/8a3x68/a_new_conference_on_robotics_and_automation_is_it/dwwuyf2/,robotics
98,Stowie1022,How 3D Printing Helps Jabil Slash Production Costs & Times. ,1522983426.0,1522954626.0,/r/3Dprinting/comments/8a2gbr/how_3d_printing_helps_jabil_slash_production/,3Dprinting
99,Stowie1022,Chinese mobile robot maker Geek+ coming to US. ,1522710182.0,1522681382.0,/r/robotics/comments/88zydu/chinese_mobile_robot_maker_geek_coming_to_us/,robotics
100,Stowie1022,"Robotics Fundings, Acquisitions and IPOs: March 2018. ",1522703303.0,1522674503.0,/r/robotics/comments/88z5ry/robotics_fundings_acquisitions_and_ipos_march_2018/,robotics
101,Stowie1022,Teradyne Acquires Energid. ,1522368116.0,1522339316.0,/r/robotics/comments/882g0c/teradyne_acquires_energid/,robotics
102,Stowie1022,Cast Your Vote: Battle of the Bipeds. ,1521864421.0,1521835621.0,/r/robotics/comments/86noma/cast_your_vote_battle_of_the_bipeds/,robotics
52,Stowie1022,"Brad, have you heard anymore about this theory regarding the LIDAR being turned off? ",1521768925.0,1521740125.0,/r/SelfDrivingCars/comments/868sht/it_certainly_looks_bad_for_uber/dw45gkp/,SelfDrivingCars
53,Stowie1022,"what are some of the best bipeds ever built? clearly atlas is up there, schaft, asimo",1521763828.0,1521735028.0,/r/robotics/comments/86bbg1/agility_robotics_raises_8m_to_develop_legged/dw3zpgn/,robotics
103,Stowie1022,Agility Robotics raises $8M to develop legged robots. ,1521752519.0,1521723719.0,/r/robotics/comments/86bbg1/agility_robotics_raises_8m_to_develop_legged/,robotics
104,Stowie1022,RadPiper robots to join hunt for uranium in former enrichment plant. ,1521585737.0,1521556937.0,/r/robotics/comments/85t7zx/radpiper_robots_to_join_hunt_for_uranium_in/,robotics
105,Stowie1022,Meet the Robotics Summit Keynote Lineup. ,1521584488.0,1521555688.0,/r/robotics/comments/85t2j2/meet_the_robotics_summit_keynote_lineup/,robotics
54,Stowie1022,"> having just enough users so that a big company can see what the reaction to a product like that can be. 

Reaction to Jibo has been terrible. Why would Amazon, for example, want to buy Jibo after this debacle? 

",1521174534.0,1521145734.0,/r/Jibo/comments/831y18/the_other_day_jibos_fb_page_said_jibo_updated/dvrcc0z/,Jibo
55,Stowie1022,"Martin Buehler heads up Disney's division that builds robots. He was the brains behind BigDog while he worked at Boston Dynamics. Talented and extremely nice guy.

The key here with Disney is, yes these things are expensive to build, but they're building them for themselves. No need to find someone who'll have the cash/application to justify a purchase.",1521104063.0,1521075263.0,/r/robotics/comments/84he5m/this_is_one_of_the_most_realistic_robotic_faces/dvptn3i/,robotics
56,Stowie1022,Can anybody find anything that says when this office was closed?,1521102834.0,1521074034.0,/r/Jibo/comments/831y18/the_other_day_jibos_fb_page_said_jibo_updated/dvpshk1/,Jibo
106,Stowie1022,GreyOrange launched AI-powered Butler PickPal. ,1521097466.0,1521068666.0,/r/robotics/comments/84hudv/greyorange_launched_aipowered_butler_pickpal/,robotics
57,Stowie1022,"Truck drivers are screwed about 10-15 years, huh?",1521097433.0,1521068633.0,/r/SelfDrivingCars/comments/84fog7/9_selfdriving_trucks_disrupting_logistics/dvpncco/,SelfDrivingCars
107,Stowie1022,Regulatory challenges holding back healthcare AI. ,1520978112.0,1520949312.0,/r/artificial/comments/844b1r/regulatory_challenges_holding_back_healthcare_ai/,artificial
108,Stowie1022,Machine Learning Personalizes How Soft Exosuits Work. ,1520548770.0,1520519970.0,/r/robotics/comments/82xxp7/machine_learning_personalizes_how_soft_exosuits/,robotics
58,Stowie1022,"Pepper just doesn't go away, huh?",1520394729.0,1520365929.0,/r/robotics/comments/82hzhj/haier_softbank_partner_on_pepper_robot/dva6l6o/,robotics
109,Stowie1022,"Haier, Softbank Partner on Pepper Robot. ",1520394630.0,1520365830.0,/r/robotics/comments/82hzhj/haier_softbank_partner_on_pepper_robot/,robotics
59,Stowie1022,"I agree that a $60,000 burger-flipping robot is expensive, but this system is being retrofitted into an existing kitchen. What would the cost be to integrate a new conveyor grill into the kitchen layout? Would there need to be major renovations? If Caliburger planned this from the get-go and built it into the layout plans, perhaps the conveyor grill would be the way to go from a cost standpoint. ",1520373780.0,1520344980.0,/r/robotics/comments/82buju/its_a_new_age_guys/dv9kkd0/,robotics
60,Stowie1022,"what other fast food robots are there? 

 - Zume Pizza
 - Momentum Machines (burgers)
 - Delivery Robots (Domino's etc)
 - Chowbotics Salad Maker - not sure this is a robot",1520320154.0,1520291354.0,/r/robotics/comments/829o8r/flippy_burgerflipping_robot_gets_to_work_at/dv8kfhl/,robotics
110,Stowie1022,Flippy Burger-Flipping Robot Gets to Work at Caliburger. ,1520315279.0,1520286479.0,/r/robotics/comments/829o8r/flippy_burgerflipping_robot_gets_to_work_at/,robotics
111,Stowie1022,3D Printing Soft Robotics with Embedded Sensors. ,1520298829.0,1520270029.0,/r/robotics/comments/827i58/3d_printing_soft_robotics_with_embedded_sensors/,robotics
112,Stowie1022,"Robotics Fundings, Acquisitions, IPOs, Failures: February 2018. ",1520037339.0,1520008539.0,/r/robotics/comments/81fid2/robotics_fundings_acquisitions_ipos_failures/,robotics
61,Stowie1022,"guess this is where I disagree with you. aren't disengagements always going to be a thing? no tech is perfect 100% of the time.

what concerns me about this remote monitoring stuff in the short-term is that 98% of Waymo's disengagements in CA in 2017 were due to its technology failing. But they had safety drivers in the car to take the wheel and, at times, prevent accidents. I don't believe the remote monitoring folks are meant to prevent accidents, but maybe I'm mistaken.",1519798907.0,1519770107.0,/r/SelfDrivingCars/comments/80hnvg/driverless_cars_can_operate_in_california_as/duxh8ef/,SelfDrivingCars
62,Stowie1022,"So who are the major players here for remote monitoring? From what I've gathered its Phantom Auto, Starsky (trucks), Nissan and Waymo? Looks like GM/Cruise is hiring for this type of position too 

https://www.linkedin.com/jobs/view/autonomous-vehicle-trainer-at-gm-cruise-llc-603141492/",1519796317.0,1519767517.0,/r/SelfDrivingCars/comments/80hnvg/driverless_cars_can_operate_in_california_as/duxeh6o/,SelfDrivingCars
63,Stowie1022,"So you're saying removing the steering wheels makes it easier to design a self-driving car? How so? I'm neither a mechanic nor an engineer.

Just logistically seems easier to have the passengers take over control. Sure they'll need to be licensed, but so won't the remote safety operator. 
And what happens if there's a snafu with the communication from the car to the remote operating office?",1519783993.0,1519755193.0,/r/SelfDrivingCars/comments/80hnvg/driverless_cars_can_operate_in_california_as/dux0nag/,SelfDrivingCars
64,Stowie1022,"Can someone explain to me the fascination with removing the steering wheels and using remote safety drivers? Phantom Auto has said it's not designed to prevent crashes, that it's just helping cars when they're confused. Why not leave the steering wheels in the cars and have the human passengers control the car in these situations? ",1519780860.0,1519752060.0,/r/SelfDrivingCars/comments/80hnvg/driverless_cars_can_operate_in_california_as/duwx8fh/,SelfDrivingCars
113,Stowie1022,"Best Biped & Quadruped Robots Ever. All this recent Boston Dynamics news got me wondering what the most sophisticated biped and quadruped robots are. Prolly all of BDs, of course, but there's many others out there. Let's get a list going.",1519448245.0,1519419445.0,/r/robotics/comments/7zreuw/best_biped_quadruped_robots_ever/,robotics
114,Stowie1022,Transforming Robotic Steering Wheel Is a Reminder That Your Car Needs You. ,1519351631.0,1519322831.0,/r/SelfDrivingCars/comments/7zgx7x/transforming_robotic_steering_wheel_is_a_reminder/,SelfDrivingCars
65,Stowie1022,"What have you heard about this commercialization path? If it can be programmed to open doors in a facility, could see it working as a security guard or something",1519346894.0,1519318094.0,/r/robotics/comments/7zejz8/is_boston_dynamics_ever_going_to_mass_produce_and/dunpuhm/,robotics
66,Stowie1022,"I've searched for video evidence, there isn't many examples.",1518652060.0,1518623260.0,/r/robotics/comments/7xd21k/boston_dynamics_robots_hey_buddy_can_you_give_me/du8kf4h/,robotics
67,Stowie1022,"I like to think of it as realistic. Robots have been able to open doors with levers for years. Doors with round knobs, that's another issue. The PR2 was opening doors with levers a decade ago. And there's a really good chance there were two humans remotely controlling the SpotMinis. 

Boston Dynamics is very impressive, there's no question. And I couldn't even begin to think about how complicated these machines are to build. I'm just sick of the robot takeover crap. I think if we got a realistic peek behind the curtain, a lot of the ""nightmare"" talk wouldn't exist.",1518646865.0,1518618065.0,/r/robotics/comments/7x3l05/hey_buddy_can_you_give_me_a_hand_boston_dynamics/du8fla3/,robotics
68,Stowie1022,couple questions. were these robots operating autonomously? and round door knobs must be impossible for these robots to open. Any door-opening robots I've seen encounter doors with levers or push handles.,1518603513.0,1518574713.0,/r/robotics/comments/7xd21k/boston_dynamics_robots_hey_buddy_can_you_give_me/du7pn8s/,robotics
69,Stowie1022,Does anybody know if these robots were operating autonomously or were they remote controlled?,1518601216.0,1518572416.0,/r/robotics/comments/7x3l05/hey_buddy_can_you_give_me_a_hand_boston_dynamics/du7ngbc/,robotics
70,Stowie1022,Certainly this is programmed to handle specifically this type of door. Let's see one video where it manipulates multiple doors with different types of handles/knobs. That'll be impressive.,1518515473.0,1518486673.0,/r/robotics/comments/7x3l05/hey_buddy_can_you_give_me_a_hand_boston_dynamics/du5qitz/,robotics
71,Stowie1022,Is there any info on the level of autonomy with these robots? Were they remotely controlled? Or did they actually map out the course beforehand?,1518477460.0,1518448660.0,/r/robotics/comments/7wsn2c/robot_ski_race_on_sidelines_of_human_olympic/du4okuq/,robotics
115,Stowie1022,12 Robots Competing at the 2018 Olympics. ,1518240710.0,1518211910.0,/r/olympics/comments/7wgsqu/12_robots_competing_at_the_2018_olympics/,olympics
72,Stowie1022,"US lagging way, way behind when it comes to automation in manufacturing industries.",1518132771.0,1518103971.0,/r/robotics/comments/7w5kq7/10_most_automated_countries_in_the_world/dtxmew9/,robotics
116,Stowie1022,10 Most Automated Countries in the World. ,1518132753.0,1518103953.0,/r/robotics/comments/7w5kq7/10_most_automated_countries_in_the_world/,robotics
73,Stowie1022,lol,1517985441.0,1517956641.0,/r/robotics/comments/7vmzf5/passenger_drone_from_ehang_takes_flight/dtuh3pu/,robotics
74,Stowie1022,No way these things ever become legal in the US.,1517976854.0,1517948054.0,/r/robotics/comments/7vmzf5/passenger_drone_from_ehang_takes_flight/dtu7s1t/,robotics
75,Stowie1022,"Certainly some good challenges on this list. But to me numbers 3, 5, 6, if they're solved, will have the biggest impact on improving next-gen robotics.",1517974265.0,1517945465.0,/r/robotics/comments/7vpvci/10_biggest_challenges_in_robotics/dtu4zuj/,robotics
117,Stowie1022,10 Biggest Challenges in Robotics. ,1517974196.0,1517945396.0,/r/robotics/comments/7vpvci/10_biggest_challenges_in_robotics/,robotics
76,Stowie1022,"Here's what I found after quickly researching different setups for Waymo, Cruise, Drive.ai:

Waymo Minivans
3 types of Waymo-built LiDARs (short-, medium-, and long-range)
Vision system 
 - 8 vision modules each using multiple sensors
 - forward-facing, super high resolution multi-sensor module, enabling 360-degree vision

Custom Radar
Waymo’s custom radar system has a continuous, 360 degree view

Simulated Driving: 2.7 billion miles

GM/Cruise
5 LiDARs (short- and long-range)
16 cameras
21 radars 

Simulation driving: XX miles

Drive.ai
9 HD cameras, 
2 radars
6 Velodyne Puck lidar sensors
Rear cameras 

Simulated driving: xx miles",1517540656.0,1517511856.0,/r/SelfDrivingCars/comments/7ucvoj/california_disengagement_report_link_works_for/dtl3995/,SelfDrivingCars
77,Stowie1022,Is there a comparison somewhere of the sensing systems each of these companies use? would be good to compare waymo (best performer) against Mercedes (worst performer). ,1517536033.0,1517507233.0,/r/SelfDrivingCars/comments/7ucvoj/california_disengagement_report_link_works_for/dtky679/,SelfDrivingCars
78,Stowie1022,agreed. does Arizona release figures? would be interesting to compare numbers from different areas.,1517517020.0,1517488220.0,/r/SelfDrivingCars/comments/7ucvoj/california_disengagement_report_link_works_for/dtkgxl6/,SelfDrivingCars
79,Stowie1022,"Waymo's total miles were basically cut in half from 2016, as were its disengagements. In 2016 Waymo had a disengagement every 5128 miles. Why did they cut the miles in half? Expansion to other cities?",1517464860.0,1517436060.0,/r/SelfDrivingCars/comments/7ucvoj/california_disengagement_report_link_works_for/dtjhpwj/,SelfDrivingCars
80,Stowie1022,Waymo crushing it in Calif.,1517462923.0,1517434123.0,/r/SelfDrivingCars/comments/7ucvoj/california_disengagement_report_link_works_for/dtjfkat/,SelfDrivingCars
81,Stowie1022,"Ya, garages aren't meant for cars. This is just silly.",1517454422.0,1517425622.0,/r/SelfDrivingCars/comments/7ub887/say_goodbye_to_garages_as_developers_imagine_a/dtj6ax9/,SelfDrivingCars
82,Stowie1022,"Haha, don't underestimate people's laziness. ",1517440651.0,1517411851.0,/r/SelfDrivingCars/comments/7u0c1y/two_exgoogle_engineers_built_an_entirely/dtiru55/,SelfDrivingCars
83,Stowie1022,"""How does sometime between 8pm-10pm sound"" makes this sound like a cable company coming to get me up and running or a plumber coming to fix a clogged sink. Not a great customer service model. 

If Nuro can develop a way to offload a person's goods into their driveway/parking space/whatever, I'm on board. But requiring someone to be home is just a fundamental mistake, regardless of how optimized the route is based on data. Nuro has a smart team, surely they'll realize this.",1517438383.0,1517409583.0,/r/SelfDrivingCars/comments/7u0c1y/two_exgoogle_engineers_built_an_entirely/dtipsq0/,SelfDrivingCars
118,Stowie1022,Autonomous Police Car?. Am I missing the point here or is this the worst idea ever? ,1517389443.0,1517360643.0,/r/SelfDrivingCars/comments/7u5zf9/autonomous_police_car/,SelfDrivingCars
84,Stowie1022,"Isn't the fact that someone has to be home kind of a deal breaker? Amazon and/or Amazon Fresh, for example, don't require people to be home. I understand the support for local businesses, but the convenience Amazon offers trumps all this automated delivery. Perhaps Nuro rethinks their model when Amazon offers to buy them.",1517386026.0,1517357226.0,/r/SelfDrivingCars/comments/7u0c1y/two_exgoogle_engineers_built_an_entirely/dthqndk/,SelfDrivingCars
119,Stowie1022,Self-Driving Fleet Expansion Shows Waymo Lapping Competition. ,1517376274.0,1517347474.0,/r/SelfDrivingCars/comments/7u4g6n/selfdriving_fleet_expansion_shows_waymo_lapping/,SelfDrivingCars
85,Stowie1022,"just seems like a waste of time for these startups. but, if the pie is big enough, I guess everyone wants a piece.",1517373196.0,1517344396.0,/r/SelfDrivingCars/comments/7twk9u/our_first_autonomous_vehicle_disengagement_report/dthdh8n/,SelfDrivingCars
86,Stowie1022,"Anybody know or can point out how this compares to Waymo's latest report? I remember reading something in early 2017 that Waymo had a disengagement every 5,000 or so miles. Like, why is Drive.ai even trying to compete? So far behind.",1517353419.0,1517324619.0,/r/SelfDrivingCars/comments/7twk9u/our_first_autonomous_vehicle_disengagement_report/dtgslea/,SelfDrivingCars
