,author,body,created,created_utc,permalink,subreddit
0,Daknewgye,Read end collision avoidance marker. Is it feasible to design a sticker/targeting device designed to be recognized by a self driving car to improve the chances of avoiding a collision? Designed specifically to be affixed to the rear end of all vehicles.,1558948237.0,1558919437.0,/r/SelfDrivingCars/comments/btft6r/read_end_collision_avoidance_marker/,SelfDrivingCars
1,Daknewgye,"Orgasm in a dream. I've had several lucid erotic dreams in my life, but I've never orgasmed because I was concerned I'd ejaculate in my clothing/bed. This would be undesirable to me because I don't like the thought of cleaning up, but recently, I had an erotic intercourse dream and I wanted it so badly,I decided to let go and feel the orgasm. To my surprise, I orgasmed twice and it was very pleasurable. I woke after the second orgasm and was surprised that no clean up was required.
After some thought, I feel that maybe this connects with my feeling that I really need to let go of my inhibitions and make some major changes in my life. Scary changes. I don't know if I'll have the courage to finally make the leap, but I'm hoping. Wish me luck.",1558947397.0,1558918597.0,/r/Dreams/comments/btfo52/orgasm_in_a_dream/,Dreams
0,Daknewgye,"I don't have dreams like that, but I think about it a lot. I know I need to let go and take risks like reaching out and letting myself care for someone. I know not all or even any of the attempts at connecting will work, but I'll miss 100% of the shots I never take. It's just that when I'm there, in front of someone who might even be an opportunity to connect, I always back down and withdraw for fear of failing. One day, I promise myself, I will at least try. I know failure will hurt, I just have to believe I'll be better even if it doesn't work.",1558946249.0,1558917449.0,/r/Dreams/comments/btf4h8/i_have_erotic_dreams_frequently/eox0mrj/,Dreams
1,Daknewgye,I like your thinking,1453658701.0,1453629901.0,/r/news/comments/42cr3g/texas_man_sentenced_to_life_in_prison_after_10th/cz9w0j0/,news
2,Daknewgye,"This exactly.  Would it not be better to use our tax dollars and give free rides than to use the tax dollars for prison costs after someone has been killed or hurt in an accident?  Either way, we're paying for it.",1453646539.0,1453617739.0,/r/news/comments/42cr3g/texas_man_sentenced_to_life_in_prison_after_10th/cz9smqu/,news
3,Daknewgye,Mangled Fett,1453266050.0,1453237250.0,/r/pics/comments/41pe9x/ballistic_armor_based_on_boba_fett_mandalorian/cz4d7k8/,pics
4,Daknewgye,Click bait title.  Sigh. ,1452750927.0,1452722127.0,/r/todayilearned/comments/40ud34/til_that_canada_is_making_entry_to_all_national/cyx5j6c/,todayilearned
5,Daknewgye,"A better answer would have been, ""We've thoroughly evaluated the issue and have definitively concluded that this will not be a problem.""  Either that or pull the old, ""Just when I think you can't say anything more stupid, you keep talkin'!""",1452280432.0,1452251632.0,/r/AskReddit/comments/3zx829/whats_the_most_simple_thing_youve_ever_had_to/cyqhg8j/,AskReddit
6,Daknewgye,"First and foremost, spending the night outside in freezing weather is not lethal.  Some who sleep outside will die, but then again people who sleep inside warm comfy beds will die as well.  If he really wants to save them, perhaps he can offer them tents and sleeping bags.  I've spent many a night in sub-zero weather warm and comfortable inside a sleeping bag and tent. Also, what happens when a homeless person who resists being taken to a shelter?",1451937594.0,1451908794.0,/r/politics/comments/3zc0lz/cuomo_signs_executive_order_forcing_homeless_into/cylfp26/,politics
7,Daknewgye,You should name him Petey. He's a good bird. ,1451111036.0,1451082236.0,/r/aww/comments/3y6ruj/saved_a_little_birds_life_today_after_hitting_the/cybagbd/,aww
8,Daknewgye,Redirection has been their winning strategy beginning with the first tribal battle and continuing to this day with their so-called war on terror. ,1450558058.0,1450529258.0,/r/space/comments/3xemin/president_obama_signs_funding_bill_that_gives/cy4fm1o/,space
9,Daknewgye,"Medical tourism. See the world and get healthy spending less than you would in a US hospital. Ok, I might be exaggerating a little taking into account insurance deductibles and all,  but I'm not off by much.",1450496513.0,1450467713.0,/r/UpliftingNews/comments/3xd439/after_stem_cell_treatment_24yearold_learns_to/cy3q3ac/,UpliftingNews
10,Daknewgye,you gotta stand for something,1450481506.0,1450452706.0,/r/GetMotivated/comments/3xbyui/image_this_picture_just_might_be_older_than_the/cy3gexw/,GetMotivated
11,Daknewgye,"This will be in the next release of the Mission Impossible, Fast and Furious, James Bond, Star Trek, and Rocky movies.",1450399258.0,1450370458.0,/r/gaming/comments/3x6o9t/always_thought_this_would_be_better_upside_down/cy2coyh/,gaming
12,Daknewgye,I'm looking forward to the day where history classes discuss the topic of drug prohibition ending.  Our society will be mocked for being so backwards and stupid.,1450386032.0,1450357232.0,/r/OldSchoolCool/comments/3x6342/the_night_they_ended_prohibition_december_5th_1933/cy25q4c/,OldSchoolCool
13,Daknewgye,It's amazing how many people still believe that executives are really hard working people and they deserve to make 1000x more than other employees or that companies must offer mind boggling compensation to attract the best leaders or else they will fail.  Ugh.,1450385782.0,1450356982.0,/r/news/comments/3x7co4/martin_shkreli_ceo_reviled_for_drug_price_gouging/cy25n0m/,news
2,Daknewgye,TIL Appendicitis Can Often Be Treated With Antibiotics. ,1450338401.0,1450309601.0,/r/todayilearned/comments/3x58y5/til_appendicitis_can_often_be_treated_with/,todayilearned
14,Daknewgye,"I'm with you.  Focusing on Anakin makes perfect sense, I just wish he had better writing.  It could have been a lot more dramatic in the sense of focusing on a real person who makes choices based on his perception of what is good and bad and for who it benefits or hurts.  I'm a little sick of the black or white old school bullshit mythology that there is such a thing as a true hero.  Think Daredevil's Kingpin, The 100 or Jessica Jones.  That writing would have made the prequels truly epic.",1450214546.0,1450185746.0,/r/todayilearned/comments/3wuywe/til_that_star_wars_the_force_awakens_was/cxzoun8/,todayilearned
15,Daknewgye,"I can totally relate to this attitude.  Personally, I also feel the need to produce or work and relate this to self-value.  Here comes the ""but"".  While I prefer this for myself, I argue that it's not necessary for everyone to work/produce and live in our society. Examples are children, elderly, mentally/physically disabled.
A very popular argument against allowing people to live without working is that if society allows this, then everyone would quit working and then nothing would get produced.  I believe this is completely wrong and you are a perfect example because you were homeless but started working to make a better life for yourself.
The point of guaranteed minimum income is to provide basic sustenance for survival not an extravagant lifestyle. Guaranteed minimum income system would still allow people to work and reward them with more money because they do work.  I know some people will be completely satisfied living their live in basic survival mode and they would never contribute to society in any way we traditionally find meaningful, but I also believe most people by far would choose to work so that they could live a life that includes cars, nice houses, vacations, etc.
Regardless of the system we adopt, we will always have citizens who experience terrible circumstances and we will also always have capable individuals who choose to not work.  One way or another, they will exist and we will wind up supporting them (charities/emergency rooms).  I say we should permit them to live safely in an environment that would at least allow them to eventually become a productive member of society.",1450132886.0,1450104086.0,/r/Futurology/comments/3wpz6j/jeremy_howard_ai_is_progressing_so_fast_we_need_a/cxyoa86/,Futurology
16,Daknewgye,"While I hope this happens, there will be several generations of traditionalist who will viciously fight against this.  Those who think that people MUST work because this is their whole and only purpose for living.",1450129254.0,1450100454.0,/r/Futurology/comments/3wpz6j/jeremy_howard_ai_is_progressing_so_fast_we_need_a/cxymogx/,Futurology
17,Daknewgye,"You like to ""earn"" what you get.  Serious question.  Why must people earn what they get?  What's the point of this ""lifestyle"" for lack of a better word?",1450128182.0,1450099382.0,/r/Futurology/comments/3wpz6j/jeremy_howard_ai_is_progressing_so_fast_we_need_a/cxym9q3/,Futurology
18,Daknewgye,Tom Hanks. What character could he not do!?,1450042651.0,1450013851.0,/r/AskReddit/comments/3wn62u/what_actor_would_make_the_best_old_batman/cxxgi44/,AskReddit
19,Daknewgye,It worked out pretty well for Killgrave... Sort of.,1450042495.0,1450013695.0,/r/AskReddit/comments/3wn4vm/if_you_could_have_any_super_power_under_the/cxxggi1/,AskReddit
20,Daknewgye,"""Backdoor Sluts 10 - In the End""",1450041918.0,1450013118.0,/r/AskReddit/comments/3wn7d4/what_movie_deserves_a_sequel/cxxgaus/,AskReddit
21,Daknewgye,"Ignorance and fear.  Most students are ignorant of the availability of these schools and our news/media portrays the rest of the world as a terrorist hotbed.  Brainwashing is real.  Some will overcome this, but a very small percentage by far.",1449970356.0,1449941556.0,/r/news/comments/3widzn/whos_profiting_from_12_trillion_of_federal/cxwl9k1/,news
22,Daknewgye,"Why is it that everyone completely accepts that grades 1-12 are free (tax dollars of course) but grades 13-16 are too complicated and must cost $30,000+/yr/student?  Perhaps there are genuine reasons for college education to cost more, but if America really cared about education, then it would all be free (yes, tax funded).",1449969933.0,1449941133.0,/r/news/comments/3widzn/whos_profiting_from_12_trillion_of_federal/cxwl1lr/,news
23,Daknewgye,I had misinterpreted your statements to indicate that you were against using ER's to treat non-critical patients.  I apologize and wish you the best.,1449954887.0,1449926087.0,/r/InternetIsBeautiful/comments/3w5hc9/a_website_that_ranks_nearby_emergency_rooms_by/cxwexk9/,InternetIsBeautiful
24,Daknewgye,"And the users depend on uneducated citizens for guidelines on it's use.  Not all, but many lives would be saved if America would treat drug use like they treat other health related issues, provide safety guidelines based on the best available information.",1449954802.0,1449926002.0,/r/news/comments/3wi80m/drug_overdose_deaths_surge_7_percent_in_us/cxwewsj/,news
25,Daknewgye,AOL,1449949641.0,1449920841.0,/r/AskReddit/comments/3wi86c/what_company_is_still_around_that_you_cant/cxwdqq1/,AskReddit
26,Daknewgye,"Your ER has enough resources to support those in critical condition but you have to make the non-critical wait.  This makes perfect sense.  I contend that it's possible that your ER can grow but you and every one of your supporting viewpoint friends think the answer is not to grow but just make people go away somewhere else.  So I ask you, why are you so strongly against getting more nurses, doctors and equipment that would allow your team to help both critical and non-critical in a timely manner?  If you add more doctors and nurses right now, are you telling me that the number of critical condition cases would instantly grow to consume those new doctors and nurses?",1449948721.0,1449919921.0,/r/InternetIsBeautiful/comments/3w5hc9/a_website_that_ranks_nearby_emergency_rooms_by/cxwdjxt/,InternetIsBeautiful
27,Daknewgye,this. exactly!,1449862200.0,1449833400.0,/r/tifu/comments/3w8j22/tifu_by_applying_for_a_different_job_to_my_own/cxv85l4/,tifu
28,Daknewgye,Damn proletariats.,1449818931.0,1449790131.0,/r/news/comments/3w8iba/texas_company_gives_all_1381_employees_100000/cxupas0/,news
29,Daknewgye,"Not contesting you, just making a point.  Why would anyone want to work the same hours as the owner when they are  both required to keep the company alive yet he makes 100x what the employee makes?",1449818797.0,1449789997.0,/r/news/comments/3w8iba/texas_company_gives_all_1381_employees_100000/cxup7wl/,news
30,Daknewgye,"Oliver.  This fucking guy gets it.  Worth noting, I bet Oliver's boss has no idea what Oliver was doing either so how about this, if the company is making money and getting by, then perhaps everything is ok and we don't have to look for people who are screw ups?",1449818505.0,1449789705.0,/r/news/comments/3w8iba/texas_company_gives_all_1381_employees_100000/cxup1ka/,news
31,Daknewgye,"This makes me happy.  It's way past time that 24/7 urgent care facilities became popular.  I suspect the reason the ER's are considered a loss is because this is where most homeless or destitute must go to get treatment.  Losing money on ER's would no longer be an issue if we had free healthcare (but that is a whole other complicated issue in and of itself, ha)",1449817776.0,1449788976.0,/r/InternetIsBeautiful/comments/3w5hc9/a_website_that_ranks_nearby_emergency_rooms_by/cxuolgo/,InternetIsBeautiful
32,Daknewgye,"Deciding basic is so true.  I believe it will always be up for contention as time changes, but that is ok.  Access to the internet would have been considered a luxury 20 years ago, but I whole heartedly believe it is a basic necessity now.  It's how people learn and grow as well as apply for jobs and access services.
I am a capitalist at heart, but another point of contention is keep what you earn.  People will argue that the CEO of a company earned his $180M bonus (see John Martin, Gilead CEO), but I argue that he only exploited the employees and manipulated the system to screw sick people over.  I have genuinely met people who contest that manipulating the system and exploiting people are part of ""earning"" their wealth and it's the fault of the ""stupid people"" not the one who exploits them.  That made me sad.",1449817344.0,1449788544.0,/r/todayilearned/comments/3w8kz1/til_that_the_sacramento_public_library_started_a/cxuobpx/,todayilearned
33,Daknewgye,"And yet you are forced to share by law.  Social Security.  Welfare.  Food stamps.  Medicare. That pack of gum I brought to 5th grade reading class ... Mrs Applebaum, that bitch.",1449810116.0,1449781316.0,/r/todayilearned/comments/3w8kz1/til_that_the_sacramento_public_library_started_a/cxujdlo/,todayilearned
34,Daknewgye,It's true.  Consider the fact that the words communist and socialist are one of the most derogatory names you can use against another American.  And Americans think citizens in other countries are brainwashed.  LMAO.,1449810001.0,1449781201.0,/r/todayilearned/comments/3w8kz1/til_that_the_sacramento_public_library_started_a/cxujaoz/,todayilearned
35,Daknewgye,"ER's have equipment that normal doctor's offices won't have.  Correct.  So explain to me why it's a bad idea to house both doctors and life saving equipment in close proximity?
Earlier you mentioned that there was no room to expand.  Like others, you seem to think there is no room for growth.  If that is the case, how did hospitals get to the size they are?  Were all hospitals built exactly the size they are currently in or is it possible that some grew?  I also suspect that whatever hospital ER you have been to has either an empty sky above it or a building next to it that can be converted to a hospital.
I think the truth of the matter is that there are ways to help people, you just refuse to consider them because it means putting forth effort and it's a lot easier to just let people suffer.",1449809510.0,1449780710.0,/r/InternetIsBeautiful/comments/3w5hc9/a_website_that_ranks_nearby_emergency_rooms_by/cxuixqo/,InternetIsBeautiful
36,Daknewgye,"This is true, but how did your ER get to the point where you had 5 doctors instead of 1?  You're stuck in this mental state where what you have is all you can have and it can never be more and you never once question how the hospital had to change from nothing to it's current state.
""It works up to a point"".  Are you 100% sure that the point you are at is that point or is it possible to improve?  Of course it is possible that your specific ER is currently at it's maximum point.  Does this also mean that all ER's across the world are also at their maximum return point?",1449809038.0,1449780238.0,/r/InternetIsBeautiful/comments/3w5hc9/a_website_that_ranks_nearby_emergency_rooms_by/cxuil6o/,InternetIsBeautiful
37,Daknewgye,"haha, I totally agree.  I just like this statement as my go-to to help other people understand we are all crazy idiots for one reason or another.  Especially when those people are looking down their smug little noses and pretending to be better than some other person who choose to live their life differently. *he said as he looked down his smug little nose* ha.  At least I make myself laugh.  :)",1449808698.0,1449779898.0,/r/AskReddit/comments/3w8r2s/people_who_dont_wear_seatbelts_why/cxuic12/,AskReddit
38,Daknewgye,"I'd argue that anyone who drives a car is crazy.  Over 30,000 Americans are killed every year in auto accidents.  200,000 injured.  Why do people risk their lives by getting into a 1,500 pound machine and drive at ridiculously high speeds and believe that a piece of nylon is going to save their life?",1449801676.0,1449772876.0,/r/AskReddit/comments/3w8r2s/people_who_dont_wear_seatbelts_why/cxudbl5/,AskReddit
39,Daknewgye,It's because he's a psychopath. His sentences drip with desire to murder someone who does not obey or comply.,1449796359.0,1449767559.0,/r/news/comments/3w8onx/brentwood_police_officer_assaulted_man_makes/cxu9jh1/,news
40,Daknewgye,"I see merit in those statements, but you could use the same argument against urgent care facilities.",1449796038.0,1449767238.0,/r/InternetIsBeautiful/comments/3w5hc9/a_website_that_ranks_nearby_emergency_rooms_by/cxu9b9y/,InternetIsBeautiful
41,Daknewgye,"Many who don't wear a seatbelt in a car will not genuinely understand what motivates them. Most likely, it's a form of social rebellion. They resist the fact that someone is ordering them to do something rather than asking or offering out of courtesy or concern. Others, who admire perceived strength will see a seatbelt as a sign of weakness. ",1449795811.0,1449767011.0,/r/AskReddit/comments/3w8r2s/people_who_dont_wear_seatbelts_why/cxu95if/,AskReddit
42,Daknewgye,[Maybe?](http://www.entrepreneur.com/article/249952?utm_source=Social&utm_medium=Sharebar&utm_campaign=Sumome_share),1449794825.0,1449766025.0,/r/AskReddit/comments/3w8lc8/if_you_continuously_broke_your_right_arm_during/cxu8g6l/,AskReddit
43,Daknewgye,I was jogging through the city when suddenly a naked man flew out of the second story window and landed directly on me.,1449794442.0,1449765642.0,/r/AskReddit/comments/3w8nj8/nsfw_what_is_your_sex_brought_me_to_the_er_story/cxu86ex/,AskReddit
44,Daknewgye,I never said he'd get anything from it. Just go out like a damn boss. Bosses don't give a shit about anyone or anything.,1449793925.0,1449765125.0,/r/tifu/comments/3w8j22/tifu_by_applying_for_a_different_job_to_my_own/cxu7tbr/,tifu
45,Daknewgye,"Agreed. But where most people see a failure of the patient/customer, I see an opportunity to grow and support the need/want of the market. Plenty of money to be made and opportunity to help people. Just hire more nurses and doctors. Expand the facility. Whatever the market supports.",1449793391.0,1449764591.0,/r/InternetIsBeautiful/comments/3w5hc9/a_website_that_ranks_nearby_emergency_rooms_by/cxu7fwn/,InternetIsBeautiful
46,Daknewgye,"If you're losing your job, go out like a boss. Tell them they were dishonest in their hiring practice and you re-applied to draw attention to the fact. If they fire you, collect unemployment and threaten to sue them because they lied to you.",1449793098.0,1449764298.0,/r/tifu/comments/3w8j22/tifu_by_applying_for_a_different_job_to_my_own/cxu78qo/,tifu
47,Daknewgye,This guy. He brought balance to the force.,1449792539.0,1449763739.0,/r/AskReddit/comments/3w8jer/what_movie_villain_in_your_opinion_is_the_coolest/cxu6uxn/,AskReddit
48,Daknewgye,"It may be difficult to believe, but shopping addiction is real. It's possible that it's only a reaction to some stress she is experiencing. The act of acquiring material possessions acts as a temporary relief from perceived stress. Admitting the problem exists was a huge step but she'll likely resort to this behavior anytime stress hits. At the minimum, she'll battle with the urge. Therapy might help her understand why she's risking her relationship for material items.",1449792390.0,1449763590.0,/r/personalfinance/comments/3w8jip/how_can_i_help_my_girlfriend_fight_impulsive/cxu6r6c/,personalfinance
49,Daknewgye,Just another thought. Is there some strong reason an ER cannot be both an urgent care center and an ER?,1449791560.0,1449762760.0,/r/InternetIsBeautiful/comments/3w5hc9/a_website_that_ranks_nearby_emergency_rooms_by/cxu66vi/,InternetIsBeautiful
50,Daknewgye,Thanks for destroying what I thought was a wonderful moment.,1449790253.0,1449761453.0,/r/gifs/comments/3w7lw7/hello_tiny_human/cxu5cgy/,gifs
51,Daknewgye,"Good point, it's supposed to be for emergencies. Just out of curiosity, do you believe most citizens are trained well enough to know the difference between an emergency or standard ailment? I'd be surprised if you said yes, because apparently they don't even recognize the purpose of an emergency room.",1449790125.0,1449761325.0,/r/InternetIsBeautiful/comments/3w5hc9/a_website_that_ranks_nearby_emergency_rooms_by/cxu59k0/,InternetIsBeautiful
52,Daknewgye,Gotcha. Your answer is that people should wait and suffer rather than improve available resources.,1449789409.0,1449760609.0,/r/InternetIsBeautiful/comments/3w5hc9/a_website_that_ranks_nearby_emergency_rooms_by/cxu4tad/,InternetIsBeautiful
53,Daknewgye,"So, the answer is not to improve resources or make services available. The answer is to make people wait and suffer. But that's what they get for not being tough or smart. Does that pretty much sum up your opinion?",1449789140.0,1449760340.0,/r/InternetIsBeautiful/comments/3w5hc9/a_website_that_ranks_nearby_emergency_rooms_by/cxu4nbi/,InternetIsBeautiful
54,Daknewgye,"Resource constraints is the right answer.  Now ask yourself or help us all understand, why are the resources constrained?  Is it because there is a genuine shortage of nurses, doctors and supporting staff or are the resource constraints artificially generated to maximize profit for the administrators?  I suspect you know which one I choose to believe. ha",1449772856.0,1449744056.0,/r/InternetIsBeautiful/comments/3w5hc9/a_website_that_ranks_nearby_emergency_rooms_by/cxtyn57/,InternetIsBeautiful
55,Daknewgye,my question still stands,1449771641.0,1449742841.0,/r/InternetIsBeautiful/comments/3w5hc9/a_website_that_ranks_nearby_emergency_rooms_by/cxtyd1z/,InternetIsBeautiful
56,Daknewgye,How long should a person suffer in pain and what are the primary reasons for making them endure pain as opposed to providing immediate treatment?,1449769268.0,1449740468.0,/r/InternetIsBeautiful/comments/3w5hc9/a_website_that_ranks_nearby_emergency_rooms_by/cxtxt54/,InternetIsBeautiful
57,Daknewgye,The Weyland-Yutani engineers should have installed Bishop-like AI into bad-ass acid-proof robots to capture the Aliens.  A movie almost as short as Indiana Jones not finding the Ark.,1448944032.0,1448915232.0,/r/movies/comments/3uuq4s/fred_dekker_says_predator_4_script_complete/cxia0aa/,movies
58,Daknewgye,"Many good arguments and explanations already provided so I'll only add that there will always be abuse and there will always be mistakes, but that should not stop us from attempting to make a better world for everyone.  America has grown from a country with zero welfare to a country with tons of welfare and societal changes.  It has become, in a very short time, a leading world power.  It's ok to continue to grow and adapt.",1448739408.0,1448710608.0,/r/todayilearned/comments/3uirrp/til_that_it_woulddoes_cost_the_us_government_less/cxfn482/,todayilearned
59,Daknewgye,"""some simply don't care about shame to get what they want with the least effort""  The funny thing is that I associate this behavior with business executives and politicians...etc.",1448739108.0,1448710308.0,/r/todayilearned/comments/3uirrp/til_that_it_woulddoes_cost_the_us_government_less/cxfn22t/,todayilearned
60,Daknewgye,"I feel the best argument against this statement is that ALL people today RIGHT NOW have the ability to mooch off of the government just like those people you hear about or see occasionally in some news show.  For example, think about yourself and literally every single person in your life at home, school and/or work.  You all could quit your job and start lying and doing whatever the welfare abusers are doing, but you and, I suspect, almost every single one of the people you know choose not to.  Why?
Chances are, it's simply because you want a better life.  Most people are like this.  Willing to put forth some effort to live in a ""better"" lifestyle.  Most people are NOT the kind of person who want to live on welfare and deal with the social stigma our society has applied to it.  There will always be people who abuse the system but it will not magically skyrocket simply because it's readily available.  Technically speaking, it's readily available right now, but it actually takes the effort of dealing with the bureaucracy and giving up much of what you know as a normal life.
",1448737995.0,1448709195.0,/r/todayilearned/comments/3uirrp/til_that_it_woulddoes_cost_the_us_government_less/cxfmu0n/,todayilearned
61,Daknewgye,This totally ruins the past 5 years I've spent practicing my phone book wielding skills,1448579679.0,1448550879.0,/r/gifs/comments/3ucet9/sharp_knife/cxdqosa/,gifs
62,Daknewgye,"sort of a *Spoiler alert* from a drunk and agitated idiot
The pilot was awesome and intriguing.  
Episode 2 was good.  
Episode 3 was just ok.  Why did they go back to canon city after disposing of the body and car?
Episode 4 started out so badly I stopped watching.  Apparently, I can accept a video reel has somehow time/space traveled but I cannot tolerate the idea that the maniac marshal just walks past the truck where an armed Nazi spy is hiding.  
So a highly trained armed Nazi spy suddenly become a helpless victim in a gun fight.  OK, maybe I can get that.  He's young and scared.  Maybe this is his first real gun fight.
Why the hell did the marshal not shoot the Nazi spy before chasing after the woman?  Maybe in the heat of the moment, the marshal thought the truck driver was already shot and dead.
Why the hell did the Nazi spy not take his pistol when he went to save the woman running from a shotgun wielding maniac?  This was just stupid.
Ok, fine.  He forgot his pistol and has to make due with a 2x4 to knock out the shotgun wielding maniac.  But why did the Nazi spy just leave the shotgun wielding maniac unconscious instead of taking the shotgun and/or shooting said maniac marshal?

I want to assassinate everything about their character development too.  The Nazi spy who was so trusted by one of the highest ranking officers in the German reich suddenly meets a beautiful woman and begins to question all of his training and beliefs.  Just throw it all to the wind because she's hot and she seems so passionate about her cause.  Perhaps the show will develop his story more to explain why he would disobey his order and become a fugitive himself, but damn.  How did the Nazi officer send a young and inexperienced spy on a mission to capture one of the most important and critical threats to the reich?

I'm sad now...  Because I'm going to force myself to watch the rest of this horribly written show to see if gets better.  ugh

*edit*
A few other things I can't let go.
A neutral zone between Japan and Germany where no laws exist.  uhhh... ok. Maybe I'll let this one slide because the war only recently ended and Japan and Germany were still trying to feel each other out.  But what? They just let anyone leave their territory and drive into the neutral zone whenever they want?
Japanese teaching a white woman aikido?  yeah, ok.  Because the Japanese were well known to be progressive leaders of women's equality.
A black man owning a business (even in the neutral zone)?  Yeah, because racial equality was a big thing for America, Japan and Germany.",1448565033.0,1448536233.0,/r/maninthehighcastle/comments/3uad2p/so_is_anyone_else_a_bit_disappointed/cxdm63m/,maninthehighcastle
63,Daknewgye,Drunk history should become a subreddit,1447797303.0,1447768503.0,/r/worldnews/comments/3t4unn/russias_security_chief_says_a_terror_act_brought/cx397kx/,worldnews
64,Daknewgye,"""100 miles away"" ... I do not think this means what you think it means.",1447723812.0,1447695012.0,/r/funny/comments/3t0wzl/occasionally_family_guy_nails_it/cx28t7b/,funny
65,Daknewgye,College is supposed to be about educa...ggghh...mmpphh.. Dammit! I can't even say that with a straight face when typing it in.,1447723692.0,1447694892.0,/r/funny/comments/3t0wzl/occasionally_family_guy_nails_it/cx28qb5/,funny
67,Daknewgye,[Nixon labelled Leary as the most dangerous man in America](https://en.m.wikipedia.org/wiki/Timothy_Leary). The judge ruling on his case cited that if he was set free he would speak wherever he went and spread his ideas... He was dangerous because he would speak and spread ideas. WTF!?,1447274366.0,1447245566.0,/r/OldSchoolCool/comments/3sbv5b/uma_thurmans_mom_1961/cwwfvwt/,OldSchoolCool
68,Daknewgye,"And who doesn't want to be a fucking strong ass vampire? Notice, none of those vampires had jobs either. Fucking utopia!",1447215647.0,1447186847.0,/r/AskReddit/comments/3sb0ks/what_headline_do_you_hope_to_see_during_your_life/cwvp0xl/,AskReddit
69,Daknewgye,Nobody is actually offended. Just more media hype and redirection.,1447213945.0,1447185145.0,/r/AskReddit/comments/3sb5vs/is_anyone_actually_offended_by_the_starbucks/cwvnuyn/,AskReddit
70,Daknewgye,She still loves me,1447210640.0,1447181840.0,/r/AskReddit/comments/3sb0g2/what_small_lies_do_you_tell_yourself_on_a_daily/cwvllpg/,AskReddit
71,Daknewgye,Cancer cure discovered and it's available to everyone for free!,1447210517.0,1447181717.0,/r/AskReddit/comments/3sb0ks/what_headline_do_you_hope_to_see_during_your_life/cwvlio0/,AskReddit
72,Daknewgye,"This word whisper, I do not think it means what you think it means.",1447198892.0,1447170092.0,/r/AskReddit/comments/3sa6ej/hey_reddit_whats_the_weirdest_thing_youve_ever/cwvdr1t/,AskReddit
73,Daknewgye,[The Bernoulli bag](https://youtu.be/ZotnfpPAa8o),1447198733.0,1447169933.0,/r/AskReddit/comments/3sa6js/whats_an_awesome_science_project_simple_enough/cwvdnis/,AskReddit
74,Daknewgye,"I get what you're trying to say, but there's a huge difference between not minding their presence versus wishing they were there to share the moment, good or bad.",1447198310.0,1447169510.0,/r/AskReddit/comments/3s9xr3/how_do_you_know_that_you_have_fallen_in_love/cwvden4/,AskReddit
75,Daknewgye,Maybe in Stockholm,1447198215.0,1447169415.0,/r/AskReddit/comments/3s9xr3/how_do_you_know_that_you_have_fallen_in_love/cwvdcmh/,AskReddit
76,Daknewgye,If you've ever looked at her and genuinely teared up because you're so happy that she's with you... This pretty much means you're fucked.,1447194739.0,1447165939.0,/r/AskReddit/comments/3s9xr3/how_do_you_know_that_you_have_fallen_in_love/cwvbg7s/,AskReddit
77,Daknewgye,A tall and cold glass of water,1447055583.0,1447026783.0,/r/AskReddit/comments/3s2eds/what_is_the_best_first_legal_drink_to_have_for_a/cwtfzif/,AskReddit
78,Daknewgye,I don't believe it...,1447055438.0,1447026638.0,/r/worldnews/comments/3s2efm/bbc_journalist_comes_clean_believe_nothing_you/cwtfw8n/,worldnews
79,Daknewgye,The Kingpin in Netflix's Daredevil series,1447048654.0,1447019854.0,/r/AskReddit/comments/3s1z1l/other_than_magneto_what_movie_antagonists_do_you/cwtbftg/,AskReddit
80,Daknewgye,"I figured it out a few years ago.  I also figured out being a functional addict is real.  I go to work. I pay my bills.  I don't steal or kill.  To those who say it's a sure path to an early grave, it might be.  But also, tell that to the roughly 100 people who just died sober today in car wrecks.",1447047848.0,1447019048.0,/r/AskReddit/comments/3s1wpr/when_did_you_know_you_became_an_addict_and_how/cwtavly/,AskReddit
81,Daknewgye,I very much wanted to down vote you.  So I did.  Sorry... sort of,1447047288.0,1447018488.0,/r/AskReddit/comments/3s1vek/what_is_something_you_hate/cwtagxn/,AskReddit
82,Daknewgye,"It'd be great if their war cry sounded something like ""rrreeeooooowwwwwwww""",1447047187.0,1447018387.0,/r/Showerthoughts/comments/3s1vfw/every_war_in_thailand_is_fought_with_thaifighters/cwtae29/,Showerthoughts
83,Daknewgye,"I could not in good conscious say it's ok to let pedophiles continue their lifestyle, but I also cannot condemn a person because of a single act or desire.  They are people too. Perhaps the answer is to stop hating them and show them that they can control their desires.  If I were a victim, forgiving them would be an extremely challenging act and ,honestly, I'm not sure I'd be strong enough to do that.  Nonetheless, I believe it would be the right choice.  Edit: And by forgiving, I don't mean exonerating them of a crime.  I mean, just not living with the hate.",1447046710.0,1447017910.0,/r/todayilearned/comments/3rzdeh/til_that_according_to_researchers_night_owls/cwta1nt/,todayilearned
84,Daknewgye,"The whole time, I heard the spittin' and sputterin' sound of Speedbuggy in my head",1447031724.0,1447002924.0,/r/gifs/comments/3rzl21/he_didnt_have_a_car_so_he_built_his_own_from/cwszsza/,gifs
85,Daknewgye,"You mean fuckin' awesome. I've come to embrace who I am and recognize that this planet is better with all varieties of people.  The flock that conforms to the will of others as well as those who reject the flock, returning only occasionally to mingle before they've had their fill and return to the sacred solitude.  There many many levels of in between and extreme and they are all wonderful.",1447015066.0,1446986266.0,/r/todayilearned/comments/3rzdeh/til_that_according_to_researchers_night_owls/cwssv39/,todayilearned
86,Daknewgye,opportunity missed to show that to your seat neighbor and scream that the plane is melting,1446975768.0,1446946968.0,/r/mildlyinteresting/comments/3rxpcf/the_shutter_speed_made_it_look_like_the_propellor/cwseprn/,mildlyinteresting
87,Daknewgye,"No patterns or special numbers?  Tell that to [the MIT students who won $8M in the MA lottery](http://newsfeed.time.com/2012/08/07/how-mit-students-scammed-the-massachusetts-lottery-for-8-million/) or possibly to [the former math professor from Stanford who won the lottery FOUR times](http://www.dailymail.co.uk/news/article-2023514/Joan-R-Ginther-won-lottery-4-times-Stanford-University-statistics-PhD.html) 
",1446975576.0,1446946776.0,/r/news/comments/3rweqo/marijuana_tax_to_pay_for_college_scholarships/cwselu4/,news
88,Daknewgye,"When I do cardio (mostly running and elliptical, sometimes crossfit), I maintain 220-age for about 30 minutes.  Is this considered a bad thing?",1446769387.0,1446740587.0,/r/science/comments/3rmc10/researchers_discovered_why_a_few_minutes_of_high/cwpibhn/,science
89,Daknewgye,"We care enough to lash out verbally in forums, but not enough to dedicate our lives to changing it. Sad, but true. But sometimes, in the right conditions, the right words can make a difference.",1446529512.0,1446500712.0,/r/worldnews/comments/3r8oqu/the_department_of_defense_dod_spent_nearly_43/cwm37r4/,worldnews
90,Daknewgye,"Yeah, but those are commies and 'Merica is free!",1446529283.0,1446500483.0,/r/worldnews/comments/3r8oqu/the_department_of_defense_dod_spent_nearly_43/cwm31ot/,worldnews
91,Daknewgye,It works perfectly for people who can think for themselves rather than regurgitating the same propaganda their good ole grandpappy been telling them all their lives.,1446528628.0,1446499828.0,/r/worldnews/comments/3r6w86/ireland_plans_to_decriminalise_the_possession_of/cwm2kly/,worldnews
92,Daknewgye,"Stop talking sense! They want to control how others live their life and by damn, they're going to have it no matter how many people they have to kill and imprison to make them understand. I laugh, but it's disgustingly true.",1446528443.0,1446499643.0,/r/worldnews/comments/3r6w86/ireland_plans_to_decriminalise_the_possession_of/cwm2fs9/,worldnews
93,Daknewgye,"There are tons of highly addictive drugs prescribed regularly.  Some people become addicted and some don't. Saying you can't safely take heroine is like saying you can't safely take oxycontin. It's certainly risky taking heroine or oxycontin, but so is driving to work.",1446528221.0,1446499421.0,/r/worldnews/comments/3r6w86/ireland_plans_to_decriminalise_the_possession_of/cwm29xs/,worldnews
94,Daknewgye,"Except for the ""functional addicts"" who have been using it much of their lives. But when they die at 70 from anything at all, it was the fault of their heroine use. Ignorance kills more than drugs.",1446527842.0,1446499042.0,/r/worldnews/comments/3r6w86/ireland_plans_to_decriminalise_the_possession_of/cwm1zvm/,worldnews
95,Daknewgye,So stupid that national and state parks insist on public restrooms for safety but then the same states refuse to support public restrooms inside the city.,1446502175.0,1446473375.0,/r/worldnews/comments/3r6w86/ireland_plans_to_decriminalise_the_possession_of/cwlkspo/,worldnews
96,Daknewgye,"People of all ages and ethnicities die from accidents while playing sports. Let's make sports illegal. Ya know, for their own good.",1446501617.0,1446472817.0,/r/worldnews/comments/3r6w86/ireland_plans_to_decriminalise_the_possession_of/cwlkjs6/,worldnews
97,Daknewgye,"It might be better to include these photos more often just so people have a better understanding of what it actually does look like.  It's a small chance, but perhaps they would look more closely at some things they come across in the future and discover something rather than just walk past.  Or, I'm just thinking wishfully. ha",1446483369.0,1446454569.0,/r/science/comments/3r434e/paleontology_student_has_discovered_an/cwlfiuw/,science
98,Daknewgye,Steering wheel infused with unicorn dust.  Nice,1446483044.0,1446454244.0,/r/videos/comments/3r52vq/shit_civic_owners_say/cwlfg4k/,videos
99,Daknewgye,"The ""well-rounded"" scam is an outdated idea propagated mostly because it sounds really cool, ""that's the way it's always been"" and also, money.  If you want to spend more money and time in a bunch of other study sessions, go to those classes AFTER YOU RECEIVE YOUR DEGREE.  It's not completely impossible that you would learn some idea or concept that can translate into usefulness, but don't demand that every single student spend their time and money on the same for the BASE curriculum degree.",1446482309.0,1446453509.0,/r/funny/comments/3r5t86/for_once_lag_helped_me_out/cwlf9xc/,funny
100,Daknewgye,"When I hear people say that, I remind them that they should have taken woodwork, welding, auto maintenance, and firefighting classes if they genuinely gave shit about being ""well-rounded"". ",1446481229.0,1446452429.0,/r/funny/comments/3r5t86/for_once_lag_helped_me_out/cwlf0gc/,funny
101,Daknewgye,it looks like dirt to my untrained eye...,1446453626.0,1446424826.0,/r/science/comments/3r434e/paleontology_student_has_discovered_an/cwl0zy6/,science
103,Daknewgye,"I'm going to offer an alternative concept.  Not saying it's good or the best, just an alternative.  All of these people love to throw out how their lives are great now that they are not an addict and that's cool and all, I just think too many people like to paint a rosy picture of addiction is hell and breaking addiction leads to heaven on earth.  
For me, the truth is that life is a series of ups and downs, stoned or not.  20 years, I've been a functioning addict and whether I'm sober or not, I personally feel that there is no such thing as a perfect happy life.  There are good days and bad days whether you are sober or not.  For me, I accept that there are both good and bad days and that some days when it gets too much, I just zone out.  This lifestyle might kill me, but then again, grandma might run over me and kill me as she's on the way to church.  Life happens.  Death happens.
Mostly, I'm just saying, if you do try to go sober and every day is not perfect happiness, realize that forever happy does not exist, but neither does forever sad.  Each moment will pass, so if it's bad, just hang in and eventually you'll get to experience the good days.  For me, they are worth the bad days.",1446185160.0,1446156360.0,/r/videos/comments/3qp6sa/everything_we_think_we_know_about_addiction_is/cwhonad/,videos
104,Daknewgye,Nothing is perfect and we have to start somewhere.,1446184409.0,1446155609.0,/r/todayilearned/comments/3qpt87/til_in_france_it_is_illegal_for_grocery_stores_to/cwho6oa/,todayilearned
105,Daknewgye,"Billions say they would never hurt anyone or debase themselves for anything. After a few days without food, they'll be kicking the shit out of each other and begging for a day-old Big Mac.",1446168461.0,1446139661.0,/r/videos/comments/3qp6sa/everything_we_think_we_know_about_addiction_is/cwhd1ug/,videos
106,Daknewgye,ya' know... fuck you for informing me of this.,1446110727.0,1446081927.0,/r/gifs/comments/3qlscs/custom_made_wings/cwgnb9r/,gifs
107,Daknewgye,There are things you and everyone in the world are doing that you don't know is bad for you ... yet.,1446063505.0,1446034705.0,/r/Documentaries/comments/3qfljs/fed_up_2014_an_examination_of_americas_obesity/cwfryio/,Documentaries
108,Daknewgye,"You have not discovered ""your purpose"" yet.  Neither did you discover this purpose nor near anyone discover ""their purpose"" at 5 years of age.  For some, the discovery is at 15 years.  For others, 25 years.  For others, maybe later.  Later is not worse, it just later.",1446025411.0,1445996611.0,/r/AskReddit/comments/3qfc5j/serious_what_lie_are_you_living/cwfdje8/,AskReddit
109,Daknewgye,"I dropped out of high school in the 10th.  It was a waste of time.  Too much pot to smoke and the local car wash had a great opportunity.  7 years they've paid my bills and I'm loyal.  I read a lot though, mostly about trolling, cause I love fishing.",1446023349.0,1445994549.0,/r/Futurology/comments/3qfhu8/honda_unveils_hydrogen_powered_car_400_mile_range/cwfc3e9/,Futurology
110,Daknewgye,"""extensive study""  what grade did you get on that 5th grade science report?",1446022536.0,1445993736.0,/r/Futurology/comments/3qfhu8/honda_unveils_hydrogen_powered_car_400_mile_range/cwfbk2h/,Futurology
111,Daknewgye,you're being down voted by the brainwashed idiots.  stay the course,1446022444.0,1445993644.0,/r/Futurology/comments/3qfhu8/honda_unveils_hydrogen_powered_car_400_mile_range/cwfbhsv/,Futurology
3,Daknewgye,Leningrad - Fish [Folk]. ,1446020400.0,1445991600.0,/r/Music/comments/3qht6d/leningrad_fish_folk/,Music
4,Daknewgye,Ленинград — Рыба / Leningrad — Fish. ,1446019643.0,1445990843.0,/r/Music/comments/3qhr8k/ленинград_рыба_leningrad_fish/,Music
112,Daknewgye,"clown car, rekt",1445903931.0,1445875131.0,/r/Showerthoughts/comments/3q7yjj/i_wish_my_car_had_a_second_horn_that_was_just_a/cwdgnlv/,Showerthoughts
113,Daknewgye,"I'm going to give you a 7/10 score for that response.  You correctly addressed the fact that I grandiously inferred and simplified a remarkable event to a single condition.  -8 points for incorrectly taking credit.  The word ""like"" indicates that it was not you specifically responsible for the event.  The villain resume thing.  That was funny, +5 points for that.",1445239144.0,1445210344.0,/r/news/comments/3p8718/hawaii_gov_david_ige_has_declared_a_state_of/cw4j4i4/,news
114,Daknewgye,so meth was the explanation for the great depression. stupid fucks like you were the problem.,1445231758.0,1445202958.0,/r/news/comments/3p8718/hawaii_gov_david_ige_has_declared_a_state_of/cw4eht6/,news
115,Daknewgye,"I'm not sure if it happens during REM or not, but several times a week I'll begin dreaming or seeing/experiencing things within 90 seconds of closing my eyes to sleep.  Sometimes I wake up, but I'll just close my eyes again and I'm out within a few minutes.",1445033461.0,1445004661.0,/r/science/comments/3oz61c/dreams_turned_off_and_on_with_a_neural_switch/cw1u5ua/,science
116,Daknewgye,"In which case, fire the person for actually failing to perform their duties as opposed to having the potential to fail.",1444968476.0,1444939676.0,/r/nottheonion/comments/3oul2e/porn_during_lunch_breaks_is_ok_but_smoking/cw117r4/,nottheonion
117,Daknewgye,"The funny thing about the proletariats is that they truly see nothing wrong with skimming the earnings of those that ""work for them"". They grow up in a society that has a moral base defining this act as ""normal"". Most never lack basic life sustaining necessities; therefore, they truly see no moral dilemma in the act of taking from others and leaving them with just enough or, for some of the lucky, a little more than they need.  Their greatest dream is only to be one of those who take from others.
*edit* to be fair, I agree with your point mostly.  It's just that there are so few rich who actually got to be rich genuinely on their own.  Maybe lottery winners or perhaps we can consider athletes and other talent oriented income along those lines.  Also, there's no such thing as a ""good person"".  Every single human on the planet is offensive and evil to some other culture or person out there.",1444941741.0,1444912941.0,/r/worldnews/comments/3osozt/26_elephants_found_dead_at_zimbabwes_hwange/cw0k2p3/,worldnews
119,Daknewgye,not awesome... more.  so much more than awesome.,1444459867.0,1444431067.0,/r/pics/comments/3o4lvb/my_friend_is_awesome_at_carving_pumpkins/cvu8x8j/,pics
122,Daknewgye,"I like my selfie pics, and so do millions of other people. It's probably because I'm fucking awesome. Or maybe because... Nope... It's because I'm fucking awesome.",1444188495.0,1444159695.0,/r/pics/comments/3noh1j/how_to_shoot_a_wedding_pic/cvqfick/,pics
123,Daknewgye,"That's the spirit! People do some crazy stuff and I think they're nuts, but I do celebrate their freedom to choose. Probably because I'm bat shit crazy myself.",1444188409.0,1444159609.0,/r/pics/comments/3noh1j/how_to_shoot_a_wedding_pic/cvqfg7l/,pics
124,Daknewgye,Just like Trump. Totally projects a selfless attitude and tries to never offend anyone. Ha,1444188287.0,1444159487.0,/r/pics/comments/3noh1j/how_to_shoot_a_wedding_pic/cvqfd59/,pics
125,Daknewgye,"It's difficult for you to understand, but at least try to understand that if they like it, why try to take that away from them?  Why is it stupid and self absorbed to like different things in life?",1444162065.0,1444133265.0,/r/pics/comments/3noh1j/how_to_shoot_a_wedding_pic/cvpznch/,pics
126,Daknewgye,"I find it pretty easy myself.  I do it on the side for extra bucks.  Since it's not my primary income, I can walk away from a job if they are rude.  I have not had to do this yet, but I would definitely let them know I'm not their bitch.",1444161905.0,1444133105.0,/r/pics/comments/3noh1j/how_to_shoot_a_wedding_pic/cvpzlg3/,pics
127,Daknewgye,"Or, get a camera with an articulating screen.",1444161681.0,1444132881.0,/r/pics/comments/3noh1j/how_to_shoot_a_wedding_pic/cvpzip6/,pics
128,Daknewgye,"This is great advice if that's the lifestyle you want to live. Big risks can pay off too.  For every example of someone who gambled and lost big, there are probably an equal number of people who maintained the steady course of moderate lifestyle and still lost big due to unforeseen events.
Key point, do what you want (and that includes living a ""moderate"" lifestyle) and enjoy it while you can.  If you lose what you have gained, start over and keep trying.",1444155569.0,1444126769.0,/r/LifeProTips/comments/3nn04l/lpt_if_you_have_a_comfortable_lifestyle_and_get_a/cvpxua5/,LifeProTips
129,Daknewgye,"Don't be fooled.  They'll wind up paying a fraction of this.  Valdeez comes to mind. http://www.bdlaw.com/news-351.html
",1444154427.0,1444125627.0,/r/worldnews/comments/3nmubs/bp_fined_a_record_208_billion_for_oil_spill/cvpxkxj/,worldnews
130,Daknewgye,and smell so DAMN good!  I love line dried clothes,1444038580.0,1444009780.0,/r/explainlikeimfive/comments/3ngcya/eli5_what_creates_that_crunchy_effect_on_your/cvoh1ds/,explainlikeimfive
131,Daknewgye,They should offer a bus with dinners provided... you know where I'm going with this...,1444038205.0,1444009405.0,/r/gadgets/comments/3nh4pw/meet_the_electric_bus_that_could_push_every_other/cvogtv9/,gadgets
132,Daknewgye,"I've spent 10 years working for the government and 10 years working commercial.  I suspect it's different depending on where you are and when, but in my experiences, I've learned there are an equally number of hard workers and lazy people in each sector.  The government is not special or unique in having lazy people.",1444037878.0,1444009078.0,/r/news/comments/3nh55j/va_is_lying_vets_are_dying_billboard_displayed_in/cvogn4v/,news
133,Daknewgye,http://imgur.com/gEwPKms,1444009670.0,1443980870.0,/r/funny/comments/3ngeut/my_roommates_mom_was_worried_about_the_flooding/cvnyzrw/,funny
134,Daknewgye,"""And I'm pretty sure exercise is good for everyone"" - So you think exercise is good for someone with a genetic heart defect, brittle bone disease, or perhaps the dozens of other diseases that would hurt or even kill someone if they elevate their heart rate or strain their body?  It's called science.  You might want to read up on it.  This is, of course, assuming you've even thought through what exercise is.  To be fair, if you think an example of exercise is the act of walking slowly or even just standing for a few minutes, then perhaps you are right.",1443990497.0,1443961697.0,/r/science/comments/3n7tvd/research_finds_around_1000_molecular_reactions_to/cvnp3bn/,science
135,Daknewgye,"""drugs"". Helmets.  Seat belts. The list will go on.  ""Protect yourself or we will make you pay""",1443949339.0,1443920539.0,/r/worldnews/comments/3nd3un/marijuana_is_infinitely_worse_than_tobacco_harper/cvnbhhz/,worldnews
136,Daknewgye,"Serious question, why is it important to advance the human race?  And when you say advance, what exactly do you mean?",1443948824.0,1443920024.0,/r/science/comments/3n7tvd/research_finds_around_1000_molecular_reactions_to/cvnb85n/,science
137,Daknewgye,"Assuming exercise is good for everyone is like assuming diets ripe with peanuts and shell fish are good for everyone.  You may not like it, but why bother looking down on people who don't want to live their life the way you do?",1443948533.0,1443919733.0,/r/science/comments/3n7tvd/research_finds_around_1000_molecular_reactions_to/cvnb2na/,science
138,Daknewgye,"Your popping pills and self discovery comment made me think about Albert Hofmann.  I certainly don't ever see myself making the same decisions on how to live my life the way he did, yet he's considered one of the greatest minds of the century.
While I actually live the lifestyle you speak of and I believe it is best for me, I accept that my lifestyle is definitely not best for everyone.  I accept that some people do not want to exercise or even be productive and it's wrong for me to think that we should all live the same life.  With that concept in mind, I accept that some people want to live a life where they take pills and accept the consequences, both good and bad, of that lifestyle.
",1443948134.0,1443919334.0,/r/science/comments/3n7tvd/research_finds_around_1000_molecular_reactions_to/cvnavbh/,science
139,Daknewgye,Ano,1443910055.0,1443881255.0,/r/creepy/comments/3nbvxn/wendigo_xpost_rskinwalkers/cvmq8st/,creepy
140,Daknewgye,Capitalists make missiles and the prophets are going through the roof,1443909970.0,1443881170.0,/r/Jokes/comments/3naln8/what_do_you_get_if_you_cross_islam_and_capitalism/cvmq7m7/,Jokes
141,Daknewgye,Sand?,1443909795.0,1443880995.0,/r/Showerthoughts/comments/3na9xy/they_should_get_the_scientists_who_work_on/cvmq596/,Showerthoughts
142,Daknewgye,My wife throw up! My daughter throw up! I throw up! And you want to give me coupon?!,1443909730.0,1443880930.0,/r/AskReddit/comments/3nam7t/tattoo_artists_of_reddit_have_you_ever_fucked_up/cvmq4cb/,AskReddit
143,Daknewgye,ARE YOU DETAINING ME??!!,1443909499.0,1443880699.0,/r/tifu/comments/3nbpto/tifu_by_air_drumming_in_my_truck_behind_a_cop/cvmq19b/,tifu
144,Daknewgye,"Speaking of discrimination, you're doing a pretty good job yourself stereotyping people.",1443907516.0,1443878716.0,/r/television/comments/3nbf4n/colbert_addresses_oregon_shooting_we_change/cvmpbyt/,television
145,Daknewgye,Maybe they're saying the groom is hung,1443906831.0,1443878031.0,/r/funny/comments/3nbe9y/this_wedding_card_looks_like_the_bride_groom_hung/cvmp3wp/,funny
146,Daknewgye,An event need not be shocking to be tragic,1443905389.0,1443876589.0,/r/television/comments/3nbf4n/colbert_addresses_oregon_shooting_we_change/cvmonu9/,television
147,Daknewgye,Does this mean that one can use willpower to overcome disease and genetic code?  Perhaps enough exercise will force that genetic sequence back into shape.,1443904728.0,1443875928.0,/r/science/comments/3n7tvd/research_finds_around_1000_molecular_reactions_to/cvmoha0/,science
148,Daknewgye,"Perhaps you could elaborate specific examples and benefits of not being lazy and how that relates to the ""best"" life.  But first, please, a detailed description of what the best life is and then a scale of what is lazy vs not lazy.  Curious though, does this scale apply to 100% of the human population or does it have allowances for people with genetic differences.  Like the ones born with heart defects or muscular disorders, low testosterone, etc...?
Regarding using technology to cheat the system. That's an interesting statement.  I suspect you would find it perfectly acceptable to use technology to save the life of a friend in an emergency, so why not apply that same logic to daily life?",1443877612.0,1443848812.0,/r/science/comments/3n7tvd/research_finds_around_1000_molecular_reactions_to/cvmi7yz/,science
149,Daknewgye,ha.  it's true.,1443876738.0,1443847938.0,/r/science/comments/3n7tvd/research_finds_around_1000_molecular_reactions_to/cvmhws7/,science
150,Daknewgye,"""It's not good to have a society full of lazy citizens"".  I genuinely don't see why this is a problem.  Perhaps because I eschew the concept that production equates to a meaningful life.",1443868490.0,1443839690.0,/r/science/comments/3n7tvd/research_finds_around_1000_molecular_reactions_to/cvmeiwm/,science
151,Daknewgye,"Is  this carrageenan day or something?  First paint, now chocolate milk.",1443865307.0,1443836507.0,/r/todayilearned/comments/3n9bot/til_chocolate_milk_was_invented_by_an_irishman/cvmd358/,todayilearned
152,Daknewgye,"Why is it a bad idea to develop for lazy people? Seems to me, it's the best thing for lazy people. It helps them have healthy bodies.",1443863614.0,1443834814.0,/r/science/comments/3n7tvd/research_finds_around_1000_molecular_reactions_to/cvmcarg/,science
153,Daknewgye,"""Still sources of poison for you body"".  Genuine question. Please elaborate on something that is not poison to the human body.",1443858417.0,1443829617.0,/r/worldnews/comments/3n9gd3/cocacola_calls_for_fifa_president_sepp_blatter_to/cvm9sj2/,worldnews
