,author,body,created,created_utc,permalink,subreddit
0,sb_99,"Thanks a lot... Will get started with it!
Cheers ✌️",1566524634.0,1566495834.0,/r/SelfDrivingCars/comments/cmfyml/understanding_the_carla_simulator_architecture/expylt1/,SelfDrivingCars
1,sb_99,"That's Gold!
Thanks I'll do that..
Cheers ✌️",1565137606.0,1565108806.0,/r/SoftwareEngineering/comments/cmrt9x/understanding_carla_simulator/ew4ebze/,SoftwareEngineering
2,sb_99,Thanks a lot :) is there like any book or guide or anything for inspiration to move along which you'd recommend?,1565136579.0,1565107779.0,/r/SoftwareEngineering/comments/cmrt9x/understanding_carla_simulator/ew4cn7i/,SoftwareEngineering
0,sb_99,"Understanding CARLA Simulator. I wanted to make a simulator like CARLA simulator (a noober version basically) just for learning purposes and understanding how do you make such a beautiful piece of architecture. Going through it's GitHub it was evident that it was mainly in C++.

So from where could I start and I'm not asking for a step-by-step spoon feeding tutorial but a general idea from where and how I can get started? That would be helpful. Thanks in advance guys! :)",1565133088.0,1565104288.0,/r/SoftwareEngineering/comments/cmrt9x/understanding_carla_simulator/,SoftwareEngineering
1,sb_99,"Understanding the CARLA simulator architecture. I wanted to make a simulator like CARLA simulator (a noober version basically) just for learning purposes and understanding how do you make such a beautiful piece of architecture. Going through it's GitHub it was evident that it was mainly in C++.

So from where could I start and I'm not asking for a step-by-step spoon feeding tutorial but a general idea from where and how I can get started? That would be helpful. Thanks in advance guys! :)",1565063433.0,1565034633.0,/r/SelfDrivingCars/comments/cmfyml/understanding_the_carla_simulator_architecture/,SelfDrivingCars
2,sb_99,"Understanding the CARLA simulator architecture. I wanted to make a simulator like CARLA simulator (a noober version basically) just for learning purposes and understanding how do you make such a beautiful piece of architecture. Going through it's GitHub it was evident that it was mainly in C++.

So from where could I start and I'm not asking for a step-by-step spoon feeding tutorial but a general idea from where and how I can get started? That would be helpful. Thanks in advance guys! :)",1565062799.0,1565033999.0,/r/computerscience/comments/cmftev/understanding_the_carla_simulator_architecture/,computerscience
3,sb_99,"Thanks man. Edited my question :)
Any suggestions now?",1564454369.0,1564425569.0,/r/gradadmissions/comments/cjf8gb/judge_me_no_holds_barred/evcxnpb/,gradadmissions
3,sb_99,👏We👏 need👏 to👏 know👏 about Marzia's opinion about Felix's recent dive into the Minecraft world. ,1562554349.0,1562525549.0,/r/PewdiepieSubmissions/comments/caadzw/we_need_to_know_about_marzias_opinion_about/,PewdiepieSubmissions
4,sb_99,OOFFF ALERT *Sweats in Bridge* *Vox smirking in the corner* 🤭🤫. ,1561691298.0,1561662498.0,/r/PewdiepieSubmissions/comments/c69l5l/oofff_alert_sweats_in_bridge_vox_smirking_in_the/,PewdiepieSubmissions
5,sb_99,"When poods deleted his video, local Indian guy kills booty, video gets reuploaded, boi buys new scooty.... Whhhhaaatttt. ",1561690040.0,1561661240.0,/r/PewdiepieSubmissions/comments/c69bql/when_poods_deleted_his_video_local_indian_guy/,PewdiepieSubmissions
6,sb_99,PewDiePie latest Video Deleted... Me panics.. FOMO KICKS IN.....WHATTTTTT. ,1561689522.0,1561660722.0,/r/PewdiepieSubmissions/comments/c697ww/pewdiepie_latest_video_deleted_me_panics_fomo/,PewdiepieSubmissions
4,sb_99,Damn. That certainly provides a different perspective to me. I guess you're right. Pseudo intellectual induced snobbery is always there to misguide you ¯\_(ツ)_/¯,1556866160.0,1556837360.0,/r/mit/comments/bjzhvn/masters_in_media_arts_and_sciences_future_job/emcymsj/,mit
5,sb_99,"I couldn't understand what you meant by, ""there is huge mind share for what is ultimately a tiny program.""",1556865489.0,1556836689.0,/r/mit/comments/bjzhvn/masters_in_media_arts_and_sciences_future_job/emcxjqt/,mit
6,sb_99,Thanks a lot for informing me about it. I didn't realise that what I heard from others was creating bias for my assumptions. Cheers :) !!,1556865095.0,1556836295.0,/r/mit/comments/bjzhvn/masters_in_media_arts_and_sciences_future_job/emcwv3k/,mit
7,sb_99,"Masters in Media Arts and Sciences future job prospects. I understand that you wouldn't join the course because you want a high paying job but because you're in love with the Media lab and you think you'd be a good fit for it but, at the end of the day money matters to survive too!
I just wanted to know what would be the job prospects after that course?",1556856602.0,1556827802.0,/r/mit/comments/bjzhvn/masters_in_media_arts_and_sciences_future_job/,mit
7,sb_99,"Woaahh I checked it out... It's such a cool way to get started with OpenGL.
Thanks ✌(-‿-)✌",1550844684.0,1550815884.0,/r/computervision/comments/at1c93/how_to_get_started_with_computer_vision_in_c/eh0i2v0/,computervision
8,sb_99,"Thanks a lot!
Just another doubt, I read that it's better to use an ide for OpenCV Dev. I use vim, will it be sufficient to proceed further?",1550776733.0,1550747933.0,/r/computervision/comments/at1c93/how_to_get_started_with_computer_vision_in_c/egy39s9/,computervision
8,sb_99,"How to get started with computer vision in C++?. I want to learn computer vision from scratch in c++ and not in python. I've already started to read multiple view geometry in computer vision by Richard Hartley and was looking into a proper pathway to career in cv in c++. 
Any suggestions for the best pathway from theoretical perspective is also welcome.
Thanks!!",1550771197.0,1550742397.0,/r/computervision/comments/at1c93/how_to_get_started_with_computer_vision_in_c/,computervision
9,sb_99,Bitch Lasagna to be on Genius in honour of the upcoming 80 Mil Celebration.... Let's make it happen¡!¡!¡!¡!¡!¡!¡. ,1546831188.0,1546802388.0,/r/PewdiepieSubmissions/comments/ad8qr7/bitch_lasagna_to_be_on_genius_in_honour_of_the/,PewdiepieSubmissions
9,sb_99,It's an 👏Indian 👏channel 👏 🙃🤙🙃,1545968318.0,1545939518.0,/r/PewdiepieSubmissions/comments/aa2cek/458k_the_holy_number_of_the_9_year_old/ecoemos/,PewdiepieSubmissions
10,sb_99,458k the holy number of the 9 year old. ,1545967964.0,1545939164.0,/r/PewdiepieSubmissions/comments/aa2cek/458k_the_holy_number_of_the_9_year_old/,PewdiepieSubmissions
11,sb_99,Just a regular👏 Slav👏 Wedding 👏 Felix and Marzia's wedding¿?Hmmmmmmmmmmmmmmmmmmmmm. ,1545694695.0,1545665895.0,/r/PewdiepieSubmissions/comments/a95xj0/just_a_regular_slav_wedding_felix_and_marzias/,PewdiepieSubmissions
12,sb_99,Just a regular👏 Slav👏 Wedding 👏 Will Pewdiepie pose like this for his wedding¿?Hmmmmmmmmmmmmmmmmmmmmm. ,1545694036.0,1545665236.0,/r/PewdiepieSubmissions/comments/a95ubd/just_a_regular_slav_wedding_will_pewdiepie_pose/,PewdiepieSubmissions
10,sb_99,"In his latest video, you Slav you Lose,  if you pause at 7: 07 at you find the list where the Brad's actual compilation is shown and Pwedipe just reads from it.. ",1544996306.0,1544967506.0,/r/PewdiepieSubmissions/comments/a6mzqi/hmmmmmmmmmmmmmmm/ebwpsl1/,PewdiepieSubmissions
13,sb_99,Hmmmmmmmmmmmmmmm. ,1544970999.0,1544942199.0,/r/PewdiepieSubmissions/comments/a6mzqi/hmmmmmmmmmmmmmmm/,PewdiepieSubmissions
11,sb_99,So do y'all think that that the GPU for Colab might get an update too?,1533143030.0,1533114230.0,/r/ArtificialInteligence/comments/93lx04/a_booster_for_ai_projects/e3ei2dz/,ArtificialInteligence
