,author,body,created,created_utc,permalink,subreddit
0,CH_SR,"Yep, it’s an FIA Homologated GT3 car. It’s just very new still. One car was entered in the ICGT Suzuka round last month, so it does have an SRO/Blancpain link.",1571843461.0,1571814661.0,/r/ACCompetizione/comments/dljz01/preview_assetto_corsa_competizione_2019_season/f4ukc8c/,ACCompetizione
1,CH_SR,Update should be released today :),1571840540.0,1571811740.0,/r/ACCompetizione/comments/dljz01/preview_assetto_corsa_competizione_2019_season/f4ui73z/,ACCompetizione
2,CH_SR,That's odd. Hopefully I haven't got myself in trouble!,1571796402.0,1571767602.0,/r/simracing/comments/dljz8c/preview_assetto_corsa_competizione_2019_season/f4rhl4h/,simracing
3,CH_SR,"Yeah. Big unknown at this stage. I've only had it a couple of days, so it's far too early to make any predictions.",1571796347.0,1571767547.0,/r/ACCompetizione/comments/dljz01/preview_assetto_corsa_competizione_2019_season/f4rhfkt/,ACCompetizione
0,CH_SR,Preview: Assetto Corsa Competizione 2019 Season Update [V1.1 Update]. ,1571788918.0,1571760118.0,/r/simracing/comments/dljz8c/preview_assetto_corsa_competizione_2019_season/,simracing
1,CH_SR,Preview: Assetto Corsa Competizione 2019 Season Update [V1.1 Update]. ,1571788894.0,1571760094.0,/r/ACCompetizione/comments/dljz01/preview_assetto_corsa_competizione_2019_season/,ACCompetizione
4,CH_SR,"Yeah, honestly, it's a really impressive piece of work. As I said in the video, this is pretty different to any mod I've seen before. Lots of depth for sure.",1570806808.0,1570778008.0,/r/assettocorsa/comments/dg2rmn/introducing_the_p13c_assetto_corsa_mod_new_le/f3akyet/,assettocorsa
2,CH_SR,Introducing the P13c Assetto Corsa Mod | New Le Mans Prototype from IER Simulations. ,1570763057.0,1570734257.0,/r/assettocorsa/comments/dg2rmn/introducing_the_p13c_assetto_corsa_mod_new_le/,assettocorsa
3,CH_SR,It's Finally Here! | The URD Bayro EGT Assetto Corsa Mod. ,1570056022.0,1570027222.0,/r/assettocorsa/comments/dcb410/its_finally_here_the_urd_bayro_egt_assetto_corsa/,assettocorsa
4,CH_SR,Is Roborace the Future of Racing?. ,1567048608.0,1567019808.0,/r/SelfDrivingCars/comments/cwpe5i/is_roborace_the_future_of_racing/,SelfDrivingCars
5,CH_SR,Is Roborace the Future of Racing?. ,1567048001.0,1567019201.0,/r/ROBORACE/comments/cwp9hl/is_roborace_the_future_of_racing/,ROBORACE
6,CH_SR,Talking Sims With: Jimmy Broadbent | IRL vs Sim Racing. ,1562901035.0,1562872235.0,/r/simracing/comments/cbztyp/talking_sims_with_jimmy_broadbent_irl_vs_sim/,simracing
5,CH_SR,"Thanks dude - I've only really dabbled with 3D work, but I know enough to have an appreciation for the work that goes in to creating some of these large scale projects. Assetto Corsa owes its long term success to the efforts of the modding community, so it seems only fair to put a bit of effort into shining a light onto some of the good work that's being done :)",1558577792.0,1558548992.0,/r/assettocorsa/comments/bpv0ui/sveg_assetto_corsa_mod/eog1zg5/,assettocorsa
6,CH_SR,Thanks man :),1558577695.0,1558548895.0,/r/assettocorsa/comments/bpv0ui/sveg_assetto_corsa_mod/eog1u9m/,assettocorsa
7,CH_SR,"Little Hill, Big Fun! Festival of Speed Assetto Corsa Mod. ",1558577186.0,1558548386.0,/r/assettocorsa/comments/brs1d6/little_hill_big_fun_festival_of_speed_assetto/,assettocorsa
8,CH_SR,Sveg Assetto Corsa Mod. ,1558147310.0,1558118510.0,/r/assettocorsa/comments/bpv0ui/sveg_assetto_corsa_mod/,assettocorsa
9,CH_SR,VRC Bentley Speed 8 Assetto Corsa Mod [First Look]. ,1557593829.0,1557565029.0,/r/assettocorsa/comments/bna11g/vrc_bentley_speed_8_assetto_corsa_mod_first_look/,assettocorsa
10,CH_SR,My thoughts on the Precision Sim Engineering GPX wheel.. ,1554518689.0,1554489889.0,/r/simracing/comments/b9v00f/my_thoughts_on_the_precision_sim_engineering_gpx/,simracing
7,CH_SR,Thanks dude :),1554178240.0,1554149440.0,/r/assettocorsa/comments/b865sf/heres_my_take_on_the_race_sim_studio_formula/ejwck45/,assettocorsa
11,CH_SR,Here's my take on the Race Sim Studio Formula Hybrid 2019. ,1554170553.0,1554141753.0,/r/assettocorsa/comments/b865sf/heres_my_take_on_the_race_sim_studio_formula/,assettocorsa
8,CH_SR,"Honestly, I want an iRacing style multiplayer experience in all of the major sims. AC and RF2 have the same problem to some extent, in that finding good racing outside of leagues/clubs is hard going. iRacing needs some good, healthy competition :)",1552680341.0,1552651541.0,/r/simracing/comments/b1dvb6/raceroom_group_c_nissan_r90ck_joest_porsche_962/eikyj7o/,simracing
9,CH_SR,"Yeah, there are a few North American tracks I'd like to see make it to R3E. Sebring, Watkins Glen & Mosport would be a good start :)",1552679910.0,1552651110.0,/r/simracing/comments/b1dvb6/raceroom_group_c_nissan_r90ck_joest_porsche_962/eiky57y/,simracing
10,CH_SR,Thought you guys may like to see this. The guys at Sector 3 let me take a look / make a video about at the upcoming Group C / IMSA GTP cars. ,1552678880.0,1552650080.0,/r/simracing/comments/b1dvb6/raceroom_group_c_nissan_r90ck_joest_porsche_962/eikx897/,simracing
12,CH_SR,RaceRoom Group C Nissan R90CK & Joest Porsche 962 [Preview]. ,1552678812.0,1552650012.0,/r/simracing/comments/b1dvb6/raceroom_group_c_nissan_r90ck_joest_porsche_962/,simracing
11,CH_SR,"I missed out on the original RF1 mod, as I only really dabbled in the hobby at the time. But, as it happens Alex was kind enough to spend a few hours on a call answering all of my questions about these cars - for which I am very grateful. ",1552662224.0,1552633424.0,/r/RRRE/comments/b14ahx/raceroom_group_c_nissan_r90ck_joest_porsche_962/eikmje4/,RRRE
12,CH_SR,"Yeah, couldn't agree more dude. These cars are definitely my kinda thing, and I think they've done a great job with them. Let's hope the content is popular and Sector 3 is encouraged to add more similar content! ",1552623199.0,1552594399.0,/r/RRRE/comments/b14ahx/raceroom_group_c_nissan_r90ck_joest_porsche_962/eijbrdo/,RRRE
13,CH_SR,Hey again! Here's the other part of the upcoming R3E update - the fantastic new Group C cars. ,1552619032.0,1552590232.0,/r/RRRE/comments/b14ahx/raceroom_group_c_nissan_r90ck_joest_porsche_962/eij55g7/,RRRE
13,CH_SR,RaceRoom Group C Nissan R90CK & Joest Porsche 962 [Preview]. ,1552619000.0,1552590200.0,/r/RRRE/comments/b14ahx/raceroom_group_c_nissan_r90ck_joest_porsche_962/,RRRE
14,CH_SR,Thanks dude. :) ,1552542747.0,1552513947.0,/r/RRRE/comments/b0pv3i/raceroom_porsche_964_carrera_cup_car_preview/eigoujf/,RRRE
15,CH_SR,"Heh, thanks man, I appreciate it. They've done a cracking job with this car.",1552534676.0,1552505876.0,/r/RRRE/comments/b0pv3i/raceroom_porsche_964_carrera_cup_car_preview/eigc5ce/,RRRE
16,CH_SR,Thought you guys would probably enjoy this - apologies if posting is against the rules.,1552533088.0,1552504288.0,/r/RRRE/comments/b0pv3i/raceroom_porsche_964_carrera_cup_car_preview/eig9kk8/,RRRE
14,CH_SR,RaceRoom Porsche 964 Carrera Cup Car [Preview]. ,1552532678.0,1552503878.0,/r/RRRE/comments/b0pv3i/raceroom_porsche_964_carrera_cup_car_preview/,RRRE
17,CH_SR,"Love it dude, as always. ",1551562485.0,1551533685.0,/r/assettocorsa/comments/awgfg1/dre_drives_ep1_ford_sierra_rs_500_cosworth_1987_vr/ehmk0i9/,assettocorsa
15,CH_SR,Taking a look at the Sim Racing Coach Thrustmaster adaptor for Direct Drive Wheels.. ,1551495834.0,1551467034.0,/r/simracing/comments/aw8f68/taking_a_look_at_the_sim_racing_coach/,simracing
18,CH_SR,"Thanks man, much appreciated. And its always nice to hear people saying they've donated/plan to donate. The AC modding community is the lifeblood of the sim at the moment, so doing our bit to help out a little seems like the least we can do! ",1551279628.0,1551250828.0,/r/assettocorsa/comments/av35ii/everybodys_favourite_frearoam_track_is_about_to/ehdpntl/,assettocorsa
19,CH_SR,"A pay what you like donation gets you a bunch of extra roads outside of the main loop, and some extra game modes. Definitely worth it in my opinion.",1551279542.0,1551250742.0,/r/assettocorsa/comments/av35ii/everybodys_favourite_frearoam_track_is_about_to/ehdplgn/,assettocorsa
20,CH_SR,Couldn't agree more dude. Glad to hear people out there are donating. I had a well known modder send me a message late last year after I sent him a £5 donation telling me that I'd just doubled his haul for the year! Which is a bit depressing really!,1551279494.0,1551250694.0,/r/assettocorsa/comments/av35ii/everybodys_favourite_frearoam_track_is_about_to/ehdpk43/,assettocorsa
21,CH_SR,Thanks dude.,1551279406.0,1551250606.0,/r/assettocorsa/comments/av35ii/everybodys_favourite_frearoam_track_is_about_to/ehdphpp/,assettocorsa
22,CH_SR,"Heh, can confirm (though, it's technically a RUF in the video). ",1551279396.0,1551250596.0,/r/assettocorsa/comments/av35ii/everybodys_favourite_frearoam_track_is_about_to/ehdphg1/,assettocorsa
23,CH_SR,I'm using the Sol mod. A friend of mine made a great video about how to install it: [https://www.youtube.com/watch?v=YRnipQ4f5lA](https://www.youtube.com/watch?v=YRnipQ4f5lA),1551279371.0,1551250571.0,/r/assettocorsa/comments/av35ii/everybodys_favourite_frearoam_track_is_about_to/ehdpgs7/,assettocorsa
24,CH_SR,"Thanks man, I really appreciate it! ",1551240093.0,1551211293.0,/r/assettocorsa/comments/av35ii/everybodys_favourite_frearoam_track_is_about_to/ehccsx1/,assettocorsa
25,CH_SR,Thanks. I'd struggle to think of a better way to spend a few £€$ ;),1551237889.0,1551209089.0,/r/assettocorsa/comments/av35ii/everybodys_favourite_frearoam_track_is_about_to/ehc9ja7/,assettocorsa
26,CH_SR,"Thanks dude, much appreciated.",1551237759.0,1551208959.0,/r/assettocorsa/comments/av35ii/everybodys_favourite_frearoam_track_is_about_to/ehc9cat/,assettocorsa
16,CH_SR,Everybody's favourite frearoam track is about to hit V1 - here's a preview of what you can expect.. ,1551236681.0,1551207881.0,/r/assettocorsa/comments/av35ii/everybodys_favourite_frearoam_track_is_about_to/,assettocorsa
27,CH_SR,"Heh, thanks dude. Yeah, I'm a big fan of the RSR, but it always takes me a few laps to adjust to the brakes (or lack of) whenever I jump back in. ",1551156359.0,1551127559.0,/r/assettocorsa/comments/au7njc/flatout_corner_overtake_massacre_whos_fault_11_or/eh9rdgi/,assettocorsa
28,CH_SR,Agree with the consensus here. But just stopped by to say that's a great car/track combination. :) ,1551060541.0,1551031741.0,/r/assettocorsa/comments/au7njc/flatout_corner_overtake_massacre_whos_fault_11_or/eh6rjrq/,assettocorsa
29,CH_SR,Definitely Feldbergring.,1551060476.0,1551031676.0,/r/assettocorsa/comments/au7njc/flatout_corner_overtake_massacre_whos_fault_11_or/eh6rgju/,assettocorsa
30,CH_SR,"Thanks dude. I started the channel almost exactly a year ago, and to be honest it takes a while to get traction with YouTube - things have been growing really quickly over the last few months though. ",1550717501.0,1550688701.0,/r/assettocorsa/comments/ase0rv/donington_park_mod_has_been_updated_to_2018_spec/egw9nxa/,assettocorsa
31,CH_SR,"Heh, thanks man - you're not wrong! ",1550717438.0,1550688638.0,/r/assettocorsa/comments/ase0rv/donington_park_mod_has_been_updated_to_2018_spec/egw9kgh/,assettocorsa
17,CH_SR,Donington Park mod has been updated to 2018 spec & looks stunning!. ,1550631834.0,1550603034.0,/r/assettocorsa/comments/ase0rv/donington_park_mod_has_been_updated_to_2018_spec/,assettocorsa
32,CH_SR,"No onboard yet. As mentioned in the video, the interior hasn't been finished and I agreed not to show it in the video. ",1548777795.0,1548748995.0,/r/assettocorsa/comments/akqusj/preview_of_the_new_urd_m8_gte_for_assetto_corsa/ef8uato/,assettocorsa
33,CH_SR,"The Ford is decent, the model is great and it drives nicely, and from what I've seen of the M8, it's going to be very similar. But, I'm not sure the RSS cars are a good measuring stick, simply because I feel they're the best cars in Assetto Corsa. So, by reference, all cars are less good! The newer URD cars do drive well and look the part, the 2018 DTM cars are much improved over previous versions as well. ",1548777721.0,1548748921.0,/r/assettocorsa/comments/akqusj/preview_of_the_new_urd_m8_gte_for_assetto_corsa/ef8u8am/,assettocorsa
34,CH_SR,Correct!,1548736082.0,1548707282.0,/r/assettocorsa/comments/akqusj/preview_of_the_new_urd_m8_gte_for_assetto_corsa/ef79ata/,assettocorsa
18,CH_SR,Preview of the new URD M8 GTE for Assetto Corsa. ,1548731765.0,1548702965.0,/r/assettocorsa/comments/akqusj/preview_of_the_new_urd_m8_gte_for_assetto_corsa/,assettocorsa
35,CH_SR,"It takes me ages to get a sim into the sweetspot, particualtly with FFB settings. If anything, ACC was a little easier because there are only 5 cars at the moment!",1548272696.0,1548243896.0,/r/ACCompetizione/comments/aip6c1/after_another_look_at_acc_im_impressed/eerdz49/,ACCompetizione
36,CH_SR,"It's a clever work around - as far as I understand, the shaders mod still relies on one light source. To get around that, it does some clever stuff with shadows, essentially adding more areas where there's no light. It's really quite effective, and after a good 6 months of updates, its really hard to fault it. ",1548271458.0,1548242658.0,/r/simracing/comments/aikzsh/assetto_corsa_just_got_a_whole_lot_better_sol/eerd68n/,simracing
37,CH_SR,"Dive in. Honestly Content Manager enables so much of the stuff that's hidden away in teh normal AC UI, as well as a whole host of other useful stuff. Personally, I make heavy use of the ability to create and recall presets. You can do this to have multiple control options, graphic setups, race type, grids.... pretty much any option can be saved into a preset. ",1548199531.0,1548170731.0,/r/simracing/comments/aikzsh/assetto_corsa_just_got_a_whole_lot_better_sol/eep2swr/,simracing
19,CH_SR,Sol is really impressive.. ,1548126403.0,1548097603.0,/r/assettocorsa/comments/aidgce/sol_is_really_impressive/,assettocorsa
38,CH_SR,"This.

Most free mods that aren't hosted on RD are bad Forza rips with physics copied and pasted from Kunos cars. Race Department has had a healthy modding community grow up around the site and have a policy of disallowing ripped content. Makes for a much better experience.",1547954726.0,1547925926.0,/r/assettocorsa/comments/aholrs/assetto_corsa_mods_which_websites_are_good_and/eegoadv/,assettocorsa
39,CH_SR,"No you're absolutely right. The Ferrari has been described as the 'easiest' of the real world GT3 cars by a number of drivers - it makes sense that it would be forgiving, since they sell lots of them to very small teams.

In ACC you can really abuse the Ferrari - while some other cars are a lot more sensitive to what I would call 'over-driving' the car. ",1547826658.0,1547797858.0,/r/assettocorsa/comments/ah18ji/a_look_at_the_new_emil_frey_jaguar/eec7n3y/,assettocorsa
40,CH_SR,"Heh, thanks dude. The Youtube Algorithm has been kind to me over the last few days, so that probably explains it :)",1547826509.0,1547797709.0,/r/assettocorsa/comments/ah18ji/a_look_at_the_new_emil_frey_jaguar/eec7jcq/,assettocorsa
41,CH_SR,Thanks Nyxs - much appreciated. :),1547826396.0,1547797596.0,/r/assettocorsa/comments/ah18ji/a_look_at_the_new_emil_frey_jaguar/eec7gf2/,assettocorsa
42,CH_SR,"I'm convinced it's an optimisation issue - once you turn everything up to Epic and use a bit of sharpening, the problems go away completely for me. ",1547826348.0,1547797548.0,/r/ACCompetizione/comments/ah7jjd/will_this_game_ever_get_sharp_visuals/eec7f7t/,ACCompetizione
43,CH_SR,Thanks dude. I'm looking forward to doing some setup work and seeing what it can really do. ,1547785820.0,1547757020.0,/r/assettocorsa/comments/ah18ji/a_look_at_the_new_emil_frey_jaguar/eeasdjq/,assettocorsa
20,CH_SR,A look at the new Emil Frey Jaguar. ,1547781003.0,1547752203.0,/r/assettocorsa/comments/ah18ji/a_look_at_the_new_emil_frey_jaguar/,assettocorsa
44,CH_SR,Bathurst is looking better and better by the minute. ,1547617577.0,1547588777.0,/r/wec/comments/ag91xr/rmotorsport_to_field_two_aston_martin_vantage_v12/ee5ffu1/,wec
45,CH_SR,Wonder if we'll get another afternoon release like last time.,1547617504.0,1547588704.0,/r/ACCompetizione/comments/agapd1/first_small_leak_of_jaguar_from_official_forums/ee5fc5f/,ACCompetizione
46,CH_SR,"Just to add to this, I have a similar setup, but with a 1080ti. Iracing is fine, as is AC, but other sims need settings turning down to get consistent 60+ fps. Newer RF2 tracks and ACC are really a bit much for it.

1440p triples is doable, but you need very good equipment to drive them, especially on more graphically intensive games like PC2, ACC. ",1547260095.0,1547231295.0,/r/simracing/comments/aexxhs/can_a_rtx_2070_push_3_27_1440p_144hz_monitors/edtrzho/,simracing
47,CH_SR,I'm impressed that Minardi had that many engines on hand! ,1547236574.0,1547207774.0,/r/formula1/comments/aetptm/a_benetton_team_members_schedule_from_the_1993/edsr7jk/,formula1
48,CH_SR,Steve Matchett's book gives a great idea about just how hard the mechanics/engineers/truckers etc. were worked back in those days. Definite must reads for any F1 fan.,1547232153.0,1547203353.0,/r/formula1/comments/aetptm/a_benetton_team_members_schedule_from_the_1993/edslvrv/,formula1
49,CH_SR,"I think the marketing guys have just come back after the Christmas break, they've been pretty active over the last couple of days. :)",1547062749.0,1547033949.0,/r/ACCompetizione/comments/ae0kr3/official_assetto_corsa_competizione_release_4/edmk72f/,ACCompetizione
50,CH_SR,Got the Pro pedals too. Nice! ,1546923292.0,1546894492.0,/r/simracing/comments/adl24i/just_got_the_deal_of_the_century/edi7i42/,simracing
51,CH_SR,"The sound is great, especially by AC standards, and for me the FFB is excellent (OSW user). You're right about the self-aligning forces being slightly weaker than stock AC cars, but this is something that's common across all of the RSS cars. I guess it's a design decision they've taken. I've found that if I increase the car specific FFB to 130% I get good self-aligning and the nice 'granular' detailed feel that comes in all of the other forces with little/no clipping. The modelling is absolutely top-notch as well, I really don't understand how you've come to the conclusion that it doesn't stack up to the F2004.

As for handling, I guess that's personal taste... but, come on dude, it's far from being like Ridge Racer.

TL;DR - everyone loves it because it's great. 

&#x200B;

&#x200B;

&#x200B;",1546833557.0,1546804757.0,/r/assettocorsa/comments/ad7tus/rss_formula_2000_v10_why_do_people_like_it/ederlj4/,assettocorsa
52,CH_SR,"That's probably the best-looking wood rig I've seen dude, nice work. ",1546832864.0,1546804064.0,/r/simracing/comments/ad5dut/been_in_the_works_for_a_year_but_today_its/edeqbto/,simracing
53,CH_SR,"To be fair, that's what a Stratos is supposed to look like at the end of Stage 1.",1546832744.0,1546803944.0,/r/simracing/comments/ad3wqc/when_you_come_back_to_dirt_rally_after_a_6_month/edeq46n/,simracing
54,CH_SR,The last official content was released about a year ago. But there's more being produced by the modding community than ever. ,1546753222.0,1546724422.0,/r/assettocorsa/comments/acyg9p/is_assetto_corsa_development_over/edbwkqw/,assettocorsa
55,CH_SR,"Start off with the 962 Short Tail. It's the most forgiving, though a bit understeer prone thanks to the spool differential. Just need to be a bit careful on the throttle at low speeds, but once the aero starts working, it's a really pleasant car :) ",1546745168.0,1546716368.0,/r/assettocorsa/comments/acw3by/server_proposal/edbkeqc/,assettocorsa
56,CH_SR,It just keeps getting better and better! ,1546743241.0,1546714441.0,/r/simracing/comments/acwg67/classic_gte_start_at_monza/edbhfgc/,simracing
57,CH_SR,"Group C is always appreciated, as is any opportunity to race the RSS GT1 cars.",1546743163.0,1546714363.0,/r/assettocorsa/comments/acw3by/server_proposal/edbhb32/,assettocorsa
58,CH_SR,"Man, those Mazdas look better every time I see them. ",1546741290.0,1546712490.0,/r/USCR/comments/acorss/2019_rolex_24_roar_test_session_1/edbefim/,USCR
59,CH_SR,"Fair, though Fangio did win one of his Championships with Maserati. The Viataphone/MC12 combination is a bit of an outlier otherwise. Hell of a car though! ",1546741096.0,1546712296.0,/r/cars/comments/actvzz/maserati_mc12_versione_corse_stradale_the_last/edbe49i/,cars
60,CH_SR,I'm unreasonably excited by the prospect of driving the Emil Frey Jag. Glad they managed to pick up a couple of class wins with the old cat this year before sending it off into retirement. ,1546740217.0,1546711417.0,/r/ACCompetizione/comments/acsz8c/friendly_reminder_10_days_left_to_buy_the_acc/edbcq8z/,ACCompetizione
61,CH_SR,This is great news. Lello was dominant in European F3 a few years ago and has been the class of the field in Blancpain GT this year. Hope something comes out of this. ,1546739946.0,1546711146.0,/r/FormulaE/comments/acw6gb/hwa_bring_raffaele_marciello_to_the_rookie_test/edbcb40/,FormulaE
62,CH_SR,"Big news, Lello is the real deal.",1546739714.0,1546710914.0,/r/F1FeederSeries/comments/acw6rh/raffaele_marciello_joins_formula_e_rookie_test/edbby3h/,F1FeederSeries
63,CH_SR,Block changing is fine if that works for you. I prefer to downshift without skipping gears as I find I'm less likely to downshift too early and locking the back axle.,1545016759.0,1544987959.0,/r/assettocorsa/comments/a6rmub/question_gearing_on_the_98t/ebxdja7/,assettocorsa
64,CH_SR,Is that 1/18? Who made it! Lovely.,1545016052.0,1544987252.0,/r/USCR/comments/a6koqw/christmas_present_came_a_bit_early/ebxcjku/,USCR
65,CH_SR,"Slight off-topic, but what value does the Racecraft setting start at? I just checked and my rating is 99, which I'm a little suspicious of, despite being treating the AI with a decent amount of respect!",1544999701.0,1544970901.0,/r/ACCompetizione/comments/a6f4qq/so_guys_whats_your_ratings_heres_mines/ebwsnyr/,ACCompetizione
