,author,body,created,created_utc,permalink,subreddit
0,CanadaSamus,"Graphic content should be allowed to be shown on mainstream media. I just watched the new Zealand mosque shooting. Although it was a sad video to watch, I found it informative. There is one scene where a victim gets really close to tackling the shooter but was shot in time. It made me think about how I would approach a situation like that.

Then I thought about all the other graphic content that is censored on TV and mainstream internet. Most people don't have any understanding of what happens to your body in a car accident. I have seen death photos of several car accident victims and it gets me to wear a seatbelt and drive carefully. 

 Moreover there is is a lot of content such as shootings,  cartel and terrorist executions, etc that I think are good to remind us of our mortality and the horrible things humans can do to each other.

Reddit's ban of r/watchpeopledie was stupid. I think people are scared that graphic content will hurt them. But somehow movie recreations of violence are ok. If graphic content is not something you like then change the channel, turn off the TV, don't click the link or go to a different site. But don't make other people have to dig around lycos and dark corners of the internet for this content.",1573744762.0,1573715962.0,/r/unpopularopinion/comments/dw5yo9/graphic_content_should_be_allowed_to_be_shown_on/,unpopularopinion
1,CanadaSamus,What is the solution for driving in winter?. I am from a cold place. If SDC's will have LIDAR then what if it freezes? What happens when the care is completely covered in Ice and snow that is covering cameras and sensors? How do SDC's account for slipping on Ice?,1557131071.0,1557102271.0,/r/SelfDrivingCars/comments/bl560c/what_is_the_solution_for_driving_in_winter/,SelfDrivingCars
