,author,body,created,created_utc,permalink,subreddit
0,ayush0016,Hahah that's true😛,1565300333.0,1565271533.0,/r/SelfDrivingCars/comments/cnaw4n/research_robust_lane_detection_and_tracking/ewbs7yl/,SelfDrivingCars
0,ayush0016,"Robust Lane detection and tracking framework for Autonomous Vehicles(Indian Roads) using Deep CNN, Ext. Hough Transform and Kalman Filter.. Being part of the perception team at an Autonomous Vehicle research lab I had been working on the development of the lane detection and tracking module for the vehicle catering to Indian road scenario. What made the project challenging were many factors unique to the Indian landscape like highly weathered lanes and unusually congested traffic problems which took the project close to 8 months to complete.The framework is trained and evaluated on the data collected by our experimental vehicle on Indian roads. The dataset consists of a total of 4500 frames with varying driving scenarios, including highways, urban roads, traffic, shadowed lanes, partially visible lanes and curved lanes.

Project Page/Github link : [https://github.com/ayush1997/Robust-Lane-Detection-and-Tracking](https://github.com/ayush1997/Robust-Lane-Detection-and-Tracking)",1565274161.0,1565245361.0,/r/ArtificialInteligence/comments/cnhpio/robust_lane_detection_and_tracking_framework_for/,ArtificialInteligence
1,ayush0016,"Robust Lane detection and tracking framework for Autonomous Vehicles(Indian Roads) using Deep CNN, Ext. Hough Transform and Kalman Filter.. ",1565273873.0,1565245073.0,/r/coolgithubprojects/comments/cnhnz5/robust_lane_detection_and_tracking_framework_for/,coolgithubprojects
1,ayush0016,"CNN is just used for lane detection, for tracking we are using traditional Kalman filter. Sorry if I wasn't clear.  Though we are trying to merge the tracking part into the CNN itself. Will update if we get any luck with that.

Thanks.",1565273644.0,1565244844.0,/r/SelfDrivingCars/comments/cnaw4n/research_robust_lane_detection_and_tracking/ewaj8jp/,SelfDrivingCars
2,ayush0016,Thanks !,1565273397.0,1565244597.0,/r/computervision/comments/cnb1a6/research_robust_lane_detection_and_tracking/ewaiu3o/,computervision
3,ayush0016,"Data collection wasn't a problem, but the lane annotations was. There hasn't been much of work done in this domain for Indian roads so we had to start from ground up  collecting our own data and annotating them - which was painstaking XD. 

Of the 4500 frames we had at that time we annotated \~1500 frames which gave us close to 6300 candidate lane patches for training and testing purposes. You can have a look at Table 1 for more details.

We are working on Mahindra E2o(Electric car), I am not sure about other equipments (they were handled by the hardware team) 

  
PS : I have added details regarding dataset and lane annotation process in the README. We haven't yet released the dataset.  


Thanks.",1565273360.0,1565244560.0,/r/MachineLearning/comments/cnb8cv/r_robust_lane_detection_and_tracking_framework/ewairqz/,MachineLearning
4,ayush0016,"Thanks, will look in into these. Moving ahead we would be focusing on the curved lane.",1565272270.0,1565243470.0,/r/SelfDrivingCars/comments/cnaw4n/research_robust_lane_detection_and_tracking/ewagy2e/,SelfDrivingCars
5,ayush0016,"We haven't taken the steering angle into consideration, as of now the model is detecting the lanes and tracking them. Based on the output of this module the planning module will be handling lane following and car steering.",1565272075.0,1565243275.0,/r/SelfDrivingCars/comments/cnaw4n/research_robust_lane_detection_and_tracking/ewaglxv/,SelfDrivingCars
2,ayush0016,"[R] Robust Lane detection and tracking framework for Autonomous Vehicles(Indian Roads) using Deep CNN, Ext. Hough Transform and Kalman Filter.. Being part of the perception team at an Autonomous Vehicle research lab I had been working on the development of the lane detection and tracking module for the vehicle catering to Indian road scenario. What made the project challenging were many factors unique to the Indian landscape like highly weathered lanes and unusually congested traffic problems which took the project close to 8 months to complete.The framework is trained and evaluated on the data collected by our experimental vehicle on Indian roads. The dataset consists of a total of 4500 frames with varying driving scenarios, including highways, urban roads, traffic, shadowed lanes, partially visible lanes and curved lanes.

Project Page/Github link : [https://github.com/ayush1997/Robust-Lane-Detection-and-Tracking](https://github.com/ayush1997/Robust-Lane-Detection-and-Tracking)",1565238761.0,1565209961.0,/r/MachineLearning/comments/cnb8cv/r_robust_lane_detection_and_tracking_framework/,MachineLearning
3,ayush0016,"[Research] Robust Lane detection and tracking framework for Autonomous Vehicles(Indian Roads) using Deep CNN, Ext. Hough Transform and Kalman Filter.. Being part of the perception team at an Autonomous Vehicle research lab I had been working on the development of the lane detection and tracking module for the vehicle catering to Indian road scenario. What made the project challenging were many factors unique to the Indian landscape like highly weathered lanes and unusually congested traffic problems which took the project close to 8 months to complete.The framework is trained and evaluated on the data collected by our experimental vehicle on Indian roads. The dataset consists of a total of 4500 frames with varying driving scenarios, including highways, urban roads, traffic, shadowed lanes, partially visible lanes and curved lanes.

Project Page/Github link : [https://github.com/ayush1997/Robust-Lane-Detection-and-Tracking](https://github.com/ayush1997/Robust-Lane-Detection-and-Tracking)",1565237858.0,1565209058.0,/r/computervision/comments/cnb1a6/research_robust_lane_detection_and_tracking/,computervision
4,ayush0016,"[Research] Robust Lane detection and tracking framework for Autonomous Vehicles(Indian Roads) using Deep CNN, Ext. Hough Transform and Kalman Filter.. Being part of the perception team at an Autonomous Vehicle research lab I had been working on the development of the lane detection and tracking module for the vehicle catering to Indian road scenario. What made the project challenging were many factors unique to the Indian landscape like highly weathered lanes and unusually congested traffic problems which took the project close to 8 months to complete.The framework is trained and evaluated on the data collected by our experimental vehicle on Indian roads. The dataset consists of a total of 4500 frames with varying driving scenarios, including highways, urban roads, traffic, shadowed lanes, partially visible lanes and curved lanes.

Project Page/Github link : [https://github.com/ayush1997/Robust-Lane-Detection-and-Tracking](https://github.com/ayush1997/Robust-Lane-Detection-and-Tracking)",1565237216.0,1565208416.0,/r/SelfDrivingCars/comments/cnaw4n/research_robust_lane_detection_and_tracking/,SelfDrivingCars
5,ayush0016,"[Research] Robust Lane detection and tracking framework for Autonomous Vehicles(Indian Roads) using Deep CNN, Ext. Hough Transform and Kalman Filter.. Being part of the perception team at an Autonomous Vehicle research lab I had been working on the development of the lane detection and tracking module for the vehicle catering to Indian road scenario. What made the project challenging were many factors unique to the Indian landscape like highly weathered lanes and unusually congested traffic problems which took the project close to 8 months to complete.  
The framework is trained and evaluated on the data collected by our experimental vehicle on Indian roads. The dataset consists of a total of 4500 frames with varying driving scenarios, including highways, urban roads, traffic, shadowed lanes, partially visible lanes and curved lanes.

Project Page/Github link : [https://github.com/ayush1997/Robust-Lane-Detection-and-Tracking](https://github.com/ayush1997/Robust-Lane-Detection-and-Tracking)",1565236514.0,1565207714.0,/r/deeplearning/comments/cnaqe0/research_robust_lane_detection_and_tracking/,deeplearning
6,ayush0016,"So basically Given a youtube video we have to predict how many likes it might have got by teaching machine on many other videos.The machine learns how different factors(i.e feature) are affecting the like counts.
Made it as a self learning project but the idea can be exploited to get some insights of user engagement varying with different factor in this domain",1486417401.0,1486388601.0,/r/coolgithubprojects/comments/5rn7di/youtube_like_count_predictor_using_machine/ddecvrw/,coolgithubprojects
7,ayush0016,"Thanks for your feedback!
So basically after removing some of the features based on the feature importance values(which I got using RFE-sklearn) it boosted up the accuracy compared to feeding all features.The probable reason I can think of was that those features were adding to confusion for decision taking at those points.
""computational overkill"" I agree,but didn't have much hard time with hardware configuration I had for computation.",1486174667.0,1486145867.0,/r/datascience/comments/5rn7ta/youtube_like_count_predictor_using_machine/ddafifz/,datascience
8,ayush0016,"Hi,
No particular reason for metric, any regression metric r^2, rmse or mse could be used.
RFE was used as a feature selection process,to get the feature importance/ranking for 33 features and using the most relevant features from them.",1486170535.0,1486141735.0,/r/datascience/comments/5rn7ta/youtube_like_count_predictor_using_machine/ddabs5x/,datascience
9,ayush0016,"Thanks for suggestion,any particular reason for this",1486089911.0,1486061111.0,/r/coolgithubprojects/comments/5rn7di/youtube_like_count_predictor_using_machine/dd8vdmk/,coolgithubprojects
6,ayush0016,YouTube Like Count Predictor using Machine Learning. ,1486076384.0,1486047584.0,/r/datascience/comments/5rn7ta/youtube_like_count_predictor_using_machine/,datascience
7,ayush0016,[Project]YouTube Like Count Predictor using Machine Learning. ,1486076321.0,1486047521.0,/r/MachineLearning/comments/5rn7l1/projectyoutube_like_count_predictor_using_machine/,MachineLearning
8,ayush0016,YouTube Like Count Predictor using Machine Learning. ,1486076261.0,1486047461.0,/r/coolgithubprojects/comments/5rn7di/youtube_like_count_predictor_using_machine/,coolgithubprojects
10,ayush0016,"Hi,
If you see in the references of he github repo there are some papers mentioned,having a great interest in deep learning in computer vision I have tried to implelement some techiniques provided in the paper.
I am not a radiology expert so have little idea abt whether annotatios were based on the whole image or on presegmented nodule.You can go to the link provided in the ""Dataset "" section of repo(Readme) It might give you some idea.",1484065999.0,1484037199.0,/r/coolgithubprojects/comments/5lsaga/chest_xray_image_analysis_using_deep_learning_and/dc8hhxk/,coolgithubprojects
9,ayush0016,Chest Xray image analysis using Deep learning and Transfer learning.. ,1483553315.0,1483524515.0,/r/neuralnetworks/comments/5lyclc/chest_xray_image_analysis_using_deep_learning_and/,neuralnetworks
11,ayush0016,"Initially I was gonna implement saliency map for the images but had some issues with  tensorflow imlplementation .Rather I would also try R-CNN for localization of nodules
Thanks!",1483530337.0,1483501537.0,/r/MachineLearning/comments/5ls9u8/projectchest_xray_image_analysis_using_deep/dbz2jo6/,MachineLearning
12,ayush0016,"This is pretty cool!
",1483505600.0,1483476800.0,/r/MachineLearning/comments/5ls9u8/projectchest_xray_image_analysis_using_deep/dbyiso2/,MachineLearning
13,ayush0016,"I agree it's really hard to find the appropriate data for medical imaging.
This might help you ->
https://openi.nlm.nih.gov/gridquery.php?q=glioblastoma&it=m",1483501482.0,1483472682.0,/r/MachineLearning/comments/5ls9u8/projectchest_xray_image_analysis_using_deep/dbyf03r/,MachineLearning
10,ayush0016,Chest Xray image analysis using Deep learning and Transfer Learning.. ,1483487277.0,1483458477.0,/r/computervision/comments/5lskx8/chest_xray_image_analysis_using_deep_learning_and/,computervision
11,ayush0016,Chest Xray image analysis using Deep learning and Transfer Learning in Tensorflow. ,1483486201.0,1483457401.0,/r/tensorflow/comments/5lshhh/chest_xray_image_analysis_using_deep_learning_and/,tensorflow
12,ayush0016,Chest Xray image analysis using Deep learning and Transfer Learning. ,1483485142.0,1483456342.0,/r/artificial/comments/5lse5y/chest_xray_image_analysis_using_deep_learning_and/,artificial
13,ayush0016,Chest Xray image analysis using Deep learning and Transfer learning.. ,1483484058.0,1483455258.0,/r/datascience/comments/5lsaun/chest_xray_image_analysis_using_deep_learning_and/,datascience
14,ayush0016,Chest Xray image analysis using Deep learning and Transfer Learning.. ,1483483918.0,1483455118.0,/r/coolgithubprojects/comments/5lsaga/chest_xray_image_analysis_using_deep_learning_and/,coolgithubprojects
15,ayush0016,[Project]Chest Xray image analysis using Deep learning and Transfer Learning.. ,1483483709.0,1483454909.0,/r/MachineLearning/comments/5ls9u8/projectchest_xray_image_analysis_using_deep/,MachineLearning
16,ayush0016,Python package to visualize some processes involved in Machine learning.. ,1475116108.0,1475087308.0,/r/datascience/comments/54xtew/python_package_to_visualize_some_processes/,datascience
17,ayush0016,Python Package to visualize the steps involved in dealing with a ML problem.. ,1475115332.0,1475086532.0,/r/Python/comments/54xqy6/python_package_to_visualize_the_steps_involved_in/,Python
18,ayush0016,Visualize the steps involved in dealing with a ML problem.. ,1475114497.0,1475085697.0,/r/coolgithubprojects/comments/54xocb/visualize_the_steps_involved_in_dealing_with_a_ml/,coolgithubprojects
14,ayush0016,"Hi,
So the main purpose of making this library was to visualize things that has happened behind the scenes(in some processes), just for example when we use feature selection module in sklearn we feed in the data and get the desired features.So what relation module (evaluate_ML) does is plots the feature variables with target variables with appropriate statistical measure which in a way helps me to see what were the reasons of the selection of particular features.So while dealing with problems like in kaggle of any other I like to see the relation between variables before moving forward.
",1470169170.0,1470140370.0,/r/MachineLearning/comments/4vg202/visualize_the_steps_involved_in_dealing_with_a_ml/d60wtmq/,MachineLearning
19,ayush0016,Visualize the steps involved in dealing with a ML problem.. ,1469976765.0,1469947965.0,/r/MachineLearning/comments/4vg202/visualize_the_steps_involved_in_dealing_with_a_ml/,MachineLearning
