,author,body,created,created_utc,permalink,subreddit
0,dorafins,"Emmys 2019 Winners List: Game of Thrones, Fleabag Take Top Awards. ",1569260705.0,1569231905.0,/r/entertainment/comments/d849y2/emmys_2019_winners_list_game_of_thrones_fleabag/,entertainment
0,dorafins,Dear Comrade!,1569260199.0,1569231399.0,/r/funny/comments/d83x5x/opposites_attract/f170kux/,funny
1,dorafins,This is how Indian ladies will scold others.,1569260005.0,1569231205.0,/r/funny/comments/d83x9p/damn_looks_fun_to_join_and_dap_with_them/f170dp6/,funny
1,dorafins,US stocks turn lower on weak European manufacturing. ,1569259750.0,1569230950.0,/r/economy/comments/d8457e/us_stocks_turn_lower_on_weak_european/,economy
2,dorafins,"Something is Killing Galaxies, and Scientists Are On the Case. ",1569259334.0,1569230534.0,/r/space/comments/d8439x/something_is_killing_galaxies_and_scientists_are/,space
3,dorafins,INX Media case: Chidambaram denies CBI claim of using FM office for personal gain. ,1569258857.0,1569230057.0,/r/india/comments/d840yw/inx_media_case_chidambaram_denies_cbi_claim_of/,india
4,dorafins,Indonesia's president postpones vote to criminalize sex outside marriage. ,1569255388.0,1569226588.0,/r/news/comments/d83kr1/indonesias_president_postpones_vote_to/,news
5,dorafins,"For 1 in 16 US women, first sexual intercourse experience was rape, study says. ",1568728833.0,1568700033.0,/r/Health/comments/d5ct6l/for_1_in_16_us_women_first_sexual_intercourse/,Health
6,dorafins,Most massive neutron star ever detected strains the limits of physics. ,1568728210.0,1568699410.0,/r/Physics/comments/d5cpws/most_massive_neutron_star_ever_detected_strains/,Physics
2,dorafins,Well said.,1568728169.0,1568699369.0,/r/funny/comments/d5atth/our_son_turns_1_next_weekhe_giggled_at_three/f0l5dwm/,funny
3,dorafins,The baby loves it!,1568728116.0,1568699316.0,/r/funny/comments/d5atth/our_son_turns_1_next_weekhe_giggled_at_three/f0l5cfk/,funny
7,dorafins,Bright yellow garbage bags are the city’s solution to Chinatown’s trash problem. ,1568727947.0,1568699147.0,/r/environment/comments/d5colo/bright_yellow_garbage_bags_are_the_citys_solution/,environment
4,dorafins,Those funny guys! LOL!,1568727809.0,1568699009.0,/r/funny/comments/d51a5o/take_note/f0l53vu/,funny
8,dorafins,Astronomers discover a massive neutron star that almost shouldn't exist. ,1568727173.0,1568698373.0,/r/science/comments/d5ckih/astronomers_discover_a_massive_neutron_star_that/,science
5,dorafins,Those funny frogs made me laugh!,1568727100.0,1568698300.0,/r/funny/comments/d4yr5m/frog_ride_irl/f0l4jpc/,funny
6,dorafins,The cat hates this.,1568727003.0,1568698203.0,/r/funny/comments/d59148/pump_it_aaaaaaahhhhhhhhhh/f0l4gsv/,funny
9,dorafins,Why Battle At Big Rock Has Me Excited For Jurassic World 3. ,1568726906.0,1568698106.0,/r/entertainment/comments/d5cj33/why_battle_at_big_rock_has_me_excited_for/,entertainment
10,dorafins,"""Will Visit Srinagar Myself"": Chief Justice Reacts To Claim On High Court. ",1568654453.0,1568625653.0,/r/india/comments/d4y6p3/will_visit_srinagar_myself_chief_justice_reacts/,india
7,dorafins,Its our choice.,1568654367.0,1568625567.0,/r/india/comments/d4xju0/one_nation_one_language/f0hlz4j/,india
11,dorafins,Borderlands 3 PC doubles 2's peak concurrent users at launch. ,1568654051.0,1568625251.0,/r/Games/comments/d4y4v5/borderlands_3_pc_doubles_2s_peak_concurrent_users/,Games
8,dorafins,The dog's reaction!,1568653970.0,1568625170.0,/r/funny/comments/d4qnol/ooh_look_a_squirrel_oh_shi_cant_stop/f0hlizd/,funny
12,dorafins,"Purdue Pharma, Accused Of Fueling Opioid Crisis, Files For Chapter 11. ",1568653836.0,1568625036.0,/r/USNEWS/comments/d4y3tf/purdue_pharma_accused_of_fueling_opioid_crisis/,USNEWS
9,dorafins,Red car: Lets race.,1568651627.0,1568622827.0,/r/funny/comments/d4sa53/the_hero_we_need/f0himml/,funny
10,dorafins,The scariest moment!,1568651498.0,1568622698.0,/r/funny/comments/d4uxkl/theres_something_in_the_water/f0higku/,funny
13,dorafins,Oil prices spike after Saudi attack disrupts global supply. ,1568651424.0,1568622624.0,/r/economy/comments/d4xsnr/oil_prices_spike_after_saudi_attack_disrupts/,economy
14,dorafins,"Brexit: UK will reject any delay offer, PM to tell Juncker. ",1568651140.0,1568622340.0,/r/worldnews/comments/d4xrej/brexit_uk_will_reject_any_delay_offer_pm_to_tell/,worldnews
11,dorafins,In India.. was doing group study with my friends,1568232583.0,1568203783.0,/r/AskReddit/comments/d2p325/serious_where_were_you_and_what_you_were_doing/ezvzxkv/,AskReddit
15,dorafins,UK teen sentenced for hacking and selling personal details to criminals. ,1568232415.0,1568203615.0,/r/JusticeServed/comments/d2p2yc/uk_teen_sentenced_for_hacking_and_selling/,JusticeServed
12,dorafins,This cage is not enough for those 4 budgies or buy the same as this and separate it.,1566572855.0,1566544055.0,/r/budgies/comments/cttm2i/i_think_my_bird_is_getting_bullied_help_me_out_in/exsguym/,budgies
16,dorafins,South Korean Leader Strikes Conciliatory Tone in Dispute With Japan. ,1565884711.0,1565855911.0,/r/news/comments/cqmvan/south_korean_leader_strikes_conciliatory_tone_in/,news
13,dorafins,His pose!,1565884142.0,1565855342.0,/r/funny/comments/cqknrn/ha/ewxfexo/,funny
17,dorafins,Jay-Z Reportedly Spoke with Colin Kaepernick About New NFL Partnership. ,1565883652.0,1565854852.0,/r/entertainment/comments/cqmqoz/jayz_reportedly_spoke_with_colin_kaepernick_about/,entertainment
18,dorafins,"Ninja ""Disgusted"" After Twitch Accidentally Promotes Porn On His Old Channel. ",1565702964.0,1565674164.0,/r/Games/comments/cponlm/ninja_disgusted_after_twitch_accidentally/,Games
14,dorafins,Mutton curry looking like a bowl of tomato soup!,1565702891.0,1565674091.0,/r/india/comments/cpo2mr/an_indian_menu_in_japan/ewqpwxq/,india
19,dorafins,"40,000 people register for ‘Howdy, Modi’ community summit in Houston. ",1565702806.0,1565674006.0,/r/india/comments/cpomrv/40000_people_register_for_howdy_modi_community/,india
20,dorafins,Questions swirl around Epstein’s monitoring before suicide. ,1565702646.0,1565673846.0,/r/USNEWS/comments/cpolwv/questions_swirl_around_epsteins_monitoring_before/,USNEWS
15,dorafins,Because its a judgment day.,1565702527.0,1565673727.0,/r/funny/comments/cpibpl/why_did_i_draw_this/ewqpl10/,funny
21,dorafins,"As Saudis and Indians Grow Closer, a $15 Billion Deal Blooms. ",1565702121.0,1565673321.0,/r/economy/comments/cpoiye/as_saudis_and_indians_grow_closer_a_15_billion/,economy
16,dorafins,The horse and a donkey.,1565702038.0,1565673238.0,/r/funny/comments/cpirpx/pic_of_24_horsemen_of_the_apocalypse/ewqp4v8/,funny
17,dorafins,Two-in-one!,1565701549.0,1565672749.0,/r/funny/comments/cpl9rw/who_else_thinks_my_wifes_new_can_opener_hehe/ewqoo8m/,funny
22,dorafins,Hong Kong struggling to reopen airport day after pro-democracy demonstrations forced cancellation of flights. ,1565701489.0,1565672689.0,/r/worldnews/comments/cpofai/hong_kong_struggling_to_reopen_airport_day_after/,worldnews
18,dorafins,Slow and study wins the race.,1565635032.0,1565606232.0,/r/funny/comments/cpa6m0/just_bought_a_slow_cooker/ewo54ly/,funny
23,dorafins,"World Elephant Day: Pitted against humans, pachyderms in Assam battle insensitive crowd, constraints of tiny living space. ",1565634840.0,1565606040.0,/r/india/comments/cpal5m/world_elephant_day_pitted_against_humans/,india
19,dorafins,She did her best to make her baby laugh!,1565634735.0,1565605935.0,/r/funny/comments/cpa5s8/they_find_it_really_hilarious_when_their_mother/ewo4wka/,funny
20,dorafins,Illusion!,1565634628.0,1565605828.0,/r/funny/comments/cpa2vu/i_just_found_this_on_my_mobile/ewo4tm5/,funny
24,dorafins,No-deal Brexit could deepen Europe's shortage of medicines - experts. ,1565634595.0,1565605795.0,/r/worldnews/comments/cpajy1/nodeal_brexit_could_deepen_europes_shortage_of/,worldnews
21,dorafins,What happened to him???,1565634471.0,1565605671.0,/r/funny/comments/cpa7yb/what_happenedrepost/ewo4pd1/,funny
22,dorafins,Trust the Universe. You will get everything that you lost. Good vibes.,1565634342.0,1565605542.0,/r/lawofattraction/comments/cp6bpp/losing_faith_in_loa/ewo4ly3/,lawofattraction
23,dorafins,Think different!,1565634028.0,1565605228.0,/r/funny/comments/cpa97n/somewhere_in_india/ewo4dfx/,funny
25,dorafins,Teen Choice Awards: Taylor Swift backs equal pay for US footballers. ,1565633023.0,1565604223.0,/r/entertainment/comments/cpabi4/teen_choice_awards_taylor_swift_backs_equal_pay/,entertainment
26,dorafins,Epstein’s guards were working ‘extreme’ OT at short-staffed lockup. ,1565627144.0,1565598344.0,/r/USNEWS/comments/cp9in6/epsteins_guards_were_working_extreme_ot_at/,USNEWS
24,dorafins,Splash!!!,1565627083.0,1565598283.0,/r/funny/comments/cp98k7/that_mustve_hurt/ewnzltc/,funny
25,dorafins,"Thank god, His penis is away.",1565627033.0,1565598233.0,/r/funny/comments/cp9ap1/and_still_doesnt_regret_it/ewnzkkx/,funny
26,dorafins,I go with #2.,1565626927.0,1565598127.0,/r/lawofattraction/comments/cp4vsd/try_this_a_simple_but_revealing_exercise/ewnzi0f/,lawofattraction
27,dorafins,His skill!,1565626707.0,1565597907.0,/r/funny/comments/covqku/accuracy/ewnzck0/,funny
27,dorafins,Cathay threatens to fire staff over 'illegal' HK protests. ,1565625829.0,1565597029.0,/r/business/comments/cp9cca/cathay_threatens_to_fire_staff_over_illegal_hk/,business
28,dorafins,That's great. Happy for you:) Thanks for sharing.,1565625437.0,1565596637.0,/r/lawofattraction/comments/cp2abn/jokingly_told_universe_i_wish_i_could_get_tipped/ewnyhi7/,lawofattraction
28,dorafins,‘Ready to Rumble’: U.S.-China Fight Puts World Economy on the Brink. ,1565117614.0,1565088814.0,/r/economy/comments/cmp26y/ready_to_rumble_uschina_fight_puts_world_economy/,economy
29,dorafins,Choose the white color car.,1565117514.0,1565088714.0,/r/funny/comments/cmolzm/multiple_choice_answers_on_an_exam/ew3o7ks/,funny
29,dorafins,China Warns Hong Kong Protesters Not to ‘Take Restraint for Weakness’. ,1565117410.0,1565088610.0,/r/worldnews/comments/cmp179/china_warns_hong_kong_protesters_not_to_take/,worldnews
30,dorafins,Assisted dying: Australian cancer patient first to use new law. ,1565028484.0,1564999684.0,/r/news/comments/cm93qy/assisted_dying_australian_cancer_patient_first_to/,news
31,dorafins,Asteroid tsunami: Scientist's dire warning to US coast over ocean impact. ,1565026945.0,1564998145.0,/r/science/comments/cm8wkj/asteroid_tsunami_scientists_dire_warning_to_us/,science
30,dorafins,Not her day!,1565026764.0,1564997964.0,/r/funny/comments/cm8nou/oops_maybe_this_one_nope_this_one/ew0nm9n/,funny
32,dorafins,MHA asks security forces to remain on high alert post Article 370 abrogation. ,1565026636.0,1564997836.0,/r/india/comments/cm8v1z/mha_asks_security_forces_to_remain_on_high_alert/,india
31,dorafins,Life is hard!,1565026606.0,1564997806.0,/r/india/comments/cm7wyx/how_i_cross_the_signal_everyday_to_go_to_school/ew0nig1/,india
32,dorafins,I can feel the pain!,1565026363.0,1564997563.0,/r/funny/comments/cm8she/did_this_at_work_and_now_i_know_exactly_how_my/ew0ncet/,funny
33,dorafins,"No Man's Sky: Huge ""Beyond"" Update Releases In August. ",1565021839.0,1564993039.0,/r/Games/comments/cm88yg/no_mans_sky_huge_beyond_update_releases_in_august/,Games
33,dorafins,She broke her knee!,1565021630.0,1564992830.0,/r/funny/comments/cm71d6/wait_for_it/ew0k3cp/,funny
34,dorafins,Poland’s immigrant stance at odds with need for workers. ,1565020715.0,1564991915.0,/r/economy/comments/cm83ts/polands_immigrant_stance_at_odds_with_need_for/,economy
34,dorafins,Very Nice.,1565020102.0,1564991302.0,/r/funny/comments/cm74sc/nice/ew0j16g/,funny
35,dorafins,"Euro zone second-quarter growth halves, inflation slows despite jobless at 11-year low. ",1564600139.0,1564571339.0,/r/economy/comments/ck70q6/euro_zone_secondquarter_growth_halves_inflation/,economy
35,dorafins,I won't laugh at this.,1564600072.0,1564571272.0,/r/funny/comments/ck6tlj/theres_nothing_better_than_a_new_knife/evjwmrl/,funny
36,dorafins,Spanish slugs: Moscow alarm over giant invasive pests. ,1564599971.0,1564571171.0,/r/science/comments/ck6zou/spanish_slugs_moscow_alarm_over_giant_invasive/,science
37,dorafins,Model lies about being transgender after receiving backlash for anti-trans comments: report. ,1564599770.0,1564570970.0,/r/entertainment/comments/ck6yfu/model_lies_about_being_transgender_after/,entertainment
38,dorafins,Ear 'tickling' therapy could 'help thwart ageing'. ,1564596635.0,1564567835.0,/r/Health/comments/ck6h6v/ear_tickling_therapy_could_help_thwart_ageing/,Health
36,dorafins,Hold on! The next station is arriving soon!,1564596550.0,1564567750.0,/r/funny/comments/ck62im/next_station_is_shit/evjqfbj/,funny
39,dorafins,"""3 Days, 3 Bills, Is It Pizza Delivery?"" Derek O'Brien In Parliament. ",1564596485.0,1564567685.0,/r/india/comments/ck6gbv/3_days_3_bills_is_it_pizza_delivery_derek_obrien/,india
37,dorafins,Kid: What I did!!!,1564596393.0,1564567593.0,/r/funny/comments/ck65zk/why_they_do_lil_homie_like_that/evjq64o/,funny
38,dorafins,It's art!,1564508397.0,1564479597.0,/r/funny/comments/cjp4dc/my_dog_doing_yoga_with_her_bunny/eveuq7y/,funny
40,dorafins,Missing CCD founder Siddhartha’s letter alleges harassment from I-T dept. officials. ,1564507742.0,1564478942.0,/r/india/comments/cjpb9y/missing_ccd_founder_siddharthas_letter_alleges/,india
39,dorafins,Out of mind!,1564507554.0,1564478754.0,/r/funny/comments/cjnje1/just_overthink/evetv3t/,funny
41,dorafins,‘Quite phenomenal’: Arctic heatwave hits most northerly settlement in world. ,1564499109.0,1564470309.0,/r/environment/comments/cjo3qb/quite_phenomenal_arctic_heatwave_hits_most/,environment
40,dorafins,It never ends.,1564497796.0,1564468996.0,/r/funny/comments/cjnjde/the_revised_field_sobriety_test_looks_intense/evejvpu/,funny
41,dorafins,That twist!,1564497483.0,1564468683.0,/r/funny/comments/cjntyi/justin_predicted_the_woah_9_years_ago/evejjks/,funny
42,dorafins,"Fortnite Season 10 Teasers Point To The Visitor, Dusty Depot. ",1564497224.0,1564468424.0,/r/Games/comments/cjntjv/fortnite_season_10_teasers_point_to_the_visitor/,Games
43,dorafins,Ethiopia plants more than 350 million trees in 12 hours. ,1564496930.0,1564468130.0,/r/news/comments/cjnry6/ethiopia_plants_more_than_350_million_trees_in_12/,news
42,dorafins,Scaring the animals be like!,1564496841.0,1564468041.0,/r/funny/comments/cjaylm/goddammit_ron/eveiuaf/,funny
43,dorafins,Its a dog or dragon robot!,1564496644.0,1564467844.0,/r/funny/comments/cjjc8r/we_have_come_full_circle/eveimnc/,funny
44,dorafins,'The Bachelorette' Finale: Hannah Brown Speaks Out on 'Rumors' in Candid Message to Viewers. ,1564496369.0,1564467569.0,/r/entertainment/comments/cjnox5/the_bachelorette_finale_hannah_brown_speaks_out/,entertainment
45,dorafins,Why the Fed Is Cutting Rates When the Economy Looks Good. ,1564426960.0,1564398160.0,/r/economy/comments/cj9qk5/why_the_fed_is_cutting_rates_when_the_economy/,economy
44,dorafins,You didn't sleep!,1564426564.0,1564397764.0,/r/funny/comments/cj9csz/they_enjoy_watching_me_sleep/evbwf99/,funny
45,dorafins,This is a huge one!,1564426506.0,1564397706.0,/r/funny/comments/cj9fd6/nsfw_getting_a_crack_at_praying/evbwdmt/,funny
46,dorafins,Canalboat owners on life afloat: 'It forces you to be green'. ,1564426386.0,1564397586.0,/r/environment/comments/cj9njt/canalboat_owners_on_life_afloat_it_forces_you_to/,environment
47,dorafins,Britain is turbo-charging no-deal Brexit preparations: foreign minister. ,1564426292.0,1564397492.0,/r/news/comments/cj9mxz/britain_is_turbocharging_nodeal_brexit/,news
48,dorafins,"74% Of Adults Have Been Harassed While Gaming Online, Study Says. ",1564080733.0,1564051933.0,/r/Games/comments/chm4cq/74_of_adults_have_been_harassed_while_gaming/,Games
46,dorafins,She has 2 different reactions!,1564080544.0,1564051744.0,/r/funny/comments/chlhir/the_jigsaw_puzzle_girl_is_alright/euuwcif/,funny
49,dorafins,France's Flyboard hero Franky Zapata failed in his attempt to cross English Channel. ,1564079629.0,1564050829.0,/r/worldnews/comments/chlymc/frances_flyboard_hero_franky_zapata_failed_in_his/,worldnews
47,dorafins,This message is only to humans!,1564079572.0,1564050772.0,/r/funny/comments/chliup/press_f_to_duck/euuua5w/,funny
50,dorafins,"Sachin Ahir, NCP’s Mumbai chief, joins Shiv Sena ahead of Maharashtra assembly elections. ",1564078837.0,1564050037.0,/r/india/comments/chluqu/sachin_ahir_ncps_mumbai_chief_joins_shiv_sena/,india
48,dorafins,Fabulous art!,1564078056.0,1564049256.0,/r/india/comments/chll81/want_to_share_my_recent_drawing_with_my_fellow/euur3ko/,india
49,dorafins,Like a playboy!,1564077974.0,1564049174.0,/r/funny/comments/chl590/living_the_dream/euuqxwi/,funny
50,dorafins,Llama at rest.,1564077858.0,1564049058.0,/r/funny/comments/chl41d/it_is_forbidden_to_spit_on_llamas_warning_sign_a/euuqply/,funny
51,dorafins,Genome research shows that the body controls the integrity of heritable genomes. ,1564077790.0,1564048990.0,/r/biology/comments/chlpgf/genome_research_shows_that_the_body_controls_the/,biology
52,dorafins,"Chimpanzees' working memory similar to ours: Contrary to humans, chimpanzees did not use search strategies to facilitate their task. ",1564077323.0,1564048523.0,/r/science/comments/chln3s/chimpanzees_working_memory_similar_to_ours/,science
53,dorafins,"""One Day BJP Will Discover..."": Priyanka Gandhi's Warning On Karnataka. ",1563975612.0,1563946812.0,/r/india/comments/ch425y/one_day_bjp_will_discover_priyanka_gandhis/,india
51,dorafins,No one knows!,1563975555.0,1563946755.0,/r/india/comments/ch3ujo/no_estimate_of_black_money_in_swiss_banks_finance/euotpr9/,india
52,dorafins,Those bananas were grown on trees!,1563975294.0,1563946494.0,/r/india/comments/ch3ymo/rahul_bose_charged_442_for_two_bananas_at_5star/euot51l/,india
54,dorafins,"Court refuses to halt construction of controversial Hawaii telescope, governor urges calm amid protests. ",1563974428.0,1563945628.0,/r/USNEWS/comments/ch3vrk/court_refuses_to_halt_construction_of/,USNEWS
55,dorafins,"U.S. Home Sales Stumble, as Pricey West Coast Markets Suffer Declines. ",1563974163.0,1563945363.0,/r/economy/comments/ch3ubt/us_home_sales_stumble_as_pricey_west_coast/,economy
53,dorafins,What she is looking at!,1563974096.0,1563945296.0,/r/funny/comments/ch1pgn/dont_look_in_there/euoq47c/,funny
56,dorafins,South Korea asks Japan not to impose tougher trade conditions. ,1563973947.0,1563945147.0,/r/worldnews/comments/ch3t6y/south_korea_asks_japan_not_to_impose_tougher/,worldnews
54,dorafins,Thank you for making us proud :),1563894410.0,1563865610.0,/r/india/comments/cgoz7e/harmeet_desai_ayhika_mukherjee_win_singles_gold/euj94pc/,india
57,dorafins,Apple is said to be close to buying Intel’s Modem Business for $1 billion. ,1563894344.0,1563865544.0,/r/india/comments/cgp9xm/apple_is_said_to_be_close_to_buying_intels_modem/,india
55,dorafins,Timing!,1563894115.0,1563865315.0,/r/funny/comments/cgot75/dont_text_and_scoot/euj8qlc/,funny
56,dorafins,Installing Reinstalling...,1563894001.0,1563865201.0,/r/funny/comments/cgovk0/rip_in_peace/euj8kl3/,funny
58,dorafins,20 of the best campsites in UK and Europe by public transport: readers’ travel tips. ,1563893919.0,1563865119.0,/r/travel/comments/cgp7sr/20_of_the_best_campsites_in_uk_and_europe_by/,travel
57,dorafins,"Better luck next time, dude!",1563893798.0,1563864998.0,/r/funny/comments/cgp0rl/not_today_igor_not_today/euj8b3t/,funny
59,dorafins,"First moon-bound Orion crew capsule declared complete, major tests remain. ",1563893752.0,1563864952.0,/r/science/comments/cgp6zq/first_moonbound_orion_crew_capsule_declared/,science
58,dorafins,Gonna blast in a few mins.,1563893471.0,1563864671.0,/r/funny/comments/cgbdq3/this_is_not_a_warning/euj7v56/,funny
60,dorafins,Debbie Horsfield says postnatal depression helped her write Poldark. ,1563892456.0,1563863656.0,/r/culture/comments/cgp0ht/debbie_horsfield_says_postnatal_depression_helped/,culture
59,dorafins,I'll try. Thank you :),1563892303.0,1563863503.0,/r/lawofattraction/comments/cgn74p/affirmation_tip_if_you_struggle_with_visualizing/euj6aen/,lawofattraction
61,dorafins,Matt Damon and Ben Affleck to play 14th-century knights in Ridley Scott's The Last Duel. ,1563892260.0,1563863460.0,/r/entertainment/comments/cgozjb/matt_damon_and_ben_affleck_to_play_14thcentury/,entertainment
62,dorafins,Tiny Vibration-Powered Robots are the Size of the World's Smallest Ant. ,1563811502.0,1563782702.0,/r/nature/comments/cgadqs/tiny_vibrationpowered_robots_are_the_size_of_the/,nature
60,dorafins,It's really huge!,1563810958.0,1563782158.0,/r/funny/comments/cg9pn8/babybatter_up/eufnhht/,funny
63,dorafins,Hip-hop horseman: Fab 5 Freddy gallops through Renaissance art. ,1563810790.0,1563781990.0,/r/culture/comments/cgaani/hiphop_horseman_fab_5_freddy_gallops_through/,culture
61,dorafins,How my life goes!,1563810448.0,1563781648.0,/r/funny/comments/cg9yyp/lesson_learn_my_little_buddy/eufn40d/,funny
64,dorafins,"Big Little Lies’ season 2 finale ends on a lackluster, disappointing note. ",1563809964.0,1563781164.0,/r/entertainment/comments/cga6us/big_little_lies_season_2_finale_ends_on_a/,entertainment
62,dorafins,His presence of mind!,1563809867.0,1563781067.0,/r/funny/comments/cg9z6n/did_him_dirty/eufmogd/,funny
63,dorafins,Beautiful view.,1563809775.0,1563780975.0,/r/india/comments/cg9lxs/rozi_port_jamngargujarat_one_of_calmest_evenings/eufmlys/,india
65,dorafins,Chandrayaan 2 launch live updates: liquid hydrogen is being filled into the cryogenic stage. ,1563809678.0,1563780878.0,/r/india/comments/cga5nd/chandrayaan_2_launch_live_updates_liquid_hydrogen/,india
64,dorafins,That cat face!,1563809106.0,1563780306.0,/r/funny/comments/cga0j1/classic_dad/eufm3x6/,funny
65,dorafins,[That Shape and Smile](https://i.redd.it/4onjmi1vktrx.jpg),1563791078.0,1563762278.0,/r/gentlemanboners/comments/cg3m0x/eiza_gonzalez/euf4g80/,gentlemanboners
66,dorafins,Fuji - Japan. ,1563790959.0,1563762159.0,/r/pics/comments/cg7ebe/fuji_japan/,pics
66,dorafins,I would read books..,1563742181.0,1563713381.0,/r/AskReddit/comments/cfymll/if_you_could_spend_today_doing_anything_what/euddb66/,AskReddit
67,dorafins,Amazon Warns Customers: Those Supplements Might Be Fake. ,1563741812.0,1563713012.0,/r/technews/comments/cfylru/amazon_warns_customers_those_supplements_might_be/,technews
67,dorafins,We still miss you MJ.,1563547846.0,1563519046.0,/r/funny/comments/cer3sa/hes_baaaaaack/eu75vhp/,funny
68,dorafins,Thanks a lot.,1563547075.0,1563518275.0,/r/lawofattraction/comments/ceei1c/guys_loa_really_works_holy_wow_manifested_dream/eu752mt/,lawofattraction
68,dorafins,"US Law Firm Opens ""Switch Joy-Con Drift"" Class Action Investigation. ",1563547029.0,1563518229.0,/r/Games/comments/cf44ku/us_law_firm_opens_switch_joycon_drift_class/,Games
69,dorafins,My life is awesome and I'm so grateful.,1563546023.0,1563517223.0,/r/lawofattraction/comments/ceu1aa/command_your_life_if_you_want_it_to_be_good_say/eu73yo1/,lawofattraction
70,dorafins,Her sis did it!,1563545873.0,1563517073.0,/r/funny/comments/cez8zp/at_least_one_of_them_finds_it_funny/eu73soy/,funny
71,dorafins,Happiest Grandma.,1563545678.0,1563516878.0,/r/funny/comments/cf2tgk/cosplay_done_right/eu73l3w/,funny
69,dorafins,4 Chicago police officers fired over statements they made after another officer fatally shot Laquan McDonald. ,1563545499.0,1563516699.0,/r/USNEWS/comments/cf3x2n/4_chicago_police_officers_fired_over_statements/,USNEWS
70,dorafins,"China’s debt at 303% of GDP, 15% of global total: Report. ",1563543549.0,1563514749.0,/r/economy/comments/cf3nb8/chinas_debt_at_303_of_gdp_15_of_global_total/,economy
71,dorafins,Chance of no-deal Brexit rises as Johnson leads Hunt: poll. ,1563543300.0,1563514500.0,/r/worldnews/comments/cf3lyk/chance_of_nodeal_brexit_rises_as_johnson_leads/,worldnews
72,dorafins,She needs a stool now.,1563543247.0,1563514447.0,/r/funny/comments/cey5je/my_51_girlfriend_went_to_a_brewery_and_sent_me/eu70wvd/,funny
73,dorafins,They are together now!,1563543168.0,1563514368.0,/r/funny/comments/cew9z6/he_is_so_proud_of_himself/eu70tor/,funny
72,dorafins,"IMA scam accused Mohammed Mansoor Khan returns to India, arrested. ",1563543029.0,1563514229.0,/r/india/comments/cf3kig/ima_scam_accused_mohammed_mansoor_khan_returns_to/,india
73,dorafins,Rs 400 cr plot linked to Mayawati’s brother seized by income tax officials. ,1563474380.0,1563445580.0,/r/india/comments/ceqpct/rs_400_cr_plot_linked_to_mayawatis_brother_seized/,india
74,dorafins,"Watch Space Camp Launch Nearly 5,000 Model Rockets for Apollo 11 (and Seek a World Record). ",1563472210.0,1563443410.0,/r/space/comments/ceqeaj/watch_space_camp_launch_nearly_5000_model_rockets/,space
74,dorafins,Why u didn't close it well!,1563466439.0,1563437639.0,/r/funny/comments/cedcj8/just_tried_to_help/eu449fc/,funny
75,dorafins,"An antioxidant in red wine might power astronauts on Mars, study says. ",1563465929.0,1563437129.0,/r/science/comments/cepl8n/an_antioxidant_in_red_wine_might_power_astronauts/,science
75,dorafins,Belly smiles.,1563465273.0,1563436473.0,/r/funny/comments/celcde/the_face_your_belly_makes_when_beer_is_coming/eu43fzl/,funny
76,dorafins,Gets trendy.,1563464210.0,1563435410.0,/r/funny/comments/cemy1f/how_i_dressed_as_a_kid_vs_kids_these_days/eu42ocv/,funny
76,dorafins,Puerto Rico protests: Thousands march demanding governor resign. ,1563464129.0,1563435329.0,/r/news/comments/cepcy3/puerto_rico_protests_thousands_march_demanding/,news
77,dorafins,When ink got over!,1563462910.0,1563434110.0,/r/funny/comments/cekmp1/bored_in_classexe/eu41pfc/,funny
77,dorafins,Wacom’s new Cintiq 22 is a bigger addition to its entry-level pen display line. ,1563462810.0,1563434010.0,/r/Games/comments/cep6mk/wacoms_new_cintiq_22_is_a_bigger_addition_to_its/,Games
78,dorafins,"Game of Thrones actress Gwendoline Christie nominates herself for an Emmy, gets nod. ",1563460692.0,1563431892.0,/r/entertainment/comments/ceowda/game_of_thrones_actress_gwendoline_christie/,entertainment
78,dorafins,Your mom has a huge one!,1563303161.0,1563274361.0,/r/funny/comments/cdv4p2/he_found_the_breastplate_stretcher/etwk412/,funny
79,dorafins,The dog can feel ur pain.,1563302921.0,1563274121.0,/r/funny/comments/cdv8hl/oh_sweet_jeepers_no/etwjxcj/,funny
80,dorafins,Miss u MJ.,1563302857.0,1563274057.0,/r/funny/comments/cdvbb2/im_already_inside/etwjvje/,funny
79,dorafins,How North Korea’s Leader Gets His Luxury Cars. ,1563302239.0,1563273439.0,/r/worldnews/comments/cdvbfk/how_north_koreas_leader_gets_his_luxury_cars/,worldnews
81,dorafins,It's a face!,1563300965.0,1563272165.0,/r/funny/comments/cdv2nn/flip_it/etwihkv/,funny
80,dorafins,A material way to make Mars habitable. ,1563300761.0,1563271961.0,/r/environment/comments/cdv3x8/a_material_way_to_make_mars_habitable/,environment
81,dorafins,"2 Dead As 100-Year-Old Building Collapses In Mumbai, 40 Feared Trapped. ",1563299206.0,1563270406.0,/r/india/comments/cduwap/2_dead_as_100yearold_building_collapses_in_mumbai/,india
82,dorafins,They are equal.,1563299165.0,1563270365.0,/r/india/comments/cdtm3o/gujarat_959_students_same_answers_same_mistakes_np/etwh989/,india
83,dorafins,Thank you so much.,1563298498.0,1563269698.0,/r/india/comments/cdueo2/forty_years_after_retirement_iaf_man_donates_over/etwgt2v/,india
84,dorafins,Say Good bye.,1563298166.0,1563269366.0,/r/funny/comments/cdufwd/breakup_hurts_more/etwgl2r/,funny
82,dorafins,Strange evolution: The weird future of life on Earth. ,1563296660.0,1563267860.0,/r/science/comments/cdukje/strange_evolution_the_weird_future_of_life_on/,science
85,dorafins,Let it go means just leave it to the Universe.,1563293573.0,1563264773.0,/r/lawofattraction/comments/cdeono/let_go_and_amazing_things_will_happen_to_you/etwdipj/,lawofattraction
83,dorafins,South Korea calls Japan reports of North Korea sanctions breach 'grave challenge'. ,1563215565.0,1563186765.0,/r/worldnews/comments/cdftf3/south_korea_calls_japan_reports_of_north_korea/,worldnews
86,dorafins,Its a perfect timing snap!,1563215505.0,1563186705.0,/r/funny/comments/cdfh5j/dragon_knight/ettlpic/,funny
87,dorafins,Awful!,1563214963.0,1563186163.0,/r/WatchPeopleDieInside/comments/cd6lzj/bangs_was_what_she_wanted_actually/ettlbw1/,WatchPeopleDieInside
88,dorafins,Avoid Plastics.,1563214513.0,1563185713.0,/r/funny/comments/cdflr6/my_exgirlfriend_morphed_into_a_parking_sign/ettl0nq/,funny
84,dorafins,One Giant Leap for Mankind: The 50th Anniversary of Apollo 11. ,1563214104.0,1563185304.0,/r/science/comments/cdfmhf/one_giant_leap_for_mankind_the_50th_anniversary/,science
85,dorafins,Babri masjid demolition case: Sessions judge seeks more time from Supreme Court to finish case. ,1563206055.0,1563177255.0,/r/india/comments/cdelwg/babri_masjid_demolition_case_sessions_judge_seeks/,india
86,dorafins,‘It’s our problem’: Brazilian drama brings Amazon rainforest battle to screen. ,1563205762.0,1563176962.0,/r/environment/comments/cdekmf/its_our_problem_brazilian_drama_brings_amazon/,environment
89,dorafins,I hope everyone is safe inside.,1563205593.0,1563176793.0,/r/WatchPeopleDieInside/comments/cd27yv/never_text_and_drive/ettf8sa/,WatchPeopleDieInside
87,dorafins,Trump's Nationwide Immigration Raids Fail to Materialize. ,1563204677.0,1563175877.0,/r/USNEWS/comments/cdefjt/trumps_nationwide_immigration_raids_fail_to/,USNEWS
90,dorafins,He is a WWE fan!,1563204595.0,1563175795.0,/r/WatchPeopleDieInside/comments/cd983e/these_two_absolute_drunk_legends_are_best/etteijn/,WatchPeopleDieInside
88,dorafins,AT&T will soon automatically block annoying robocalls. ,1562877302.0,1562848502.0,/r/tech/comments/cbv86n/att_will_soon_automatically_block_annoying/,tech
91,dorafins,Thats a great stat,1562877031.0,1562848231.0,/r/teslamotors/comments/cb380t/teslas_tsla_elon_musk_is_currently_the_auto/etif43d/,teslamotors
92,dorafins,Nikola Tesla..,1562876861.0,1562848061.0,/r/AskReddit/comments/cbv4u0/if_you_were_able_to_speak_to_one_person_living_or/etiewk0/,AskReddit
89,dorafins,Man sentenced to 615 years for crimes against children. ,1562876607.0,1562847807.0,/r/JusticeServed/comments/cbv482/man_sentenced_to_615_years_for_crimes_against/,JusticeServed
93,dorafins,We miss tony greg ...,1562876490.0,1562847690.0,/r/Cricket/comments/cbkjqf/the_best_thing_that_can_happen_to_a_cricket_match/etiegq6/,Cricket
94,dorafins,Everyone should plant one tree a month,1562876383.0,1562847583.0,/r/AskReddit/comments/cbv2kh/if_you_could_write_one_new_law_that_everyone_had/etiec4i/,AskReddit
95,dorafins,Black & White combination.,1562786284.0,1562757484.0,/r/funny/comments/cbf9a1/never_seen_like_this/etf2901/,funny
96,dorafins,"This “smart” glass might not be able to complete calculations complex enough for those uses, but the team does have one possible application for it in mind: smartphone security.",1562785919.0,1562757119.0,/r/Futurology/comments/cbe60f/scientists_create_an_ai_from_a_sheet_of_glass/etf1wyt/,Futurology
90,dorafins,FDA lifts import ban for genetically modified salmon eggs. ,1562785515.0,1562756715.0,/r/Futurology/comments/cbfbup/fda_lifts_import_ban_for_genetically_modified/,Futurology
91,dorafins,Kim Fields' Planning Beth Chapman's Colorado Memorial Service. ,1562785389.0,1562756589.0,/r/entertainment/comments/cbfb51/kim_fields_planning_beth_chapmans_colorado/,entertainment
97,dorafins,She hides her pain to make us laugh!,1562771572.0,1562742772.0,/r/funny/comments/caz86q/stay_in_school_they_said_you_will_learn_a_lot/eteqvdn/,funny
98,dorafins,Hurting someone is not funny.,1562771024.0,1562742224.0,/r/funny/comments/cb84si/paper_airplane/eteqfe2/,funny
92,dorafins,"Nintendo Announces Next Free NES Games For Switch And A New ""Rewind"" Feature. ",1562770976.0,1562742176.0,/r/Games/comments/cbdel8/nintendo_announces_next_free_nes_games_for_switch/,Games
99,dorafins,Angry birds.,1562769956.0,1562741156.0,/r/funny/comments/cb78ja/intoxicated_woman_tries_to_pay_with_card/etepiyr/,funny
93,dorafins,Technician dies after being pulled in by SpiceJet plane's hydraulic flap. ,1562769759.0,1562740959.0,/r/india/comments/cbd85e/technician_dies_after_being_pulled_in_by_spicejet/,india
100,dorafins,Say hi! to everyone.,1562766173.0,1562737373.0,/r/funny/comments/cb8wey/i_think_its_flipping_me_off/etem1f9/,funny
94,dorafins,Ross Perot’s Warning of a ‘Giant Sucking Sound’ on Nafta Echoes Today. ,1562764872.0,1562736072.0,/r/economy/comments/cbci9r/ross_perots_warning_of_a_giant_sucking_sound_on/,economy
95,dorafins,"Sean Hannity on FISA abuse inquiry developments: Comey, Yates, McCabe, and Rosenstein 'should be very worried'. ",1562764006.0,1562735206.0,/r/USNEWS/comments/cbcd6m/sean_hannity_on_fisa_abuse_inquiry_developments/,USNEWS
96,dorafins,"Sean Hannity on FISA abuse inquiry developments: Comey, Yates, McCabe, and Rosenstein 'should be very worried'. ",1562763921.0,1562735121.0,/r/worldnews/comments/cbccos/sean_hannity_on_fisa_abuse_inquiry_developments/,worldnews
97,dorafins,How Do Space Suits Even Work?. ,1562679718.0,1562650918.0,/r/science/comments/cawnh9/how_do_space_suits_even_work/,science
98,dorafins,"Rahul Gandhi In Court Today For Calling Amit Shah ""Murder Accused"". ",1562679116.0,1562650316.0,/r/india/comments/cawk66/rahul_gandhi_in_court_today_for_calling_amit_shah/,india
101,dorafins,There is no end to it!,1562678935.0,1562650135.0,/r/india/comments/cawfq2/delhi_sixyearold_battles_for_life_after_sexual/etbkmyt/,india
102,dorafins,"Boy, Turn around u have a surprise.",1562678834.0,1562650034.0,/r/funny/comments/caoohv/ahh_the_public_pool/etbkjep/,funny
103,dorafins,"The skating board was too heavy, man..",1562678426.0,1562649626.0,/r/funny/comments/caqb7q/wait_for_it/etbk5ck/,funny
104,dorafins,"We should pull out to enter into the ""Family court courtroom"".",1562678329.0,1562649529.0,/r/funny/comments/cat4vu/a_little_too_late_to_tell_me_that_now_huh/etbk1ww/,funny
99,dorafins,"Pelosi calls for Acosta to step down over Epstein plea deal, hits Trump. ",1562678226.0,1562649426.0,/r/USNEWS/comments/cawf75/pelosi_calls_for_acosta_to_step_down_over_epstein/,USNEWS
100,dorafins,Rich Indians To The Rescue As Chinese Tourists Shun Thailand. ,1562678135.0,1562649335.0,/r/economy/comments/cawepf/rich_indians_to_the_rescue_as_chinese_tourists/,economy
105,dorafins,Dog's powerful engine.,1562678031.0,1562649231.0,/r/funny/comments/carsvv/starting_your_doggo/etbjrhd/,funny
106,dorafins,She had the same reaction every day but the last day was special.,1562677964.0,1562649164.0,/r/funny/comments/cas6ux/this_girl_embarassing_her_sister_while_she_picks/etbjp1k/,funny
101,dorafins,"'Underground terror tunnel dug from Gaza into Israel' discovered, military says. ",1562677812.0,1562649012.0,/r/worldnews/comments/cawcv9/underground_terror_tunnel_dug_from_gaza_into/,worldnews
107,dorafins,She impressed.,1562609568.0,1562580768.0,/r/funny/comments/cad6b2/when_the_girl_next_to_you_is_a_cutie_but_you_dont/et910jo/,funny
102,dorafins,"Admiral who was to become Navy's top officer to retire instead, citing bad judgment. ",1562608709.0,1562579909.0,/r/USNEWS/comments/caj3dr/admiral_who_was_to_become_navys_top_officer_to/,USNEWS
108,dorafins,Let's play.,1562608123.0,1562579323.0,/r/funny/comments/ca8557/going_to_a_club_in_my_30s/et90387/,funny
109,dorafins,One day offer!,1562608017.0,1562579217.0,/r/funny/comments/cafwde/we_had_40_people_over_for_a_party_this_weekend/et900sa/,funny
103,dorafins,Contact Lenses Flushed Down Toilets Pollute Oceans. ,1562607131.0,1562578331.0,/r/science/comments/caivv3/contact_lenses_flushed_down_toilets_pollute_oceans/,science
104,dorafins,Detecting a Single Unit of Sound. ,1562602007.0,1562573207.0,/r/Physics/comments/cai937/detecting_a_single_unit_of_sound/,Physics
110,dorafins,It 'll be more clear without the CD.,1562601979.0,1562573179.0,/r/funny/comments/ca6vlr/spec_ops_coming_in/et8w53x/,funny
105,dorafins,How to Help Your Dog Stay Calm During Fireworks. ,1562601181.0,1562572381.0,/r/culture/comments/cai5ig/how_to_help_your_dog_stay_calm_during_fireworks/,culture
111,dorafins,The bird finally made it!,1562600866.0,1562572066.0,/r/funny/comments/caa5zt/frustrated_angry_birb_attacks/et8veet/,funny
106,dorafins,"Goodbye, Rahul Gandhi? | India Today Insight. ",1562600589.0,1562571789.0,/r/india/comments/cai30n/goodbye_rahul_gandhi_india_today_insight/,india
112,dorafins,Why should he cut his own parts!!!,1562600502.0,1562571702.0,/r/india/comments/cahvdp/up_man_kills_wife_for_denying_sex_cuts_own/et8v5ap/,india
107,dorafins,Quakes on Mars May Share a Common Mechanism with Human-Caused Earthquakes. ,1562600314.0,1562571514.0,/r/science/comments/cai1ud/quakes_on_mars_may_share_a_common_mechanism_with/,science
113,dorafins,He deserves only that.,1562339422.0,1562310622.0,/r/india/comments/c9cwme/this_cracks_me_up_everytime/esw834l/,india
108,dorafins,Gujarat lawmakers vote for 2 Rajya Sabha seats today. BJP has an edge. ,1562339004.0,1562310204.0,/r/india/comments/c9cx4x/gujarat_lawmakers_vote_for_2_rajya_sabha_seats/,india
114,dorafins,I found the exit.,1562338774.0,1562309974.0,/r/funny/comments/c94ivh/hey_look_i_lifted_da_hammer_it_only_took_me_like/esw6mgt/,funny
109,dorafins,China Reiterates Demand That U.S. Must Lift All Tariffs. ,1562335513.0,1562306713.0,/r/news/comments/c9cgka/china_reiterates_demand_that_us_must_lift_all/,news
110,dorafins,J. Cole and Dreamville Drop ‘Revenge of the Dreamers III’ Album. ,1562335263.0,1562306463.0,/r/entertainment/comments/c9cfa5/j_cole_and_dreamville_drop_revenge_of_the/,entertainment
111,dorafins,Lil Nas X's Coming Out Planned Weeks Before Big Announcement. ,1562180692.0,1562151892.0,/r/entertainment/comments/c8mrfr/lil_nas_xs_coming_out_planned_weeks_before_big/,entertainment
112,dorafins,Supreme Court asks Meghalaya govt. to hand over ₹100 cr. fine to CPCB. ,1562178171.0,1562149371.0,/r/india/comments/c8mf55/supreme_court_asks_meghalaya_govt_to_hand_over/,india
116,dorafins,It's an emergency!,1562175967.0,1562147167.0,/r/india/comments/c8leur/kerala_tourism_department_launches_mobile_app_to/esnry4t/,india
117,dorafins,Via Mumbai to Pune.,1562175804.0,1562147004.0,/r/funny/comments/c8lvij/train_boat/esnrufa/,funny
113,dorafins,Chrome auto-fills your credit card details even without syncing browsers. ,1562175479.0,1562146679.0,/r/gadgets/comments/c8m24o/chrome_autofills_your_credit_card_details_even/,gadgets
118,dorafins,It's not an end!,1562174953.0,1562146153.0,/r/funny/comments/c8lxbe/the_ending/esnraut/,funny
114,dorafins,Japan PM Abe says no need to raise sales tax beyond 10% for decade. ,1562174188.0,1562145388.0,/r/economy/comments/c8lwiv/japan_pm_abe_says_no_need_to_raise_sales_tax/,economy
115,dorafins,Hong Kong protests and China's tightening grip rattle business community. ,1562174066.0,1562145266.0,/r/news/comments/c8lw06/hong_kong_protests_and_chinas_tightening_grip/,news
119,dorafins,Suck it..........,1562169825.0,1562141025.0,/r/funny/comments/c8kwi7/watch_out_for_this_super_sucker_machine/esno1cm/,funny
120,dorafins,Respect.,1562169766.0,1562140966.0,/r/funny/comments/c8l4mf/genderfild_5/esnnzz3/,funny
116,dorafins,Another mysterious deep space signal traced to the other side of the universe. ,1562169676.0,1562140876.0,/r/space/comments/c8ldmu/another_mysterious_deep_space_signal_traced_to/,space
117,dorafins,Black hole brings down curtain on jellyfish galaxy's star turn. ,1562168940.0,1562140140.0,/r/Physics/comments/c8laj9/black_hole_brings_down_curtain_on_jellyfish/,Physics
121,dorafins,He is heartbroken!,1562168685.0,1562139885.0,/r/india/comments/c8l6b0/overlooked_twice_for_world_cup_ambati_rayudu/esnn9o7/,india
122,dorafins,Humans watching it!,1562168520.0,1562139720.0,/r/funny/comments/c8l859/afternoon_nap_dreams/esnn5if/,funny
123,dorafins,Wooden PC looks broken.,1562168073.0,1562139273.0,/r/funny/comments/c8kyqf/this_wooden_pc_case_design/esnmu63/,funny
118,dorafins,"""What Sort Of Language Is This,"" Said Furious PM On Akash Vijayvargiya. ",1562167985.0,1562139185.0,/r/india/comments/c8l6bf/what_sort_of_language_is_this_said_furious_pm_on/,india
124,dorafins,How cruel!,1562167692.0,1562138892.0,/r/india/comments/c8kn2t/tribal_girl_thrashed_by_kin_in_full_public_view/esnmkis/,india
119,dorafins,"Two rabid bats found in Minneapolis, prompting warning. ",1562074185.0,1562045385.0,/r/Health/comments/c85bbe/two_rabid_bats_found_in_minneapolis_prompting/,Health
120,dorafins,"Mumbai airport’s main runway shut as rains batter city , 54 flights diverted. ",1562073945.0,1562045145.0,/r/india/comments/c85a3p/mumbai_airports_main_runway_shut_as_rains_batter/,india
125,dorafins,Gandhiji never wear a shirt!,1562073723.0,1562044923.0,/r/india/comments/c855zz/mahatma_gandhi_picture_is_imprinted_over_the_bear/esjxrst/,india
126,dorafins,The issues with earnings now are multi-pronged but tied mostly to tariffs and waning global growth.,1562073363.0,1562044563.0,/r/economy/comments/c81veb/companies_are_warning_that_earnings_results_are/esjxc95/,economy
121,dorafins,Growing push to raise the minimum wage for tipped workers. ,1562073303.0,1562044503.0,/r/economy/comments/c856te/growing_push_to_raise_the_minimum_wage_for_tipped/,economy
127,dorafins,"yes, it flies off.",1562073225.0,1562044425.0,/r/funny/comments/c80bfi/you_wanna_see_a_trick/esjx6bi/,funny
128,dorafins,Wipe it now!,1562073121.0,1562044321.0,/r/funny/comments/c82bdt/i_have_been_cruising_reddit_for_far_too_long/esjx0ta/,funny
122,dorafins,Geraldo Rivera: Border Patrol must show 'decency'. ,1562072327.0,1562043527.0,/r/USNEWS/comments/c851nl/geraldo_rivera_border_patrol_must_show_decency/,USNEWS
129,dorafins,Why stupid cat!,1562072228.0,1562043428.0,/r/funny/comments/c81v0h/typical_cat/esjvxt9/,funny
123,dorafins,Hong Kong protesters disperse one day after storming the legislature. ,1562072045.0,1562043245.0,/r/worldnews/comments/c8507r/hong_kong_protesters_disperse_one_day_after/,worldnews
130,dorafins,Throw it now.,1561997620.0,1561968820.0,/r/funny/comments/c7pjw0/this_game_is_cool_body_sensing_game/esgvco6/,funny
124,dorafins,Huawei has a chance to get its smartphone business back on track. It won't be easy. ,1561996700.0,1561967900.0,/r/technology/comments/c7ptjc/huawei_has_a_chance_to_get_its_smartphone/,technology
131,dorafins,Not a good actor.,1561996606.0,1561967806.0,/r/funny/comments/c7pmwt/iron_crotch/esguor0/,funny
132,dorafins,He can't open his eyes.,1561996535.0,1561967735.0,/r/funny/comments/c7pnrb/we_put_a_swimming_cap_on_our_non_swimmer_friend/esgun1e/,funny
125,dorafins,"A pregnant woman was shot, then indicted in her baby's death. Lawyers will try to get the charges dismissed. ",1561996443.0,1561967643.0,/r/USNEWS/comments/c7psg5/a_pregnant_woman_was_shot_then_indicted_in_her/,USNEWS
126,dorafins,Mental health of three generations has been harmed by the Holocaust as research suggests the physical effects of witnessing the genocide are still present in the brains of survivors' grandchildren. ,1561996298.0,1561967498.0,/r/science/comments/c7prs9/mental_health_of_three_generations_has_been/,science
127,dorafins,Kabul blast: Taliban attack kills at least 10 in Afghan capital. ,1561994416.0,1561965616.0,/r/news/comments/c7pjfc/kabul_blast_taliban_attack_kills_at_least_10_in/,news
133,dorafins,How to cut the onion without tears.,1561994231.0,1561965431.0,/r/funny/comments/c7owsg/genius_or_chameleon_in_his_past_life/esgt0mn/,funny
134,dorafins,"Piggy, take a look!",1561993125.0,1561964325.0,/r/funny/comments/c7ozhk/it_finally_happened/esgs72j/,funny
128,dorafins,"Every Marvel superhero movie, definitively ranked (including 'Spider-Man: Far From Home'). ",1561992987.0,1561964187.0,/r/entertainment/comments/c7pchl/every_marvel_superhero_movie_definitively_ranked/,entertainment
135,dorafins,That face reaction!,1561992792.0,1561963992.0,/r/funny/comments/c7p385/remember_kids_dont_play_with_fireworks/esgrxr1/,funny
136,dorafins,being responsible,1561809335.0,1561780535.0,/r/AskReddit/comments/c6u2ua/whats_the_best_thing_about_being_a_dad/esb7c86/,AskReddit
137,dorafins,he look really young,1561809065.0,1561780265.0,/r/Cricket/comments/c6n3o6/shoaib_akhtar_with_a_very_young_alex_hales_btw_is/esb7287/,Cricket
138,dorafins,Is this a temporary one or they are going to use this for the rest of the tournament,1561809030.0,1561780230.0,/r/Cricket/comments/c6j8vy/india_to_sport_the_all_new_away_kit_in_their_next/esb70x5/,Cricket
129,dorafins,Ajit Pai's Silence on Phone Tracking Abuse Is Further Eroding Faith in His Competence. ,1561808959.0,1561780159.0,/r/tech/comments/c6u2u7/ajit_pais_silence_on_phone_tracking_abuse_is/,tech
130,dorafins,Apple warns US Trade Representative. ,1561808558.0,1561779758.0,/r/Sino/comments/c6u0i6/apple_warns_us_trade_representative/,Sino
139,dorafins,Those perfume ads when men walk around girls blindly follow the man who use their brand,1561492145.0,1561463345.0,/r/AskReddit/comments/c50giy/reddit_what_commercial_do_you_hate_the_most/es02h87/,AskReddit
140,dorafins,Follow the rules,1561491965.0,1561463165.0,/r/AskReddit/comments/c57bdo/which_rule_in_life_is_better_not_followed/es02b9y/,AskReddit
131,dorafins,Russia to hold talks with Huawei in using Aurora operating system. ,1561491823.0,1561463023.0,/r/Sino/comments/c57bhh/russia_to_hold_talks_with_huawei_in_using_aurora/,Sino
132,dorafins,O2 teams up with UK space agencies to develop connectivity solutions for autonomous cars using 5G and satellite technology. ,1561407903.0,1561379103.0,/r/SelfDrivingCars/comments/c4mtx9/o2_teams_up_with_uk_space_agencies_to_develop/,SelfDrivingCars
141,dorafins,Happy Cheese Day.,1561393531.0,1561364731.0,/r/funny/comments/c4k4sn/this_dish_towel_makes_me_laugh_everyday_i_wanted/erx040n/,funny
133,dorafins,Tremors felt in Australia after 7.3-magnitude earthquake in Indonesia's Banda Sea. ,1561392135.0,1561363335.0,/r/news/comments/c4jzbg/tremors_felt_in_australia_after_73magnitude/,news
142,dorafins,"This guy doesn't care, what's going on besides.",1561388775.0,1561359975.0,/r/funny/comments/c4j4vl/child_does_a_killer_backflip/erwwwi5/,funny
134,dorafins,Haunting Video Is The First Footage Ever Recorded of a Giant Squid in US Waters. ,1561388315.0,1561359515.0,/r/science/comments/c4jhqa/haunting_video_is_the_first_footage_ever_recorded/,science
143,dorafins,There is a twist.,1561387925.0,1561359125.0,/r/funny/comments/c4j72b/the_correct_way_to_go_down_a_slide/erww9v0/,funny
144,dorafins,Those girls are interested only in particles.,1561387502.0,1561358702.0,/r/funny/comments/c4j8ep/_/erwvye3/,funny
145,dorafins,Thug life!,1561387048.0,1561358248.0,/r/funny/comments/c4j9gx/picasso_in_math_class/erwvlp1/,funny
135,dorafins,Flying Wallendas make history crossing Times Square 25 stories in the air. ,1561386953.0,1561358153.0,/r/entertainment/comments/c4jb9v/flying_wallendas_make_history_crossing_times/,entertainment
146,dorafins,Oh no! I thought it was a mirror between us.,1561386702.0,1561357902.0,/r/funny/comments/c4a7ug/oh_lord_jesus_help/erwvbyd/,funny
136,dorafins,"EA CEO Explains What Happened With Anthem And Why The Game Will Become ""Something Great"". ",1561386446.0,1561357646.0,/r/Games/comments/c4j8uk/ea_ceo_explains_what_happened_with_anthem_and_why/,Games
147,dorafins,"Yes, I wanna dive like humans.",1561386165.0,1561357365.0,/r/funny/comments/c4g3qm/he_can_fly/erwuwqk/,funny
137,dorafins,Chennai water crisis: DMK to stage protest against Tamil Nadu govt. ,1561385611.0,1561356811.0,/r/india/comments/c4j4y5/chennai_water_crisis_dmk_to_stage_protest_against/,india
148,dorafins,How cruel. Never show mercy to that rapist.,1561385579.0,1561356779.0,/r/india/comments/c4j0iv/11yearold_raped_killed_head_crushed_with_bricks/erwufsz/,india
149,dorafins,Sparrow is rare to see nowadays.,1561385261.0,1561356461.0,/r/india/comments/c4isoe/today_morning_after_a_long_time_this_guy_paid_me/erwu68r/,india
150,dorafins,It flies.,1561385181.0,1561356381.0,/r/funny/comments/c4cxt9/legend_has_it_his_shoes_never_landed/erwu3vv/,funny
138,dorafins,16-Inch MacBook Pro Said to Launch in September With LCD and 3072x1920 Resolution. ,1561383420.0,1561354620.0,/r/technology/comments/c4itoe/16inch_macbook_pro_said_to_launch_in_september/,technology
139,dorafins,Bernie Sanders to unveil plan to cancel all $1.6 trillion of student loan debt. ,1561383139.0,1561354339.0,/r/USNEWS/comments/c4is9o/bernie_sanders_to_unveil_plan_to_cancel_all_16/,USNEWS
151,dorafins,So that he is with her always.,1561382531.0,1561353731.0,/r/funny/comments/c48yql/i_got_busted_taking_a_picture_of_this_guys_funny/erwrtfg/,funny
140,dorafins,"China says both U.S., China should make compromises in trade talks. ",1561382419.0,1561353619.0,/r/economy/comments/c4iojw/china_says_both_us_china_should_make_compromises/,economy
152,dorafins,For the silky smooth shine.,1561382325.0,1561353525.0,/r/funny/comments/c4ayoa/always_use_protection/erwrmtx/,funny
141,dorafins,Jeremy Hunt tells Boris Johnson 'don't be a coward' over scrutiny. ,1561382179.0,1561353379.0,/r/worldnews/comments/c4in6w/jeremy_hunt_tells_boris_johnson_dont_be_a_coward/,worldnews
153,dorafins,Adorable.,1561144320.0,1561115520.0,/r/funny/comments/c34wav/its_mom_but_im_sleepy/erpfpbz/,funny
142,dorafins,US called off retaliatory strike against Iran in last minute: source. ,1561143645.0,1561114845.0,/r/news/comments/c396to/us_called_off_retaliatory_strike_against_iran_in/,news
143,dorafins,Hong Kong Protests Resume as Police Headquarters Is Surrounded. ,1561143592.0,1561114792.0,/r/news/comments/c396j9/hong_kong_protests_resume_as_police_headquarters/,news
154,dorafins,How dare you!,1561143119.0,1561114319.0,/r/funny/comments/c35ndn/nice_job/erper76/,funny
144,dorafins,‘Toy Story 4’ Seeing Second-Best Preview Night For Animated Pic With Around $12M – Early Look. ,1561141160.0,1561112360.0,/r/entertainment/comments/c38v8o/toy_story_4_seeing_secondbest_preview_night_for/,entertainment
155,dorafins,Why she wants to take a picture with that dog.,1561139887.0,1561111087.0,/r/funny/comments/c2zugg/wheres_your_diploma_my_dog_ate_it/erpcgqa/,funny
145,dorafins,Nouriel Roubini outlines the 2020 recession risk. ,1561139494.0,1561110694.0,/r/economy/comments/c38njf/nouriel_roubini_outlines_the_2020_recession_risk/,economy
146,dorafins,Thousands of protesters again hit HK's streets. ,1561137959.0,1561109159.0,/r/worldnews/comments/c38gfl/thousands_of_protesters_again_hit_hks_streets/,worldnews
156,dorafins,If she comes inside and sees it!,1561134139.0,1561105339.0,/r/funny/comments/c33mkw/no_im_not_drinking_beer/erp8rro/,funny
157,dorafins,Oh no!,1561058304.0,1561029504.0,/r/funny/comments/c2s1b8/sexy_newts/ermm4io/,funny
158,dorafins,Better luck next time.,1561056554.0,1561027754.0,/r/funny/comments/c2sbfe/i_is_dead_jk/ermkqnu/,funny
147,dorafins,"Xi Jinping Arrives in North Korea, With Many Eyes on Trump. ",1561054760.0,1561025960.0,/r/worldnews/comments/c2uagp/xi_jinping_arrives_in_north_korea_with_many_eyes/,worldnews
159,dorafins,Just miss.,1561043502.0,1561014702.0,/r/funny/comments/c2jhko/have_a_nice_dream/ermc1js/,funny
148,dorafins,APA Claims Texts Were Fabricated in Lurid Sex Harassment Suit. ,1561043300.0,1561014500.0,/r/entertainment/comments/c2suft/apa_claims_texts_were_fabricated_in_lurid_sex/,entertainment
160,dorafins,How long he is holding it!,1561039025.0,1561010225.0,/r/funny/comments/c2jr4b/they_said_i_could_be_anything/erm8hww/,funny
149,dorafins,Joe Biden says Cory Booker 'should apologize' for slam over working with segregationist senators. ,1561038765.0,1561009965.0,/r/USNEWS/comments/c2s80f/joe_biden_says_cory_booker_should_apologize_for/,USNEWS
161,dorafins,Ding Ding.,1561038664.0,1561009864.0,/r/funny/comments/c2m9fq/saw_this_on_the_car_i_was_parked_next_to/erm86w5/,funny
150,dorafins,Trump awards Medal of Freedom to economist who advised him on lowering taxes. ,1561036861.0,1561008061.0,/r/economy/comments/c2ry2l/trump_awards_medal_of_freedom_to_economist_who/,economy
162,dorafins,We should hold it tight.,1561036708.0,1561007908.0,/r/funny/comments/c2msb9/simple_magic/erm6gsb/,funny
151,dorafins,FBI testing minibar samples at Dominican Republic resort: report. ,1561036160.0,1561007360.0,/r/worldnews/comments/c2rudt/fbi_testing_minibar_samples_at_dominican_republic/,worldnews
163,dorafins,"Save the water, Please.",1561036076.0,1561007276.0,/r/worldnews/comments/c2rssc/indias_6th_biggest_city_is_almost_out_of_water/erm5vkk/,worldnews
164,dorafins,Hold his beer!,1561036016.0,1561007216.0,/r/funny/comments/c2mo2f/weapon_of_choice/erm5tiq/,funny
152,dorafins,"'AGT': Ansley Burns, 12, wows with a capella Aretha Franklin song after 'terrible' start. ",1560970190.0,1560941390.0,/r/entertainment/comments/c2fjwh/agt_ansley_burns_12_wows_with_a_capella_aretha/,entertainment
153,dorafins,"Mamata Banerjee, Mayawati Lead 'Excuse Me' List For PM's All-Party Meet. ",1560966124.0,1560937324.0,/r/india/comments/c2f0jr/mamata_banerjee_mayawati_lead_excuse_me_list_for/,india
154,dorafins,Dow futures modestly higher as investors await Fed meeting. ,1560965953.0,1560937153.0,/r/news/comments/c2ezqv/dow_futures_modestly_higher_as_investors_await/,news
165,dorafins,Thank you :),1560959976.0,1560931176.0,/r/lawofattraction/comments/c2c60o/smile_what_you_have_been_asking_for_is_on_the_way/erjiera/,lawofattraction
166,dorafins,What a perfection!,1560956945.0,1560928145.0,/r/funny/comments/c2968u/extreme_jenga/erjgazz/,funny
167,dorafins,How cruel!,1560956777.0,1560927977.0,/r/india/comments/c2df8w/13yearold_boy_gangraped_by_four_men_in_up_2_more/erjg6es/,india
155,dorafins,"Om Birla unanimously elected Lok Sabha Speaker, PM Modi heaps praises on BJP colleague. ",1560956679.0,1560927879.0,/r/india/comments/c2duic/om_birla_unanimously_elected_lok_sabha_speaker_pm/,india
168,dorafins,He tried his best.,1560956611.0,1560927811.0,/r/funny/comments/c28d1c/passed_out_for_the_first_time_in_my_life_last/erjg1yo/,funny
169,dorafins,"No, I need to hold my beer.",1560952057.0,1560923257.0,/r/funny/comments/c25nie/catch_then_chug/erjcbxx/,funny
156,dorafins,Congressional Hearing On Slavery Reparations Set For Wednesday. ,1560951719.0,1560922919.0,/r/USNEWS/comments/c2d4z6/congressional_hearing_on_slavery_reparations_set/,USNEWS
170,dorafins,"Yes, we are entertained.",1560951247.0,1560922447.0,/r/funny/comments/c26buw/are_you_not_entertained/erjbm54/,funny
157,dorafins,"No, the Dominican Republic hasn't suddenly become more dangerous. ",1560951087.0,1560922287.0,/r/economy/comments/c2d1z8/no_the_dominican_republic_hasnt_suddenly_become/,economy
171,dorafins,He just making us fool!,1560950667.0,1560921867.0,/r/funny/comments/c26w7b/an_attempt_to_be_injured/erjb3bl/,funny
158,dorafins,A 'muted' Johnson inches closer to PM chair after TV debate. ,1560950368.0,1560921568.0,/r/worldnews/comments/c2cymy/a_muted_johnson_inches_closer_to_pm_chair_after/,worldnews
172,dorafins,We call it a T-shirt.,1560949617.0,1560920817.0,/r/funny/comments/c271tn/nice_shirt_it_really_compliments_your_hallway/erja4ok/,funny
173,dorafins,"Finally, he found a lump.",1560799260.0,1560770460.0,/r/funny/comments/c1lx6k/can_you_check_my_what/ere25sd/,funny
174,dorafins,Why they need a sofa!,1560799090.0,1560770290.0,/r/funny/comments/c1lzdt/wait/ere20zk/,funny
175,dorafins,Those guys are fearless!,1560798732.0,1560769932.0,/r/funny/comments/c1lzdt/wait/ere1raf/,funny
176,dorafins,Face off!,1560798437.0,1560769637.0,/r/funny/comments/c1j5mo/nailed_itwell_almost/ere1jau/,funny
159,dorafins,The Poisons released by melting Arctic sea. ,1560797949.0,1560769149.0,/r/news/comments/c1m60r/the_poisons_released_by_melting_arctic_sea/,news
177,dorafins,That chimpanzees' dick!,1560797377.0,1560768577.0,/r/funny/comments/c1gknp/dude_gets_some_help_showering_from_his_chimpanzees/ere0rv5/,funny
178,dorafins,The big cat just scares him...,1560792657.0,1560763857.0,/r/funny/comments/c1faed/new_post_cat_attack/erdxszc/,funny
160,dorafins,"'Euphoria' Creator on Boundary-Pushing HBO Drama: ""We Didn't Want to Pull Any Punches"". ",1560790878.0,1560762078.0,/r/entertainment/comments/c1lasq/euphoria_creator_on_boundarypushing_hbo_drama_we/,entertainment
161,dorafins,Phoenix mayor apologizes for on-camera confrontation between cops and black family. ,1560780595.0,1560751795.0,/r/USNEWS/comments/c1k30q/phoenix_mayor_apologizes_for_oncamera/,USNEWS
179,dorafins,Huge Butt!!!!!,1560779438.0,1560750638.0,/r/funny/comments/c1esla/no_tags_needed/erdp7e2/,funny
162,dorafins,"China central bank injects funds, second phase of RRR cut takes effect. ",1560777719.0,1560748919.0,/r/economy/comments/c1jpms/china_central_bank_injects_funds_second_phase_of/,economy
180,dorafins,How she might react to this!,1560777633.0,1560748833.0,/r/funny/comments/c1g1ts/i_send_this_to_my_girlfriend_when_our_arguments/erdnq37/,funny
163,dorafins,Hong Kong Activist Joshua Wong Is Released From Prison Early. ,1560776351.0,1560747551.0,/r/worldnews/comments/c1jivi/hong_kong_activist_joshua_wong_is_released_from/,worldnews
181,dorafins,That speed by the rabbit!,1560776216.0,1560747416.0,/r/funny/comments/c1fv1a/aaaaand_im_outta_hare/erdmirc/,funny
182,dorafins,Play mode on.,1560625893.0,1560597093.0,/r/funny/comments/c0voh6/celt_flute_might_delete_later/er862ro/,funny
164,dorafins,"Greenland lost 2 billion tons of ice yesterday, which is very unusual. ",1560623762.0,1560594962.0,/r/science/comments/c0vyxs/greenland_lost_2_billion_tons_of_ice_yesterday/,science
165,dorafins,"Oberlin Helped Students Defame a Bakery, a Jury Says. The Punishment: $33 Million.. ",1560615420.0,1560586620.0,/r/news/comments/c0v39p/oberlin_helped_students_defame_a_bakery_a_jury/,news
184,dorafins,Nice song lyrics. No more babies.,1560614884.0,1560586084.0,/r/funny/comments/c0uok4/my_official_preventative_guide_for_unplanned/er7sj0b/,funny
185,dorafins,He is dancing for the song.,1560614292.0,1560585492.0,/r/funny/comments/c0uqxd/this_guy_is_training_for_the_orchestra/er7rtyc/,funny
186,dorafins,When it will stop in India!!!,1560614149.0,1560585349.0,/r/india/comments/c0r88e/15yearold_girl_kidnapped_gangraped_in_shamli/er7rmyt/,india
187,dorafins,Its all just lemon and ice tea.,1560613370.0,1560584570.0,/r/india/comments/c0rsym/new_restaurant_in_my_locoality_have_an/er7ql3t/,india
188,dorafins,Better have mocktails or lager beer.,1560612963.0,1560584163.0,/r/india/comments/c0twq4/can_some_enlight_me_regarding_various_alcoholic/er7q1za/,india
166,dorafins,"Rob Schneider hits back at Adam Sandler, says ‘it would be fun’ to pin him for murder: ‘I know his secrets’. ",1560612599.0,1560583799.0,/r/entertainment/comments/c0usf9/rob_schneider_hits_back_at_adam_sandler_says_it/,entertainment
189,dorafins,The Verge’s Sean Hollister still wishes he’d coughed up the cash for that Tauntaun sleeping bag.,1560610587.0,1560581787.0,/r/technology/comments/c0rl91/thinkgeekcom_is_shutting_down_and_thats_a_damn/er7muus/,technology
190,dorafins,That's great. Thank you for sharing. Hope ur Italy travel will be awesome.,1560608862.0,1560580062.0,/r/lawofattraction/comments/c0tby5/it_works_just_clean_up_your_vibration/er7kgac/,lawofattraction
191,dorafins,"I really want to read this. Thank u so much, friend. Good things coming to you :)",1560608525.0,1560579725.0,/r/lawofattraction/comments/c0ooq8/everything_that_you_want_its_on_its_way_get/er7jynl/,lawofattraction
167,dorafins,"""This is a mental-health crisis"": NYPD officer dies in third suspected suicide in less than 10 days. ",1560608333.0,1560579533.0,/r/USNEWS/comments/c0uaps/this_is_a_mentalhealth_crisis_nypd_officer_dies/,USNEWS
192,dorafins,Mom! Who is that guy!!!,1560607822.0,1560579022.0,/r/funny/comments/c0oqjb/that_moment_everything_changes/er7izbz/,funny
168,dorafins,"What nation isn’t obsessed with ensuring economic growth? New Zealand, apparently.. ",1560607667.0,1560578867.0,/r/economy/comments/c0u7gu/what_nation_isnt_obsessed_with_ensuring_economic/,economy
193,dorafins,Those girls are lucky.,1560606947.0,1560578147.0,/r/funny/comments/c0ph5j/the_correct_way_to_eat_your_ramen_noodle/er7hqzj/,funny
169,dorafins,David Ortiz's surgeons reveal extent of damage from gunshot: 'His stomach was full of blood'. ,1560606786.0,1560577986.0,/r/worldnews/comments/c0u31l/david_ortizs_surgeons_reveal_extent_of_damage/,worldnews
194,dorafins,At last penguins are got caught.,1560606197.0,1560577397.0,/r/funny/comments/c0pynj/smile_and_wave/er7go9m/,funny
195,dorafins,He focused perfectly.,1560603798.0,1560574998.0,/r/funny/comments/c0snd5/big_thanks_to_our_tour_guide_who_took_this_group/er7ddt9/,funny
196,dorafins,"1,2,3 here I go... Oops...",1560539766.0,1560510966.0,/r/funny/comments/c0iivb/ohhh_no_that_must_of_hurt/er4vgal/,funny
197,dorafins,Oops moment!,1560539687.0,1560510887.0,/r/funny/comments/c0ikfr/rare_footage_of_a_redditor_getting_his_first/er4vckd/,funny
198,dorafins,The credit goes to one who takes the photo.,1560539339.0,1560510539.0,/r/funny/comments/c0ib8j/thicc/er4uxdf/,funny
199,dorafins,"The Space Corps will he organized, trained, and equipped to provide freedom of operation for the United States in, from and to space. The Space Corps will “protect the interests of the United States in space; deter aggression, from and to space and conduct space operations.”",1560539279.0,1560510479.0,/r/Futurology/comments/c0iet8/house_armed_services_committee_votes_to_create_a/er4uunf/,Futurology
200,dorafins,Why!,1560538659.0,1560509859.0,/r/funny/comments/c0ij4x/cheers/er4u3kh/,funny
201,dorafins,The team says that the robot has been tested in the laboratory with a small number of operators carrying out tasks like cutting plastic pipes.,1560538460.0,1560509660.0,/r/Futurology/comments/c0ip0g/semiautonomous_robots_to_make_decommissioning/er4tw3e/,Futurology
202,dorafins,That cat's head.,1560538052.0,1560509252.0,/r/funny/comments/c0holu/man_vs_wild/er4tgwh/,funny
203,dorafins,I hope he is okay now.,1560537986.0,1560509186.0,/r/funny/comments/c0hkyk/lets_see_it/er4tehi/,funny
204,dorafins,No one to eat the banana.,1560537841.0,1560509041.0,/r/funny/comments/c0hmt9/bananas/er4t9fh/,funny
170,dorafins,"Chrome can display websites in dark mode, if you want it to. ",1560536233.0,1560507433.0,/r/technology/comments/c0ifk5/chrome_can_display_websites_in_dark_mode_if_you/,technology
205,dorafins,Aiming at the left eye.,1560536035.0,1560507235.0,/r/funny/comments/c0ho7h/she_cant_miss/er4ryz0/,funny
206,dorafins,Have a cake and take a breath!,1560535784.0,1560506984.0,/r/funny/comments/c0hqfg/wifi_password_in_cafebakery/er4rsy1/,funny
207,dorafins,That was a perfect bite.,1560535701.0,1560506901.0,/r/funny/comments/c0hu2f/thotness_gone/er4rr1b/,funny
208,dorafins,Perfect shot.,1560533686.0,1560504886.0,/r/funny/comments/c0hr0r/rat_removal_assembly_line/er4qg2n/,funny
171,dorafins,Trump appears to have inadvertently infused Democratic investigations after ABC interview. ,1560531966.0,1560503166.0,/r/USNEWS/comments/c0hwtr/trump_appears_to_have_inadvertently_infused/,USNEWS
172,dorafins,Man Accused In New Zealand Mosque Shootings That Killed 51 Pleads Not Guilty. ,1560531904.0,1560503104.0,/r/news/comments/c0hwjx/man_accused_in_new_zealand_mosque_shootings_that/,news
173,dorafins,Volvo and Uber's self-driving production car hits the road. ,1560466958.0,1560438158.0,/r/SelfDrivingCars/comments/c06wcc/volvo_and_ubers_selfdriving_production_car_hits/,SelfDrivingCars
209,dorafins,But the problem is when you made a frequent call to a number and when u make a new call from your new phone frequently you can be easily traced. that's the problem with IMEI number.,1560464079.0,1560435279.0,/r/technology/comments/c05b7k/the_saudi_government_is_hunting_down_women_who/er1qk8s/,technology
174,dorafins,Facebook backs social commerce startup Meesho in first India investment. ,1560456538.0,1560427738.0,/r/technology/comments/c050mn/facebook_backs_social_commerce_startup_meesho_in/,technology
210,dorafins,pigs enjoy organs for 30 mins,1560456315.0,1560427515.0,/r/AskReddit/comments/c04ym9/what_is_the_most_interesting_fact_you_have_ever/er16fed/,AskReddit
211,dorafins,FCC President..,1560456283.0,1560427483.0,/r/AskReddit/comments/c04z1h/what_jobs_are_way_overpaid_in_your_opinion/er16cxe/,AskReddit
212,dorafins,"I used to challenge little things.. so that i gain momentum. Suppose when i plan to read 2 hours a day i will start slowly like 15 mins. 
And slowly i will raise this to one hour and move on. 

Its easy. Success is all about gaining momentum. Start setting small targets.",1560456196.0,1560427396.0,/r/AskReddit/comments/c04xty/reddit_how_do_you_challenge_yourself_and_grow_as/er1660c/,AskReddit
213,dorafins,Do you have one?,1560456084.0,1560427284.0,/r/AskReddit/comments/c04xse/it_only_costs_5_millionyear_to_operate_a_private/er15x60/,AskReddit
175,dorafins,Teslas will be able to drive themselves to work by the end of 2019 - Elon Musk. ,1560455922.0,1560427122.0,/r/elonmusk/comments/c04x0m/teslas_will_be_able_to_drive_themselves_to_work/,elonmusk
214,dorafins,Medical Marijuana,1560453333.0,1560424533.0,/r/AskReddit/comments/c04i0i/what_are_the_illegal_things_that_should_be_legal/er0z6g4/,AskReddit
176,dorafins,Ford will test new third-generation self-driving cars in Detroit. ,1560439234.0,1560410434.0,/r/technology/comments/c02qdp/ford_will_test_new_thirdgeneration_selfdriving/,technology
215,dorafins,Facebook need lots of time to worry with kind of stuffs they do,1560438917.0,1560410117.0,/r/technology/comments/bzzn0z/facebook_worried_about_mark_zuckerbergs_old/er03cc6/,technology
216,dorafins,If this is dream i will wake up ... if its real i will complain to police with what all i know,1560438793.0,1560409993.0,/r/AskReddit/comments/c02o3d/you_find_out_that_your_teacher_is_a_serial_killer/er031tq/,AskReddit
177,dorafins,Google fires several lobbying firms amid possible antitrust probe: report. ,1560438619.0,1560409819.0,/r/technews/comments/c02nil/google_fires_several_lobbying_firms_amid_possible/,technews
217,dorafins,I watch some beautiful songs and videos in youtube and will divert my mind for time being.. Then i will get used to it .,1560438531.0,1560409731.0,/r/AskReddit/comments/c02mmo/how_do_you_resist_junk_food_cravings/er02hpu/,AskReddit
218,dorafins,Weather Websites are going to earn more when compared to cricket websites. by the way which is that best month to host a tournament like world cup in England? i heard they get rain for 200 odd days every year.,1560437372.0,1560408572.0,/r/Cricket/comments/c01o0m/lol/eqzzu74/,Cricket
219,dorafins,This is david warner 2.0,1560437272.0,1560408472.0,/r/Cricket/comments/bzupsl/david_warner_gifts_his_man_of_the_match_award_to/eqzzltz/,Cricket
220,dorafins,Hitler.. You know the reason..,1560437235.0,1560408435.0,/r/AskReddit/comments/c02gxm/if_you_could_erase_one_person_from_history_who/eqzziwj/,AskReddit
178,dorafins,Teslas will be able to drive themselves to work by the end of 2019. ,1560437201.0,1560408401.0,/r/SelfDrivingCars/comments/c02h00/teslas_will_be_able_to_drive_themselves_to_work/,SelfDrivingCars
179,dorafins,"Pauley Perrette Says She’s “Terrified” Of ‘NCIS’ Star Mark Harmon, Reviving Assault Claim. ",1560008582.0,1559979782.0,/r/entertainment/comments/by5kyo/pauley_perrette_says_shes_terrified_of_ncis_star/,entertainment
180,dorafins,Venezuela plans to reopen borders with Colombia. ,1560005957.0,1559977157.0,/r/news/comments/by5ahz/venezuela_plans_to_reopen_borders_with_colombia/,news
181,dorafins,$530 million Mega Millions jackpot up for grabs. ,1560004037.0,1559975237.0,/r/economy/comments/by52p1/530_million_mega_millions_jackpot_up_for_grabs/,economy
221,dorafins,That's a great manifestation success story.,1560001827.0,1559973027.0,/r/lawofattraction/comments/bxt8bn/my_first_loa_experience_gave_me_more_than_i_could/eqclpns/,lawofattraction
222,dorafins,That's Great.,1560000841.0,1559972041.0,/r/lawofattraction/comments/by2yql/i_manifested_a_nintendo_switch_a_job_to_afford_it/eqckjex/,lawofattraction
182,dorafins,Greg Gutfeld: Biden is 'toast' after latest campaign hiccup. ,1559999357.0,1559970557.0,/r/USNEWS/comments/by4dwy/greg_gutfeld_biden_is_toast_after_latest_campaign/,USNEWS
223,dorafins,India has the cleverest scientist.,1559998768.0,1559969968.0,/r/india/comments/bxsed5/saves_time_you_can_control_the_water_flow_and_you/eqchskq/,india
224,dorafins,"Even, a rich guy fails to do. Lots of love on her.",1559998672.0,1559969872.0,/r/india/comments/bxwfj6/a_young_poor_kid_offering_a_part_of_her_meager/eqchmyv/,india
225,dorafins,Wow. Stunning view.,1559998459.0,1559969659.0,/r/india/comments/by48zj/triveni_from_peshoke_viewpoint_poco_f1_2268x4032/eqchabj/,india
183,dorafins,Venezuela plans to reopen borders with Colombia. ,1559998390.0,1559969590.0,/r/worldnews/comments/by4949/venezuela_plans_to_reopen_borders_with_colombia/,worldnews
184,dorafins,Alice Matos. ,1519820277.0,1519791477.0,/r/JustFitnessGirls/comments/80t64c/alice_matos/,JustFitnessGirls
