,author,body,created,created_utc,permalink,subreddit
0,mlvpj,"Yeah you can use it with notebooks. 

Just found out about Jovian. It’s pretty cool should try it",1572989447.0,1572960647.0,/r/MachineLearning/comments/c18dzm/p_lab_organize_ml_experiments/f6ltsyn/,MachineLearning
1,mlvpj,"May be they input factors like climate weather and location to the input too. So that it can sort of learn differences in those scenarios. But these information can probably be taken from too. May be they do some form of unsupervised or self learning where it is trained to predict the conditions. I don’t know if they do these, but if it was me I would try if training with other indicators have a positive effect on predictions.",1572294590.0,1572265790.0,/r/teslainvestorsclub/comments/do6cuu/tsla_daily_investor_discussion_october_28_2019/f5klas9/,teslainvestorsclub
0,mlvpj,Waymo to customers: “Completely driverless Waymo cars are on the way”. ,1570701646.0,1570672846.0,/r/teslainvestorsclub/comments/dfr7q8/waymo_to_customers_completely_driverless_waymo/,teslainvestorsclub
2,mlvpj,Page not found,1569662173.0,1569633373.0,/r/teslainvestorsclub/comments/da80t5/tesla_broke_labor_laws_in_fighting_union_judge/f1o34ia/,teslainvestorsclub
3,mlvpj,"Any chance this is true?

It's a news report about supplying coconut carbon for super-capacitor or Electric Double Layer Capacitor (EDLC) for Tesla.

[http://www.ft.lk/front-page/Dhammika-s-Hayleys-nets-Innovative-Exporter-of-the-Year/44-686072](http://www.ft.lk/front-page/Dhammika-s-Hayleys-nets-Innovative-Exporter-of-the-Year/44-686072)",1569271817.0,1569243017.0,/r/teslainvestorsclub/comments/d840q8/tsla_daily_investor_discussion_september_23_2019/f17hpmx/,teslainvestorsclub
4,mlvpj,"Thanks, thought it was a new update",1567587730.0,1567558930.0,/r/teslainvestorsclub/comments/czdntc/closer_look_at_teslas_latest_smart_summon_update/eyxp1ks/,teslainvestorsclub
1,mlvpj,"Closer Look at Tesla's latest Smart Summon update: speed, map details. ",1567587185.0,1567558385.0,/r/teslainvestorsclub/comments/czdntc/closer_look_at_teslas_latest_smart_summon_update/,teslainvestorsclub
2,mlvpj,Tesla Batteries Are Keeping Zimbabwe’s Economy Running. ,1567415544.0,1567386744.0,/r/teslainvestorsclub/comments/cyiatj/tesla_batteries_are_keeping_zimbabwes_economy/,teslainvestorsclub
3,mlvpj,Annotate source code. ,1567180985.0,1567152185.0,/r/programming/comments/cxdvd7/annotate_source_code/,programming
4,mlvpj,Waymo’s backseat drivers: confidential data reveals self-driving taxi hurdles. ,1566907164.0,1566878364.0,/r/teslainvestorsclub/comments/cvz3w2/waymos_backseat_drivers_confidential_data_reveals/,teslainvestorsclub
5,mlvpj,Sandy Munro States Tesla Has A 10-Year Lead Over US Automakers. ,1566497347.0,1566468547.0,/r/teslainvestorsclub/comments/ctvbux/sandy_munro_states_tesla_has_a_10year_lead_over/,teslainvestorsclub
6,mlvpj,Jaguar and Audi SUVs Fail to Dent Tesla’s Electric-Car Dominance. ,1566223557.0,1566194757.0,/r/teslainvestorsclub/comments/csd13c/jaguar_and_audi_suvs_fail_to_dent_teslas/,teslainvestorsclub
5,mlvpj,"I started with Tensorflow back in late 2018. Later, I gave PyTorch a try. It was great. Now I need to find time to rewrite all my code in PyTorch 😔",1566070392.0,1566041592.0,/r/reinforcementlearning/comments/crf0i1/tensorflow_vs_pytorch_for_rl/ex6958c/,reinforcementlearning
6,mlvpj,[https://arstechnica.com/cars/2019/08/uber-freezes-engineering-hires-amid-mounting-losses/](https://arstechnica.com/cars/2019/08/uber-freezes-engineering-hires-amid-mounting-losses/),1565478856.0,1565450056.0,/r/teslainvestorsclub/comments/cofvtc/tsla_daily_investor_discussion_august_10_2019/ewiings/,teslainvestorsclub
7,mlvpj,Why isn’t this post visible?,1563915663.0,1563886863.0,/r/teslainvestorsclub/comments/cgq9k7/tsla_daily_investor_discussion_july_23_2019/eukdlbf/,teslainvestorsclub
7,mlvpj,"[P] Autocomplete Python with Deep Learning. We were toying with this simple setup to autocomplete python with deep learning

[https://github.com/vpj/python\_autocomplete](https://github.com/vpj/python_autocomplete)

The metric we used to measure the performance was the number of keystrokes saved. That is the model gives a single suggestion of length L and L-1 keystrokes are saved if it matches actual code. It performs pretty well saving around 30-50% key strokes despite being naive.

Next we want to try different architectures and improve inference performance. Right now it's too slow for any actual usage.

If you have any ideas or suggestions please do share.",1562518882.0,1562490082.0,/r/MachineLearning/comments/ca4v8r/p_autocomplete_python_with_deep_learning/,MachineLearning
8,mlvpj,"Cost cutting. How much of the operating costs (\~1B in past few quarters) do you think they managed to cut in the cost cutting effort?

I assume they managed to cut it by at least \~10%. Otherwise the the top level managements' involvement doesn't make sense.",1562344466.0,1562315666.0,/r/teslainvestorsclub/comments/c9dktn/cost_cutting/,teslainvestorsclub
9,mlvpj,"Cross-over point for Li-ion beating kerosene for air planes is ~400 Wh/kg. [https://twitter.com/elonmusk/status/1145149274809761793](https://twitter.com/elonmusk/status/1145149274809761793)

Jet A (kerosene) has much higher energy density than Li-ion, but electric motors weigh much less & convert stored energy to motion better than combustion engines

[https://twitter.com/elonmusk/status/1145149274809761793](https://twitter.com/elonmusk/status/1145149274809761793)

FWIW, based on calcs I did 10 years ago, cross-over point for Li-ion beating kerosene is \~400 Wh/kg. High cycle batteries are just over 300 Wh/kg today, but probably exceed 400 in \~5 years.",1561976863.0,1561948063.0,/r/teslainvestorsclub/comments/c7mxu8/crossover_point_for_liion_beating_kerosene_for/,teslainvestorsclub
10,mlvpj,How Many Vehicles Will Tesla Deliver in Q2? -- The Motley Fool. ,1561751155.0,1561722355.0,/r/teslainvestorsclub/comments/c6j7fz/how_many_vehicles_will_tesla_deliver_in_q2_the/,teslainvestorsclub
11,mlvpj,[D] Habits I Picked Up While Learning Machine Learning. ,1561666240.0,1561637440.0,/r/learnmachinelearning/comments/c64r33/d_habits_i_picked_up_while_learning_machine/,learnmachinelearning
12,mlvpj,[D] Habits I Picked Up While Learning Machine Learning. ,1561666218.0,1561637418.0,/r/reinforcementlearning/comments/c64qya/d_habits_i_picked_up_while_learning_machine/,reinforcementlearning
13,mlvpj,[P] Lab: Organize ML Experiments. ,1561666189.0,1561637389.0,/r/reinforcementlearning/comments/c64qtd/p_lab_organize_ml_experiments/,reinforcementlearning
14,mlvpj,"[D] Habits I Picked Up While Learning Machine Learning. This is a list of habits I adopted since I started learning Deep Learning. They have helped me save time and be more effective.

[http://blog.varunajayasiri.com/practices\_learned\_while\_learning\_machine\_learning.html](http://blog.varunajayasiri.com/practices_learned_while_learning_machine_learning.html)",1561569497.0,1561540697.0,/r/MachineLearning/comments/c5nmww/d_habits_i_picked_up_while_learning_machine/,MachineLearning
15,mlvpj,Our New Tesla Myths Page | CleanTechnica. ,1561478214.0,1561449414.0,/r/teslainvestorsclub/comments/c54tj9/our_new_tesla_myths_page_cleantechnica/,teslainvestorsclub
16,mlvpj,Lots of Companies Are Trying to Hurt Tesla Says Bull Ross Gerber. ,1561212447.0,1561183647.0,/r/teslainvestorsclub/comments/c3m4dw/lots_of_companies_are_trying_to_hurt_tesla_says/,teslainvestorsclub
17,mlvpj,"Study: Tesla Autopilot misleading, overestimated. ",1561212021.0,1561183221.0,/r/SelfDrivingCars/comments/c3m26q/study_tesla_autopilot_misleading_overestimated/,SelfDrivingCars
8,mlvpj,"May be because the owners of Tesla felt it was safe and not because of the name ""autopilot""?",1561212003.0,1561183203.0,/r/teslainvestorsclub/comments/c3m1w1/study_tesla_autopilot_misleading_overestimated/errttl5/,teslainvestorsclub
18,mlvpj,"Study: Tesla Autopilot misleading, overestimated. ",1561211964.0,1561183164.0,/r/teslainvestorsclub/comments/c3m1w1/study_tesla_autopilot_misleading_overestimated/,teslainvestorsclub
9,mlvpj,yeah Tesla is playing a long game,1561115603.0,1561086803.0,/r/teslainvestorsclub/comments/c34tnh/nio_ceo_says_company_will_be_profitable_in_less/erormal/,teslainvestorsclub
19,mlvpj,NIO CEO Says Company Will Be Profitable in Less Time Than Tesla Took. ,1561112292.0,1561083492.0,/r/teslainvestorsclub/comments/c34tnh/nio_ceo_says_company_will_be_profitable_in_less/,teslainvestorsclub
10,mlvpj,The photo flufferbot posted says gs expecting positive eps for q2,1561059380.0,1561030580.0,/r/teslainvestorsclub/comments/c2tpoq/tsla_daily_investor_discussion_june_20_2019/ermn26v/,teslainvestorsclub
11,mlvpj,Are they expecting a profitable q2?,1561059310.0,1561030510.0,/r/teslainvestorsclub/comments/c2tpoq/tsla_daily_investor_discussion_june_20_2019/ermmzy0/,teslainvestorsclub
12,mlvpj,"I implemented it a little while ago, and already finding it useful. Thanks again for the suggestion.",1561047423.0,1561018623.0,/r/MachineLearning/comments/c18dzm/p_lab_organize_ml_experiments/ermeqlu/,MachineLearning
13,mlvpj,Didn’t he say q1 is not going to be profitable? Do you have a link to that leak?,1561027695.0,1560998895.0,/r/teslainvestorsclub/comments/c2eqh7/tsla_daily_investor_discussion_june_19_2019/erlwn9w/,teslainvestorsclub
14,mlvpj,"I had similar worries when news broke out like this in the past. Then I learned from looking at previous incidents that Elon hasn’t really lied about facts. He either said what was there or what he believed was there. So I’m guessing this news is probably misinterpreted or bad source. Or they had huge production issues after investor meeting which is unlikely.

Or you can think of it this way. If the numbers were actually going to be bad Elon is better off not claiming that they are going to hit records, in the long run. So there is nothing for him to gain here by making that up.",1560966770.0,1560937970.0,/r/teslainvestorsclub/comments/c2eqh7/tsla_daily_investor_discussion_june_19_2019/erjmqwr/,teslainvestorsclub
20,mlvpj,Why Mazda is purging touchscreens from its vehicles. ,1560811850.0,1560783050.0,/r/teslainvestorsclub/comments/c1ofec/why_mazda_is_purging_touchscreens_from_its/,teslainvestorsclub
15,mlvpj,where did you get these numbers from?,1560799675.0,1560770875.0,/r/teslainvestorsclub/comments/c1lbqo/tsla_daily_investor_discussion_june_17_2019/ere2him/,teslainvestorsclub
21,mlvpj,Mobileye Expects to See Self-Driving Cabs Starting in 2020. ,1560799600.0,1560770800.0,/r/teslainvestorsclub/comments/c1mdzn/mobileye_expects_to_see_selfdriving_cabs_starting/,teslainvestorsclub
22,mlvpj,Self-Driving Cars Have a Problem: Safer Human-Driven Ones. ,1560799310.0,1560770510.0,/r/SelfDrivingCars/comments/c1mck2/selfdriving_cars_have_a_problem_safer_humandriven/,SelfDrivingCars
23,mlvpj,Self-Driving Cars Have a Problem: Safer Human-Driven Ones. ,1560799280.0,1560770480.0,/r/teslainvestorsclub/comments/c1mce6/selfdriving_cars_have_a_problem_safer_humandriven/,teslainvestorsclub
16,mlvpj,">sacred

I looked at sacred before I started with this. I found the sacred to be kind of constraining in the kind of experiments I ran. Most of my experiments had algorithmic differences and were harder to do with a config file. Also using a config file sometimes make development harder.

For instance if you have two deferent reinforcement algorithms you want to run, \*\*ppo\*\* and \*\*dqn\*\*, if you set the configs with a string \`""ppo""\` or \`""dan""\` and called the corresponding function/class using a switch/if or a dictionary, you want be able to use the features in the IDE like goto definition directly from the config level. And you will need extra switch code or dictionaries to map the config parameters to code.

For these reasons I felt more comfortable with having these ""configs"" or differences hard coded within the python experiment file. It has worked well for me so far.

Also in my setup I inherit experiments, which I've found to be very readable. And the best way to track these have been with separate file for each experiment and keeping track of git.",1560775608.0,1560746808.0,/r/MachineLearning/comments/c18dzm/p_lab_organize_ml_experiments/erdlzem/,MachineLearning
17,mlvpj,"Quickly wrote up a short roadmap.

[https://github.com/vpj/lab/wiki/Roadmap](https://github.com/vpj/lab/wiki/Roadmap)

Will add to it based on my experiences/needs and suggestions from others",1560774934.0,1560746134.0,/r/MachineLearning/comments/c18dzm/p_lab_organize_ml_experiments/erdldf3/,MachineLearning
18,mlvpj,Yeah that makes sense. Thanks for the suggestion. I will try to add that. Right now I'm trying to make the logger api's cleaner.,1560764513.0,1560735713.0,/r/MachineLearning/comments/c18dzm/p_lab_organize_ml_experiments/erdach2/,MachineLearning
19,mlvpj,">check\_repo\_dirty: If True the experiment is halted if there are uncommitted changes to the git repository.

For most experiments I commit all the changes before running the experiments. For small experiments (ones that finish in a couple of seconds) I sometimes run with uncommitted changes whilst fixing bugs, and I do a final run with all changes committed to make sure everything is on record.",1560760351.0,1560731551.0,/r/MachineLearning/comments/c18dzm/p_lab_organize_ml_experiments/erd5kft/,MachineLearning
20,mlvpj,"I don't think so. Nvidia makes processors for general. Tesla's chip is optimized for self driving needs, and for inference. It is probably optimized for things that are commonly used in computer vision like convolutional neural networks. I remember them also saying that its made for ReLU activation functions (not sure about this).

May be one day Tesla could start making more general chips because they have the expertise.",1560719845.0,1560691045.0,/r/teslainvestorsclub/comments/c1802w/tsla_daily_investor_discussion_june_16_2019/erbqxbm/,teslainvestorsclub
24,mlvpj,"[P] Lab: Organize ML Experiments. This is a simple project I started a few months ago to organize machine learning projects. I've recently added PyTorch support to it and updated the documentations.

[https://github.com/vpj/lab](https://github.com/vpj/lab#)

It helps you organize experiment results, checkpoints and summaries, and takes care of console outputs.

I'm working on cleaning up the API a little more.

EDIT: I'm the author of this, if you have any suggestions let me know.",1560708386.0,1560679586.0,/r/MachineLearning/comments/c18dzm/p_lab_organize_ml_experiments/,MachineLearning
25,mlvpj,Why Tesla's Solar Roof Is A Bargain at 53% Of The Price Of A Roof + Electricity. ,1560511019.0,1560482219.0,/r/teslainvestorsclub/comments/c0f5ta/why_teslas_solar_roof_is_a_bargain_at_53_of_the/,teslainvestorsclub
26,mlvpj,[Video] Tesla Enhanced Summon | Multiple Tests in Parking Lot | Pick Up and Drop Off. ,1560182384.0,1560153584.0,/r/teslainvestorsclub/comments/byv4eq/video_tesla_enhanced_summon_multiple_tests_in/,teslainvestorsclub
21,mlvpj,"> I don't expect Model X to be affected much at all.

Why do you think model X sales fell? It seems X sales had been quite consistent since Q2 2016, and dropped heavily in Q1 2019. Could it be a Tesla issue (like poor service) or is it a general economic thing?",1558913934.0,1558885134.0,/r/teslainvestorsclub/comments/bt5u43/tsla_daily_investor_discussion_may_26_2019/eouzmie/,teslainvestorsclub
22,mlvpj,">I think you are misunderstanding the source of investor confidence. Investor confidence does not come because you excite them about what you *will do*. Investor confidence comes from *reliably delivering in promises you have already made*. And specifically when it comes to money, the element of *time* is a crucial part of those promises and in earning investor confidence.

I thought they tried to show what they do (new chip, how they train the system) and what they can do (FSD demo) and what they think they will be able to do (Robo taxi).",1558912143.0,1558883343.0,/r/teslainvestorsclub/comments/bt5u43/tsla_daily_investor_discussion_may_26_2019/eoux9sp/,teslainvestorsclub
23,mlvpj,">Tesla guided in Q4 that Model S and X sales would be slightly lower than the approximately 25k units/quarter sold since 2017, due to pull forward demand due to U.S. federal tax credit expiry, and general seasonal weakness in Q1. Tesla missed this guidance on Model S and X by 40-50%. This is what caused the vast majority of their losses in Q1.

I  think that model 3 also cannibalized some of S & X sales. May be the effect wasn't there in the previous two quarters but came into effect after more people saw model 3, and felt the premium for S or X wasn't worth it.

>I believe that Autonomy Day did not have much effect on the markets, because few people have the technical knowledge to actually comprehend the information presented and evaluate that information. I am pretty sure that a very low % of the people attending that event or watching it had any understanding of what was said. The test rides of FSD-enabled cars also got mixed response. People who were predisposed to being pro-Tesla thought the demos were incredible. Others noted that the system still had disengagements, and were not impressed.

I was searching for what people were saying about the demos, couldn't find much. Can you please share a link if you have? Thanks.",1558904623.0,1558875823.0,/r/teslainvestorsclub/comments/bt5u43/tsla_daily_investor_discussion_may_26_2019/eouoet1/,teslainvestorsclub
24,mlvpj,"Did companies like Enron have as much media coverage as Tesla prior to, during or after failure?

I’m not trying to make a statement, just trying to figure out how accurate the media can be based on the past.",1558901258.0,1558872458.0,/r/teslainvestorsclub/comments/bt5u43/tsla_daily_investor_discussion_may_26_2019/eoulbvr/,teslainvestorsclub
25,mlvpj,"But there is no fault in the company. If, like previous times, it was a manufacturer issue it makes sense to blame the company. Now it is just news that is going around that there is no demand. The company says there is demand. If the company is acting in good faith there is nothing more they could do about it.

They tried to increase the investor confidence with autonomy day and the model y release etc. But it didn’t seem to help with all the media being against them.

I personally think Elon hasn’t lied in the past and isn’t lying now. I think he speaks what he thinks is true. He is sometimes wrong. Mostly minor things and there are delays to what he initially suggests and sometimes mistakes like the juggernaut. But in those occasions he comes back and admits he was wrong , which is a rare thing. Another issue with Tesla is that Elon is behind most of these communications whilst at other companies not every news comes through the ceo, which also makes Elon a target and help certain media paint a bad picture on him. I bet most investors, in other companies ( if they are like me) don’t even remember the names of the respective ceos.",1558900939.0,1558872139.0,/r/teslainvestorsclub/comments/bt5u43/tsla_daily_investor_discussion_may_26_2019/eoul2fx/,teslainvestorsclub
27,mlvpj,US Plug In EV Sales 2012 - Present. ,1558709254.0,1558680454.0,/r/teslainvestorsclub/comments/bsdnp7/us_plug_in_ev_sales_2012_present/,teslainvestorsclub
26,mlvpj,😉,1558645553.0,1558616753.0,/r/teslainvestorsclub/comments/bs1bkj/this_was_posted_on_chinese_message_board_i_hope/eoicvuf/,teslainvestorsclub
27,mlvpj,">Elektrek cites ""sources"" regarding and S and X interior, powertrain, and battery refresh.

[https://electrek.co/2019/04/23/tesla-new-model-s-x-range-upgrade-drivetrain-suspension/](https://electrek.co/2019/04/23/tesla-new-model-s-x-range-upgrade-drivetrain-suspension/)",1558547599.0,1558518799.0,/r/teslainvestorsclub/comments/brmdq5/tsla_daily_investor_discussion_may_22_2019/eof2f4s/,teslainvestorsclub
28,mlvpj,"Apple tried to buy Tesla for more than it's currently worth a few years ago, report says. ",1558480496.0,1558451696.0,/r/teslainvestorsclub/comments/brbm8t/apple_tried_to_buy_tesla_for_more_than_its/,teslainvestorsclub
29,mlvpj,Tesla: Insane or Clever. ,1558394679.0,1558365879.0,/r/teslainvestorsclub/comments/bqwxwm/tesla_insane_or_clever/,teslainvestorsclub
30,mlvpj,"Tesla: High Ground Versus Low Ground - Tesla, Inc. (NASDAQ:TSLA). ",1557861730.0,1557832930.0,/r/teslainvestorsclub/comments/bohmq8/tesla_high_ground_versus_low_ground_tesla_inc/,teslainvestorsclub
31,mlvpj,The thing about owning a Tesla no one talks about — nightmarish repair delays. ,1557141612.0,1557112812.0,/r/teslainvestorsclub/comments/bl6voo/the_thing_about_owning_a_tesla_no_one_talks_about/,teslainvestorsclub
28,mlvpj,"I think this is the full video

[https://vimeo.com/333424350/918783c839](https://vimeo.com/333424350/918783c839)",1556704962.0,1556676162.0,/r/teslainvestorsclub/comments/bjb1y3/chamath_palihapitiya_musks_tesla_is_the_clear/em6xeau/,teslainvestorsclub
29,mlvpj,For some reason CNBC video doesn't have the part where Chamath speaks about Tesla,1556703409.0,1556674609.0,/r/teslainvestorsclub/comments/bjb1y3/chamath_palihapitiya_musks_tesla_is_the_clear/em6uzhx/,teslainvestorsclub
30,mlvpj,"Criticism: 

[https://www.valuewalk.com/2019/04/chamath-palihapitiya-alphabet-and-apple-acquire-tesla/](https://www.valuewalk.com/2019/04/chamath-palihapitiya-alphabet-and-apple-acquire-tesla/)",1556703375.0,1556674575.0,/r/teslainvestorsclub/comments/bjb1y3/chamath_palihapitiya_musks_tesla_is_the_clear/em6uxkc/,teslainvestorsclub
32,mlvpj,Chamath Palihapitiya: Musk's Tesla is the 'clear winner' in electric cars. ,1556700253.0,1556671453.0,/r/teslainvestorsclub/comments/bjb1y3/chamath_palihapitiya_musks_tesla_is_the_clear/,teslainvestorsclub
33,mlvpj,"Can Tesla compete with google maps?. They have cars with cameras all over. They probably can do better than street view with more up to date content. They should also have better traffic data, and be able to accurately capture when there are crashes, road construction and stuff. Do you think they will get into this business? Should they?",1556241493.0,1556212693.0,/r/teslainvestorsclub/comments/bhb9af/can_tesla_compete_with_google_maps/,teslainvestorsclub
31,mlvpj,Can you short SEC?,1553554227.0,1553525427.0,/r/teslainvestorsclub/comments/b5b0v4/sec_vs_musk_new_letter_to_judge_sec_answers/ejcb9n5/,teslainvestorsclub
34,mlvpj,[Video] Tesla Solar Roof & Powerwall Installation. ,1553198953.0,1553170153.0,/r/teslainvestorsclub/comments/b3pr8t/video_tesla_solar_roof_powerwall_installation/,teslainvestorsclub
32,mlvpj,https://np.reddit.com/r/teslamotors/comments/b36x27/its_back_after_6_months_of_working_fine_2019515/,1553198143.0,1553169343.0,/r/teslainvestorsclub/comments/b3oafh/tsla_daily_investor_discussion_march_21_2019/ej152ot/,teslainvestorsclub
33,mlvpj,Oh it kind of sucks if that’s the case. I thought there was a bug or something,1553197643.0,1553168843.0,/r/teslainvestorsclub/comments/b3oafh/tsla_daily_investor_discussion_march_21_2019/ej14lnv/,teslainvestorsclub
34,mlvpj,No it was a link to another reddit sub,1553197360.0,1553168560.0,/r/teslainvestorsclub/comments/b3oafh/tsla_daily_investor_discussion_march_21_2019/ej14cd1/,teslainvestorsclub
35,mlvpj,"I posted a link yesterday in this sub, about some problems in new Tesla autopilot. I just noticed that it's is no longer visible in the sub; however it's still there if I go through my profile with about 5 upvotes. Is this normal? My post is not that important, but I'm worried if important posts just vanish without anyone noticing.",1553195655.0,1553166855.0,/r/teslainvestorsclub/comments/b3oafh/tsla_daily_investor_discussion_march_21_2019/ej12u1k/,teslainvestorsclub
35,mlvpj,"After 6 months of working fine, 2019.5.15 drives at barriers again. ",1553161503.0,1553132703.0,/r/teslainvestorsclub/comments/b3klty/after_6_months_of_working_fine_2019515_drives_at/,teslainvestorsclub
36,mlvpj,It has nothing to do with Elon right? Most of the negatives commenters about Tesla seems to fit their criteria or manipulators.,1553115715.0,1553086915.0,/r/teslainvestorsclub/comments/b2whi0/comedy_from_sec_enforcement_the_following_tweets/eiycy67/,teslainvestorsclub
36,mlvpj,"Comedy from @SEC_Enforcement - the following tweets from @elonmusk are given as examples of ""written communications that contain, or reasonably could contain, information material to the company or its shareholders"". ",1553025282.0,1552996482.0,/r/teslainvestorsclub/comments/b2whi0/comedy_from_sec_enforcement_the_following_tweets/,teslainvestorsclub
37,mlvpj,what were the bad news over the weekend?,1551735627.0,1551706827.0,/r/teslainvestorsclub/comments/ax52v5/tsla_daily_investor_discussion_march_04_2019/ehrk7vg/,teslainvestorsclub
37,mlvpj,Upgrading to Autopilot and Full Self-Driving Capability. ,1551535397.0,1551506597.0,/r/teslainvestorsclub/comments/awen2l/upgrading_to_autopilot_and_full_selfdriving/,teslainvestorsclub
38,mlvpj,"I think he said that to media, not sure.",1551446166.0,1551417366.0,/r/teslainvestorsclub/comments/avz0zx/elons_memo_to_employees/ehj8wgx/,teslainvestorsclub
38,mlvpj,Elon’s memo to employees. ,1551433812.0,1551405012.0,/r/teslainvestorsclub/comments/avz0zx/elons_memo_to_employees/,teslainvestorsclub
39,mlvpj,"Elon's previous predictions on advance summon are somewhat close (he predicted 6 weeks but took around 12) if you look at it absolutely (only 6 weeks away) kind of far if you look at it relatively (off by 100%). Wonder what kind of a error margin we could have for full feature self driving he predicted by end of the year..

[https://electrek.co/2018/10/31/tesla-summon-find-parking-spot-read-instruction-signs-elon-musk/](https://electrek.co/2018/10/31/tesla-summon-find-parking-spot-read-instruction-signs-elon-musk/)

&#x200B;",1551426698.0,1551397898.0,/r/teslainvestorsclub/comments/avxn4j/new_autopilot_features/ehik33i/,teslainvestorsclub
39,mlvpj,New Autopilot Features. ,1551425432.0,1551396632.0,/r/teslainvestorsclub/comments/avxn4j/new_autopilot_features/,teslainvestorsclub
40,mlvpj,"$35,000 Tesla Model 3 Available Now. ",1551425192.0,1551396392.0,/r/teslainvestorsclub/comments/avxlo5/35000_tesla_model_3_available_now/,teslainvestorsclub
40,mlvpj,"If I remember correctly it is 20x faster. This let them run larger neural networks and also write software faster because they don’t have to worry much about optimizing. So I assume there will be new software when the hardware gets introduced, which has more features in autopilot and improvements to current features.",1551401815.0,1551373015.0,/r/teslainvestorsclub/comments/avp0jg/tsla_daily_investor_discussion_february_28_2019/ehhhr9h/,teslainvestorsclub
41,mlvpj,"Sorry I meant to imply that the comparison was pytorch ecosystem and TensorFlow ecosystem. And I feel that anybody switch from one to the other would consider the whole ecosystems and not just the core of it. All the comments also seems to compare the ecosystems.

In case you feel I’m trying to downplay TensorFlow, I am not. I’m honestly trying to figure out whether to switch to PyTorch. And I think there are a lot of people who are making the same decision.",1551306918.0,1551278118.0,/r/MachineLearning/comments/av7dg4/d_pytorch_and_tensorflow/eheakcx/,MachineLearning
42,mlvpj,Cool will try that. So TensorBoard shouldn’t be a reason to be using TensorFlow.,1551304822.0,1551276022.0,/r/MachineLearning/comments/av7dg4/d_pytorch_and_tensorflow/ehe7y9t/,MachineLearning
43,mlvpj,He has changed his profile picture and name last few hours,1551293738.0,1551264938.0,/r/teslainvestorsclub/comments/avbyu9/elon_tweeted_that_there_would_be_some_tesla_news/ehdyhwm/,teslainvestorsclub
44,mlvpj,"Could be, he has said he is staying ceo until the company is stable. And lot of things in fact look stable now after the two profitable quarters.",1551292219.0,1551263419.0,/r/teslainvestorsclub/comments/avbyu9/elon_tweeted_that_there_would_be_some_tesla_news/ehdxm8j/,teslainvestorsclub
45,mlvpj,Could be Model Y. He tweeted about a March 15th date long time ago. But I’ld love if it is the third.,1551292058.0,1551263258.0,/r/teslainvestorsclub/comments/avbyu9/elon_tweeted_that_there_would_be_some_tesla_news/ehdxiri/,teslainvestorsclub
41,mlvpj,Elon tweeted that there would be some Tesla news. ,1551291577.0,1551262777.0,/r/teslainvestorsclub/comments/avbyu9/elon_tweeted_that_there_would_be_some_tesla_news/,teslainvestorsclub
46,mlvpj,"I use TensorBoard visualizations with numpy arrays a lot. You can use it with PyTorch too. You just need to write a few helper functions - may be there are even small libraries that do it.

I assume you are referring to data visualizations and not the TensorFlow graph visualization on TensorBoard.",1551289293.0,1551260493.0,/r/MachineLearning/comments/av7dg4/d_pytorch_and_tensorflow/ehdvy5t/,MachineLearning
47,mlvpj,are you referring to [`tf.data`](https://tf.data) and `torch.utils.data`?,1551289173.0,1551260373.0,/r/MachineLearning/comments/av7dg4/d_pytorch_and_tensorflow/ehdvvo9/,MachineLearning
42,mlvpj,"[D] PyTorch and TensorFlow. I've seen a lot articles about people switching from TensorFlow to PyTorch, but not the other way around. We can have a good understanding about the strengths and weaknesses of the two frameworks if we could hear stories from both sides. I'm one of the people who are slowly moving towards PyTorch, I would like to know more before rewriting tens of thousands lines of old code.

Even if both frameworks are similar,  there should be far less people switching from PyTorch to TensorFlow because PyTorch came later. So, to have a good discussion are there at least people who are on PyTorch that are considering TensorFlow or people who are regretting switching to PyTorch?",1551259670.0,1551230870.0,/r/MachineLearning/comments/av7dg4/d_pytorch_and_tensorflow/,MachineLearning
48,mlvpj,"Ok, so this means your team never switched. I'm trying to see if there are people who switched from PyTorch to TensorFlow. People that were initially using PyTorch then went ahead and converted all the code to TensorFlow because they thought TensorFlow was better.",1551258949.0,1551230149.0,/r/tensorflow/comments/aux128/q_has_anyone_moved_from_pytorch_to_tensorflow/ehd2lfw/,tensorflow
49,mlvpj,What’s wrong with that?,1551217948.0,1551189148.0,/r/teslainvestorsclub/comments/auzfty/elon_exactly_this_has_now_happened_several_times/ehbidww/,teslainvestorsclub
50,mlvpj,"I meant 5+ years to be long term. The effect of these will most probably fade away after a couple of years, unless something very bad happens like Elon bot being able to continue working for Tesla, and other changes within the company . There will be some residue but probably small.

 I think his presence is quite valuable in terms of marketing and recruiting and keeping top engineers. And most of these stuff he does are probably for those and not to affect the share price. Things like making bold promises on technologies inspire people working on them to work harder. This could be what separates a company with 9-5 jobs and companies where everyone is putting 100%.

My biggest worries in long term are competition and auto pilot. For now competition seems far behind but most other companies are trying. Other companies will also have an exponential growth. So Tesla needs to keep growing if they want to maintain the lead; it's not like they've won the race and can relax. If they continue at the current rate they might have ""moats"" and could be a cash cow. This is probably why share prices fluctuate a lot on every piece of news like Tesla services, model 3 reliability, new EV companies, etc.  If Tesla autopilot is progressing as Elon mentioned in the recent interview it could be pretty big.

My thinking could be highly biased since I like the company, and I like Elon's companies for trying bold things.  It actually makes me excited for things to happen. Tesla and SpaceX have exciting stuff coming up compared to other companies; you sometimes want time to go faster so that you could see events like other Falcon Heavy launches and full self driving.",1551211796.0,1551182996.0,/r/teslainvestorsclub/comments/autv2v/elon_sec_forgot_to_read_tesla_earnings_transcript/ehbcjyo/,teslainvestorsclub
51,mlvpj,"How long ago did you make this change? And what made you make that decision, was it because of Tfserving, multi-gnu and tensor board? I'm not clear if you switched because of these or you came to like these after the switch.",1551209335.0,1551180535.0,/r/tensorflow/comments/aux128/q_has_anyone_moved_from_pytorch_to_tensorflow/ehbat39/,tensorflow
52,mlvpj,Where’s the fun in that?,1551201447.0,1551172647.0,/r/teslainvestorsclub/comments/autv2v/elon_sec_forgot_to_read_tesla_earnings_transcript/ehb69ga/,teslainvestorsclub
53,mlvpj,In short term,1551201382.0,1551172582.0,/r/teslainvestorsclub/comments/autv2v/elon_sec_forgot_to_read_tesla_earnings_transcript/ehb683f/,teslainvestorsclub
43,mlvpj,[Q] Has anyone moved from PyTorch to TensorFlow?. I have read about lot of people moving from TensorFlow to PyTorch. I haven't heard any one making the switch other way. Is there any one who has done it? If so why?,1551197960.0,1551169160.0,/r/tensorflow/comments/aux128/q_has_anyone_moved_from_pytorch_to_tensorflow/,tensorflow
54,mlvpj,"https://github.com/pycco-docs/pycco

With a custom theme",1551109134.0,1551080334.0,/r/MachineLearning/comments/au4dx2/p_transformer_implementation_in_tensorflow_with/eh8dcq9/,MachineLearning
55,mlvpj,"doesn't it interfere with type hints?

`def test() -> 'bc':`

`# returns a tensor`

`x = test()`

&#x200B;

would the type checker know that x is a Tensor (to show errors and autocompletions etc).",1551101069.0,1551072269.0,/r/MachineLearning/comments/au4dx2/p_transformer_implementation_in_tensorflow_with/eh86xlo/,MachineLearning
56,mlvpj,">tsalib

Thanks! Looks really useful. Will try it out",1551100394.0,1551071594.0,/r/MachineLearning/comments/au4dx2/p_transformer_implementation_in_tensorflow_with/eh86are/,MachineLearning
44,mlvpj,First look at Tesla's latest solar panel made at Gigafactory 2. ,1551022647.0,1550993847.0,/r/teslainvestorsclub/comments/au5qkr/first_look_at_teslas_latest_solar_panel_made_at/,teslainvestorsclub
45,mlvpj,"[P] Transformer implementation in TensorFlow with notes. I recently coded a standalone transformer implementation for learning. Implementing from scratch helped me understand a lot of details which I previously had overlooked.

[http://blog.varunajayasiri.com/ml/transformer.html](http://blog.varunajayasiri.com/ml/transformer.html)

I've placed a lot of comments to make it easier to understand, and it's a stand alone single file implementation

My implementation was inspired by [Annotated Transformer by Harvard NLP](http://nlp.seas.harvard.edu/2018/04/03/attention.html), which is in PyTorch.",1551011716.0,1550982916.0,/r/MachineLearning/comments/au4dx2/p_transformer_implementation_in_tensorflow_with/,MachineLearning
57,mlvpj,[https://github.com/pycco-docs/pycco](https://github.com/pycco-docs/pycco) with a custom theme,1550851623.0,1550822823.0,/r/MachineLearning/comments/at2ig1/p_annotated_proximal_policy_optimization_ppo/eh0n74q/,MachineLearning
46,mlvpj,"[P] Annotated Proximal Policy Optimization (PPO) implementation in PyTorch. Here's a code of PPO reinforcement learning algorithm in PyTorch. I implemented this to try PyTorch.

[http://blog.varunajayasiri.com/ml/ppo\_pytorch.html](http://blog.varunajayasiri.com/ml/ppo_pytorch.html)

The code is annotated with maths from the papers and lectures.",1550780376.0,1550751576.0,/r/MachineLearning/comments/at2ig1/p_annotated_proximal_policy_optimization_ppo/,MachineLearning
58,mlvpj,">IDSIA/sacred

I looked at it, and [beaker](https://github.com/allenai/beaker) briefly before starting to write my own. I didn't try them though.

At the time I felt they had a lot of features that I didn't need and didn't have some I wanted. For instance, I wanted a nice logger, that would output to both TensorBoard and console (now it outputs to the source file and a yaml file). And I had some of the logging, model saving/loading, etc already done, but not in a single place; so it was not a lot of work required to put them together. Mostly, I developed this for fun, and to have flexibility to make changes whenever I wanted.",1550780174.0,1550751374.0,/r/MachineLearning/comments/aspzvv/p_library_to_organize_machine_learning_experiments/egy5p6b/,MachineLearning
47,mlvpj,"[P] Library to organize machine learning experiments. I created this library to help me organize machine learning experiments. It has tools for logging, TensorBoard integration, custom visualizations of TensorBoard summaries, etc.

[Intro](http://blog.varunajayasiri.com/ml/lab/lab_getting_started.html)

[Github](https://github.com/vpj/lab)

It can add the results to the source file as a comment. This is something I've found very useful lately to keep track of the experiments. Let me know your views. Also if someone wants to use it, I suggest you go through the code (it's quite small and documented), because I do breaking changes frequently.",1550707325.0,1550678525.0,/r/MachineLearning/comments/aspzvv/p_library_to_organize_machine_learning_experiments/,MachineLearning
59,mlvpj,[Charlie Munger calls Elon Musk 'brilliant' and bitcoin 'stupid and immoral'](https://www.youtube.com/watch?v=AIYPu4MFLl4&t=330s),1550499197.0,1550470397.0,/r/teslainvestorsclub/comments/aqvesl/charlie_munger_targets_active_managers_elon_musk/egppssz/,teslainvestorsclub
48,mlvpj,Charlie Munger calls Elon Musk 'brilliant' and bitcoin 'stupid and immoral'. ,1550499117.0,1550470317.0,/r/teslainvestorsclub/comments/aru3pg/charlie_munger_calls_elon_musk_brilliant_and/,teslainvestorsclub
49,mlvpj,"Charlie Munger targets active managers, Elon Musk; praises China. ",1550256541.0,1550227741.0,/r/teslainvestorsclub/comments/aqvesl/charlie_munger_targets_active_managers_elon_musk/,teslainvestorsclub
60,mlvpj,">https://dailykanban.com/2019/02/prav-duh-cleantechnicas-report-of-model-3-world-domination-utterly-false/

Page not found",1550245128.0,1550216328.0,/r/teslainvestorsclub/comments/aqhve2/tsla_daily_investor_discussion_february_14_2019/egimalq/,teslainvestorsclub
61,mlvpj,When are they filing the SEC form for earnings?,1550005864.0,1549977064.0,/r/teslainvestorsclub/comments/aprg3n/tsla_daily_investor_discussion_february_12_2019/egax71b/,teslainvestorsclub
50,mlvpj,Standalone PPO implementation in PyTorch. ,1549738870.0,1549710070.0,/r/reinforcementlearning/comments/aore9r/standalone_ppo_implementation_in_pytorch/,reinforcementlearning
62,mlvpj,"I'm not saying that this is the case. I'm just trying to point out that it could be a possibility. And I am saying it because I like to believe it's true.

>Yes, it goes without saying that if they sell the car for a whole lot less money they will be able to sell to a wider range of consumers and keep production at full capacity.

I don't think this is fully valid statement here. First, because these price reductions come with some feature gone. The current reduction, I hear, was enabled because they took off the referral bonus. And then other price reductions come with things like lower range. What I'm trying to say is that these price reductions are not a mere discount with all other factors staying same. Second, just reducing the prices don't always open you up to a wider range of market segments. Chances are just reducing prices will increase demand in current segments - this doesn't have a big long term value. For example, if some luxury brand which currently sells to celebrities just gave a 50% discount, more celebrities will buy it - you really can't expect all those discount sales to go to normal people. However what Tesla could be trying to do is to tap in to more market segments, people from different countries, different incomes, different range requirements, etc.

>But saying they are production constrained implies they cannot produce enough to fulfill demand at the current price.

They could be able to fulfill the demand of a single segment. But if they want to address many segments I don't think they can fulfill the demand of all those segments. They are definitely production constrained there.

It's a question of strategy and current situation. May be the demand of the current segments is lower than what they can produce, which seems to be what you are suggesting.

Or may be the demand of the current segments is higher or close to what they can produce. In this case they have two options, until the production capacity increases.. One is to keep on trying to fulfill current segments without changing configurations or prices. Second is to start tapping into other segments and without fulfilling the current segments' demand. If it was my company, and I had a stable product, I'ld go with the later approach.",1549497242.0,1549468442.0,/r/teslainvestorsclub/comments/anoxnb/tsla_daily_investor_discussion_february_06_2019/efvj6wl/,teslainvestorsclub
63,mlvpj,"One counter argument against your point, is that they might be doing i to tap into a wider market (different segments) instead of just selling more to a niche. They could be production constrained in manufacturing to full demand of all segments.",1549493296.0,1549464496.0,/r/teslainvestorsclub/comments/anoxnb/tsla_daily_investor_discussion_february_06_2019/efve1a8/,teslainvestorsclub
64,mlvpj,Yeah that's probably the reason for  reduction in cylindrical batteries.,1549314649.0,1549285849.0,/r/teslainvestorsclub/comments/amzxeu/tsla_daily_investor_discussion_february_04_2019/efq05ev/,teslainvestorsclub
65,mlvpj,They have mentioned lower demand for EV. May be they are referring to lowered estimated demand.,1549314265.0,1549285465.0,/r/teslainvestorsclub/comments/amzxeu/tsla_daily_investor_discussion_february_04_2019/efpzty8/,teslainvestorsclub
66,mlvpj,">https://www.panasonic.com/global/corporate/ir/pdf/2018\_3q/3q\_financial\_results\_e.pdf

I believe prismatic batteries are not for TSLA. Do you know which cars use them?",1549310216.0,1549281416.0,/r/teslainvestorsclub/comments/amzxeu/tsla_daily_investor_discussion_february_04_2019/efpwsm1/,teslainvestorsclub
51,mlvpj,"Prof Aswath Damodaran's Analysis [Jun 2018]. [https://www.youtube.com/watch?v=diitEjoruhY](https://www.youtube.com/watch?v=diitEjoruhY)

What's your opinion on this after 2 quarters?

The valuation calculations seem quite thorough. To me it seems that the company is on track for the Royal Flush and quite close to the fairy tale so far.",1548982410.0,1548953610.0,/r/teslainvestorsclub/comments/alrh44/prof_aswath_damodarans_analysis_jun_2018/,teslainvestorsclub
67,mlvpj,What’s this app?,1548962652.0,1548933852.0,/r/teslainvestorsclub/comments/aloclj/low_volume_in_premarket_compared_to_2m_after_bell/effjpiw/,teslainvestorsclub
68,mlvpj,No,1542475108.0,1542446308.0,/r/reinforcementlearning/comments/9xskqy/p_a_library_to_organize_experiments/e9vc5ig/,reinforcementlearning
52,mlvpj,[P] A library to organize experiments. ,1542449318.0,1542420518.0,/r/reinforcementlearning/comments/9xskqy/p_a_library_to_organize_experiments/,reinforcementlearning
69,mlvpj,[Github repo](https://github.com/vpj/lab),1542390994.0,1542362194.0,/r/MachineLearning/comments/9xkun7/p_i_created_this_library_to_organize_machine/e9t2eqw/,MachineLearning
70,mlvpj,Or use this https://stockrow.com/interactive_chart/8875f209-235b-46bf-bd64-6e91041eb332,1540547482.0,1540518682.0,/r/teslainvestorsclub/comments/9r93jr/teslas_new_priceearnings_ratio/e8gq09i/,teslainvestorsclub
71,mlvpj,">https://stockrow.com/TM

If you scroll down (before the business description) there is a table with all the fundamentals (annually). It has P/E, P/S, etc",1540547341.0,1540518541.0,/r/teslainvestorsclub/comments/9r93jr/teslas_new_priceearnings_ratio/e8gpue6/,teslainvestorsclub
72,mlvpj,"Historical P/E ratios for Toyota

[https://stockrow.com/TM](https://stockrow.com/TM)",1540546133.0,1540517333.0,/r/teslainvestorsclub/comments/9r93jr/teslas_new_priceearnings_ratio/e8goh42/,teslainvestorsclub
73,mlvpj,"Yeah, so the share price go up to like $600? 😯",1540444652.0,1540415852.0,/r/teslainvestorsclub/comments/9r3b4a/q3_letter/e8dygfq/,teslainvestorsclub
74,mlvpj,Does this give a P/E ratio of only \~40? (=50B / (312M \* 4)),1540443680.0,1540414880.0,/r/teslainvestorsclub/comments/9r3b4a/q3_letter/e8dx93k/,teslainvestorsclub
53,mlvpj,[R]Fundamentals of Recurrent Neural Network (RNN) and Long Short-Term Memory (LSTM) Network. ,1534239390.0,1534210590.0,/r/MachineLearning/comments/9747y5/rfundamentals_of_recurrent_neural_network_rnn_and/,MachineLearning
75,mlvpj,Thanks for the great tutorial!,1529192664.0,1529163864.0,/r/MachineLearning/comments/8rjvrg/p_deep_q_learning_space_invaders_with_tensorflow/e0rxlsa/,MachineLearning
54,mlvpj,TensorFlow implementation of Deep Q Learning. ,1529157359.0,1529128559.0,/r/reinforcementlearning/comments/8rhhgn/tensorflow_implementation_of_deep_q_learning/,reinforcementlearning
55,mlvpj,Proximal Policy Optimization (PPO) implementation with documentation for Atari Breakout. ,1528324190.0,1528295390.0,/r/reinforcementlearning/comments/8p1282/proximal_policy_optimization_ppo_implementation/,reinforcementlearning
56,mlvpj,[P]Proximal Policy Optimization (PPO) implementation with documentation for Atari Breakout. ,1528047289.0,1528018489.0,/r/MachineLearning/comments/8o7iga/pproximal_policy_optimization_ppo_implementation/,MachineLearning
76,mlvpj,"I hosted the code on GitHub https://github.com/vpj/for_beginners

It's still very incomplete",1523130723.0,1523101923.0,/r/MachineLearning/comments/88gf4x/p_turn_tensorflow_functions_into_mathematical/dwynzak/,MachineLearning
57,mlvpj,[P] Turn TensorFlow functions into mathematical notations and diagrams. ,1522499853.0,1522471053.0,/r/MachineLearning/comments/88gf4x/p_turn_tensorflow_functions_into_mathematical/,MachineLearning
58,mlvpj,1-D GAN using deeplearn.js on observablehq.com. ,1517669780.0,1517640980.0,/r/MachineLearning/comments/7uxvj6/1d_gan_using_deeplearnjs_on_observablehqcom/,MachineLearning
77,mlvpj,Do you mean applications of [LSTM](https://en.wikipedia.org/wiki/Long_short-term_memory)? ,1507571739.0,1507542939.0,/r/MachineLearning/comments/7512ph/p_vanilla_lstm_with_numpy/do454w2/,MachineLearning
78,mlvpj,fun and learning,1507566602.0,1507537802.0,/r/MachineLearning/comments/7512ph/p_vanilla_lstm_with_numpy/do43flp/,MachineLearning
59,mlvpj,[P] Vanilla LSTM with numpy. ,1507489029.0,1507460229.0,/r/MachineLearning/comments/7512ph/p_vanilla_lstm_with_numpy/,MachineLearning
