,author,body,created,created_utc,permalink,subreddit
0,wydwww,It works with watchOS 6 now. Tested with my campus eduroam.,1574175426.0,1574146626.0,/r/AppleWatch/comments/bttbun/eduroam_on_apple_watch/f8125lz/,AppleWatch
1,wydwww,"I agree about the blind spots and controlled deployment area. And in such easy environments, cloud controlled vehicles/droids can still have a lower cost, not just space on vehicle. Cost saving might be considerable when the deployment is large-scale enough, for easy applications.",1556643770.0,1556614970.0,/r/SelfDrivingCars/comments/bizatg/discussion_is_self_driving_as_a_cloud_service/em4iugo/,SelfDrivingCars
0,wydwww,"[Discussion] Is ""Self Driving as a Cloud Service"" possible/worthy in the future?. The scenario is like a fleet of self-driving cars/droids on the road are controlled from a datacenter nearby. They stream camera videos to datacenter and receive decisions made by server. 

Cloud computing has some benefits like easy to scale and low cost requirement for each edge devices. Expensive chips on the car can be saved. This could be suitable for some low-demanding scenarios like [delivery droids](https://www.wired.com/story/amazon-new-delivery-robot-scout/) of Amazon and street view cars gathering data. 

Technical difficulties such as wireless bandwidth (there are research on this: bandwidth-saving edge to cloud video analytics) and latency (better network and edge cluster might help) might be solved someday. Of course there are legal problems like the responsibility goes to ISP or car maker when there is a crash. 

Beside these challenges, is this a worthy paradigm of self driving?",1556628297.0,1556599497.0,/r/SelfDrivingCars/comments/bizatg/discussion_is_self_driving_as_a_cloud_service/,SelfDrivingCars
2,wydwww,"To my knowledge, considering accuracy/latency trade-off, SOTAs about real-time image/video semantic segmentation are ICNet for Real-Time Semantic Segmentation on High-Resolution Images, and Low-Latency Video Semantic Segmentation, etc.

They both compare with ENet.",1548548138.0,1548519338.0,/r/MachineLearning/comments/ajyc2z/p_enet_real_time_semantic_segmentation/ef0t8no/,MachineLearning
3,wydwww,Could you please give the weight of this stand? I found a 3D printing service charging by weight. Thanks!,1541021998.0,1540993198.0,/r/AppleWatch/comments/9su7q2/my_dad_3d_printed_this_apple_watch_charging_stand/e8scnpn/,AppleWatch
4,wydwww,Same issue. A workaround is to disconnect iPhone and restart the watch.,1541020411.0,1540991611.0,/r/AppleWatch/comments/9lelcy/apple_watch_os_4_wifi_issues/e8sb3tn/,AppleWatch
5,wydwww,WiFi connection issue with eduroam still not fixed.,1541019219.0,1540990419.0,/r/AppleWatch/comments/9sq7j6/watchos_51_bug_features_megathread/e8sa07k/,AppleWatch
6,wydwww,Same issue in HK. Just reported to Apple. Thanks,1541018414.0,1540989614.0,/r/AppleWatch/comments/9h5xw9/with_watchos_5_i_can_finally_connect_to_my/e8s9avg/,AppleWatch
7,wydwww,"SJTU CS UG do have an ""English class"" of dozens of local students a year. One with good GPA can choose to join it in year 2. Usually those who plan to apply for grad programs overseas will join this English class, like some of my friends.
So don't worry, SJTU CS offer all 4-year courses in English.
I just graduated from SEIEE last year and I'm sure about this, although it sounds weird to join a English ug program for me.",1523308915.0,1523280115.0,/r/shanghai/comments/8a9jwp/any_thoughts_on_sjtu_computer_science_program/dx2gfjd/,shanghai
