,author,body,created,created_utc,permalink,subreddit
0,whatsthegoss,Mildly Interesting: Waymo's having spinning wipers. ,1569499853.0,1569471053.0,/r/SelfDrivingCars/comments/d9ej7j/mildly_interesting_waymos_having_spinning_wipers/,SelfDrivingCars
1,whatsthegoss,Self driving car has spinning wipers. ,1569490451.0,1569461651.0,/r/mildlyinteresting/comments/d9cszd/self_driving_car_has_spinning_wipers/,mildlyinteresting
0,whatsthegoss,"My daughter will have fun with this question. She was born in the US, but I am Asian Australian living in America. ",1515862315.0,1515833515.0,/r/worldnews/comments/7q1gws/before_shithole_comment_trump_asked_why_a_pretty/dsm3cn0/,worldnews
1,whatsthegoss,"Hi Elon,
Unlike other entrepreneurs, you have built multiple successful companies in completely different industries. What would you say is your biggest attribute that has led to this success?",1508041438.0,1508012638.0,/r/space/comments/76e79c/i_am_elon_musk_ask_me_anything_about_bfr/dodbyrc/,space
2,whatsthegoss,[John Green is a fan of AFC Wimbledon](https://www.youtube.com/watch?v=9cxPqgyljKc),1505094186.0,1505065386.0,/r/soccer/comments/6z7hq4/mark_hamill_favourites_a_tweet_about_wolves/dmtj4nm/,soccer
2,whatsthegoss,Manchester United agree Victor Lindelof transfer with Benfica. ,1497154341.0,1497125541.0,/r/soccer/comments/6ghbfi/manchester_united_agree_victor_lindelof_transfer/,soccer
3,whatsthegoss,"are there any studies or results that have shown that material design translates into more sales or customer retention for your apps or websites?. I am trying to convince my work place that adopting Material Design would be good for our mobile app, but as always the managers want to know if redesigning an app to material design would actually translate into more sales. Intuitively I know that a better designed app is much nicer to use, but I can't actually find any results to support the argument that it would improve sales or bring customers back.  ",1471524394.0,1471495594.0,/r/MaterialDesign/comments/4yad5k/are_there_any_studies_or_results_that_have_shown/,MaterialDesign
4,whatsthegoss,"One for me, one for my brother. ",1462344662.0,1462315862.0,/r/Vive/comments/4hr4z8/one_for_me_one_for_my_brother/,Vive
3,whatsthegoss,"When people post on facebook a picture of their dinner or travels and joke about being single. ""My dinner and a view of the eiffel tower! who says I need a boyfriend to enjoy Paris? hahah""",1441811686.0,1441782886.0,/r/AskReddit/comments/3k5l2l/what_screams_insecurity_to_you/cuvdf9y/,AskReddit
5,whatsthegoss,Ronaldo surprise scream during his acceptance speech. ,1421168107.0,1421139307.0,/r/soccer/comments/2s9j3l/ronaldo_surprise_scream_during_his_acceptance/,soccer
4,whatsthegoss,"I was there, and it was one of the best experiences of my life. I remember hugging random strangers after we won and then we went out partying with friends all night and then went straight into work the next morning without sleep",1416161865.0,1416133065.0,/r/soccer/comments/2mgdax/on_this_day_9_years_ago_australia_qualified_for/cm3yl9o/,soccer
6,whatsthegoss,I'm glad two former reds made it into the UEFA team of the week. ,1412416344.0,1412387544.0,/r/reddevils/comments/2i8rst/im_glad_two_former_reds_made_it_into_the_uefa/,reddevils
5,whatsthegoss,I didn't know that the New York Red Bulls were playing in the world cup,1402715499.0,1402686699.0,/r/worldcup/comments/282c7a/match_thread_spain_vs_netherlands/ci6sniu/,worldcup
7,whatsthegoss,I love how Miyamoto is not afraid to publicly play games from other companies. ,1402664056.0,1402635256.0,/r/gaming/comments/2810tl/i_love_how_miyamoto_is_not_afraid_to_publicly/,gaming
8,whatsthegoss,I made a video of the Opera House at Vivid Sydney. ,1401348573.0,1401319773.0,/r/australia/comments/26qnub/i_made_a_video_of_the_opera_house_at_vivid_sydney/,australia
6,whatsthegoss,In some ways I feel Brendan Rogers is young Ferguson. Hopefully he doesn't build a new dynasty for Liverpool,1397427832.0,1397399032.0,/r/reddevils/comments/22x5h3/sir_alex_ferguson_has_been_gone_for_910_months/cgr9wp3/,reddevils
9,whatsthegoss,Gary Neville talks about Mata & Kagawa's current link-up play. ,1396949421.0,1396920621.0,/r/reddevils/comments/22h8uc/gary_neville_talks_about_mata_kagawas_current/,reddevils
10,whatsthegoss,I work in the city where there are so many places to go for lunch. ,1391510484.0,1391481684.0,/r/AdviceAnimals/comments/1wy90y/i_work_in_the_city_where_there_are_so_many_places/,AdviceAnimals
11,whatsthegoss,The 10 Most Dangerous Animals in Australia. ,1387787805.0,1387759005.0,/r/australia/comments/1thsjv/the_10_most_dangerous_animals_in_australia/,australia
7,whatsthegoss,"I'd like to see Rooney, Kagawa and Nani play behind RVP but continually rotate their positions. Each taking turns on the left, middle and right. The continual rotation will make it harder for teams to track their runs and positions but also give both Rooney and Kagawa time in the #10 position. We know all three can play in any of those positions",1380751460.0,1380722660.0,/r/reddevils/comments/1nihvj/pre_match_thread_shaktar_donetsk_vs_manchester/ccjincp/,reddevils
8,whatsthegoss,"Who needs defence when you have can start an attacking line up like this?

                 Rooney    RVP    Hernandez

             Nani            Kagawa            Zaha

                         Fellaini    Carrick

                        Vidic       Ferdinand

                                DDG",1378306864.0,1378278064.0,/r/reddevils/comments/1lnrge/how_to_accomodate_both_rooney_and_kagawa/cc1f2iu/,reddevils
12,whatsthegoss,Mourinho will get his own cartoon series. ,1377870385.0,1377841585.0,/r/soccer/comments/1lduke/mourinho_will_get_his_own_cartoon_series/,soccer
9,whatsthegoss,What happened to Kagawa over the summer?,1376922313.0,1376893513.0,/r/reddevils/comments/1knfyb/some_new_faces_this_season/cbqq757/,reddevils
13,whatsthegoss,Thiago could be off to Bayern to link up with Pep. ,1373564089.0,1373535289.0,/r/reddevils/comments/1i2kef/thiago_could_be_off_to_bayern_to_link_up_with_pep/,reddevils
14,whatsthegoss,"After several interviews, I got rejected from my dream job today. ",1371762377.0,1371733577.0,/r/AdviceAnimals/comments/1gq3ei/after_several_interviews_i_got_rejected_from_my/,AdviceAnimals
15,whatsthegoss,A video of the first Central Coast Mariners goal that I recorded. ,1366651352.0,1366622552.0,/r/Aleague/comments/1curtj/a_video_of_the_first_central_coast_mariners_goal/,Aleague
10,whatsthegoss,Looks amazing,1359905656.0,1359876856.0,/r/videos/comments/17sl0r/amazing_118_storey_hong_kong_skyscraper_dragon/c88hj7v/,videos
16,whatsthegoss,Annoyed Picard on Linkedin. ,1353961541.0,1353932741.0,/r/jobs/comments/13t5jb/annoyed_picard_on_linkedin/,jobs
11,whatsthegoss,"For Australia - Amini, Rogic, Mooy, Porta",1352105942.0,1352077142.0,/r/soccer/comments/12mw2d/what_players_are_not_in_your_national_team_that/c6wh5er/,soccer
17,whatsthegoss,Bolt visits Melbourne Heart. ,1349388009.0,1349359209.0,/r/soccer/comments/10xot3/bolt_visits_melbourne_heart/,soccer
18,whatsthegoss,Amazeballs: This anti-gravity ball can remember your touch. ,1337589519.0,1337560719.0,/r/science/comments/twqd5/amazeballs_this_antigravity_ball_can_remember/,science
19,whatsthegoss,Video: Storm trooper treks across Australia. ,1318570394.0,1318541594.0,/r/reddit.com/comments/lbaoq/video_storm_trooper_treks_across_australia/,reddit.com
