,author,body,created,created_utc,permalink,subreddit
0,meccaleccahimeccahi,"Yep. and even if it thought it was another lane, it's not like it put the blinker on.",1567034299.0,1567005499.0,/r/SelfDrivingCars/comments/ctq3hu/my_tesla_model_3_tried_to_kill_me/eycqfkg/,SelfDrivingCars
1,meccaleccahimeccahi,Good idea!,1567033095.0,1567004295.0,/r/SelfDrivingCars/comments/ctq3hu/my_tesla_model_3_tried_to_kill_me/eycnaci/,SelfDrivingCars
2,meccaleccahimeccahi,They are linked in the post,1567033080.0,1567004280.0,/r/SelfDrivingCars/comments/ctq3hu/my_tesla_model_3_tried_to_kill_me/eycn8xt/,SelfDrivingCars
3,meccaleccahimeccahi,"Sadly, no. I had a USB in there and for the week prior, I kept getting a message on the screen saying ""usb is too slow"", but it didn't make sense to me - it's a very fast usb stick (new one). So I considered it some weird error on the car's part. After it happened, I tried to download but there was nothing on the usb. Yeah, hindsight...",1566942009.0,1566913209.0,/r/SelfDrivingCars/comments/ctq3hu/my_tesla_model_3_tried_to_kill_me/ey87bam/,SelfDrivingCars
4,meccaleccahimeccahi,70,1566941615.0,1566912815.0,/r/SelfDrivingCars/comments/ctq3hu/my_tesla_model_3_tried_to_kill_me/ey86scz/,SelfDrivingCars
5,meccaleccahimeccahi,"Yeah, that was my concern. Do I go through the trouble of connecting a CAN-USB only to find out that it isn't the way to get historical data?",1566555257.0,1566526457.0,/r/SelfDrivingCars/comments/ctq3hu/my_tesla_model_3_tried_to_kill_me/exrxbht/,SelfDrivingCars
6,meccaleccahimeccahi,"I think you are confused. I had my hands on the wheel and the car jerked over into the railing before I could even pull the steering wheel back. By the time my human brain reacted, the car had already gotten back into the lane.
So yeah, the car's fault.",1566555185.0,1566526385.0,/r/SelfDrivingCars/comments/ctq3hu/my_tesla_model_3_tried_to_kill_me/exrx7w9/,SelfDrivingCars
7,meccaleccahimeccahi,I do the same. My hands were on the wheel.,1566555086.0,1566526286.0,/r/SelfDrivingCars/comments/ctq3hu/my_tesla_model_3_tried_to_kill_me/exrx2y1/,SelfDrivingCars
8,meccaleccahimeccahi,"Maybe some smaller version of it I suppose. But I would definitely agree with them in saing "" but some critics say the Autopilot software gives drivers a [false sense of security](https://www.washingtonpost.com/technology/2018/10/18/shaken-by-hype-self-driving-leaders-adopt-new-strategy-shutting-up/)."" Tesla says that they expect fully automated driving by year end. Even Elon is touting driverless taxi's by next year. So yeah, why would we not be led to believe the car is capable of driving in a straight line with no obstacles even present? FWIW, I did purchase the extra ""full self driving"" hardware with the car.",1566510465.0,1566481665.0,/r/SelfDrivingCars/comments/ctq3hu/my_tesla_model_3_tried_to_kill_me/exottbt/,SelfDrivingCars
9,meccaleccahimeccahi,According to [edr.tesla.com](https://edr.tesla.com) it is perfectly ok to access them. But they want an obscene amount of dough for their diagnostic cable (which is just a CAN USB),1566510130.0,1566481330.0,/r/SelfDrivingCars/comments/ctq3hu/my_tesla_model_3_tried_to_kill_me/exosyhr/,SelfDrivingCars
10,meccaleccahimeccahi,"Yes, a quick tap (but enough to do $10k worth of damage...according to the insurance adjuster. (I linked the pictures in the post)",1566510061.0,1566481261.0,/r/SelfDrivingCars/comments/ctq3hu/my_tesla_model_3_tried_to_kill_me/exossul/,SelfDrivingCars
0,meccaleccahimeccahi,"My Tesla Model 3 tried to kill me. Last Friday night, my employee and I were driving back from VA to NC, and autopilot suddenly swerved into a guardrail for no apparent reason. There were no obstacles, no other cars nearby and the weather was perfect [Pics](https://imgur.com/a/Pg9majZ). It happened so quickly that the car corrected itself before I even had time to pull it back into the lane (yes, my hands were on the steering wheel, unlike most of the idiotic news reports I hear about dumbasses looking at their laptop or something else).

I'm truly perplexed as to how this could happen other than some software bug. I'm also guessing that once I take it to them on Monday they are going to delete the history so that nobody can say it was the car's fault. 

I am highly technical (network engineer and software dev background), and I looked into [connecting to the CAN bus](https://copperhilltech.com/raspberry-pi-3-b-system-with-single-can-bus-interface/), but I am not sure that will give me the historical data I need vs. just real-time stats.

Does anyone know if there's a way I can pull historical video and logs from that night?

FWIW, I really don't want to make this some news thing to burn Tesla. I still LOVE this car and it is truly an amazing leap in technology. What I do want it for Tesla to step up and provide a new vehicle since this one is only a few months old and now I am going to lose my ass on resale value later on.",1566464550.0,1566435750.0,/r/SelfDrivingCars/comments/ctq3hu/my_tesla_model_3_tried_to_kill_me/,SelfDrivingCars
1,meccaleccahimeccahi,My Model 3 tried to kill me - is there a way for me to get the data from that night?. [removed],1566450141.0,1566421341.0,/r/teslamotors/comments/ctn0r0/my_model_3_tried_to_kill_me_is_there_a_way_for_me/,teslamotors
14,meccaleccahimeccahi,"Can you give usage examples? I tried `/proxmox-cloudinit-custom-userdata.pm 9001 local-lvm:vm-9001-cloudinit`

But it fails with:

```
Ambiguous use of *{PVE::QemuServer::Cloudinit::cloudinit_userdata} resolved to *PVE::QemuServer::Cloudinit::cloudinit_userdata at ./proxmox-cloudinit-custom-userdata.pm line 17.
Subroutine PVE::QemuServer::Cloudinit::cloudinit_userdata redefined at ./proxmox-cloudinit-custom-userdata.pm line 19.
can't open 'local-lvm:vm-9001-cloudinit' - No such file or directory
```
(but that file does exist)",1555649486.0,1555620686.0,/r/Proxmox/comments/9yl8fb/custom_cloudinit_userdata/el7t9ye/,Proxmox
15,meccaleccahimeccahi,Will someone please tell these smaller towns that it's the same as getting a burglar alarm after getting robbed? You need to train your staff and protect yourselves BEFORE you get bent over.,1555407013.0,1555378213.0,/r/GreenvilleNCarolina/comments/bdo2i8/ransomware_knocks_greenville_nc_offline/ekzk52h/,GreenvilleNCarolina
2,meccaleccahimeccahi,"Ransomware knocks Greenville, N.C. offline. ",1555406953.0,1555378153.0,/r/GreenvilleNCarolina/comments/bdo2i8/ransomware_knocks_greenville_nc_offline/,GreenvilleNCarolina
18,meccaleccahimeccahi,"Interestingly, mine just did the same thing after I told her she sucks. ",1524107533.0,1524078733.0,/r/amazonecho/comments/7m6e4l/echo_dot_2_no_sound/dxl1a2h/,amazonecho
19,meccaleccahimeccahi,"> Noctua U14S
He put an AMD threadripper cooler on an intel cpu?",1523757687.0,1523728887.0,/r/overclocking/comments/7bzetu/best_motherboard_for_i78700k/dxd29bf/,overclocking
20,meccaleccahimeccahi,"Still no love :(

R1 Config
---

    !
    interface GigabitEthernet0/0
     description RTR-WAN->Switch_Gi1/0/3
     ip address dhcp
     duplex full
     speed 1000
    !

S1 Config
---

    !
    interface GigabitEthernet1/0/2
     description Switch-Gi1/0/2->GoogleFiber_Uplink
     switchport trunk native vlan 2
     switchport mode trunk
     switchport voice vlan 2
     speed 1000
     duplex full
     mls qos cos 2
     mls qos cos override
    !
    interface GigabitEthernet1/0/3
     description Switch-Gi1/0/3->RTR-WAN_Gi0/0
     switchport access vlan 2
    !

DHCP Debug
---

Not that this helps, but just in case (basically says it's not working...duh)

    Mar 12 13:06:34: DHCP: Try 6 to acquire address for GigabitEthernet0/0
    Mar 12 13:06:34: DHCP: allocate request
    Mar 12 13:06:34: DHCP: zapping entry in DHC_PURGING state for Gi0/0
    Mar 12 13:06:34: DHCP: deleting entry 2C141B60 0.0.0.0 from list
    Mar 12 13:06:34: Temp IP addr: 0.0.0.0  for peer on Interface: GigabitEthernet0/0
    Mar 12 13:06:34: Temp  sub net mask: 0.0.0.0
    Mar 12 13:06:34:    DHCP Lease server: 0.0.0.0, state: 11 Purging
    Mar 12 13:06:34:    DHCP transaction id: 2700
    Mar 12 13:06:34:    Lease: 0 secs,  Renewal: 0 secs,  Rebind: 0 secs
    Mar 12 13:06:34:    Next timer fires after: 00:00:06
    Mar 12 13:06:34:    Retry count: 0   Client-ID: cisco-1cdf.0f99.4520-Gi0/0
    Mar 12 13:06:34:    Client-ID hex dump: 636973636F2D316364662E306639392E
    Mar 12 13:06:34:                        343532302D4769302F30
    Mar 12 13:06:34:    Hostname: rtr
    Mar 12 13:06:34: DHCP: new entry. add to queue, interface GigabitEthernet0/0
    Mar 12 13:06:34: DHCP: SDiscover attempt # 1 for entry:
    Mar 12 13:06:34: Temp IP addr: 0.0.0.0  for peer on Interface: GigabitEthernet0/0
    Mar 12 13:06:34: Temp  sub net mask: 0.0.0.0
    Mar 12 13:06:34:    DHCP Lease server: 0.0.0.0, state: 3 Selecting
    Mar 12 13:06:34:    DHCP transaction id: 2701
    Mar 12 13:06:34:    Lease: 0 secs,  Renewal: 0 secs,  Rebind: 0 secs
    Mar 12 13:06:34:    Next timer fires after: 00:00:04
    Mar 12 13:06:34:    Retry count: 1   Client-ID: cisco-1cdf.0f99.4520-Gi0/0
    Mar 12 13:06:34:    Client-ID hex dump: 636973636F2D316364662E306639392E
    Mar 12 13:06:34:                        343532302D4769302F30
    Mar 12 13:06:34:    Hostname: rtr
    Mar 12 13:06:34: DHCP: SDiscover placed class-id option: 64736C666F72756D2E6F7267
    Mar 12 13:06:34: DHCP: SDiscover: sending 306 byte length DHCP packet
    Mar 12 13:06:34: DHCP: SDiscover 306 bytes
    Mar 12 13:06:34:             B'cast on GigabitEthernet0/0 interface from 0.0.0.0
    Mar 12 13:06:38: DHCP: SDiscover attempt # 2 for entry:
    Mar 12 13:06:38: Temp IP addr: 0.0.0.0  for peer on Interface: GigabitEthernet0/0
    Mar 12 13:06:38: Temp  sub net mask: 0.0.0.0
    Mar 12 13:06:38:    DHCP Lease server: 0.0.0.0, state: 3 Selecting
    Mar 12 13:06:38:    DHCP transaction id: 2701
    Mar 12 13:06:38:    Lease: 0 secs,  Renewal: 0 secs,  Rebind: 0 secs
    Mar 12 13:06:38:    Next timer fires after: 00:00:04
    Mar 12 13:06:38:    Retry count: 2   Client-ID: cisco-1cdf.0f99.4520-Gi0/0
    Mar 12 13:06:38:    Client-ID hex dump: 636973636F2D316364662E306639392E
    Mar 12 13:06:38:                        343532302D4769302F30
    Mar 12 13:06:38:    Hostname: rtr
    Mar 12 13:06:38: DHCP: SDiscover placed class-id option: 64736C666F72756D2E6F7267
    Mar 12 13:06:38: DHCP: SDiscover: sending 306 byte length DHCP packet
    Mar 12 13:06:38: DHCP: SDiscover 306 bytes
    Mar 12 13:06:38:             B'cast on GigabitEthernet0/0 interface from 0.0.0.0
    Mar 12 13:06:42: DHCP: SDiscover attempt # 3 for entry:
    Mar 12 13:06:42: Temp IP addr: 0.0.0.0  for peer on Interface: GigabitEthernet0/0
    Mar 12 13:06:42: Temp  sub net mask: 0.0.0.0
    Mar 12 13:06:42:    DHCP Lease server: 0.0.0.0, state: 3 Selecting
    Mar 12 13:06:42:    DHCP transaction id: 2701
    Mar 12 13:06:42:    Lease: 0 secs,  Renewal: 0 secs,  Rebind: 0 secs
    Mar 12 13:06:42:    Next timer fires after: 00:00:04
    Mar 12 13:06:42:    Retry count: 3   Client-ID: cisco-1cdf.0f99.4520-Gi0/0
    Mar 12 13:06:42:    Client-ID hex dump: 636973636F2D316364662E306639392E
    Mar 12 13:06:42:                        343532302D4769302F30
    Mar 12 13:06:42:    Hostname: rtr
    Mar 12 13:06:42: DHCP: SDiscover placed class-id option: 64736C666F72756D2E6F7267
    Mar 12 13:06:42: DHCP: SDiscover: sending 306 byte length DHCP packet
    Mar 12 13:06:42: DHCP: SDiscover 306 bytes
    Mar 12 13:06:42:             B'cast on GigabitEthernet0/0 interface from 0.0.0.0
    Mar 12 13:06:46: DHCP: QScan: Timed out Selecting state%Unknown DHCP problem.. No allocation possible
    Mar 12 13:06:54: DHCP: Waiting for 30 seconds on interface GigabitEthernet0/0


2nd to the last line: `Mar 12 13:06:46: DHCP: QScan: Timed out Selecting state%Unknown DHCP problem.. No allocation possible`
",1520817573.0,1520788773.0,/r/googlefiber/comments/83km1b/cisco_2960s_switch_cisco_1941_router_and_gfiber/dvj8n8c/,googlefiber
21,meccaleccahimeccahi,"Here's what I have now, but still no worky :(

    interface GigabitEthernet1/0/2
     description Switch-Gi1/0/2->GoogleFiber_Uplink
     switchport trunk native vlan 2
     switchport mode trunk
     switchport voice vlan 2
     mls qos cos 2
     mls qos cos override
    !
    interface GigabitEthernet1/0/3
     description Switch-Gi1/0/3->RTR-WAN_Gi0/0
     switchport access vlan 2
    !

    class-map match-any mark-traffic-class
      match access-group name mark-traffic-acl
    !
    policy-map mark-traffic-policy
     class mark-traffic-class
       set precedence 2

Also, where should I grab dhcp from? the switch or the router?

i.e., the switch:

    interface Vlan2
     ip address dhcp

Or on the router:

    interface GigabitEthernet0/0
     description RTR-WAN->Switch_Gi1/0/3
     no ip address
     duplex full
     speed 1000
    !
    interface GigabitEthernet0/0.2
     encapsulation dot1Q 2
     ip address dhcp
    !

I would think the router, but neither are getting an IP.",1520779738.0,1520750938.0,/r/googlefiber/comments/83km1b/cisco_2960s_switch_cisco_1941_router_and_gfiber/dvinrnj/,googlefiber
22,meccaleccahimeccahi,"Ah, ok.
So just remove their network box completely, then `interface GigabitEthernet1/0/2` is to fiber jack and `GigabitEthernet1/0/4` to my router. Right?
",1520778948.0,1520750148.0,/r/googlefiber/comments/83km1b/cisco_2960s_switch_cisco_1941_router_and_gfiber/dvincqn/,googlefiber
23,meccaleccahimeccahi,"Thanks! 

Is your `interface GigabitEthernet1/0/52` the same as my `GigabitEthernet1/0/2` or is it my `GigabitEthernet1/0/4`...or both?",1520776911.0,1520748111.0,/r/googlefiber/comments/83km1b/cisco_2960s_switch_cisco_1941_router_and_gfiber/dvim8a1/,googlefiber
3,meccaleccahimeccahi,"Cisco 2960s Switch, Cisco 1941 Router, and GFiber woes. I've read all the obligatory posts and searched the goog, but I'm still unable to get gfiber to work when I use a switch.

My setup:

* I do not have Google TV, just the intertubes
* I live in Raleigh, NC (not sure if this matters for the VLAN and QoS settings?)
* Google fiber uplink cable (the one plugged into the actual fiber box, not the ""network box"") is plugged into GigabitEthernet1/0/2 on my switch
* The gfiber ""network box"" is plugged into GigabitEthernet1/0/4
* GigabitEthernet1/0/3 is connected to my Router
* all 3 are in vlan 2 (as suggested by the links mentioned below)
* the router's WAN port is in vlan 2, but no QoS applied (again, as recommended in the links mentioned below).

Relevant Switch config:

    interface GigabitEthernet1/0/2
     description Switch-Gi1/0/2->GoogleFiber_Uplink
     switchport access vlan 2
     mls qos cos 3
    !
    interface GigabitEthernet1/0/3
     description Switch-Gi1/0/3->RTR-WAN_Gi0/0
     switchport access vlan 2
    !
    interface GigabitEthernet1/0/4
     description Gi1/0/4->GFiber-Netbox-WAN-Port
     switchport access vlan 2
     mls qos cos 3

I set `mls qos 3` based on [this](https://www.reddit.com/r/googlefiber/comments/650uc1/any_way_around_double_nat/) and [this](http://itnutt.com/how-to-bypass-google-fibers-network-box/)

My router's relevant config (but I don't think this matters in this context?):

    interface GigabitEthernet0/0
     description RTR-WAN->Switch_Gi1/0/3
     no ip address
     duplex full
     speed 1000
    !
    interface GigabitEthernet0/0.2
     encapsulation dot1Q 2
     ip address dhcp
    !

Seems I am missing something because I can't get an external IP. Also, if I come in from my phone to fiber.google.com the WAN port shows down when I have it connected this way.

I've tried adding:

    interface Vlan2
     ip address dhcp

To my switch, but that doesn't get an IP.

I also tried doing it on the router as seen above for the `ip address dhcp` on interface `GigabitEthernet0/0.2`, but no dice.

I'm out of ideas. 

Has anyone else gotten this to work? What am I missing?



# Edit
After 2 days of messing with this, here's where I'm at. Just wanted to document this for others.

# Switch Config (some non-essential lines removed)

    !
    hostname 2960s
    !
    logging count
    logging buffered 16384
    !
    clock timezone EST -5 0
    clock summer-time EST recurring
    switch 1 provision ws-c2960s-48lpd-l
    authentication mac-move permit
    ip routing
    ip dhcp excluded-address 10.0.0.254
    ip dhcp excluded-address 10.0.0.1 10.0.0.50
    ip dhcp excluded-address 192.168.28.254
    ip dhcp excluded-address 192.168.28.1 192.168.28.20
    !
    ip dhcp pool Vlan10
       network 10.0.0.0 255.255.0.0
       default-router 10.0.0.1 
       dns-server 8.8.8.8 
    !
    ip dhcp pool Vlan28
       network 192.168.28.0 255.255.255.0
       domain-name home.local
       default-router 192.168.28.1 
       dns-server 208.67.222.222 208.67.220.220 
    !
    !
    ip domain-name <removed for anonymity> 
    ip name-server 8.8.8.8
    login on-failure log
    login on-success log
    vtp domain home
    vtp mode transparent
    !
    mls qos
    !
    archive
     log config
      logging enable
      hidekeys
    spanning-tree mode pvst
    spanning-tree extend system-id
    !
    !
    vlan internal allocation policy ascending
    !
    vlan 10
     name VL10_10.0.0.0-16
    !
    vlan 28
     name Home_Network
    !
    vlan 29
     name PROXMOX_192.168.29.0-24
    !
    vlan 161
     name CMLab_172.16.1.0-24
    !
    vlan 162
     name CMLab_172.16.2.0-24
    !
    vlan 163
     name CMLab_172.16.3.0-24
    !
    vlan 1610
     name CMLab_172.16.10.0-24
    !
    ip scp server enable
    !
    class-map match-any mark-traffic-class
      match access-group name mark-traffic-acl
    !
    policy-map mark-traffic-policy
     class mark-traffic-class
       set precedence 2
    !
    interface GigabitEthernet1/0/1
     description Switch-Gi1/0/1->RTR-LAN_Gi0/1
     switchport trunk allowed vlan 1,3-4094
     switchport mode trunk
    !
    interface GigabitEthernet1/0/2
     description Switch-Gi1/0/2->GoogleFiber_Uplink
     speed 1000
     duplex full
     mls qos cos 2
     mls qos cos override
     spanning-tree portfast
    !
    interface GigabitEthernet1/0/3
     description Switch-Gi1/0/3->RTR-WAN_Gi0/0
     switchport access vlan 2
     speed 1000
     duplex full
     mls qos cos 2
     mls qos cos override
    !
    interface Vlan10
     description Vlan10
     ip address 10.0.0.254 255.255.0.0
    !
    interface Vlan28
     ip address 192.168.28.254 255.255.255.0
    !
    interface Vlan161
     ip address 172.16.1.253 255.255.255.0
    !
    interface Vlan162
     ip address 172.16.2.253 255.255.255.0
    !
    interface Vlan163
     ip address 172.16.3.253 255.255.255.0
    !
    interface Vlan1610
     ip address 172.16.10.253 255.255.255.0
    !
    ip route 0.0.0.0 0.0.0.0 192.168.28.1
    ip route 10.0.0.0 255.255.0.0 Vlan10
    ip route 172.16.1.0 255.255.255.0 Vlan161
    ip route 172.16.2.0 255.255.255.0 Vlan162
    ip route 172.16.3.0 255.255.255.0 Vlan163
    ip route 172.16.10.0 255.255.255.0 Vlan1610
    logging esm config
    logging trap debugging
    logging 192.168.28.202


# Router Config

    
    !
    ! NVRAM config last updated at 16:10:28 EST Sun Mar 11 2018 by cdukes
    version 15.3
    service tcp-keepalives-in
    service tcp-keepalives-out
    service timestamps debug datetime localtime
    service timestamps log datetime localtime
    no service password-encryption
    service compress-config
    !
    hostname rtr
    !
    boot-start-marker
    boot system flash0:c1900-universalk9-mz.SPA.153-3.M1.bin
    boot-end-marker
    !
    !
    logging count
    logging buffered 65535
    no logging console
    !
    aaa new-model
    !
    !
    aaa authentication login default local
    aaa authentication login sslvpn local
    aaa authorization exec default local 
    !
    !
    !
    !
    !
    aaa session-id common
    clock timezone EST -5 0
    clock calendar-valid
    !
    ip domain retry 0
    ip domain timeout 1
    ip domain name <removed for anonymity>
    ip name-server 208.67.222.222
    ip name-server 208.67.220.220
    ip cef
    no ipv6 cef
    !
    multilink bundle-name authenticated
    !
    !
    license boot module c1900 technology-package securityk9
    license boot module c1900 technology-package datak9
    hw-module ism 0
    !
    !
    redundancy
    !
    !
    ip ssh time-out 30
    ip ssh version 2
    ip scp server enable
    ! 
    interface Embedded-Service-Engine0/0
     no ip address
     shutdown
    !
    interface GigabitEthernet0/0
     description RTR-WAN->Switch_Gi1/0/3
     ip address dhcp
     ip nat outside
     ip virtual-reassembly in
     duplex full
     speed 1000
    !
    interface wlan-ap0
     description Unused-AP
     no ip address
     arp timeout 0
     no mop enabled
     no mop sysid
    !
    interface GigabitEthernet0/1
     description RTR-LAN->Switch_Gi1/0/1
     no ip address
     duplex auto
     speed auto
    !
    interface GigabitEthernet0/1.10
     description Vlan10
     encapsulation dot1Q 10
     ip address 10.0.0.1 255.255.0.0
     ip nat inside
     ip virtual-reassembly in
    !
    interface GigabitEthernet0/1.28
     description Vlan28-HomeNet
     encapsulation dot1Q 28
     ip address 192.168.28.1 255.255.255.0
     ip nat inside
     ip virtual-reassembly in
    !
    interface GigabitEthernet0/1.161
     description VLAN161-CiscoLab
     encapsulation dot1Q 161
     ip address 172.16.1.1 255.255.255.0
    !
    interface Wlan-GigabitEthernet0/0
     description Unused-Wifi
     switchport mode trunk
     no ip address
     shutdown
    !
    interface Vlan1
     no ip address
    !
    ip forward-protocol nd
    !
    ip dns view default
     domain timeout 1
     domain retry 0
     dns forwarder 208.67.220.220
     dns forwarder 208.67.222.222
    ip dns server
    ip dns primary <removed for anonymity> soa 192.168.28.1 <removed for anonymity> 21600 900 7776000 86400
    ip nat inside source list 100 interface GigabitEthernet0/0 overload
    ip route 10.0.0.0 255.255.0.0 GigabitEthernet0/1.10
    ip route 172.16.1.0 255.255.255.0 GigabitEthernet0/1.161
    ip route 192.168.28.0 255.255.255.0 GigabitEthernet0/1.28
    !
    logging trap debugging
    logging source-interface GigabitEthernet0/1.28
    logging host 192.168.28.202
    !
    !
    access-list 100 remark == [Control NAT Service]==
    access-list 100 permit ip 192.168.28.0 0.0.0.255 any
    access-list 100 permit ip 10.0.0.0 0.0.255.255 any
    !
    !
    control-plane
    !
    end

# It works, and it doesn't.

I can get the DHCP assignment and access the net, but **only** for 2-5 minutes. After that, the link drops for no apparent reason.


I have to go to the switch and:
    
    conf t
    
    interface GigabitEthernet1/0/2
     description Switch-Gi1/0/2->GoogleFiber_Uplink
     switchport trunk native vlan 2
     switchport mode trunk
     switchport voice vlan 2
     speed 1000
     duplex full
     mls qos cos 2
     mls qos cos override
    !
    interface GigabitEthernet1/0/3
     description Switch-Gi1/0/3->RTR-WAN_Gi0/0
     switchport access vlan 2
    mls qos cos 2
     mls qos cos override
    !
    
    class-map match-any mark-traffic-class
      match access-group name mark-traffic-acl
    !
    policy-map mark-traffic-policy
     class mark-traffic-class
       set precedence 2
    !
    
And then do:
    
    int gi1/0/2
    no  switchport trunk native vlan 2
    no  switchport mode trunk
    no  switchport voice vlan 2
    
# I don't know why that works, but it still only comes up for a few minutes.

I also have to do this, but only sometimes:

    interface GigabitEthernet1/0/2
     description Switch-Gi1/0/2->GoogleFiber_Uplink
     switchport trunk native vlan 2
     switchport mode trunk
     switchport voice vlan 2
     speed 1000
     duplex full
     mls qos cos 3
     mls qos cos override
    !
    interface GigabitEthernet1/0/3
     description Switch-Gi1/0/3->RTR-WAN_Gi0/0
     switchport access vlan 2
    mls qos cos 3
     mls qos cos override
    
    !
    
    class-map match-any mark-traffic-class
      match access-group name mark-traffic-acl
    !
    policy-map mark-traffic-policy
     class mark-traffic-class
       set precedence 3
    !
    
    
And then do:

    int gi1/0/2
    no  switchport trunk native vlan 2
    no  switchport mode trunk
    no  switchport voice vlan 2
    
    int gi1/0/3
     mls qos cos 3
     mls qos cos override



I am completely at a loss now and have to give up. I tried calling Gfiber support, but they are unbelievably useless. They just give the excuse of ""this is a non-standard config, so fuck you"".

",1520771557.0,1520742757.0,/r/googlefiber/comments/83km1b/cisco_2960s_switch_cisco_1941_router_and_gfiber/,googlefiber
24,meccaleccahimeccahi,"This may have been the one that had a backdoor - someone forked the project and fixed it, here: https://github.com/cryptoeax/arbbot",1517729574.0,1517700774.0,/r/Bitcoin/comments/7fga4w/hey_rbitcoin_i_just_released_arbbot_an_open/dtp30y3/,Bitcoin
25,meccaleccahimeccahi,"uhh, Arbbot (https://github.com/cryptoeax/arbbot) is yielding daily profits of 7-20% on a seed investment of around 0.4BTC. ",1517729385.0,1517700585.0,/r/BCC/comments/7s39gi/guys_ive_just_invented_an_extremely_effective/dtp2vlq/,BCC
26,meccaleccahimeccahi,"We use both Splunk and LogZilla in our company. Most of us use LogZilla because it's far easier and we don't pay as much for our Splunk license because LogZilla deduplicates messages (so our Splunk license is 50% less). It also handles 2TB/day on a single server (and the price was far less than both Splunk and ELK even with the 50% less messages). 
- deleted by the admins. figures.",1509052002.0,1509023202.0,/r/Splunk/comments/788tgm/my_it_team_is_comparing_pros_and_cons_of_elk_as/dowx6lm/,Splunk
27,meccaleccahimeccahi,*than* any other state.,1508557473.0,1508528673.0,/r/dataisbeautiful/comments/77e1eh/mass_shootings_in_usa_1966_2017_oc/dongxqx/,dataisbeautiful
