,author,body,created,created_utc,permalink,subreddit
0,I_HATE_LIDAR,Is it driving itself?,1574139763.0,1574110963.0,/r/SelfDrivingCars/comments/dy98ci/the_future_is_nowsafety_first/f7zhyc0/,SelfDrivingCars
0,I_HATE_LIDAR,Wayve raises $20 million to give autonomous cars better AI brains. ,1574076546.0,1574047746.0,/r/SelfDrivingCars/comments/dxxkl6/wayve_raises_20_million_to_give_autonomous_cars/,SelfDrivingCars
1,I_HATE_LIDAR,Baraja announces auto-lidar partnership with car systems developer Macnica. ,1573413915.0,1573385115.0,/r/SelfDrivingCars/comments/duabiz/baraja_announces_autolidar_partnership_with_car/,SelfDrivingCars
2,I_HATE_LIDAR,Just How Far Ahead Is Tesla In Self-Driving?. ,1573271383.0,1573242583.0,/r/SelfDrivingCars/comments/dtkp9a/just_how_far_ahead_is_tesla_in_selfdriving/,SelfDrivingCars
3,I_HATE_LIDAR,Velodyne and Hyundai Mobis to Develop LiDAR-Based ADAS System. ,1572930337.0,1572901537.0,/r/SelfDrivingCars/comments/dro6dg/velodyne_and_hyundai_mobis_to_develop_lidarbased/,SelfDrivingCars
1,I_HATE_LIDAR,Use a camera,1571903890.0,1571875090.0,/r/SelfDrivingCars/comments/dlyb2s/lidar_recommendation_ouster_os164_vs_velodyne/f4ydyy9/,SelfDrivingCars
4,I_HATE_LIDAR,FMCW: The future of lidar. ,1571716850.0,1571688050.0,/r/SelfDrivingCars/comments/dl60ij/fmcw_the_future_of_lidar/,SelfDrivingCars
2,I_HATE_LIDAR,"https://moderncastle.com/best-robot-vacuums says the Roomba s9+ is the best robot vacuum overall, although this page doesn’t say much about the navigation aspects of the cleaners. Admittedly, the s9+ is much more expensive than the Roborock (Xiaomi) models.",1571634252.0,1571605452.0,/r/SelfDrivingCars/comments/dk3z26/roomba_vs_autonomous_vehicles_vision_not_lidar_is/f4ik1l1/,SelfDrivingCars
3,I_HATE_LIDAR,The Roomba 980 is a 4-year old discontinued model. Why not compare the latest Roomba products with the latest Xiaomi robot vacuums?,1571616136.0,1571587336.0,/r/SelfDrivingCars/comments/dk3z26/roomba_vs_autonomous_vehicles_vision_not_lidar_is/f4h27c7/,SelfDrivingCars
4,I_HATE_LIDAR,"Looks like a compelling alternative to GM’s Super Cruise, but available on an electrified car. Great.",1571540256.0,1571511456.0,/r/SelfDrivingCars/comments/dk4vwh/nissan_propilot_20/f4bf0hl/,SelfDrivingCars
5,I_HATE_LIDAR,Roomba vs Autonomous Vehicles: Vision not Lidar is the Future for Robotics - iRobot CEO | AI Clip. ,1571521595.0,1571492795.0,/r/SelfDrivingCars/comments/dk3z26/roomba_vs_autonomous_vehicles_vision_not_lidar_is/,SelfDrivingCars
5,I_HATE_LIDAR,Possibly Aurora? It kind of looks like: https://www.engadget.com/2018/10/11/aurora-self-driving-cars-pennsylvania,1571399723.0,1571370923.0,/r/SelfDrivingCars/comments/djdjhw/unidentified_vehicle_spotted_in_mountain_view/f45b4vr/,SelfDrivingCars
6,I_HATE_LIDAR,The level 5 autonomous vehicle.,1571302624.0,1571273824.0,/r/SelfDrivingCars/comments/dixee6/self_driving_taxi_seems_easy_but_its_not/f3zp69o/,SelfDrivingCars
7,I_HATE_LIDAR,"In some configurations, lidar costs as much as a real car but is slow, lacks safety/comfort features, has shitty range, and is unnecessary on highways.",1570613826.0,1570585026.0,/r/SelfDrivingCars/comments/df54m6/optimus_ride_shows_off_autonomous_service_in_va/f31udup/,SelfDrivingCars
8,I_HATE_LIDAR,"Interesting tidbit from the article:

> Although lidar is less costly to produce and less bulky, proponents of radar-based ACC say that laser systems do not penetrate far enough through fog and rain to make them useful when drivers need them most.",1570105182.0,1570076382.0,/r/SelfDrivingCars/comments/dcklyv/automakers_turn_to_optoelectronics_for_safety/f290qos/,SelfDrivingCars
6,I_HATE_LIDAR,Safety questions raised about 1550 nm lidar. ,1569936979.0,1569908179.0,/r/SelfDrivingCars/comments/dbor00/safety_questions_raised_about_1550_nm_lidar/,SelfDrivingCars
9,I_HATE_LIDAR,Their [product page](https://www.blickfeld.com/products) indicates that the 250m range is for 80% reflectivity.,1569756578.0,1569727778.0,/r/SelfDrivingCars/comments/d8tal9/blickfeld_announces_memsbased_lidar_with_250m/f1sej1w/,SelfDrivingCars
10,I_HATE_LIDAR,Shhhh,1569578883.0,1569550083.0,/r/SelfDrivingCars/comments/d9q50p/these_hightech_sensors_may_be_the_key_to/f1lb1y9/,SelfDrivingCars
7,I_HATE_LIDAR,These High-Tech Sensors May Be the Key to Autonomous Cars. ,1569561616.0,1569532816.0,/r/SelfDrivingCars/comments/d9q50p/these_hightech_sensors_may_be_the_key_to/,SelfDrivingCars
8,I_HATE_LIDAR,Blickfeld announces MEMS-based LiDAR with 250m range. ,1569387298.0,1569358498.0,/r/SelfDrivingCars/comments/d8tal9/blickfeld_announces_memsbased_lidar_with_250m/,SelfDrivingCars
11,I_HATE_LIDAR,This is why Tesla Model 3s have the camera above the rear-view mirror.,1569386904.0,1569358104.0,/r/SelfDrivingCars/comments/d8mirs/bmw_ad_hints_incar_sex_is_part_of_the_selfdriving/f1ci6if/,SelfDrivingCars
