,author,body,created,created_utc,permalink,subreddit
0,sara_brraa,I learned it by watching you!!!. ,1573448296.0,1573419496.0,/r/funny/comments/duhbcb/i_learned_it_by_watching_you/,funny
0,sara_brraa,:D :D,1573447617.0,1573418817.0,/r/aww/comments/dugv1m/i_learned_it_by_watching_you/f75t3c8/,aww
1,sara_brraa,Mommy Dog :D. ,1573447521.0,1573418721.0,/r/AnimalsBeingMoms/comments/duh4q1/mommy_dog_d/,AnimalsBeingMoms
2,sara_brraa,I learned it by watching you!!!. ,1573446399.0,1573417599.0,/r/aww/comments/dugv1m/i_learned_it_by_watching_you/,aww
3,sara_brraa,Autonomous Tractors are incredible. ,1572859800.0,1572831000.0,/r/SelfDrivingCars/comments/drabnv/autonomous_tractors_are_incredible/,SelfDrivingCars
4,sara_brraa,Do you know what is the planet they are harvesting from their root in this video?. ,1572859087.0,1572830287.0,/r/AgriculturePorn/comments/dra5z6/do_you_know_what_is_the_planet_they_are/,AgriculturePorn
5,sara_brraa,An Option to Remove Blinds Spots from Automobile A-Pillar. ,1572856940.0,1572828140.0,/r/EngineeringPorn/comments/dr9p28/an_option_to_remove_blinds_spots_from_automobile/,EngineeringPorn
6,sara_brraa,An Option to Removes Blinds Spots from Automobile A-Pillar. ,1572854181.0,1572825381.0,/r/nextfuckinglevel/comments/dr92l2/an_option_to_removes_blinds_spots_from_automobile/,nextfuckinglevel
7,sara_brraa,Do you think automated farming by machines like those in this video help expand farming productivity?. ,1572853098.0,1572824298.0,/r/farming/comments/dr8txa/do_you_think_automated_farming_by_machines_like/,farming
8,sara_brraa,Even Tractors for farming is getting Autonomous! Do you think it cuts the price?. ,1572852107.0,1572823307.0,/r/technology/comments/dr8ls8/even_tractors_for_farming_is_getting_autonomous/,technology
9,sara_brraa,Just watch till the end. ,1572809483.0,1572780683.0,/r/AnimalsBeingJerks/comments/dqz7py/just_watch_till_the_end/,AnimalsBeingJerks
10,sara_brraa,Basking Time :D. ,1572807481.0,1572778681.0,/r/doggos/comments/dqyw8v/basking_time_d/,doggos
11,sara_brraa,The process of manufacturing heavy machines is f*cking amazing. ,1572807191.0,1572778391.0,/r/videos/comments/dqyuoq/the_process_of_manufacturing_heavy_machines_is/,videos
12,sara_brraa,Top tier stacking!. ,1572807061.0,1572778261.0,/r/aww/comments/dqytyh/top_tier_stacking/,aww
13,sara_brraa,Sometimes It's Better To Be Lucky Than Good. ,1572805959.0,1572777159.0,/r/BeAmazed/comments/dqynzz/sometimes_its_better_to_be_lucky_than_good/,BeAmazed
14,sara_brraa,Sometimes It's Better To Be Lucky Than Good. ,1572805215.0,1572776415.0,/r/interestingasfuck/comments/dqyk3a/sometimes_its_better_to_be_lucky_than_good/,interestingasfuck
15,sara_brraa,Mother Fakes Getting Scared By Her Son. ,1572803836.0,1572775036.0,/r/interestingasfuck/comments/dqycr2/mother_fakes_getting_scared_by_her_son/,interestingasfuck
16,sara_brraa,The Process of Handmade Rock by Cement is Amazing. ,1572742935.0,1572714135.0,/r/interestingasfuck/comments/dqmzfp/the_process_of_handmade_rock_by_cement_is_amazing/,interestingasfuck
17,sara_brraa,A FUN TOUR FOR OUR BELLY :D. ,1572741257.0,1572712457.0,/r/videos/comments/dqml6r/a_fun_tour_for_our_belly_d/,videos
18,sara_brraa,How u dare to get that much close to me... ,1572730750.0,1572701950.0,/r/AnimalsBeingJerks/comments/dqka6c/how_u_dare_to_get_that_much_close_to_me/,AnimalsBeingJerks
19,sara_brraa,The compassionate dog. ,1572720751.0,1572691951.0,/r/doggos/comments/dqikoq/the_compassionate_dog/,doggos
1,sara_brraa,"They even thought about it to NOT cover it!  
I bought insurance for my car and the one of the strange codes was: ""IF UR CAR GETS HIT BY A METEORITE, IT WON'T COVERED BY UR INSURANCE!!""",1572720512.0,1572691712.0,/r/aww/comments/dqiaxh/lets_see_what_we_have_to_eat_d/f64f4my/,aww
2,sara_brraa,I think It is like First you chew that shit then pass it to me :D,1572718957.0,1572690157.0,/r/aww/comments/dqi1si/a_new_stranger_around/f64a025/,aww
20,sara_brraa,Let's see what we have to EAT :D. ,1572718829.0,1572690029.0,/r/aww/comments/dqiaxh/lets_see_what_we_have_to_eat_d/,aww
21,sara_brraa,A new Stranger around... ,1572716888.0,1572688088.0,/r/aww/comments/dqi1si/a_new_stranger_around/,aww
3,sara_brraa,Why they do not use foams or other materials like this which can be shaped much more easily?,1572714465.0,1572685665.0,/r/ManufacturingPorn/comments/dqf6rn/the_model_car_in_this_video_is_clay_or_wood/f63z0q2/,ManufacturingPorn
22,sara_brraa,The model car in this video is clay or wood?. ,1572695319.0,1572666519.0,/r/ManufacturingPorn/comments/dqf6rn/the_model_car_in_this_video_is_clay_or_wood/,ManufacturingPorn
5,sara_brraa,"When they decide to take the attention of their master, they can do anything :D",1571562568.0,1571533768.0,/r/aww/comments/dk6xv0/sleeping_beauty/f4ctqtb/,aww
6,sara_brraa,"A mom is a MOM, no matter what the creature is",1571562226.0,1571533426.0,/r/aww/comments/dk75zj/momma_otter_making_sure_her_pup_is_comfy/f4cstqp/,aww
7,sara_brraa,"Try to change the machine, they ripped you off !",1571561438.0,1571532638.0,/r/3Dprinting/comments/dk117w/hi_guys_just_got_my_new_printer_and_im_having/f4cqnrm/,3Dprinting
9,sara_brraa,She is my hero,1571441438.0,1571412638.0,/r/gifs/comments/djjalq/body_language/f46rqwl/,gifs
10,sara_brraa,I really like to test it with my BF,1571441384.0,1571412584.0,/r/Whatcouldgowrong/comments/djjyf9/wcgr_sharing_the_bullride_with_a_mate/f46rlcp/,Whatcouldgowrong
11,sara_brraa,Hopefully we girls do not have such problem :D,1571441211.0,1571412411.0,/r/Wellthatsucks/comments/djlkp3/this_is_what_happens_if_you_play_with_a_yoyo_too/f46r4em/,Wellthatsucks
12,sara_brraa,at the beginning I thought it is kind of a watered-cement,1571440881.0,1571412081.0,/r/EngineeringPorn/comments/djln2b/when_you_add_a_little_air_to_sand/f46q8xa/,EngineeringPorn
13,sara_brraa,"Who designed this, it is a big wow",1571385066.0,1571356266.0,/r/EngineeringPorn/comments/dj6nhu/the_worlds_highest_bridge_located_in_china_the/f44otzw/,EngineeringPorn
14,sara_brraa,I am coming,1571381932.0,1571353132.0,/r/EngineeringPorn/comments/dj2fsc/ingenious_spider/f44iceb/,EngineeringPorn
17,sara_brraa,I think so it is fake too,1571327993.0,1571299193.0,/r/EngineeringPorn/comments/diwoxr/intel_1500_drones_light_show/f40iipr/,EngineeringPorn
18,sara_brraa,She is my heroooo,1571303674.0,1571274874.0,/r/BeAmazed/comments/ditqew/the_best_bartender/f3zqvhn/,BeAmazed
19,sara_brraa,I need it to keep my keys !,1571302258.0,1571273458.0,/r/mechanical_gifs/comments/ditvsg/solving_rubiks_cube_with_a_robot_hand/f3zoe7y/,mechanical_gifs
