,author,body,created,created_utc,permalink,subreddit
0,BrakeTaps,Who is the “self” in this self-driven car?,1567077680.0,1567048880.0,/r/SelfDrivingCars/comments/cwvb02/selfdriving_trips/eyfhhu2/,SelfDrivingCars
1,BrakeTaps,I’m sad it doesn’t have a nice thumbnail like most posts here though.,1564790163.0,1564761363.0,/r/SelfDrivingCars/comments/cl57wi/impressive_maneuvers_in_sf_by_zoox/evt2e62/,SelfDrivingCars
0,BrakeTaps,Impressive maneuvers in SF by Zoox. ,1564786782.0,1564757982.0,/r/SelfDrivingCars/comments/cl57wi/impressive_maneuvers_in_sf_by_zoox/,SelfDrivingCars
2,BrakeTaps,Check out a Volvo XC90. I have a friend with a Model 3 and another with the Volvo. The Volvo seems much better.,1558698222.0,1558669422.0,/r/SelfDrivingCars/comments/brnn58/consumer_reports_teslas_navigate_on_autopilot/eole5vr/,SelfDrivingCars
3,BrakeTaps,"All major players do all the computer vision tasks mentioned today in the Tesla talk, with neural networks: detection, tracking, segmentation, road detection, free space estimation, 3D object pose estimation from cameras. 

So a better way to say it is that all major players do as much computer vision as Tesla, with neural nets. In addition, they also do more than Tesla with lidar, and fusing lidar/camera/radar.  They just don’t rely solely on vision.",1556014441.0,1555985641.0,/r/SelfDrivingCars/comments/bg8lod/tesla_bets_farm_on_neural_network_based_autonomy/eljkgvz/,SelfDrivingCars
4,BrakeTaps,So we’re supposed to assume he knows what he’s doing re: self driving cars because of his success with PayPal?,1556014152.0,1555985352.0,/r/SelfDrivingCars/comments/bg8lod/tesla_bets_farm_on_neural_network_based_autonomy/eljk354/,SelfDrivingCars
5,BrakeTaps,He’s saying the headline is bad and you should feel bad. It’s sensationalist.,1556013183.0,1555984383.0,/r/SelfDrivingCars/comments/bg8lod/tesla_bets_farm_on_neural_network_based_autonomy/eljisqt/,SelfDrivingCars
6,BrakeTaps,">	But I would say Tesla is using more NN based tech in the sense that they depend of NNs for a greater fraction of their critical perception decisions than other projects.

This is unfounded and almost surely not true. How could you prove or disprove this claim anyway?",1556013065.0,1555984265.0,/r/SelfDrivingCars/comments/bg8lod/tesla_bets_farm_on_neural_network_based_autonomy/eljimwl/,SelfDrivingCars
7,BrakeTaps,Has he been right about anything in the self driving car space yet? Everything in the talk was “coming soon” as per usual.,1556012949.0,1555984149.0,/r/SelfDrivingCars/comments/bg8lod/tesla_bets_farm_on_neural_network_based_autonomy/eljihco/,SelfDrivingCars
8,BrakeTaps,And what has Tesla invented exactly?,1556012839.0,1555984039.0,/r/SelfDrivingCars/comments/bg7yx0/tesla_plans_to_launch_a_robotaxi_network_in_2020/eljibvi/,SelfDrivingCars
9,BrakeTaps,"Visual machine learning is not Tesla’s advantage. They may have presented it as their own big idea, but it is the foundation of Waymo, Cruise and Zoox tech stacks as well.",1556012460.0,1555983660.0,/r/SelfDrivingCars/comments/bfz8t0/tesla_autonomy_day_streaming_live_at_11am/eljhtkz/,SelfDrivingCars
10,BrakeTaps,"$1/hour, 30 images per $0.01...so you’re saying people can label 3,000 per hour. That’s a pretty high clicks-per-minute!",1556012197.0,1555983397.0,/r/SelfDrivingCars/comments/bfz8t0/tesla_autonomy_day_streaming_live_at_11am/eljhh4m/,SelfDrivingCars
11,BrakeTaps,"Actually it was Hulu. The Voice, I believe. ",1554369676.0,1554340876.0,/r/waymo/comments/b93lod/tips_for_vehicle_operator_interview/ek2jas3/,waymo
12,BrakeTaps,"Since I’m in screenshot taking mode...this is the slide 
https://i.imgur.com/S5grKlP.jpg",1553260078.0,1553231278.0,/r/SelfDrivingCars/comments/b3mvlb/waymo_ramps_up_selfdriving_car_testing_in_south/ej3jaxk/,SelfDrivingCars
13,BrakeTaps,"The video says it’s a geofence expansion into Sunnyvale, Los Altos and Los Altos Hills. Previously they have only been seen in Mountain View. 

screenshot: 
https://i.imgur.com/Eo4umAR.jpg
",1553259879.0,1553231079.0,/r/SelfDrivingCars/comments/b3mvlb/waymo_ramps_up_selfdriving_car_testing_in_south/ej3j4nr/,SelfDrivingCars
14,BrakeTaps,"They’ve done nothing to indicate they can do point-to-point yet (so just a set of canned routes), let alone consider going driverless. ",1552478187.0,1552449387.0,/r/SelfDrivingCars/comments/b095qn/right_on_red_lights_can_be_tricky_zoox/eieogwe/,SelfDrivingCars
15,BrakeTaps,"They have let a reporter take a long ride, albeit *not* to arbitrary destinations. It was with a safety driver, but there were no interventions.  

From last July:
https://youtu.be/OjDLwnTyybo, start at the 5min mark


A full drive from Palo Alto to and through SF. ",1552477184.0,1552448384.0,/r/SelfDrivingCars/comments/b095qn/right_on_red_lights_can_be_tricky_zoox/eiencx7/,SelfDrivingCars
16,BrakeTaps,"This perceived effect is most likely due to heavy high dynamic range processing on their camera stream, to help with high contrast between bright sunlight and deep shadows, for example. ",1552476402.0,1552447602.0,/r/SelfDrivingCars/comments/b095qn/right_on_red_lights_can_be_tricky_zoox/eiemg7w/,SelfDrivingCars
17,BrakeTaps,"How have they proved they’re safe?  Cruise and Zoox currently rely on safety drivers with no mention of removing them on any concrete timeline. 

The only thing we can say for sure is that there are (approximately) no accidents with a combination of software and safety driver at the helm. ",1552311609.0,1552282809.0,/r/SelfDrivingCars/comments/azmktu/zoox_recent_driving_in_sf/ei9csoh/,SelfDrivingCars
18,BrakeTaps,"Cruise, to my knowledge, has never released visualizations of their 3D perception boxes like Zoox does here and in other videos. On the other hand, Cruise has been spotted driving in many more areas of SF than Zoox. ",1552302378.0,1552273578.0,/r/SelfDrivingCars/comments/azmktu/zoox_recent_driving_in_sf/ei94215/,SelfDrivingCars
1,BrakeTaps,Zoox recent driving in SF. ,1552292781.0,1552263981.0,/r/SelfDrivingCars/comments/azmktu/zoox_recent_driving_in_sf/,SelfDrivingCars
