,author,body,created,created_utc,permalink,subreddit
0,drive_me_now,[Toyota autonomous shuttle press release vs reality!](https://i.redd.it/jktdcsqtrsb31.jpg),1567005213.0,1566976413.0,/r/SelfDrivingCars/comments/cw3rth/toyota_is_bringing_selfdriving_evs_to_the_2020/eyb5hgb/,SelfDrivingCars
0,drive_me_now,No self-driving shuttle for Olympics 2020. ,1563870919.0,1563842119.0,/r/olympics/comments/cglihg/no_selfdriving_shuttle_for_olympics_2020/,olympics
1,drive_me_now,You say this in the week there were 2 autonomous shuttle accidents and DOT wraps up the investigation on another shuttle accident 😂,1563862620.0,1563833820.0,/r/SelfDrivingCars/comments/cg9jd4/toyota_autonomous_shuttle_press_release_vs_reality/euhtezs/,SelfDrivingCars
2,drive_me_now,"Yes I did, but this isn’t a time capsule. It’s literally just a 1 year difference!",1563840368.0,1563811568.0,/r/SelfDrivingCars/comments/cg9jd4/toyota_autonomous_shuttle_press_release_vs_reality/eugnw9h/,SelfDrivingCars
3,drive_me_now,Absolutely no 5G dependency. Just onboard software challenges are hard enough.,1563836613.0,1563807813.0,/r/SelfDrivingCars/comments/cg9jd4/toyota_autonomous_shuttle_press_release_vs_reality/eugh8jd/,SelfDrivingCars
4,drive_me_now,"[2018 | Toyota Motor Corp. plans to use e-Palette autonomous electric vehicles to transport athletes during the Tokyo Olympics in summer 2020](https://www.japantimes.co.jp/news/2018/07/23/business/corporate-business/toyota-showcase-advanced-autonomous-electric-cars-2020-tokyo-olympics/#.XTVOxy2ZOu4)

&#x200B;

[2019 | Toyota unveils electric shuttles for 2020 Olympic Games in Tokyo](https://www.engadget.com/2019/07/18/toyota-electric-vehicles-2020-olympics/)",1563805199.0,1563776399.0,/r/SelfDrivingCars/comments/cg9jd4/toyota_autonomous_shuttle_press_release_vs_reality/eufj15x/,SelfDrivingCars
1,drive_me_now,Toyota autonomous shuttle press release vs reality!. ,1563805022.0,1563776222.0,/r/SelfDrivingCars/comments/cg9jd4/toyota_autonomous_shuttle_press_release_vs_reality/,SelfDrivingCars
5,drive_me_now,"Audi has spinning lidar in production today. A8 A7 and may be a couple of other models. On the front grill. Small, but still spins 360 degrees.",1556632342.0,1556603542.0,/r/SelfDrivingCars/comments/biwpfu/velodyne_president_marta_hall_on_tesla_it_is_not/em4bd6g/,SelfDrivingCars
6,drive_me_now,"Only California requires these numbers to be published. So if they are testing it elsewhere (like Texas or even Germany), they have no incentive to publish it. ",1550552620.0,1550523820.0,/r/SelfDrivingCars/comments/ardzib/audis_autonomous_intelligent_driving_presentation/egr6gih/,SelfDrivingCars
7,drive_me_now,"Sorry that you lost your job. Yes, it seems very unfair. But I hope that you will find a job soon. Do try [indeed.com](https://indeed.com). 

I was wondering would you be willing to do an AMA (ask me anything) in this subreddit, as a former Uber test driver. Not sure how you feel about it. If you are interested, then a first step would be to contact one of the admins of this subreddit, like u/walky22talky**.** ",1529872299.0,1529843499.0,/r/SelfDrivingCars/comments/8t4vao/backup_driver_from_uber_crash_is_being/e17hfha/,SelfDrivingCars
8,drive_me_now,"Level 3 means, the vehicle is responsible for the safety of the operation; meaning, if there is an accident, then its the vehicle's fault.
Level 2 means, the driver is responsible for the safety; meaning, if there is an accident, then its the driver's fault.

Looks like this is the first Level 3 for production from any car company. The Tesla Autopilot and Cadillac Super Cruise are both Level 2. ",1499806119.0,1499777319.0,/r/SelfDrivingCars/comments/6mlih5/new_audi_a8_with_lidar_fully_automated_highway/dk2ihzr/,SelfDrivingCars
2,drive_me_now,"Audi, first company to test self-driving vehicles on New York roads, Gov. Cuomo says. ",1496294295.0,1496265495.0,/r/SelfDrivingCars/comments/6ei21w/audi_first_company_to_test_selfdriving_vehicles/,SelfDrivingCars
9,drive_me_now,Good job Georgia! Hope Azerbaijan and Jordan follow your path. \^_^ jk.,1494369315.0,1494340515.0,/r/SelfDrivingCars/comments/6a59jm/georgia_legalizes_selfdriving_cars/dhbvlcz/,SelfDrivingCars
10,drive_me_now,"Looking for bicyclists in the blindspot area before opening the door (and similar us cases) has been in production for 2 years. Its not a new feature. Audi Q7, Audi A4 etc has this. 
https://www.youtube.com/watch?v=GFBNfk0CpSc
",1484876737.0,1484847937.0,/r/SelfDrivingCars/comments/5owqji/door_opening_question/dcmw8ue/,SelfDrivingCars
3,drive_me_now,Self-driving Audi A8 brings actor to Berlin Film Festival with no one on the driver seat. Is this the future of luxury taxi?. ,1455785585.0,1455756785.0,/r/SelfDrivingCars/comments/46c3gw/selfdriving_audi_a8_brings_actor_to_berlin_film/,SelfDrivingCars
11,drive_me_now,"These rules dont apply to those little google cars (koalas). They fall under FMVSS500 (NEV/Golf Cart) which means its not classified as a ""car""/""motor vehicle"".  That is why those tine google cars don't have crash safety/crumple zone, compliant airbags etc. 
But I'm sure google has other future plans for normal vehicles (like the Lexus) which are impacted by these laws. ",1450350978.0,1450322178.0,/r/SelfDrivingCars/comments/3x45u4/dmv_releases_draft_requirements_for_public/cy1tuvd/,SelfDrivingCars
4,drive_me_now,"Sun's episode of The Good Wife was about an accident and a lawsuit involving a self-driving car. Sunday night's episode of CBS' The Good Wife was about an accident and a lawsuit involving a self-driving car. Specifically involving hot button issues including machine learning in vehicles, US-state self driving laws, black box (accident data recorder), dangerous human drivers around self driving vehicles, etc. 

http://www.cbs.com/shows/the_good_wife/video/60757E8C-A352-E673-5B77-03A1885FBF6E/the-good-wife-driven/",1447684639.0,1447655839.0,/r/SelfDrivingCars/comments/3szrdk/suns_episode_of_the_good_wife_was_about_an/,SelfDrivingCars
5,drive_me_now,"Do Tesla Autopilot customers need to follow new California DMV Autonomous Vehicle laws?. Now that Autopilot is out in Tesla, does that mean the owners have to follow new DMV laws in the state of California? Such as special accident reporting procedure, special insurance, etc?

https://www.dmv.ca.gov/portal/dmv/detail/vr/autonomous/auto",1445291869.0,1445263069.0,/r/SelfDrivingCars/comments/3pcqx3/do_tesla_autopilot_customers_need_to_follow_new/,SelfDrivingCars
6,drive_me_now,Join Florida Polytechnic University STEM Talks The Rise of Machines: Autonomous Vehicles. Google Hangout (Wed Sept. 23 at 7 p.m EST). ,1443070529.0,1443041729.0,/r/SelfDrivingCars/comments/3m453i/join_florida_polytechnic_university_stem_talks/,SelfDrivingCars
