,author,body,created,created_utc,permalink,subreddit
0,Waffle_de_Belgium,"Thanks for the link that highlights that Waymo has huge remote control operations :-).  I suspect they ""fake until they make it"" by remote controlling the vehicle in challenging scenari. It's obviously transparent to riders.",1573639661.0,1573610861.0,/r/SelfDrivingCars/comments/dvcuzg/back_seat_riding_a_waymo/f7d99j1/,SelfDrivingCars
1,Waffle_de_Belgium,"So if that car encounters an accident with police directing traffic in the opposite lane , Waymo self driving system is mature enough to handle that specific scenario without the intervention of a remote driver ?",1573637765.0,1573608965.0,/r/SelfDrivingCars/comments/dvcuzg/back_seat_riding_a_waymo/f7d6mxb/,SelfDrivingCars
2,Waffle_de_Belgium,How do you know ? Why are people hired to remote control them ?,1573637422.0,1573608622.0,/r/SelfDrivingCars/comments/dvcuzg/back_seat_riding_a_waymo/f7d65ru/,SelfDrivingCars
3,Waffle_de_Belgium,"So this is a remote controlled car, right ?",1573636863.0,1573608063.0,/r/SelfDrivingCars/comments/dvcuzg/back_seat_riding_a_waymo/f7d5eob/,SelfDrivingCars
4,Waffle_de_Belgium,Fantastic car. It actually looks like a modern day Saab 9-3 hatchback. The interior is very scandinavian. I don't think you can drive a Tesla and not fall in love with them. Put a Saab logo on it :-),1570432178.0,1570403378.0,/r/saab/comments/de1ht6/sadly_my_saab_days_are_over_this_is_the_next_step/f2tz9y7/,saab
5,Waffle_de_Belgium,"There are plenty of invisible differences. The most important ones are structural safety related: doors, door sillls, A-pillars are a lot stronger on the 9-3 and it's also fitted with side airbags, unlike the 900. The 9-3 is also canbus wired with more advanced electronics. The AC is stronger on the 9-3 and the 9-3 convertible roof is hydraulic rather than electric on the 900.",1568784123.0,1568755323.0,/r/saab/comments/d4o773/im_an_old_school_saab_man_my_old_mans_an_old/f0mxffy/,saab
6,Waffle_de_Belgium,haha true.,1568018136.0,1567989336.0,/r/washingtondc/comments/d1d11o/another_successful_evening_watching_the_planes_at/ezmatbw/,washingtondc
7,Waffle_de_Belgium,"I would not hesitate a sec. The formula is still the same as before and it's probably gone for marketing reasons. I wouldn't not use it in a new gasoline car requiring 0W-20 but in your Saab, it's still one of the very best oil IMO.",1568017717.0,1567988917.0,/r/saab/comments/d0q52n/5w40_oil/ezm9u99/,saab
8,Waffle_de_Belgium,"I have been using Shell Rotella T6  5W-40 based on oil analysis on my Viggen ( same 2.3L as your 9-5 Aero) .  It matches experiences on a well known oil forum elsewhere on the net. 

These ""older"" Saab engines ( the ones on 99-09 9-5s and 99-02 9-3s ) are ver yhard on oil due to the small oil capacity ( contrary to the newer 9-3s built after 03 with the ecotec engines ) and due to having the catalytic converter mounted close to the oil sump, generating a lot of additional heat. 

Lots of 0W grade oils have a tendency to thin out fairly quickly, increasing wear. IOW, a 0W-40 oil will often become closer to a 0W-30 after a couple of thousand miles whereas a 5W-40 stay close to a 40 grade rating much longer.

Rotella T6 is a heavy duty diesel oil that is compatible with gas engine and, based on many oil analysis, is on the very best oil to keep sludge away. In my experience, it's also the only I can do 5000 miles without topping up.",1567897219.0,1567868419.0,/r/saab/comments/d0q52n/5w40_oil/ezeszcn/,saab
9,Waffle_de_Belgium," Here is one of the cool commercials for your specific car.

[https://vimeo.com/55930943](https://vimeo.com/55930943)",1564643734.0,1564614934.0,/r/saab/comments/cjl41q/i_just_bought_one_of_the_least_loved_saab_and_i/evmx6dq/,saab
10,Waffle_de_Belgium,"IMO, rigidity can be improved a lot by fitting the 6 points subframe brace. On a pre-2004 convertible,  the difference is night and day.",1564051601.0,1564022801.0,/r/saab/comments/ch77ov/found_2002_saab_93_se_convertable_for_3500_smash/eutan1r/,saab
11,Waffle_de_Belgium,"FYI although they will fit, they are narrower ( 7 in vs 7.5 in) and the offset is 49 rather than 42 on the Viggen, which means you wheels will be more inwards than with Viggen rims.",1561978984.0,1561950184.0,/r/saab/comments/c7gdg7/does_anybody_know_what_car_these_came_off_of/esgdu8b/,saab
0,Waffle_de_Belgium,Old pic of my 9-3 Viggen convertible. ,1560233949.0,1560205149.0,/r/saab/comments/bz46fw/old_pic_of_my_93_viggen_convertible/,saab
12,Waffle_de_Belgium,"Try to steer her towards newer 9-3s built after 2003 for safety reasons. These ""newer"" 9-3s are lot safer in an accident and would compare favorably with any current safety top picks. 

You can probably find them for the same price as a Jetta.

The last generation 9-3s convertible are still among the safest convertibles on the road today if she really wants a convertible. They do have a retractable roll over protection behind the rear seat in case of rollover unlike a 2019 Mustang convertible or the first generation 9-3 convertible .

 [https://www.youtube.com/watch?v=nZRlZwOAFp4](https://www.youtube.com/watch?v=nZRlZwOAFp4)",1559473571.0,1559444771.0,/r/saab/comments/bvq4wd/2002_saab_93_se_convertible_as_1st_car/epsd0od/,saab
13,Waffle_de_Belgium,"In your car, the amp is  behind the right central console kick panel. I kept the OEM unit and changed the speakers plus added bluetooth. Huge difference.",1558938522.0,1558909722.0,/r/saab/comments/brzoau/og_93_stereo_question/eowh35d/,saab
14,Waffle_de_Belgium,Thanks !,1558846218.0,1558817418.0,/r/saab/comments/brqt4n/summer_is_finally_here/eos49s8/,saab
15,Waffle_de_Belgium,Nice ! What rims are these ?,1558604689.0,1558575889.0,/r/saab/comments/brqt4n/summer_is_finally_here/eoh97sn/,saab
16,Waffle_de_Belgium,"FYI, these older 9-3s convertible drive very differently (much worse)  than the one you had. The chassis was designed in the 80s and with the top chopped off, there is a huge amount of body flex and lot of steering kickback. That aside, they are reliable, robust and easy to fix . The only major flaw is whether the motor has sludge or not. Do a search, there are plenty of posts on reddit about it.",1556925304.0,1556896504.0,/r/saab/comments/bjzpqh/2001_saab_93_se_convertible_relatively_low/emez1pn/,saab
17,Waffle_de_Belgium,"These stats would be highly context dependent anyway. From what I have seen in Phoenix, companies testing in crowded urban environment (such as what Uber did) would report much higher disengagements than the ones testing in suburban areas (such as Waymo).

Really easy to game the system.",1556685758.0,1556656958.0,/r/SelfDrivingCars/comments/birde9/aurora_safety_report/em62wea/,SelfDrivingCars
18,Waffle_de_Belgium,Belgian plates on the S60 ? Overseas delivery ?,1556571316.0,1556542516.0,/r/Volvo/comments/bihtwp/my_almost_daily_parking_buddy/em1zawt/,Volvo
19,Waffle_de_Belgium,Good news !,1556438764.0,1556409964.0,/r/Congo/comments/bfak87/exiled_congo_opposition_leaders_fraud_conviction/ely4t2v/,Congo
20,Waffle_de_Belgium,"There is a specific nation that is turning a blind eye on child labor, besides Congo. Very sad for these kids born in a nation whose government couldn't care less about them....",1556438625.0,1556409825.0,/r/Congo/comments/bi43l1/cobalt_mine_in_congo_this_is_where_your_teslas/ely4n4j/,Congo
21,Waffle_de_Belgium,"Congrats, it's a collectible for sure.

I confirm that 303 is the way to go for the roof, it's very effective. But you need to make sure the roof has been thoroughly cleaned before using the waterproofing that needs sunshine and preferably high temp to cure.

For the seals, Gummi pflege is the best one . Make sure you lube all hinges and pivot points in the roof mechanism with white lithium grease , especially if they've been exposed to water due to leaks. That'll make the roof a lot easier to retract, extending the life of the expensive to replace hydraulic cylinders.

For the engine, this is a very durable engine \*if\* it's been maintained properly. Sludge could be an issue if the wrong oil ( non 100% synthetic) is used, and you want to make sure you have latest PCV kit installed. These engines run really hot, have the catalytic converter mounted almost on the sump and there is only 4 quart of oil in it. Based on oil analysis, it's a very demanding engine and most oil available  in North America when they came out years ago was crap. Rotella T6 5W-40 is the way to go.

Make sure you have your MAF sensor replaced with a new one, new OEM spark plugs and a newish OEM ignition module. These Trionic engines use spark plugs to detect knock ( very unique) so keeping ignition healthy is vital on an older turbocharged car.",1556332856.0,1556304056.0,/r/saab/comments/bhgu6e/you_made_me_do_this_saabit_my_new_to_me/eluqp3e/,saab
1,Waffle_de_Belgium,"Elon Musk was right. Cheap cameras could replace lidar on self-driving cars, researchers find.. ",1556193923.0,1556165123.0,/r/SelfDrivingCars/comments/bh49ip/elon_musk_was_right_cheap_cameras_could_replace/,SelfDrivingCars
22,Waffle_de_Belgium,"*No, self driving does not use GPS -AT ALL-* 

That's a strong statement, don't you think ?",1556052589.0,1556023789.0,/r/SelfDrivingCars/comments/bg7za9/anyone_relying_on_lidar_is_doomed_elon_musk_says/elkh2u4/,SelfDrivingCars
23,Waffle_de_Belgium,About time !,1556015616.0,1555986816.0,/r/phoenix/comments/bg6zhn/gov_ducey_signs_texting_and_driving_ban_into_law/eljm0e1/,phoenix
24,Waffle_de_Belgium,"Sorry, I meant requiring GPS as a primary signal to guide the vehicle.",1556014506.0,1555985706.0,/r/SelfDrivingCars/comments/bg7za9/anyone_relying_on_lidar_is_doomed_elon_musk_says/eljkk34/,SelfDrivingCars
25,Waffle_de_Belgium,"I am no expert but I have seen Lidar output and it seems that it would much harder to reliably interpret than vision (lack of colors etc) .  I have also experienced the ""breakdown"" with construction zones requiring human takeover and I suppose  that's what he was alluding to.",1556010111.0,1555981311.0,/r/SelfDrivingCars/comments/bg7za9/anyone_relying_on_lidar_is_doomed_elon_musk_says/eljerjp/,SelfDrivingCars
26,Waffle_de_Belgium,"There are a lot of humans who never ever run into each other. When paying attention, humans are very good drivers. BTW, Tesla have at least 8 eyes with better vantage point than the driver ;-)

AFAIK, Lidars require HD mapping to work and permanent GPS . I can't imagine we will be done HD mapping the entire  US anytime soon.",1556003146.0,1555974346.0,/r/SelfDrivingCars/comments/bg7za9/anyone_relying_on_lidar_is_doomed_elon_musk_says/elj5ypv/,SelfDrivingCars
27,Waffle_de_Belgium,How about banning commercial flights longer than 7 hrs 59 min for a start ?,1555192921.0,1555164121.0,/r/SelfDrivingCars/comments/bce169/uber_spent_457_million_on_selfdriving_and_flying/eksozop/,SelfDrivingCars
28,Waffle_de_Belgium,"The lady wasn't really identified as such but it was a test, which means failures were probable hence the need for the backup driver to pay attention. What Uber had disabled was the Volvo AEB.",1555137899.0,1555109099.0,/r/SelfDrivingCars/comments/bce169/uber_spent_457_million_on_selfdriving_and_flying/ekr94og/,SelfDrivingCars
29,Waffle_de_Belgium,"Sure enough, it's not a partner but Harbor Air might end up being the first commercial airline flying electric planes in an urban environment.

By far fetched, i meant from a customer 's acceptance and regulatory point of view. Drones have been around forever indeed.",1555137662.0,1555108862.0,/r/SelfDrivingCars/comments/bce169/uber_spent_457_million_on_selfdriving_and_flying/ekr8she/,SelfDrivingCars
30,Waffle_de_Belgium,"Parts are plentiful and quite frankly, the 9-3s and 9-5s are aging very well. I hear a lot more horror stories with newer Volvos unfortunately.",1555137341.0,1555108541.0,/r/Volvo/comments/bbxrz8/sweded_definitely_attract_swedes/ekr8c8t/,Volvo
31,Waffle_de_Belgium,My neighbor told me solar gives skin cancer.,1555137050.0,1555108250.0,/r/nova/comments/bch8mw/after_debate_huge_solar_power_plant_coming_to/ekr7wrq/,nova
32,Waffle_de_Belgium,They ran the lady over because the test operator whose task was to initiate braking if needs arise was watching a TV show on her smartphone........,1555136686.0,1555107886.0,/r/SelfDrivingCars/comments/bce169/uber_spent_457_million_on_selfdriving_and_flying/ekr7dly/,SelfDrivingCars
33,Waffle_de_Belgium,I suspect the autonomous part of the eVTOL project is far fetched but I was surprised to learn that electric planes are about to undergo commercial flight testing this year already : [https://www.harbourair.com/harbour-air-and-magnix-partner-to-build-worlds-first-all-electric-airline/](https://www.harbourair.com/harbour-air-and-magnix-partner-to-build-worlds-first-all-electric-airline/) . Promising technology to watch as these noisy seaplanes are often landing and taking-off directly over downtown Vancouver.,1555136532.0,1555107732.0,/r/SelfDrivingCars/comments/bce169/uber_spent_457_million_on_selfdriving_and_flying/ekr75f0/,SelfDrivingCars
34,Waffle_de_Belgium,A used Volvo XC60 or XC90 with extended warranty. You combine top notch passive safety with weight and height/visibility. Doesn't get any better. Maintenance costs can be reasonable if you find an independent Volvo specialist to maintain it and you'll be rewarded by having amazing seats in comparison to your typical Japanese SUV.,1555108078.0,1555079278.0,/r/whatcarshouldIbuy/comments/bca8w3/usa_looking_for_a_car_thats_safe_safe_and_also/ekpv1qf/,whatcarshouldIbuy
35,Waffle_de_Belgium,"I just did a cross-country trip towing a furniture loaded 6X12 U-Haul trailer with a FWD car (much lighter than your Odyssey) and the only problem I had was when starting from a stop light on a hill. Even in dry weather, the front wheels would occasionally spin. Once you are moving, it's just like any other car.",1554759248.0,1554730448.0,/r/Honda/comments/ba57c2/towing_a_camper_with_2016_odyssey/ekdwomq/,Honda
36,Waffle_de_Belgium,"I'd argue the RF is not really a convertible as 2/3 of the roof sits over the beltline when the top is down, contrary to a ""full"" convertible hardtop such as Volvos or the BMWs etc.... These have limited trunk space and access when the roof is folded contrary to a soft top like the Saab convertible I own.",1554360658.0,1554331858.0,/r/whatcarshouldIbuy/comments/b8xcya/hard_top_convertible_yeay_or_nay_which_one/ek27nsm/,whatcarshouldIbuy
37,Waffle_de_Belgium,"The major disadvantage of a folding hardtop is the space it takes when folded in the trunk. I would caution against the Mustang convertible as it does not have any rollover protection, which is astounding for a modern car.",1554332766.0,1554303966.0,/r/whatcarshouldIbuy/comments/b8xcya/hard_top_convertible_yeay_or_nay_which_one/ek0zl27/,whatcarshouldIbuy
38,Waffle_de_Belgium,Mine does exactly the same thing so I'd be curious to find out.,1553898848.0,1553870048.0,/r/saab/comments/b6s142/rev_hang_on_00_93_viggen/ejnramv/,saab
39,Waffle_de_Belgium,Possibly an exhaust manifold leak. The bolts tend to break as the car is aging and can lead to all kind of funny noise when boosting or sometimes during a cold start. Just a guess....,1552552311.0,1552523511.0,/r/saab/comments/b05czm/saab_95_turbo_issue/eih2ew2/,saab
2,Waffle_de_Belgium,"In The Race For Self-Driving People Movers, May Mobility Could Beat Waymo. [removed]",1550089578.0,1550060778.0,/r/SelfDrivingCars/comments/aq62br/in_the_race_for_selfdriving_people_movers_may/,SelfDrivingCars
40,Waffle_de_Belgium,Marching is not an action against climate change :-),1543873528.0,1543844728.0,/r/belgium/comments/a2impk/thousand_of_people_marching_for_the_climate_in/eazyeaq/,belgium
41,Waffle_de_Belgium,That's a lot of greenhouse gases exhaled.  I suppose they all drove their dirty diesels to get to Brussels :-). Time for Belgium to accelerate the transition to renewable.,1543827687.0,1543798887.0,/r/belgium/comments/a2impk/thousand_of_people_marching_for_the_climate_in/eayxje1/,belgium
42,Waffle_de_Belgium,"Do an oil analysis before changing your oil: it'll tell you much about internal wear. The timing chain and guides might be on their last leg and might need to be replaced, and removing the oil sump will allow you to check for sludge. Contrary to popular belief, B204 engines can develop sludge too. ( Mine did but it wasn't fatal) . Check for head gasket loose bolts.

Replace all fluids ( power steering, brakes, transmission-get the newer better SAAB fluid that came with later models, coolant and AC. You will need to carry a spare DI cassette and make sure you have the right sparkplugs installed. The inside climate control fan controller is also something that eventually wears out. This is a pretty sturdy and reliable car that can last a lot longer. They are simple to work on and  there are plenty of parts available. Enjoy the ride",1543827357.0,1543798557.0,/r/saab/comments/a29677/ways_of_preserving_my_93/eayx1hp/,saab
43,Waffle_de_Belgium,Congrats ! ,1541198214.0,1541169414.0,/r/saab/comments/9tjxim/bought_my_dream_car_saab_900_8_valve_nonturbo/e8wx7i6/,saab
44,Waffle_de_Belgium,"I thought VW kept on working with Aurora, despite the failed attempt to buy them.... ",1541198000.0,1541169200.0,/r/SelfDrivingCars/comments/9tjcw2/ford_volkswagen_explore_venture_to_challenge/e8wwyg0/,SelfDrivingCars
45,Waffle_de_Belgium,"I use SaabAux Bluetooth and the sound quality and ease of use is great. The OEM radios are not bad, the most effective upgrades would be new speakers + the SaabAux. Easy DIY. ",1539774639.0,1539745839.0,/r/saab/comments/9orsao/1999_93_aftermarket_radio_options/e7wx5a0/,saab
46,Waffle_de_Belgium,"By your own logic, given that all employees are ultimately just a reflection of the company itself, and that all employees minus one 
(the safety driver who failed in Tempe) did not fail, shouldn't these employees be the true reflection of a (non failing) company ?",1539682395.0,1539653595.0,/r/SelfDrivingCars/comments/9ns9rn/does_anyone_know_what_happened_with_uber/e7uf69v/,SelfDrivingCars
47,Waffle_de_Belgium,"Looks nice but bear in mind that Saab parts can be pricey. Just the ignition coils on these cars cost at least $300 and they won't last more than 5 or 6 years in warm weather. You might need to have the clutch replaced if it's the first one, and that's a full day of work so more $$$$. I have one, and they are possibly the most reliable Saabs around ( the ones made in 1999 specifically) but they are 19 years old and things like clutch, water pump, alternator, serpentine belt and many front suspension bushings are probably due soon. ",1539420474.0,1539391674.0,/r/saab/comments/9nhoaz/1999_saab_93_liftback_good_car_manual_transmission/e7o31pt/,saab
48,Waffle_de_Belgium,"My bike was stolen a couple of weeks ago in Scottsdale while I was working out. The guy was caught on camera, I did a police report and a couple of weeks later, I got a phone from Scottsdale PD: the bike was recovered . It does happen someetimes. Knock on wood....",1535195462.0,1535166662.0,/r/phoenix/comments/99s3ob/road_bike_stolen_need_helptips/e4sj01c/,phoenix
49,Waffle_de_Belgium,"My point about partial or full automation is that it is irreversible, necessary and will improve safety overall even if new risks are born out the interface between the driver and a partially automated vehicle. The case of an automatic transmission is a good one as it allows the driver to focus less on his pace or even hold his cell phone or a drink (introducing new distractions/risks) 
As far as Waymo, it seems that their vehicle still need a safety driver like Uber did, so they haven't reached full automation yet,  and might need the vehicle to be remote controlled occasionally even if they reliably reach the no safety driver stage. ( I might be proven wrong)
I am glad you agree the Uber safety driver is at fault in the accident, my point was that his/her decision making process in regards to braking was no more complex that the decision making process faced by millions of drivers with a yellow light.",1533954347.0,1533925547.0,/r/SelfDrivingCars/comments/95ewyj/uber_death_may_have_been_avoidable_with_volvos/e3yqka9/,SelfDrivingCars
50,Waffle_de_Belgium,"I would argue that the Uber prototypes are more dangerous than L0 cars for two reasons.

*In a L0 car, the driver has to always pay attention, because she is “driving” the whole time. An Uber safety driver is not really “driving” most of the time; she is supervising the ADS which is doing the “driving”, monitoring diagnostics, etc. Her responsibility is to pay attention to the road and disengage the ADS if necessary, and also to perform all emergency braking > 6 m/s2, but in practice, she is likely just sitting around while the car drives itself. IIRC Uber’s prototypes were going an avg of 13 miles between disengagements, which is not very advanced/impressive, but even still could mean that disengagements were only required once or twice per hour or even longer.*

This is in essence a workload argument: the less the driver has to do, the more dangerous the vehicle becomes because the safety driver pays less attention. Should we go back to manual transmission instead of automatic because of the reduced workload causing inattention ? See the flaw in your reasoning. That's not even factoring all common accidents avoided by the self driving system such as running red lights or speeding, a common occurrence with human drivers. Let's not even mention the fact that this was a paid and trained safety driver, most likely well aware of the inner workings of the vehicle. So no, a partially self-driving Uber with a paid/trained safety driver is not more dangerous than a L0 with a untrained driver LOL

*Another reason it’s more dangerous is the ridiculous requirement/cutoff of 6 m/s2. Even if the safety driver is paying attention, how is she supposed to know the difference between a required braking maneuver that would be 5.8 vs 6.2? In the former, she’s supposed to let the car do the braking (but be ready to brake if the car doesn’t) and in the latter she’s supposed to do the braking herself.*

This is another situation millions of drivers deal with daily, the decision making process faced with a yellow light ( brake/no brake) Do people really attempt to measure the distance from their vehicle to the light, their projected braking distance based on the road surface and the expected duration of the yellow ? No, they just err on the side of caution and brake not to run a red light. The Uber safety driver had plenty of time react to avoid killing the poor lady. No one ever said that the driver was supposed to assess whether the self-driving system is supposed to brake *prior* to dealing with the impending collision. I suppose a good safety driver would have braked immeditaely to avoid hitting the pedestrian and then provided the feedback to Uber stating that the system didn't appear to react properly. ",1533814380.0,1533785580.0,/r/SelfDrivingCars/comments/95ewyj/uber_death_may_have_been_avoidable_with_volvos/e3v8aeh/,SelfDrivingCars
51,Waffle_de_Belgium,"By your own reasoning, should the millions of cars on the road today relying on untrained human drivers for emergency braking be banned or just the Uber ones ?",1533775467.0,1533746667.0,/r/SelfDrivingCars/comments/95ewyj/uber_death_may_have_been_avoidable_with_volvos/e3u0rlz/,SelfDrivingCars
52,Waffle_de_Belgium,Take good care of her. It's one of the most reliable Saab ever built engine wise.,1533552278.0,1533523478.0,/r/saab/comments/94vl54/i_believe_this_old_girl_belongs_in_here_too/e3oinia/,saab
53,Waffle_de_Belgium,Tell us more about your old girl.,1533539571.0,1533510771.0,/r/saab/comments/94vl54/i_believe_this_old_girl_belongs_in_here_too/e3o6rc4/,saab
54,Waffle_de_Belgium,That's not correct. The 98 900 and 99 9-3 run the Trionic 5.,1533042772.0,1533013972.0,/r/saab/comments/93a6cb/98_900se_di_cassette_compatibility/e3c2pkw/,saab
55,Waffle_de_Belgium,"Unfortunately, the black one is not compatible with your car. The black DI were in fact black to identify the newer Saabs with Trionic 7 . Yours, like the 1999 9-3 are Trionic 5 and require the red DI.
So yes, red is the only one you can safely use. A black would only work for a short period, eventually damaging your engine.",1533042716.0,1533013916.0,/r/saab/comments/93a6cb/98_900se_di_cassette_compatibility/e3c2o6o/,saab
56,Waffle_de_Belgium,Check the Trionic tuning forum. You can learn to tune you vehicle for free with the right hardware. Bear in mind that you car is already 16 years old so you want to make sure it's in good running order before tuning it.  Make sure you have a newer MAF sensor and a good Ignition Module before tuning if you don't want to blow up your engine. Turbo engines are fun to tune and can reach ridiculous hp number but they require good upkeep.,1533036462.0,1533007662.0,/r/saab/comments/931rmi/2002_saab_93_se_upgrade_path/e3bxkiv/,saab
57,Waffle_de_Belgium,"It's very safe in case of front or side impact but unfortunately, that specific model doesn't have pop up roll over protection like newer convertible except the Mustang. On the old 9-3 CV, the windshield frame has been reinforced to withstand twice the weight of the vehicle and act as a rollbar. I have seen pics of 1st gen 9-3 CV that had rolled over with drivers that walked away uninjured !",1533036014.0,1533007214.0,/r/saab/comments/931i4o/2001_when_saab_saved_my_life_and_4_friends/e3bx5pv/,saab
58,Waffle_de_Belgium,"I would not expect them to be. You 900SE requires a red DI whereas the 2000 9-3 had already switched to black DI in 2000, at least in the US and Canada. Black and Red DI cannot be interchanged. The engine management systems are completely different. 
",1533035429.0,1533006629.0,/r/saab/comments/93a6cb/98_900se_di_cassette_compatibility/e3bwlst/,saab
59,Waffle_de_Belgium,"yes, 85251 here as well. Rushed outside but it was already gone.",1532834910.0,1532806110.0,/r/phoenix/comments/92oouv/it_sounded_like_a_747_flying_low_over_85251/e377gvg/,phoenix
60,Waffle_de_Belgium,"Yes, Saab active head restraints are purely mechanical. Good luck with the swap !",1532755476.0,1532726676.0,/r/saab/comments/91jmjr/question_about_drivers_seat_compatibility_ng/e35jcbi/,saab
61,Waffle_de_Belgium,"The seat brackets should be similar but 1- the seats from a 4 doors do not fold forward to ensure access to the back seat.
2- Why do you worry about wiring if the seat is manual ? The wiring in a non powered 9-3 seat is the side airbag. The 900 seats don't have side airbags, so no need to connect anything. Speaking of wiring, the 900 and 9-3 have substantially different wiring as the 9-3 is canbus wired.
3- The 9-3 seats have active head restraint, so that's a nice added benefit.",1532647414.0,1532618614.0,/r/saab/comments/91jmjr/question_about_drivers_seat_compatibility_ng/e32n7w1/,saab
62,Waffle_de_Belgium,"I would look at the clutch of the compressor. It's probably on its way out and need to be replaced. Unfortunately, it's almost as costly as the compressor itself (including a new clutch)",1530948344.0,1530919544.0,/r/saab/comments/8w3ed9/my_05_93_has_an_ac_issue_that_is_driving_me/e1x77ut/,saab
63,Waffle_de_Belgium,Turo is another one,1530801340.0,1530772540.0,/r/phoenix/comments/8vyfvb/carshare_equivalent_to_car2go/e1tigph/,phoenix
64,Waffle_de_Belgium,"3 causes IMO, the lack of convenient pedestrian crossings, the fact that most people are speeding on streets with already high speed limits, then this too https://www.freep.com/story/money/cars/2018/06/28/suvs-killing-americas-pedestrians/646139002/",1530332711.0,1530303911.0,/r/phoenix/comments/8upw76/by_june_15_51_people_had_been_killed_walking_in/e1int2v/,phoenix
65,Waffle_de_Belgium,"The study makes no sense. I lived in Hermosa and the air quality is top notch contrary to Long beach (terrible pollution from the Harbor), which is ranked much better. Marina Del Rey more polluted than Boyle Heights ??",1530252340.0,1530223540.0,/r/LosAngeles/comments/8uke81/want_to_breathe_easy_you_may_want_to_avoid_echo/e1gr930/,LosAngeles
66,Waffle_de_Belgium,"Ikea boxed springs because it's cooler than foam, 25 years warranty, plenty of choice in firmness.",1530251665.0,1530222865.0,/r/phoenix/comments/8unkgw/mattress_recommendations/e1gqjjn/,phoenix
67,Waffle_de_Belgium,Careful sitting so close to the window on a Southwest flight....,1529126090.0,1529097290.0,/r/phoenix/comments/8rdarf/awesome_view_of_phx_after_takeoff_from_sky_harbor/e0qndgy/,phoenix
68,Waffle_de_Belgium,"Storm Watch 2018. 5 drops were reported on the corner of Hayden and Camelback. More on the way, possibly in the double digits. ",1529126007.0,1529097207.0,/r/phoenix/comments/8re51d/strange_liquid_falling_from_the_sky/e0qnagr/,phoenix
3,Waffle_de_Belgium,A useful tutorial for the coming days. [removed],1529121611.0,1529092811.0,/r/phoenix/comments/8rdvyo/a_useful_tutorial_for_the_coming_days/,phoenix
69,Waffle_de_Belgium,"Yes, Tesco owned Fresh and Easy. Lidl is the other german one, aber there is also Aldi Sud and Aldi Nord to confuse everyone.",1527758026.0,1527729226.0,/r/phoenix/comments/8ncwfo/aldi_watch_grocery_stores_planned_for_metro/dzuto3r/,phoenix
70,Waffle_de_Belgium,"How easy it would be for the lidars and radars to be damaged, misaligned or rendered inoperative by road debris, road projections or bumper scrapes. The higher, the better.",1526912577.0,1526883777.0,/r/SelfDrivingCars/comments/8krh16/how_magna_hides_all_the_sensors_and_cameras_on/dzbk0ih/,SelfDrivingCars
4,Waffle_de_Belgium,R/T Phoenix to Frankfurt non stop with Condor 5/21 to 5/25 is at $760 all in !. [removed],1526824853.0,1526796053.0,/r/phoenix/comments/8kqwbf/rt_phoenix_to_frankfurt_non_stop_with_condor_521/,phoenix
71,Waffle_de_Belgium,How about a business concept ? Isn't there such as thing ?,1526824196.0,1526795396.0,/r/phoenix/comments/8knhfm/finally_nice_long_distance_buses_linking_phoenix/dz9t2hg/,phoenix
72,Waffle_de_Belgium,"Check the Flixbus route map from Phoenix. LA, Flagstaff and Tucson are new destinations.",1526788931.0,1526760131.0,/r/phoenix/comments/8knhfm/finally_nice_long_distance_buses_linking_phoenix/dz91wo3/,phoenix
73,Waffle_de_Belgium,Flixbus is a completely different concept with excellent safety record in Europe.,1526788309.0,1526759509.0,/r/phoenix/comments/8knhfm/finally_nice_long_distance_buses_linking_phoenix/dz91dlh/,phoenix
74,Waffle_de_Belgium,Flixbus is starting LA to Phoenix in the next couple of weeks.,1526788261.0,1526759461.0,/r/phoenix/comments/8knhfm/finally_nice_long_distance_buses_linking_phoenix/dz91c3s/,phoenix
5,Waffle_de_Belgium,"Finally: nice long distance buses linking Phoenix to Vegas and LA.. https://www.azcentral.com/story/travel/destinations/las-vegas/2018/05/18/mega-bus-flixbus-offering-cheap-service-phoenix-las-vegas-may-2018/624262002/

Flixbus is a big deal in Europe. Clean, comfortable and cheap with Wifi and power outlets.",1526786815.0,1526758015.0,/r/phoenix/comments/8knhfm/finally_nice_long_distance_buses_linking_phoenix/,phoenix
75,Waffle_de_Belgium,"Require the use of hands free cell phone while driving, ban texting while driving and enforce the law, like other more advanced states or nations. 
It works everywhere else, almost any other State has fewer road deaths than Arizona despite having worse weather, roads and more congestion. It's not rocket science. As it stands, Arizona is almost in the same league as a third world country and the drivers behave almost like they belong there too !",1522245397.0,1522216597.0,/r/phoenix/comments/87eun8/in_light_of_the_fatal_uber_crash_in_tempe_ducey/dwemvyk/,phoenix
76,Waffle_de_Belgium,"The point is that existing laws are therefore unenforced with similar consequences, terrible road safety. The majority of drivers are driving well above the speed limit and routinely run red lights without consequences. Turn signal use is non existent, I often catch public buses or even police cars omitting their turn signal. When it comes to road safety,  Arizona is waay behind the times.  Driving between Tempe and Scottsdale, ironically the UBER self driving Volvos were pretty much the only vehicles obeying traffic laws....lol",1522237829.0,1522209029.0,/r/phoenix/comments/87eun8/in_light_of_the_fatal_uber_crash_in_tempe_ducey/dwehuo4/,phoenix
77,Waffle_de_Belgium,"If the Governor really cared about safety, how about making cell phone use illegal, preventing people from speeding and running red lights and mandating helmet use for bikers. That would be a good start. These are the main causes of Arizona being a laggard in road safety in the US ! Oh, and how about designing streets for pedestrians, lower speed and more crossings ?",1522197938.0,1522169138.0,/r/phoenix/comments/87eun8/in_light_of_the_fatal_uber_crash_in_tempe_ducey/dwdd20r/,phoenix
78,Waffle_de_Belgium,"The OP's claim was that the vehicle ran a red light. We know it didn't. I assume that's why there's still a driver to take over when the situation calls for it. It's called testing after all. Nothing to see, really",1519285301.0,1519256501.0,/r/SelfDrivingCars/comments/7z9ncy/update_waymo_responded_to_red_light_video/dumhscd/,SelfDrivingCars
79,Waffle_de_Belgium,"It's totally legal to enter an intersection on a yellow and exit it on a red. Running a red light is entering an intersection on a red, which is clearly not what the Waymo vehicle did. All is well",1519282909.0,1519254109.0,/r/SelfDrivingCars/comments/7z9ncy/update_waymo_responded_to_red_light_video/dumfi15/,SelfDrivingCars
80,Waffle_de_Belgium,"Bear in mind that the border crossing in Point Roberts is a lot faster than in Blaine, especially if you have Nexus. FYI Most people in Point Roberts commute to Vancouver daily for work. You also have immediate access to Vancouver transit at the border. As for routine medical care, there is a very affordable walk-in clinic at Walmart in Tsawwassen 2 miles away from Point Roberts.",1513848683.0,1513819883.0,/r/Bellingham/comments/7jkeyl/job_prospect_in_surrey_but_where_to_live/drjssfw/,Bellingham
81,Waffle_de_Belgium,Have you thought about living in Point Roberts ? ,1513624533.0,1513595733.0,/r/Bellingham/comments/7jkeyl/job_prospect_in_surrey_but_where_to_live/drf1vet/,Bellingham
82,Waffle_de_Belgium,"Starting next year, Condor from Germany will be flying direct to Frankfurt. They are flying refurbished 767 that are more comfortable than the BA 744 even though it's technically a charter airline. Seat are slightly wider and screens are larger but we've got to pay extra for a real meal.
Frankfurt is also more convenient than Heathrow if you going to continental Europe due to having a high speed train station in the airport terminal",1512960053.0,1512931253.0,/r/phoenix/comments/7iujtk/british_airways_plane_engine_bursts_into_flames/dr1pp5q/,phoenix
83,Waffle_de_Belgium,"Totally agree. I am from Europe but lived in LA for 4 years before moving to Phoenix. Phoenix drivers are incredibly dumb, inefficient and don't know what being courteous means in comparison. FYI I am a professional driver",1509949528.0,1509920728.0,/r/phoenix/comments/7ayr2k/dont_forget_to_change_your_clocks_this_morning/dpebf63/,phoenix
84,Waffle_de_Belgium,"Cool Tesla slide, but the WHO numbers paint a different picture

http://www.who.int/entity/phe/health_topics/outdoorair/databases/who-aap-database-may2016.xlsx?ua=1

It's possibly the most comprehensive numbers available worldwide and LA, like many US cities, is among the least polluted in the world based on PM 10 and PM 2.5.
Typical european cities like Wien, Austria  or Paris, France have roughly 50% more PM 10& 2.5 than LA.
US environmental laws are possibly the strictest in the world, ask VW LOL...and hopefully will stay that way in the future.
When it comes to greenhouse gases, it's a different story but IMO they cannot be considered pollutants.",1498623625.0,1498594825.0,/r/LosAngeles/comments/6jh26c/the_climate_of_los_angeles_wikipedia_page/djha4h7/,LosAngeles
85,Waffle_de_Belgium,Is the internet access still a sore point ?,1498372286.0,1498343486.0,/r/pointroberts/comments/5tx1r4/new_to_point_roberts/djcvfq3/,pointroberts
86,Waffle_de_Belgium,"http://imgur.com/a/MziBM

Looks familiar :-)",1498372165.0,1498343365.0,/r/pointroberts/comments/6j79zn/home/djcvcw2/,pointroberts
87,Waffle_de_Belgium,"I suggest you take a good look at the official numbers of the World Health Organization. 
http://apps.who.int/gho/data/node.sdg.11-6-viz?lang=en
The most toxic components of air pollution are PM2.5 and its concentration is roughly twice as high in northern European countries such as Belgium, Luxembourg or Germany, despite milder climate, high gas tax and public transit.
I travel a lot between the US and these European countries and it's a common misconception that pollution is worse in the US than in Europe.
The only way forward are electric cars. I'm not sure higher fossil fuel taxes would help. I lived in LA, and like 90% of commuters, I had no choice but to hit the freeway to get to work daily.",1498363393.0,1498334593.0,/r/LosAngeles/comments/6j443l/researchers_are_identifying_startling_connections/djcpfsh/,LosAngeles
88,Waffle_de_Belgium,"European cities like Brussels or Paris have *more* pollution than LA or other US cities, despite density, high gas taxes and public transit.
Pollution is a lot more complicated than increasing taxes. Blame lax environmental laws in Europe and....diesel vehicles that are everywhere.",1498351480.0,1498322680.0,/r/LosAngeles/comments/6j443l/researchers_are_identifying_startling_connections/djcgz0e/,LosAngeles
6,Waffle_de_Belgium,"More flights to Europe next year. http://www.azcentral.com/story/travel/airlines/2017/06/22/phoenix-germany-flights-condor-airlines/421285001/

New to Phoenix and a bit disappointed by the  lack of direct flights to Europe ( and the costs of flights out of PHX).
Looks like it's changing. I have flown Condor several times from Las Vegas and Seattle to Frankfurt and it's a very good value. 
Frankfurt airport has a train station with ICE high speed trains to many German destinations but also to Belgium and the Netherlands.
Another tip, when booking with Condor, you can get a discounted ""rail & fly"" train ticket to any German train station for only 29EUR as long as it's booked with your flight.",1498228080.0,1498199280.0,/r/phoenix/comments/6izhep/more_flights_to_europe_next_year/,phoenix
89,Waffle_de_Belgium,"Big Bear Lake, CA- 
Beautiful, cleanest air I have experienced in the Southwest.",1497937567.0,1497908767.0,/r/phoenix/comments/6i0w4k/scottsdalephoenix_where_do_you_escape_for_the/dj4ihnr/,phoenix
90,Waffle_de_Belgium,"Get a Geo Prizm. It's a twin to the Toyota Corolla, but much cheaper used as the brand is gone and the car was not very common. 
The Toyota Corolla and the Geo Prizm of the nineties were totally over engineered and possibly better cars that present day Toyota's. ",1485528472.0,1485499672.0,/r/Frugal/comments/5puzhm/im_thinking_of_buying_a_manual_transmission_late/dcyw1h9/,Frugal
91,Waffle_de_Belgium,Make sure you also clean up the flat evacuation hose alongside the firewall. It usually full of crap as well.,1476790183.0,1476761383.0,/r/saab/comments/57wf81/cabin_filter_removal_huge_build_up_of_leaves/d8wr83g/,saab
92,Waffle_de_Belgium,"Use premium, you might get better gas mileage offsetting the price and getting stronger additives. I recently switched to Shell from Chevron. I swear the car is smoother....",1475246310.0,1475217510.0,/r/saab/comments/555iys/what_gas_station_and_grade_fuel/d880kh3/,saab
93,Waffle_de_Belgium,There is also a beautiful dedicated bike path from Barvaux to Durbuy.,1474982591.0,1474953791.0,/r/belgium/comments/54enay/a_sunny_day_in_durbuy/d83rrsg/,belgium
94,Waffle_de_Belgium,"1-Have the sump removed to make sure there is no sludge, followed by making sure your PCV system is the last one aka PCV#6 ( prevent sludging that could kill the engine).

2- A defective MAF sensor could also kill the engine. Have it replaced if it hasn't been replaced. 

3- Make sure the DI cassette is not too old. They last for 5-6 years. To extend their life, make sure you use OEM NGK sparkplugs only, have dielectric grease on the boots and have the latest OEM update uploaded to the ECU.
The bushings might also need to replaced, handling will be wobbly with loose steering if there are worn, and the hydraulic engine mounts tend to wear faster than other cars IMO.

Other ""wear"" items that are worth looking at are the BPC valve and the crankshaft position sensor.

Everything else would be based on mileage"" clutch, shocks, etc....

",1474982093.0,1474953293.0,/r/saab/comments/54otga/i_found_this_2000_viggen_5door_in_my_state_what/d83rjgf/,saab
95,Waffle_de_Belgium,"Arcelor Mittal is there for tax reasons, like pretty much everyone else in Luxembourg. I like Luxembourg, it's very pretty but as an American, I object to tax havens and the excessive financialization of a country. It bears no relation to what the true competitiveness of the country. ",1465484062.0,1465455262.0,/r/AskReddit/comments/4mwcsd/americans_would_you_mind_us_luxembourgers_joining/d420hit/,AskReddit
96,Waffle_de_Belgium,"Come on, Luxembourg would be nothing had it not stolen the savings of every Belgians, the debt of Belgium ( the higher the debt goes, the richer Luxembourg becomes ) plus all the illegals deals to get US multinationals to move their HQ there. Luxembourg is basically backstabbing all of its neighbors. Ask any German or Frenchman. Without that, the country would just be a pleasant forest full of peasants :-)",1465395948.0,1465367148.0,/r/AskReddit/comments/4mwcsd/americans_would_you_mind_us_luxembourgers_joining/d40kbrd/,AskReddit
97,Waffle_de_Belgium,"Actually, I have seen 9-5s with clean sumps and the original PCV. But the recommendation is still valid. Drop the sump before buying it. No way around it.
Besides that, it's all normal wear and tear based on how the car was driven and maintained.",1465307613.0,1465278813.0,/r/saab/comments/4mwp7z/looking_to_buy_a_2000_95_wagon_any_major_problems/d3z4v4f/,saab
98,Waffle_de_Belgium,"Please no. Luxembourgers are very very boring people who suddenly turned rich by allowing every corrupt dictator to hide its cash in their country. 
",1465307014.0,1465278214.0,/r/AskReddit/comments/4mwcsd/americans_would_you_mind_us_luxembourgers_joining/d3z4lyv/,AskReddit
