,author,body,created,created_utc,permalink,subreddit
0,apsilver17,Link Joker,1567122750.0,1567093950.0,/r/cardfightvanguard/comments/cx267z/nongbrestricted_unlock_cards/eyhwvax/,cardfightvanguard
0,apsilver17,"non-GB-restricted unlock cards?. As title suggests, I'm wondering and looking for a card that can unlock something during my turn without having to be GB-restricted or requiring a Cray Elemental in my G-Zone (looking at you Pokkur).
Thanks!
Edit: I didn't mention clan. We're talking about Link Joker ironically.",1567120086.0,1567091286.0,/r/cardfightvanguard/comments/cx267z/nongbrestricted_unlock_cards/,cardfightvanguard
1,apsilver17,"They had us in the first half, not gonna lie",1566890556.0,1566861756.0,/r/tifu/comments/cvtkts/tifu_by_telling_my_sons_new_doctor_we_are_antivaxx/ey6qrqk/,tifu
2,apsilver17,Your hair is absolutely gorgeous to look at,1565567187.0,1565538387.0,/r/selfie/comments/coqs8c/i_really_like_my_outfit_today/ewlxl2d/,selfie
3,apsilver17,Congrats! Nice Fullmetal Alchemist and Deathly Hollows tats poking out there ~,1562043152.0,1562014352.0,/r/selfie/comments/c7uxyq/i_apologize_for_the_lewd_picture_but_i_officially/esiikqi/,selfie
4,apsilver17,"If it didn't work with Buckbeak, it sure as hell won't work with a Velociraptor.",1560555557.0,1560526757.0,/r/funny/comments/c0jmv6/jurassic_park/er5ik14/,funny
5,apsilver17,The Secrets of Boon I think is what it was called,1560397831.0,1560369031.0,/r/AskReddit/comments/bzr3br/what_book_series_did_you_grow_up_reading_as_a_kid/eqxgh1a/,AskReddit
6,apsilver17,Let’s say there’s another vehicle or perhaps another piece of technology with similar or different sensors or transmitters sending out data that’s similar or irrelevant to our test vehicle with sensors on it. Will I be able to see how exactly my sensors can be affected by any form of interference from otherwise?,1559093009.0,1559064209.0,/r/SelfDrivingCars/comments/bttdqh/has_any_one_ever_used_the_software_prescan/ep63lsj/,SelfDrivingCars
7,apsilver17,Interference! Sorry for now elaborating on that.,1559084380.0,1559055580.0,/r/SelfDrivingCars/comments/bttdqh/has_any_one_ever_used_the_software_prescan/ep5ghrq/,SelfDrivingCars
8,apsilver17,"Thank you so much, this was super enlightening!
You also wouldn’t happen to know anything about importing maps/terrains into it either right? Like let’s say a 3D map of a city block (per se NY for example) made from some other software like CAD or whatever.",1559084346.0,1559055546.0,/r/SelfDrivingCars/comments/bttdqh/has_any_one_ever_used_the_software_prescan/ep5geqb/,SelfDrivingCars
1,apsilver17,"Has Any One Ever Used the Software PreScan?. I'm interested hearing what people think when using it over other software that are used in AV simulation. I also have questions:

1) How much of a learning curve is there when getting used to the software? From my understanding there's a lot of features and tons of details that you can get lost in. 

2) I'm interested in the electro-magnetic properties of sensors and whatnot, so is there any decent or good way to be able to gather information about it? 

3) What makes this software better than Ansys if better at all?",1559031513.0,1559002713.0,/r/SelfDrivingCars/comments/bttdqh/has_any_one_ever_used_the_software_prescan/,SelfDrivingCars
2,apsilver17,"Gauntlet Fight Repetitions?. Yo does anyone have the problem with the Gauntlet where they defeat their opponent and reap the rewards and stuff for the match, but the tower itself hasn’t or rather doesn’t register a win? 
I’m on stage 3 and I’ve fought Cassie with all this energy mierda, Baraka and his blood mods, and Kabal and poison mod like 3 times. Only took two matches before the gauntlet recognized the wins on the tower. And kabal is still going on. 
Anyone have this issue and whatnot?",1556435843.0,1556407043.0,/r/MortalKombat/comments/bi4wha/gauntlet_fight_repetitions/,MortalKombat
9,apsilver17,"The Cat in the Hat, so much stupid humor that isn’t appreciated  ",1553563834.0,1553535034.0,/r/AskReddit/comments/b5aagc/what_movie_is_so_ridiculously_stupid_but_you/ejcpg22/,AskReddit
10,apsilver17,"{K Project}

{Grimgar of Fantasy and Ash}

{Steins; Gate}",1553132746.0,1553103946.0,/r/Animesuggest/comments/b3dr8t/list_your_top_3_anime/eiz1xz2/,Animesuggest
11,apsilver17,Man what a terrible time that would be to have mono,1549075732.0,1549046932.0,/r/gifs/comments/am142t/love_at_first_beer/efjepg0/,gifs
12,apsilver17,Only the master of all four pods can save us..but when the world needed him most..he vanished..,1548446162.0,1548417362.0,/r/dankmemes/comments/ajm3fc/its_only_logical/eex3ka4/,dankmemes
13,apsilver17,"I play with the US’ support as it comes out, but I’ve been thinking a lot about GP’s future support and how to make it work.
Right now, I think G3 and G2 line up is mostly-kinda solid. If you’re looking for a big hitter, take into account the common that becomes a 32K attacker after it sees 4 cards called (though this might just have to be an entirely different deck build). Viviane can be reduced to a 2 or 3 or in favor of a different G3/G2/G1.
But my opinion on G1 need some more flexibility. The Howell has to be there for the G2 Ezel, so 4 of is good. You definitely want the Dindranes cause they’re either CC or Draw, which is always good. Lastly Gareth doesn’t need to be ran at 4 if his only use for you is to help with the Superior ride. So if you use it for the ride effect, he can be safely kept at 2 so you’re almost about guaranteed to pull it off with Beaumains, even if one gets damaged or drawn, and lastly it, keeping it at 2 will free up space to put something else in. If you use him for the power, then he should be kept at 4.
Lastly, GPs don’t seem to ever have hand advantage, so we look at them from a different perspective. 
Forget the draws. Perfect Guards are useful, but Golds are like a “true rush” deck. So we shouldn’t worry about our defense so much as our offense. 
I think 8 Critical Triggers, 4 to 6 Front Triggers, and 2 to 4 heal triggers, depending on what’s left.
Alternatively, 6 Crit and Front May work too with 4 heals. 
",1545011291.0,1544982491.0,/r/cardfightvanguard/comments/a6p545/gold_paladin_deck_profile_gimme_ur_opinion/ebx5mha/,cardfightvanguard
14,apsilver17,GWA ~ Grandmas Wit Attitude ,1541410757.0,1541381957.0,/r/pics/comments/9u5dq6/this_old_picture_of_my_greatgrandmother_far_left/e92jmci/,pics
15,apsilver17,Bart be looking like Thing 1 and 2,1538900784.0,1538871984.0,/r/DCcomics/comments/9lzvha/the_robin_in_the_upcoming_young_justice_comic_is/e7az2cw/,DCcomics
16,apsilver17,"I just want Damian Wayne - Robin  and Tim Drake - Red Robin
Then Alfred, and then the others
I want to complete the bat family man",1534976582.0,1534947782.0,/r/funkopop/comments/99d8fp/whatchu_want_wednesday_what_do_you_want_to_see/e4msej5/,funkopop
17,apsilver17,"Sonny with a chance of
heroin ",1532935529.0,1532906729.0,/r/dankmemes/comments/92xqg1/demi_linevato/e39fq4o/,dankmemes
18,apsilver17,WHO MAKES THESE?,1532048230.0,1532019430.0,/r/thanosdidnothingwrong/comments/905e47/heck/e2oajik/,thanosdidnothingwrong
19,apsilver17,"What exactly even is this?
Mini Series? Probably, but like what is it? 
",1528787330.0,1528758530.0,/r/DCcomics/comments/8qcems/teen_titans_raven_coming_july_2019/e0if308/,DCcomics
3,apsilver17,"Vanguard Returners?. I was debating with friends about whether or not we'd see similar faces of cards in the reboot for Vanguard. Typically like Luquier, Honorary Professor Chatnoir, and others along those lines. Other characters in the anime were a question too, like ""We'll we see G era characters again? Kazuma, Chrono, Taiyou, Ibuki, and their ace cards?""

It's probably too early to say for sure, but I wanted to see if anyone knows, heard, or think it's likely or what. ",1527512160.0,1527483360.0,/r/cardfightvanguard/comments/8mnjrb/vanguard_returners/,cardfightvanguard
20,apsilver17,"10 months ago you were just the average hipster.
10 months later you're Thor.
Goals.",1526382724.0,1526353924.0,/r/Brogress/comments/8jc0ej/m3560_270lbs_to_225lbs_10_months_b_245lbs_s/dyzwe3a/,Brogress
21,apsilver17,It's tucker!,1522907540.0,1522878740.0,/r/Perfectfit/comments/89pc0f/his_black_hair_tie_and_his_shirt/dwthayk/,Perfectfit
22,apsilver17,"Generally just anything. I haven’t really played against most top tier stuff except link joker, so I suppose that’s a start?",1522444215.0,1522415415.0,/r/cardfightvanguard/comments/887pea/match_up_questions/dwj0lq0/,cardfightvanguard
4,apsilver17,"Match Up Questions. What are good/bad match ups for the following decks:
Shadow Paladin - Luard
Granblue - Nightrose
Palemoon - Harri
As you may guess, these are decks I play and I kind of want to learn match ups since I haven't played against a whole variety of other decks. Kind of want to think ahead to find solutions and so forth. 

Thanks fam <3",1522411880.0,1522383080.0,/r/cardfightvanguard/comments/887pea/match_up_questions/,cardfightvanguard
23,apsilver17,"Thank you
That has opened a lot more to me
Thank you so much
RIP my wallet, but worth. ",1520926481.0,1520897681.0,/r/cardfightvanguard/comments/83yst7/is_dragsaver_esras_entirely_necessary_for_a_luard/dvloyek/,cardfightvanguard
5,apsilver17,"Is Dragsaver esras ""entirely"" necessary for a luard deck?. Is it? I personally don't see it as being 100% necessary, but the fact that its recyclable like Belial Owl is a big advantage to have, but I don't think it's as vital?
I suppose I'm looking for some reasons to convince myself into getting them for my Luard deck and I haven't fully convinced myself.",1520919530.0,1520890730.0,/r/cardfightvanguard/comments/83yst7/is_dragsaver_esras_entirely_necessary_for_a_luard/,cardfightvanguard
24,apsilver17,Good Boy!,1520254778.0,1520225978.0,/r/Frugal_Jerk/comments/81xh20/fat_cats_hate_him/dv7704x/,Frugal_Jerk
25,apsilver17,The Ballad of Glorp the Feyslayer,1520216210.0,1520187410.0,/r/DnD/comments/81ypwp/the_most_incredible_gambit_ive_ever_seen_in_my/dv6ai04/,DnD
26,apsilver17,"Look at Jerry’s hand
He got us all folks
",1520141184.0,1520112384.0,/r/FellowKids/comments/81qucz/well_played_boomerang/dv4xo97/,FellowKids
27,apsilver17,"They don’t have nostrils 
How does Raphael smell the pizza",1518041866.0,1518013066.0,/r/INJUSTICE/comments/7vw97l/here_is_the_tmnt_trailer/dtvk8si/,INJUSTICE
28,apsilver17,Where can I read more of this...asking for a friend...,1512294544.0,1512265744.0,/r/Naruto/comments/7h25n8/found_on_rmanga/dqokxh8/,Naruto
29,apsilver17,"She's using you and she'll reap what she sows. 
Since she's being really petty about this and shoveling everything on to you, I'd say have fun with the situation and go out in style. What comes around goes around..
So...
Take her to a final dinner, but have everything prepared to leave her in advance, and as you two are ending your dinner, make a big scene, like you're gonna propose, then pull the break up card. ",1507518699.0,1507489899.0,/r/relationship_advice/comments/75212v/gf_36_wants_me_38_to_pay_for_her_college_debt_of/do35mrk/,relationship_advice
6,apsilver17,"DnD Question about spell slots..(5e). My question concerns spell slots has suggested, but more or less about what spells you can have equipped at certain levels?
For example, the Ranger class, at level 2, you have 2 level one slots. 
This admittedly means you can have 2 level one spells equipped.
Now would this also mean that you could instead have a 1 level two spell?
That would imply that for spell slots, you need an equal number of ""level 1"" spell slots to higher level spells.
Another example, 5 level one slots could mean that I have either 5 level one spells, or a level 2 spell and a level 3 spell, maybe 2 level 2 spells and 1 level one spell, or maybe even a level 4 and one, or a single level 5 spell. 
What I'm mainly asking is, is my understanding of this correct?
Thank you for your time!",1507467207.0,1507438407.0,/r/DnD/comments/74zv5x/dnd_question_about_spell_slots5e/,DnD
30,apsilver17,First: Unblockable Rogue Tribal with a focus on lifelink and doublestrike,1504243234.0,1504214434.0,/r/magicTCG/comments/6x8r1h/what_was_your_first_mtg_deck/dme9p6o/,magicTCG
7,apsilver17,"Well, I'm [20/m] and just recently started dating this girl [20/f] and kinda wonder about this...""coincidence"".. Long story short, our first date was held on a Sunday, now I asked her pretty soon if she'd want to go on (about a week in advance) a second date which resulted with her saying yes however, later in the week I asked her about which day she's available. She chose Sunday again and I'm sure it's justified that she's busy or has plans, but when I spoke about this with my dad, he told me that he's suspicious of Sunday being the only available day and not Friday night or Saturday. I said I don't really like the coincidence, but I don't think much of it, or try not too. I kinda wanna know if there's any kinda thought from anyone about what possible implications that could have. Sure there's other info that I haven't said that isn't factored in on this post, but that's because I'm trying to think this objectively, I think. 
But yeah, any thoughts on why my dad's suspicion is there and if it there could actually be more than coincidence in play here. 
Thanks!",1498903583.0,1498874783.0,/r/relationship_advice/comments/6kkfdv/well_im_20m_and_just_recently_started_dating_this/,relationship_advice
8,apsilver17,"So I have an issue with a raspberry pi-top (laptop) and not sure how to go about solving it. Essentially the issue at hand is that it was working flawlessly earlier in the day but then all of a sudden it stopped working. It just doesn't turn on, it receives no response from the power button, yet everything is placed in correctly, carefully, and tightly. No lights turn on, not red nor green. I don't believe the HUB or Pi itself is actually defective as they worked earlier on, but it is possible it broke some how. I would like to get some thoughts and hear stuff about if this has happened before and how the issue was solved. Thank you!",1497938478.0,1497909678.0,/r/raspberry_pi/comments/6i9qb0/so_i_have_an_issue_with_a_raspberry_pitop_laptop/,raspberry_pi
31,apsilver17,"Great! Still no news about it coming to the west...
*cries in corner playing Gen*",1495840124.0,1495811324.0,/r/MonsterHunter/comments/6ddvnr/mhxx_announced_for_the_switch/di2nfro/,MonsterHunter
9,apsilver17,[Japanese > English] ~ Curious to know what the translation of the drinks are from this cafe. Thanks in advance!!. ,1490056635.0,1490027835.0,/r/translator/comments/60hkch/japanese_english_curious_to_know_what_the/,translator
10,apsilver17,"R/W/B (Mardu) Enchantment Deck and B/W/B (Esper) Life gain Deck ~ Thoughts?. Hey everyone, I've made a tri-colour enchantment deck and Life gain deck and it would be amazing if I can get feedback on them for improving them and so forth.
These decks are out in the open for anyone who wants to make/use them.
Also..I apologize for the cheesy names that are given to the decks...
The enchantment deck is the newest deck so here is the link respectively: http://www.mtgvault.com/zerowyn/decks/enchantment-deck-wip/
And Here is the Esper Deck: http://www.mtgvault.com/zerowyn/decks/dark-souls/
",1451614332.0,1451585532.0,/r/Magicdeckbuilding/comments/3yxowj/rwb_mardu_enchantment_deck_and_bwb_esper_life/,Magicdeckbuilding
11,apsilver17,MH4U: G Rank Guild Quests. Do they exist?,1425206031.0,1425177231.0,/r/MonsterHunter/comments/2xiumf/mh4u_g_rank_guild_quests/,MonsterHunter
12,apsilver17,"Brachydios Dual Swords: Can you create them without having to upgrade from the Yian Kut-Ku DS?. I'm asking cause so far the Yian Kut-Ku only appears in expedition quests. If it does appear in Guild/Village quests, when does it? That would make life easier. ",1424136664.0,1424107864.0,/r/MonsterHunter/comments/2w3ev5/brachydios_dual_swords_can_you_create_them/,MonsterHunter
13,apsilver17,"New 3DS XL Data Transfer. For those of you who bought the MH4U 3DS, did guys do the data transfer and if so was it difficult. It seems risky like you can lose game whatnot. I'm personally really frightened about the data transfer because I don't wanna mess up and lose the game. 
Can you give detailed advice on how to do it? 
Thanks.",1423881723.0,1423852923.0,/r/MonsterHunter/comments/2vsibi/new_3ds_xl_data_transfer/,MonsterHunter
14,apsilver17,"Explain to me how to do a vigenere cipher?. I am trying to figure out how to do a vigenere cipher and I am consistently getting myself confused. I have googled it several times and I'm still thrown in a loop. Currently I am trying to do decode a message using the vigenere cipher as well I am using ""for and while loops"" to decode it. ",1418354461.0,1418325661.0,/r/learnpython/comments/2p006k/explain_to_me_how_to_do_a_vigenere_cipher/,learnpython
15,apsilver17,What gaming program should I use to develop a game for the Apple App store?. [removed],1409038007.0,1409009207.0,/r/gamedev/comments/2ekrkw/what_gaming_program_should_i_use_to_develop_a/,gamedev
32,apsilver17,Edgar is out of the hole,1407752686.0,1407723886.0,/r/funny/comments/2d6r16/shark_week_again/cjmqf7s/,funny
16,apsilver17,TIFU by letting my friend use my computer. [removed],1403500673.0,1403471873.0,/r/tifu/comments/28tj8h/tifu_by_letting_my_friend_use_my_computer/,tifu
17,apsilver17,Need help identifying this anime with this tsundere character.. [removed],1403001675.0,1402972875.0,/r/Animesuggest/comments/28c445/need_help_identifying_this_anime_with_this/,Animesuggest
18,apsilver17,"An anime in which there is a female character with the name ""Akatsuki"". Preferably an action, romance, or comedy genre. 
Thanks a lot!",1391762266.0,1391733466.0,/r/Animesuggest/comments/1x89ko/an_anime_in_which_there_is_a_female_character/,Animesuggest
33,apsilver17,Its a **Booby Trap**,1387897245.0,1387868445.0,/r/FiftyFifty/comments/1tkdrh/5050_hand_grabs_boobs_nsfw_boobs_grab_hand_nsfwl/ce93d9h/,FiftyFifty
19,apsilver17,I am not using a friends computer to make an AMA on their account. spam this guy with anything,1387106550.0,1387077750.0,/r/shittyama/comments/1swsdb/i_am_not_using_a_friends_computer_to_make_an_ama/,shittyama
20,apsilver17,"Starbound not launching on Mac.. Starbound is failing to launch on my mac. I have uninstalled it and re-installed it. Nothing is working so far. I'm not sure if there is a technical error in it or what is going on. Help would be very much appreciated! Thanks in advance! 
Side Note: When I first bought it, it ran just fine and I was able to play it. The day of the update, I played that morning and it was fine, then when I tried to play it again, it wouldn't open. Even after the update, it would not work. ",1386838016.0,1386809216.0,/r/starbound/comments/1sofxi/starbound_not_launching_on_mac/,starbound
21,apsilver17,What anime is this? Thanks in advance!. ,1386026667.0,1385997867.0,/r/anime/comments/1rwxpj/what_anime_is_this_thanks_in_advance/,anime
22,apsilver17,"I am looking for an anime that is romance/action, romance/thriller/psychological, or even some harems would be awesome.. Romance/Action - Something like Sword Art Online
Romance/Thriller/Psychological - Similar to Mirai Nikki, along the yandere side
Harems would be like Date a live, Infinite Stratos, Demon King Daimao, High school DxD
Thanks for the suggestions!",1384586646.0,1384557846.0,/r/Animesuggest/comments/1qq5b7/i_am_looking_for_an_anime_that_is_romanceaction/,Animesuggest
34,apsilver17,Can you see?,1382586161.0,1382557361.0,/r/shittyama/comments/1p235k/im_asian_ama/ccy2x86/,shittyama
35,apsilver17,Your Squirtle looks stoned,1381984859.0,1381956059.0,/r/pokemon/comments/1ok6kf/mega_blastoise_has_access_to_dragon_pulse_dark/cct3nzk/,pokemon
36,apsilver17,"""I came in like a wrecking ball""",1381875128.0,1381846328.0,/r/funny/comments/1oh941/my_brother_and_is_first_thought_while_watching/ccs41y8/,funny
37,apsilver17,GANDALF,1381545416.0,1381516616.0,/r/pokemon/comments/1o813u/another_mega_from_serebii/ccpqbtc/,pokemon
23,apsilver17,Goldbeard Ceadeus Help.. [removed],1379290936.0,1379262136.0,/r/MonsterHunter/comments/1mfsuu/goldbeard_ceadeus_help/,MonsterHunter
24,apsilver17,So I was going to do my math homework and opened to a random page and.... ,1378284801.0,1378256001.0,/r/funny/comments/1lol38/so_i_was_going_to_do_my_math_homework_and_opened/,funny
38,apsilver17,"Just because a book may or may not be aimed for younger readers, doesn't mean you shouldn't read them. These books don't focus on the D&D races most people grew up with, it only has humans. If you truly can't decide on whether or not to read them, I'd suggest going to a library and getting the first book, or if you have a friend who reads them, ask him/her to lend it to you. ",1377468622.0,1377439822.0,/r/Fantasy/comments/1l19x0/im_looking_for_some_books_that_are_like_the/cbuz4tm/,Fantasy
25,apsilver17,"I'm looking for some books that are like the Ranger's Apprentice Series. I would love to hear what you redditors have in mind, so if you can, please tell me.. ",1377424533.0,1377395733.0,/r/Fantasy/comments/1l19x0/im_looking_for_some_books_that_are_like_the/,Fantasy
26,apsilver17,"So my friend and I were looking at some Nerf Guns for an upcoming Nerf War at another friend's party, and we happen to stumble across customer submitted pictures (Toys R Us), and well, it delivers!. ",1375417160.0,1375388360.0,/r/funny/comments/1jinea/so_my_friend_and_i_were_looking_at_some_nerf_guns/,funny
27,apsilver17,"Thriller Anime. I am currently really into the thriller genre of anime, some examples include Mirai Nikki (Future Diaries) and the currently on going Danganronpa. I would like to know what other anime there are that follow in this category. ",1374557752.0,1374528952.0,/r/anime/comments/1iua4h/thriller_anime/,anime
28,apsilver17,"I recently downloaded Skyrim for my PC, I want to know what are some good quest/house/race mods to download.. Any mods are fine really. But I would rather focus on something like this since its more lore friendly. Thanks in advance",1370871289.0,1370842489.0,/r/skyrim/comments/1g11zc/i_recently_downloaded_skyrim_for_my_pc_i_want_to/,skyrim
39,apsilver17,Its a ***Booby trap***,1368589688.0,1368560888.0,/r/WTF/comments/1ebke3/dont_think_he_expected_second_base_to_be_like/c9yqwcp/,WTF
29,apsilver17,"Help with certain carve drops. I need help finding out how to get my hands on a ""SBarroth Tail""
Honestly, I have no clue where the ""S"" is from. Is it a regular high rank Barroth I must fight or is it a sub-species?
Note; I need to get the ""SBarroth Tail"" for the LongSword Wyvern Blade ""Flame""
Thanks in advance fellow hunters!",1367922409.0,1367893609.0,/r/MonsterHunter/comments/1du4xi/help_with_certain_carve_drops/,MonsterHunter
30,apsilver17,"Easiest Way to get a Rathian Plate. I need a Rathian Plate, how do I get one. I've hunted it over 19 times and only got one. I would like to get 2 more. Thanks.",1367220608.0,1367191808.0,/r/MonsterHunter/comments/1dauuq/easiest_way_to_get_a_rathian_plate/,MonsterHunter
31,apsilver17,"What's your weapon of choice and what is it?. Just curious to see what other Hunters like to use. 
I use the Longsword, Dancing  Flames, however (if you've seen my recent posts about DS) I do like the Dual Swords a lot now, the current set I'm using is the Brother Flames. ",1366085352.0,1366056552.0,/r/MonsterHunter/comments/1cet31/whats_your_weapon_of_choice_and_what_is_it/,MonsterHunter
32,apsilver17,"Question about Dual Swords damage.. Do each sword deal the amount of damage given? For example, I am using the Brother Flames DS and it does 210 damage (not including elemental damage). I want to know if that is the amount of damage it does overall or is that what each sword deals. 
Thanks in advance and happy hunting!",1366064889.0,1366036089.0,/r/MonsterHunter/comments/1ce26j/question_about_dual_swords_damage/,MonsterHunter
33,apsilver17,"Hey Hunters, I want to try my hand at using different weapons.. I normally use the LS (yes I am a LS user), anyway, I am interested in using the Dual Swords, but I'm afraid that they won't be very effective in battle. Help and advice would be awesome. ",1365739662.0,1365710862.0,/r/MonsterHunter/comments/1c5nxm/hey_hunters_i_want_to_try_my_hand_at_using/,MonsterHunter
34,apsilver17,"I would like to know the easiest way to get + level monster drops/carves. Any ideas?. Yeah, as the title says, I need some help on getting the monster + items, like the Wroggi+ carves. ",1365666931.0,1365638131.0,/r/MonsterHunter/comments/1c3lwm/i_would_like_to_know_the_easiest_way_to_get_level/,MonsterHunter
35,apsilver17,England the Musical [4:06] - Dan Bull . ,1358768973.0,1358740173.0,/r/Music/comments/16yvxb/england_the_musical_406_dan_bull/,Music
36,apsilver17,"My Skyrim file has been having issues. Whenever I load on to my good character (level 63), it freezes at the loading screen. If anyone has experienced this problem before, please share insights on how to deal with it.. HELP PLEASE. Thanks in advance.",1357185018.0,1357156218.0,/r/skyrim/comments/15ub6n/my_skyrim_file_has_been_having_issues_whenever_i/,skyrim
37,apsilver17,Shy kid is an Amazing Opera Singer (Britain's Got Talent). ,1356672326.0,1356643526.0,/r/Music/comments/15jd55/shy_kid_is_an_amazing_opera_singer_britains_got/,Music
38,apsilver17,Pokemon Apokelypse. ,1355205512.0,1355176712.0,/r/pokemon/comments/14mlcg/pokemon_apokelypse/,pokemon
39,apsilver17,"Midterm Exam: Trouble Studying HELP. Normally when ever I try and attempt and do well on a test or quiz in my English class, I don't do as well as I'd like too. I need help primarily with grammar, for that is my weakest link in my class. I need help with studying for my midterm. Really just the best ideas to help me study is efficient.
Thanks in advance (English is also my worst subject)",1355101564.0,1355072764.0,/r/grammar/comments/14jx5h/midterm_exam_trouble_studying_help/,grammar
40,apsilver17,"""Aliens""",1354659066.0,1354630266.0,/r/pokemon/comments/1490g2/concept_for_a_fossil_pokemon_based_on_an_ancient/c7b0z5w/,pokemon
41,apsilver17,Auriel's Bow,1354242568.0,1354213768.0,/r/skyrim/comments/1400hr/what_is_your_weapon_of_choice/c78oqcu/,skyrim
42,apsilver17,"Alright I got my enchanting up to 100 fast using a simple method. First collect as many iron ores, leather straps, and iron daggers, soul gems, etc.
Then use the ""banish"" enchantment. Sell the enchanted daggers, thus getting you money and raising your skill.
Good Luck!",1354226194.0,1354197394.0,/r/skyrim/comments/13zp6l/fastest_way_to_level_up_enchantment_skill/c78k8ae/,skyrim
43,apsilver17,I play fire emblem and i think that aside from the pokemon games for GBA this is one of the best,1353403439.0,1353374639.0,/r/gaming/comments/13gyql/this_was_and_still_is_one_of_my_favorite/c73z0p5/,gaming
44,apsilver17,Probably a Quilava or a Charizard. Quilava simply because it's adorable and always a true partner. And charizard because he is awesome and loyal. ,1352874765.0,1352845965.0,/r/pokemon/comments/1353gb/rpokemon_if_you_could_have_any_pokemon_as_a_pet/c70x7t4/,pokemon
40,apsilver17,Ditto Dance. ,1352676209.0,1352647409.0,/r/pokemon/comments/130fbc/ditto_dance/,pokemon
45,apsilver17,"Dont shave the beard. Ever.
Well done!",1351827991.0,1351799191.0,/r/skyrim/comments/12flzl/skyriminspired_warriorbarbarian_style_costume/c6uys63/,skyrim
41,apsilver17,What is the name of this anime.. ,1350985090.0,1350956290.0,/r/anime/comments/11x33r/what_is_the_name_of_this_anime/,anime
42,apsilver17,"A friend sent me this pic of an anime, I do not know what it is called, so I thought I would ask /r/anime. ",1350980538.0,1350951738.0,/r/anime/comments/11wwo1/a_friend_sent_me_this_pic_of_an_anime_i_do_not/,anime
46,apsilver17,Charmander! Char Char!,1349236520.0,1349207720.0,/r/pokemon/comments/10tw6k/who_did_you_choose_as_a_starter_pokemondiy/c6gm8ao/,pokemon
47,apsilver17,Dat venasaur - dat face,1349120416.0,1349091616.0,/r/pokemon/comments/10qy1f/all_the_costumes_from_my_pokemon_themed_birthday/c6fxnxx/,pokemon
48,apsilver17,That's skill.,1349040440.0,1349011640.0,/r/pokemon/comments/10p2x4/jokingly_bet_my_friend_i_could_draw_a_better/c6ficpm/,pokemon
49,apsilver17,Yes! Curse Bethesda for not letting us not marry her in Skyrim! Oh well.,1348889948.0,1348861148.0,/r/skyrim/comments/10l4ke/does_anyone_else_want_to_marry_her/c6et5sl/,skyrim
43,apsilver17,Captain Jack Spearow. ,1348735444.0,1348706644.0,/r/funny/comments/10jdbd/captain_jack_spearow/,funny
50,apsilver17,This is the cutest thing I've ever seen.,1348633542.0,1348604742.0,/r/pokemon/comments/10g93j/get_that_tail/c6dcv9m/,pokemon
