,author,body,created,created_utc,permalink,subreddit
0,hypermiler82,Marketing wankery indeed!,1573915517.0,1573886717.0,/r/Starlink/comments/dwn6d1/how_can_starlink_beat_fiber/f7n6q2y/,Starlink
1,hypermiler82,"This is overblown.  Maybe on a London - Tokyo route but NY to London (and most routes of importance to traders) will still be faster via ground based means — ie, millimeter/microwave/laser and yes fiber.  Remember the same principles of physics you’re counting on for starlink, already exist on the ground between places like London and Frankfurt and Chicago to New York.",1573915370.0,1573886570.0,/r/Starlink/comments/dwn6d1/how_can_starlink_beat_fiber/f7n6m4t/,Starlink
2,hypermiler82,The technical reason is refraction.,1573915010.0,1573886210.0,/r/Starlink/comments/dwn6d1/how_can_starlink_beat_fiber/f7n6cio/,Starlink
3,hypermiler82,"Thank you for clarifying.  This topic seems to come up over and over again.  The latency advantages of air vs fiber are overblown for routes under 5000km.  Plus one needs to remember once a photon hits a router all bets are off as to how much delay gets injected.  

Another variant of the “faster” question refers to total bandwidth of the system.  Back when starlink was only a few thousand satellites the total bandwidth available for sale was likely around 10tb give or take.  Compare that to an ordinary fiber path and you’re looking at easily 10-60tb multiplied by the number of fiber pairs in the system.  

Now that starlink is planned for 60k satellites, all bets are off in terms of total system capacity.  But even if we excluded advances in tech and design as production ramps up, its easy to project at least a ten fold increase in total system capacity.  But again, relative to fiber... it’s not really a comparison.

Where starlink shines - and this maybe is pointing out the obvious - is the ability to deliver a relatively competitive amount of capacity to any spot on earth.  Compare that to fiber and you’re literally talking about months of red tape and manually defeating numerous mind-bendingly asinine bureaucratic process steps to deliver fiber across the street much less anywhere on the globe.",1573914881.0,1573886081.0,/r/Starlink/comments/dwn6d1/how_can_starlink_beat_fiber/f7n68yk/,Starlink
4,hypermiler82,How often does that happen during events of civil unrest?,1570439917.0,1570411117.0,/r/Starlink/comments/ddjs7w/the_potential_of_starlink_and_other_satellite/f2u9x40/,Starlink
5,hypermiler82,"It’s harder for countries to pull the plug on satellite internet since there’s no physical nexus other than the ground station terminal.   That said, most countries that fall into the category of dictatorship typically also have very restrictive (read: crony) rules regarding who can sell telecommunications services.  Even countries like India and Brazil that are far from dictatorship  are very restrictive.  In India’s case one has to operate through a local entity with 51% ownership by a natural born resident citizen.  I don’t know what the rules are for importing terminals — but if one could do that as an individual, I think it would be very difficult short of physically seizing the terminal for a government to shut off services.  Contrast this to traditional ISPs which have physical choke points that can be cut very easily.  This said, it’s not like sat phones and terminals with internet connectivity don’t already exist.  What keeps these devices from proliferating today likely will impact starlink as equally.",1570329278.0,1570300478.0,/r/Starlink/comments/ddjs7w/the_potential_of_starlink_and_other_satellite/f2m1l1v/,Starlink
6,hypermiler82,The receiver dish is unlikely to fit inside the Tesla form factor,1570243675.0,1570214875.0,/r/Starlink/comments/dd8ago/how_likely_do_you_think_it_will_be_for_starlink/f2fc2r0/,Starlink
7,hypermiler82,An individual setting up a neighborhood network via starlink is essentially an isp... if the money is there to pay the fee I don’t see why Spacex wouldn’t sell it.  But as a consumer service with a “Spacex store” staffed by the Spacex Genius Bar... I don’t see it.,1570243584.0,1570214784.0,/r/Starlink/comments/dd8ago/how_likely_do_you_think_it_will_be_for_starlink/f2fbwyx/,Starlink
8,hypermiler82,"As compared to the billions they’ll commit to launching the constellation above will be minimal.  However you do have a point that global operations will nonetheless be a massive undertaking.  That said, there are two things working against starlink as a consumer platform:  1) its receiver is unlikely to be pocket friendly in the way a cell phone is and 2) there’s not enough bandwidth in the constellation to replace terrestrial and ground-based wireless.  It is going to be a game changer but in a strategic sense rather than a paradigm shift the way the iPhone was to mobile phones.",1570243335.0,1570214535.0,/r/Starlink/comments/dd8ago/how_likely_do_you_think_it_will_be_for_starlink/f2fbg9g/,Starlink
9,hypermiler82,"For Germany specifically they are massively investing in high voltage corridors to carry wind and hydro from the north (ie Denmark, Norway) to data centers in the south.  I bet the incremental cost of dropping down a feed to highway level is pretty good.  

In other countries maybe this isn’t the case.",1566621853.0,1566593053.0,/r/electricvehicles/comments/cugdr8/do_your_thing_germany/exv5hw5/,electricvehicles
11,hypermiler82,Yeah just remember it shrinks... unless it’s the fast setting stuff.  so like above said leave a little high.  If you have Alex plus you can also use that but it also shrinks.,1562899233.0,1562870433.0,/r/Carpentry/comments/cbvtdy/hey_guys_my_painters_putty_is_hard_as_a_rock_and/etjc04g/,Carpentry
12,hypermiler82,100% agree with you that it’s helpful to go in depth.  One way you can do that is to build a comparison yourself by defining your product through a set of user stories and then picking the stories that best define the most important functionality.  From there you can read the docs of each package and see if the functionality you need is present in the package.  From here you can have a conversation with the developer about which package will be easiest to maintain and extend around the functionality you need most.,1562620675.0,1562591875.0,/r/django/comments/cajmmb/django_oscar_vs_saleor_for_digital_products_store/et9atzc/,django
13,hypermiler82,If you’re using sqlite during development it can get tricky to keep its data in synch so it’s easier to ignore it.  We use Postgres in production and it obviously doesn’t reside in the app directory so that’s a plus in its favor if you can also use it in dev too.  Also I usually ignore all the .pyc files.    Those can really mess up manage.py’s migration process.  And be careful about modifying files outside of the app - for example the Django libraries themselves... or Nginx config files in /etc ... obviously these mods won’t show up in the repo.  You’ll need another repo to hold these changes.,1561803560.0,1561774760.0,/r/django/comments/c6q00m/things_to_worry_about_when_collaborating_on_a/esb0yo0/,django
14,hypermiler82,"I liked how this guy did it:  

http://musings.tinbrain.net/blog/2014/sep/21/registration-django-easy-way/

It was pretty painless to switch from username to email address following this approach.",1561777965.0,1561749165.0,/r/django/comments/c661gj/dont_use_the_builtin_user_model_as_is_take_the/esa1726/,django
15,hypermiler82,"Well there’s that plus there’s such a surplus of generating capacity in Norway they are steadily progressing towards electrification of everything - cars, household heat, heck even the oil fields and neighboring countries.  They have so much generating capacity already and it’s going to grow, of course you need a network to keep up with it.  That’s like you know a good thing?!",1560434144.0,1560405344.0,/r/electricvehicles/comments/bzp9e5/norway_needs_16billion_power_grid_upgrade_to/eqzsoo0/,electricvehicles
16,hypermiler82,Great write up but I wonder if for this application the owner might want to consider a moving glass wall system... that way if they ever want to reopen the space it’s essentially a big glass door.,1560286923.0,1560258123.0,/r/Carpentry/comments/byy5nv/a_buddy_of_mine_wants_to_frame_this_and_install_a/eqrdu27/,Carpentry
17,hypermiler82,"It definitely helps to search for “Django basic crud” on github and go through some of the projects to get a sense for how others organize their Django projects.  

One thing that might be overwhelming at first is that Django has some conventions that must be adhered to while others are completely a matter of choice.  

One really well written website for Django is “simple is better than complex.”  Start there, start with searching for basic crud apps on github then come back here and post specific issues you’re getting hung up on.",1560170365.0,1560141565.0,/r/django/comments/bypml4/is_this_normal_for_beginners/eqlc9ht/,django
19,hypermiler82,"I’ve built a similar app - basically like what others said regarding pandas... you post process the file through pandas and then iterate rows and columns into your model.  If you are using Postgres, you can leverage the JSONfield and store the entire pandas dataframe in one field instance in your model.  Otherwise you can use pandas to pick out row and columns labels and store those values in fields and then iterate the values into a related model.",1559344545.0,1559315745.0,/r/django/comments/bv4s1i/processing_an_excel_file_which_i_uploaded_into/epmox9c/,django
20,hypermiler82,I’ve enjoyed reading https://simpleisbetterthancomplex.com/ but I agree now I just go to the docs.,1558776966.0,1558748166.0,/r/django/comments/bslclc/best_book_to_learn_django/eoouhj9/,django
21,hypermiler82,"A counterpoint - digital ocean has excellent docs for configuring Ubuntu+nginx+gunicorn+letsencrypt+Postgres 

Couldn’t be easier IMO!",1558645069.0,1558616269.0,/r/django/comments/bs1cow/recommendations_for_http_server_to_use_with/eoic762/,django
22,hypermiler82,"Thank you to everyone who posted their thoughts.  It seems to me like most, maybe Waymo and Uber excepted, are capitalized strictly for building out the technical solution but not necessarily for running robotaxi operations.  I’d include Tesla in operational pack pending their latest raise.  

Argo and Cruise seem to be in the pocket of Ford and GM/Honda - so maybe they become captive providers over time.  

That leaves Aurora as an independent with obviously a ton of firepower and support (Sequoia, Amazon, etc) to perfect its driver.  I’ve seen some suggest Aurora could be one of the biggest winners out of autonomy.  

Which leaves me the question - we already have a business at scale that provides a robotaxi (of sorts) and doesn’t have a driver cost:  uber.  The rider pays the driver cost.  Yet Uber isn’t generating massive profits.  

Leading me to ask, what changes with autonomy that results in something different?  I’m not trying to be negative on the tech - I’m extraordinarily fascinated by the possibilities but I’m trying to explore how the business model comes together in a way that makes sense.

In the back of my mind, I have the classic case of the hard drive business and its history of huge investments followed by rapid commodity toon and resulting subpar outcome and ultimate crash in mind...",1558082296.0,1558053496.0,/r/SelfDrivingCars/comments/boqj70/business_models/enu86xn/,SelfDrivingCars
23,hypermiler82,"It makes me wonder how quickly the technology could commoditize.  Today it’s a hard problem to solve, but at what point is it nothing more exciting In terms of price than “California Emissions.”   I see these bets that GM/Honda is making with Cruise which seem big because they are large numbers.  But then you think, if it fails what does GM lose? A billion?  Makes you wonder if they even believe there’s much at stake.  Versus Tesla, whose entire existence seems to be increasingly linked to the notion that one can achieve seven figure NPV off the rental of a single $35k investment.  Keep in mind I’m not hating on Tesla, I love everything about them.  But I am trying use their example to extrapolate the business strategy/mindset of the other pureplay AI  (ie non vehicular/mfr) startups in this space.  Are they all banking on their tech transforming an ordinary vehicle into a rolling mint and taking a percentage of the net?  For ex. mobileye — are they going to charge 30-40% of the fully-valued  theoretical robotaxi NPV to give an ordinary car full Level 5 autonomy?  Or... are there so many players going into this that Autonomy will end up being like a cheap aftermarket bolt on that anyone can add in an afternoon and be robotaxi’ing that night?  And if that’s the case, do we also see a collapse in robotaxi fares along with the valuations of everyone supplying tech for it?",1557917878.0,1557889078.0,/r/SelfDrivingCars/comments/boqj70/business_models/enk0qda/,SelfDrivingCars
0,hypermiler82,"Business models. With all the AI startups active in the autonomous space, I was curious if there is a summary of business models?  Is everyone planning on operating their own robo-fleet and charging by distance or are some planning on licensing their capabilities the way Mobileeye does now?",1557907097.0,1557878297.0,/r/SelfDrivingCars/comments/boqj70/business_models/,SelfDrivingCars
