,author,body,created,created_utc,permalink,subreddit
0,ETN_Overlord,Me too! I almost hung myself hopping the gate 😂,1574123308.0,1574094508.0,/r/vancouver/comments/dxxhhe/lynn_creek_at_30_foot_pool_taken_this_morning/f7ygagl/,vancouver
1,ETN_Overlord,I do,1571620107.0,1571591307.0,/r/AskReddit/comments/dkjimg/what_screams_im_very_insecure/f4hgitj/,AskReddit
2,ETN_Overlord,Got him for 18 years before he found out it was his?? Damn,1569248962.0,1569220162.0,/r/CryptoCurrency/comments/d7vq6m/breaking_it_through/f16q7v1/,CryptoCurrency
3,ETN_Overlord,"It's not even against. I may not know many Scots, but the few I do know all have no solid opinion on leaving the uk. ""Whatever happens happens"" seems to me to be a popular sentiment",1569244061.0,1569215261.0,/r/worldnews/comments/d7yph3/a_near_majority_of_scots_are_now_in_favour_of/f16kl27/,worldnews
4,ETN_Overlord,"Do I have to to realize that imo this article is bullshit?
I haven't claimed to understand anything.  Based off of my limited research and what little information I, as someone who is just interested in sdc's have, It seems unfathomable that the AI/general tech of SDCs would have something as trivial as a painted circle hold the tech back for ""decades"". Do I need a PhD for that?",1563280245.0,1563251445.0,/r/SelfDrivingCars/comments/cdht8a/a_couple_decades_well_thats_a_stark_overestimation/etw28b8/,SelfDrivingCars
5,ETN_Overlord,Fair warning: We don't tend to take kindly to your kind here.,1563241463.0,1563212663.0,/r/Electroneum/comments/cagpb8/big_blockchain_update_is_here/etuhg2l/,Electroneum
6,ETN_Overlord,"I saw it more as an example of the kind of garbage that's being spread about self driving cars. More as a ""look at this shitty article, someone actually wrote this"". I was at least entertained by the stupidity of it.",1563231002.0,1563202202.0,/r/SelfDrivingCars/comments/cdht8a/a_couple_decades_well_thats_a_stark_overestimation/etu1wfj/,SelfDrivingCars
7,ETN_Overlord,Couldn't agree more.,1563229104.0,1563200304.0,/r/SelfDrivingCars/comments/cdht8a/a_couple_decades_well_thats_a_stark_overestimation/ettzbll/,SelfDrivingCars
10,ETN_Overlord,"Evidently they don't understand it 🤷‍♂️
 Happy cake day btw.",1563228697.0,1563199897.0,/r/SelfDrivingCars/comments/cdht8a/a_couple_decades_well_thats_a_stark_overestimation/ettysgp/,SelfDrivingCars
0,ETN_Overlord,What's up with the ETN maintenance?. [removed],1563228622.0,1563199822.0,/r/HuobiGlobal/comments/cdhxe2/whats_up_with_the_etn_maintenance/,HuobiGlobal
1,ETN_Overlord,"""a couple decades"" Well that's a stark overestimation.. ",1563228020.0,1563199220.0,/r/SelfDrivingCars/comments/cdht8a/a_couple_decades_well_thats_a_stark_overestimation/,SelfDrivingCars
12,ETN_Overlord,"There's a difference in being biased and saying you're not, and being biased and openly broadcasting it. 
I know I'm biased.  In  relation  to their goals and actual tech. it's promising.
 However,
in order for ETN to be successful, there needs to be a lot of work and effort put in to development, company relations, marketing, security and maintenance. So far Ells and the ETN team may not have been perfect, but they have exceeded my personal expectations and seem to be fully dedicated. 
Based on this, I can confidently say:
 nah dude it's coming, just wait.",1562632950.0,1562604150.0,/r/Electroneum/comments/c9woos/etn_commentsreally/et9s3lj/,Electroneum
13,ETN_Overlord,"Nah dude it's coming, just wait",1562632314.0,1562603514.0,/r/Electroneum/comments/c9woos/etn_commentsreally/et9r3uw/,Electroneum
14,ETN_Overlord,"Public blockchains are great; for other cryptos. Electroneum isn't any other crypto. We saw ETN be ahead of the curve when it comes to KYC, which turns out was spot on and very important for regulation. ETN has a  forward thinking team and leader. Respect to all of you over at ETN. This really is fantastic.",1562591322.0,1562562522.0,/r/Electroneum/comments/cagntr/electroneum_fork_and_system_upgrades_lets_talk/et8nov9/,Electroneum
2,ETN_Overlord,Big blockchain update is here!!!. ,1562590452.0,1562561652.0,/r/Electroneum/comments/cagpb8/big_blockchain_update_is_here/,Electroneum
15,ETN_Overlord,"I do this a lot. I think too much. apparently I make people feel like Im self centered, but I really jusy don't want to make anyone feel like I am speaking ill of them. It's possible that I use it incorrectly as well, and actually do make it about me even when I don't want to. I really do feel like I  tend to overthink and express myself incorrectly while trying to be mindful of other people.",1562485007.0,1562456207.0,/r/AskReddit/comments/c9suu6/what_are_some_huge_green_flags_that_are_often/et4rui9/,AskReddit
16,ETN_Overlord,Solution? Wouldn't that still just be a step towards solving the problem??,1562454811.0,1562426011.0,/r/worldnews/comments/c9sr1e/a_trillion_new_trees_could_be_the_best_solution/et30mcu/,worldnews
17,ETN_Overlord,"Scheduled maintenance, deposits, withdrawals, and transactions are down till Monday 😊",1562389984.0,1562361184.0,/r/Electroneum/comments/c9iy4c/waiting_for_etn_to_come_back_online/eszfthn/,Electroneum
18,ETN_Overlord,78 in 29,1562377800.0,1562349000.0,/r/madlads/comments/c9fvb6/the_madlad/esyt1lw/,madlads
19,ETN_Overlord,"I was actually there on a tour/ watching the debate.  Our tour guide/representative talked about a lot of the concerns about not choosing any of the actual Spitzenkandidaten. It was definitely interesting to see how much bullshit is spewed. 
Its good to see them being called out.",1562284073.0,1562255273.0,/r/worldnews/comments/c91p8s/this_is_not_democracy_european_parliament_unites/essol75/,worldnews
3,ETN_Overlord,"Time is fleeting. I'm Not a teenager anymore. I lurked this sub for years on various accounts, but never posted. Time flies y'all.  Enjoy your teenage years,  Much love.  
I'm outta here.",1562211023.0,1562182223.0,/r/teenagers/comments/c8sg9d/time_is_fleeting/,teenagers
20,ETN_Overlord,"Thank God it was my chin, I couldn't have afforded a swollen nose 😯",1561684397.0,1561655597.0,/r/RoastMe/comments/c642pe/20_yo_canadian_in_a_german_highschool_fuck_my/es6rabs/,RoastMe
21,ETN_Overlord,I'm already pretty busy apologizing for my face 🤷‍♂️,1561684291.0,1561655491.0,/r/RoastMe/comments/c642pe/20_yo_canadian_in_a_german_highschool_fuck_my/es6r465/,RoastMe
22,ETN_Overlord,At least we know that their noses would all fit in the mask,1561683968.0,1561655168.0,/r/RoastMe/comments/c642pe/20_yo_canadian_in_a_german_highschool_fuck_my/es6qla4/,RoastMe
23,ETN_Overlord,that warning was a bit Too late. :0,1561683619.0,1561654819.0,/r/RoastMe/comments/c642pe/20_yo_canadian_in_a_german_highschool_fuck_my/es6q135/,RoastMe
24,ETN_Overlord,Gaining weight is hard my dude 😂,1561683473.0,1561654673.0,/r/RoastMe/comments/c642pe/20_yo_canadian_in_a_german_highschool_fuck_my/es6psda/,RoastMe
25,ETN_Overlord,"Nope, doing a dreijahresabi and im just finishing my first year. I completely fucked myself over in school when I first moved here. Top comment covered this one 😂👌",1561683417.0,1561654617.0,/r/RoastMe/comments/c642pe/20_yo_canadian_in_a_german_highschool_fuck_my/es6pp0d/,RoastMe
26,ETN_Overlord,"Seriously, wtf is a letterkasier?",1561680322.0,1561651522.0,/r/RoastMe/comments/c642pe/20_yo_canadian_in_a_german_highschool_fuck_my/es6krjb/,RoastMe
27,ETN_Overlord,"I really screwed up the pun by repeating tenth 2 times then, eh?",1561679280.0,1561650480.0,/r/RoastMe/comments/c642pe/20_yo_canadian_in_a_german_highschool_fuck_my/es6j58n/,RoastMe
28,ETN_Overlord,Why do you think I wear the belt? 😂,1561679035.0,1561650235.0,/r/RoastMe/comments/c642pe/20_yo_canadian_in_a_german_highschool_fuck_my/es6irml/,RoastMe
29,ETN_Overlord,How TF is this the top comment???,1561676446.0,1561647646.0,/r/AmItheAsshole/comments/c5y237/aita_for_giving_my_concert_ticket_to_another_girl/es6es3k/,AmItheAsshole
30,ETN_Overlord,This is a roast 🔥🔥,1561672913.0,1561644113.0,/r/RoastMe/comments/c642pe/20_yo_canadian_in_a_german_highschool_fuck_my/es69ljy/,RoastMe
31,ETN_Overlord,Good effort,1561672415.0,1561643615.0,/r/RoastMe/comments/c642pe/20_yo_canadian_in_a_german_highschool_fuck_my/es68ws1/,RoastMe
32,ETN_Overlord,"I mean, I'm a West coastie if that helps. Even Google couldn't tell me what it is.",1561671677.0,1561642877.0,/r/RoastMe/comments/c642pe/20_yo_canadian_in_a_german_highschool_fuck_my/es67wq3/,RoastMe
33,ETN_Overlord,Letterkasier?,1561670352.0,1561641552.0,/r/RoastMe/comments/c642pe/20_yo_canadian_in_a_german_highschool_fuck_my/es665xp/,RoastMe
34,ETN_Overlord,"There are definitely more assholes than I ever encountered in Canada, but still, a majority are plgreat people. Canada is still my favorite country though. Although... German girls really are 👌👌",1561669894.0,1561641094.0,/r/RoastMe/comments/c642pe/20_yo_canadian_in_a_german_highschool_fuck_my/es65kvq/,RoastMe
35,ETN_Overlord,Fairly Good tbh.,1561668966.0,1561640166.0,/r/RoastMe/comments/c642pe/20_yo_canadian_in_a_german_highschool_fuck_my/es64gbu/,RoastMe
36,ETN_Overlord,Is this a roast? Because I'm actually completely okay with that,1561666725.0,1561637925.0,/r/RoastMe/comments/c642pe/20_yo_canadian_in_a_german_highschool_fuck_my/es61x4e/,RoastMe
37,ETN_Overlord,Not gonna deny; this one stung a bit,1561666298.0,1561637498.0,/r/RoastMe/comments/c642pe/20_yo_canadian_in_a_german_highschool_fuck_my/es61h31/,RoastMe
38,ETN_Overlord,can confirm: am fucked,1561665682.0,1561636882.0,/r/RoastMe/comments/c642pe/20_yo_canadian_in_a_german_highschool_fuck_my/es60uhe/,RoastMe
39,ETN_Overlord,It isn't unfortunately. Might need to change that though,1561665657.0,1561636857.0,/r/RoastMe/comments/c642pe/20_yo_canadian_in_a_german_highschool_fuck_my/es60tkk/,RoastMe
40,ETN_Overlord,I guess It would be the second one if I were actually having sex 🤷‍♂️,1561665620.0,1561636820.0,/r/RoastMe/comments/c642pe/20_yo_canadian_in_a_german_highschool_fuck_my/es60s9h/,RoastMe
41,ETN_Overlord,Accurate,1561665587.0,1561636787.0,/r/RoastMe/comments/c642pe/20_yo_canadian_in_a_german_highschool_fuck_my/es60r0d/,RoastMe
42,ETN_Overlord,I think I need this on a t-shirt,1561665367.0,1561636567.0,/r/RoastMe/comments/c642pe/20_yo_canadian_in_a_german_highschool_fuck_my/es60ja8/,RoastMe
4,ETN_Overlord,20 Y/O Canadian in a German highschool. fuck my shit up. ,1561661588.0,1561632788.0,/r/RoastMe/comments/c642pe/20_yo_canadian_in_a_german_highschool_fuck_my/,RoastMe
43,ETN_Overlord,"Can't really argue with any of that. In terms of devolpment they're proving their value. (I.e. Etherum 2.0) 
IMHO, the big shift for Alts In the space is going to be when a crypto achieves mass user adoption and ease of use for everyday folks. For the most part I see that that as still up for grabs. (Seriously, fuck Libra though)",1561573578.0,1561544778.0,/r/CryptoCurrency/comments/c5ih3y/everyone_is_talking_about_alt_season/es2wt4a/,CryptoCurrency
44,ETN_Overlord,"Dont want to shill my fave project, but there are definately other projects that are on the fast track to very big things",1561572527.0,1561543727.0,/r/CryptoCurrency/comments/c5ih3y/everyone_is_talking_about_alt_season/es2w32r/,CryptoCurrency
45,ETN_Overlord,"I have both on android, I'd have to say that I prefer kucoin for ETN because of the volume. The apps are both great though 👌",1561348425.0,1561319625.0,/r/Electroneum/comments/c42i50/new_need_help/ervmi5h/,Electroneum
46,ETN_Overlord,As quickly as possible? 🤔  use 70-100k to Buy a fairly low market cap cryptocurrency then use the rest for buy walls to keep pushing up the price. Rinse and repeat 🤷‍♂️,1561337339.0,1561308539.0,/r/wsb/comments/c3kijb/how_would_you_grow_170k_as_quickly_as_possible/erv7lhc/,wsb
47,ETN_Overlord,They've been increasing since the quick verification and 1 min signups came out. People are actually recommending it to friends because you don't need to provide multiple documents right away any more,1561234924.0,1561206124.0,/r/Electroneum/comments/c2wnwz/update_210619/ers99qn/,Electroneum
48,ETN_Overlord,"There's a pretty great project working towards axactly that, creating mass adoption in Africa and providing actual access to daily spending with an instant payment system. It's called electroneum incase you want to read readvup on what they're doing.",1560487302.0,1560458502.0,/r/CryptoCurrency/comments/c00h5x/does_anyone_cringe_at_their_texts_from_january/er39dlb/,CryptoCurrency
49,ETN_Overlord,Is this post applebees PR advertising their month special?,1560405485.0,1560376685.0,/r/cursedcomments/comments/bztkq2/i_cant_tell_which_one_is_more_cursed/eqy2bsx/,cursedcomments
50,ETN_Overlord,Apparently Keanu Reeves is gonna go full Wick on my ass.,1560268033.0,1560239233.0,/r/AskReddit/comments/bz71uc/the_last_thing_you_googled_is_what_kills_you_so/eqqz6gl/,AskReddit
51,ETN_Overlord,This is so cool! Great work! :),1558594608.0,1558565808.0,/r/Electroneum/comments/brtppq/instant_payment_working_in_a_html5_game_video/eogu5zo/,Electroneum
52,ETN_Overlord,Thanks for everything! All the best in the future :),1558394297.0,1558365497.0,/r/Electroneum/comments/bqny3c/thanks_for_almost_2_years_of_support_good_bye/eo8ft5t/,Electroneum
53,ETN_Overlord,Live and learn I guess...,1557974803.0,1557946003.0,/r/Electroneum/comments/bosqe9/cryptopia_liquidated/ennf96v/,Electroneum
54,ETN_Overlord,"This was well put. If we keep spiraling in price, most people are going to write electroneum off, regardless of the technology. (especially if it's going after a mobile payment system that's already established itself). 
No one wants to lose money. 
  
I want to add that I am a supporter of ETN since ICO and I believe in the team and their vision, 
but there is definitely room for improvement. 

HODL on my friends. ✌️",1557963964.0,1557935164.0,/r/Electroneum/comments/boxym0/courtesy_message_to_the_team/enmpcct/,Electroneum
55,ETN_Overlord,RIP... This is why it's a bad idea to keep coins on exchanges. I lost some too,1557941944.0,1557913144.0,/r/Electroneum/comments/bosqe9/cryptopia_liquidated/enl8poe/,Electroneum
56,ETN_Overlord,"No, she's on a whole nother level of dissapointment",1557341610.0,1557312810.0,/r/RoastMe/comments/blufan/my_lovely_gf_just_took_30_pictures_because_she/emthzqy/,RoastMe
57,ETN_Overlord,I wholeheartedly agree with this! Weekly updates would really help with keeping the community engaged.,1556220124.0,1556191324.0,/r/Electroneum/comments/bgw3h6/updates/elqj7dn/,Electroneum
58,ETN_Overlord,We can all make it happen,1555049637.0,1555020837.0,/r/finaldiss/comments/bc26mq/the_final_diss/eko0z47/,finaldiss
59,ETN_Overlord,Anyone know what kind of dog this is?,1554484663.0,1554455863.0,/r/WhatsWrongWithYourDog/comments/b9h951/grabber_breaks_dog/ek5yc07/,WhatsWrongWithYourDog
60,ETN_Overlord,Und danke an u/ploflo,1552548945.0,1552520145.0,/r/memes/comments/b0o94v/feed_me/eigxrzj/,memes
61,ETN_Overlord,He went for red obviously ,1551480197.0,1551451397.0,/r/CryptoCurrency/comments/aw0xxj/btc_after_6_months_of_red_candles_we_finally/ehk1b3g/,CryptoCurrency
62,ETN_Overlord,Big boi gonna go poop some cubes ,1548649978.0,1548621178.0,/r/AbsoluteUnits/comments/akcmuk/oh_lawd_he_comin/ef4exuu/,AbsoluteUnits
63,ETN_Overlord,"I do something similar, when I get asked for a dick pic I send them a picture of Richard Branson. 

Jk, I don't get asked for dick pics often enough for that. ",1547839723.0,1547810923.0,/r/therewasanattempt/comments/ah72dx/to_get_nudes/eechiw6/,therewasanattempt
64,ETN_Overlord,Glorious and free ,1547354450.0,1547325650.0,/r/canada/comments/af856r/hey_canada_thank_you_this_was_in_the_hallway_of/edx4gyc/,canada
65,ETN_Overlord,What if we made PewDiePie the meme and he kills himself 😮,1546330092.0,1546301292.0,/r/PewdiepieSubmissions/comments/ab91ld/gosh_darn_it/eczbj7e/,PewdiepieSubmissions
66,ETN_Overlord,"Elon's obviously gone from cars,  flamethrowers, and minisubs to figuring out time travel. ",1540446272.0,1540417472.0,/r/memes/comments/9qzpfs/elon_musket_back_at_it_again/e8e0f6d/,memes
68,ETN_Overlord,Fair enough. Thanks 😌,1539910448.0,1539881648.0,/r/Tinder/comments/9pang1/is_my_bio_okay/e80bb05/,Tinder
69,ETN_Overlord,"I was going for self depricating, not cringy though.  Any reccomendations?",1539908567.0,1539879767.0,/r/Tinder/comments/9pang1/is_my_bio_okay/e808vmg/,Tinder
5,ETN_Overlord,Is my bio okay?. ,1539907728.0,1539878928.0,/r/Tinder/comments/9pang1/is_my_bio_okay/,Tinder
70,ETN_Overlord,"Guess I chose a good day get back on Reddit. Happy 20k! 
",1532487641.0,1532458841.0,/r/Electroneum/comments/91hlvs/thank_you_on_helping_us_reach_20000_members/e2ym86f/,Electroneum
71,ETN_Overlord,Good job ETN Team and community!,1528329315.0,1528300515.0,/r/Electroneum/comments/8p1h2k/307575_finally_mined/e07pzeo/,Electroneum
72,ETN_Overlord,IMO it would be unlikely.,1528245619.0,1528216819.0,/r/Electroneum/comments/8opwsc/dont_sell_for_cheap_just_hodl_strong/e05oqdn/,Electroneum
