,author,body,created,created_utc,permalink,subreddit
0,I_LOVE_LIDAR,"I heard firmware 1.12 greatly improved the performance on high reflectivity surfaces, although some slight lingering issues remain (the datasheet mentions ""slight bias"" for retroreflectors).",1572067779.0,1572038979.0,/r/SelfDrivingCars/comments/dlyb2s/lidar_recommendation_ouster_os164_vs_velodyne/f57m494/,SelfDrivingCars
1,I_LOVE_LIDAR,"Congrats to Sense Photonics!

Key specs:

|  | Sense 30 | Sense 60 | Sense 75 |
|--|-|-|-|
| Field of view (H x V) | 80 x 30 | 80 x 60 | 95 x 75 |
| Maximum range 50 klux @ 50% reflectivity | 21 m | 13 m | 9 m |
| Maximum range indoors @ 50% reflectivity | 28 m | 17 m | 12 m |

| Specs | |
|-|-|
| Average angular Resolution | 0.27 x 0.27 degrees |
| Mass | 4.5 kg |
| Range accuracy | 3.5 cm |
| Depth resolution at max range | 10 cm |
| Power consumption (max)  | 25 W |
| Height | 192 mm |
| Width | 182 mm |
| Depth | 187 mm |
| Ingress | IP65 IP67 |

Source: [technical data sheet (PDF)](https://sensephotonics.com/wp-content/uploads/2019/10/Sense-Solid-State-Flash-LiDAR-Specification-Sheet_G101-497-RevB-92019.pdf)",1572002858.0,1571974058.0,/r/SelfDrivingCars/comments/dmr4og/sense_photonics_brings_its_fancy_new_flash_lidar/f548h4m/,SelfDrivingCars
2,I_LOVE_LIDAR,"> tone-deaf arrogance

George Hotz is well known to be an arrogant prick. He is smart and a great hacker though.",1571999689.0,1571970889.0,/r/SelfDrivingCars/comments/dmkfd6/a_100x_investment_part_2_commaai/f544eoz/,SelfDrivingCars
3,I_LOVE_LIDAR,"> in turn owned by Porsche

VW is owned by Porsche Automobil Holding SE (aka Porsche SE, not to be confused with Porsche Holding, a car distributor).

However, Dr.-Ing. h.c. F. Porsche AG, which actually makes the cars, is owned by VW.",1571999421.0,1571970621.0,/r/SelfDrivingCars/comments/dme9zx/mapping_the_autonomous_vehicle_ecosystem/f54414q/,SelfDrivingCars
4,I_LOVE_LIDAR,"| Lidar | OS1-64 | Puck 32MR |
|-------|--------|----------|
| Beams | **64** | 32 |
| Weight | **396 g** | 925 g |
| Diameter | **85 mm** | 100 mm |
| Height | **73.5 mm** | 87 mm |
| Environmental sealing | **IP68 and IP69K** | IP67 |
| Vertical beam spacing | even | uneven |
| Horizontal angular spacing | **even** (optional) | uneven |
| Vertical angular resolution (best) | 0.5 degrees | **0.33 degrees** |
| Vertical field of view | -16.6 to +16.6 degrees | -20 to +15 degrees |
| Horizontal angular resolution | 0.18 degrees | 0.18 degrees |
| Range @ 10% reflectivity | 60 m | **120 m** |
| Range @ 80% reflectivity | 120 m | unknown | 
| Range uncertainty | 1.5 cm to 10 cm depending on range and reflectivity | **3 cm** |
| Returns | 1 (strongest) | **dual** |
| Time synchronization | **NMEA and PPS or IEEE 1588 PTP** | NMEA and PPS |
| Power consumption | 14-20 W | **10 W** |
| Range output | yes | yes |
| Reflectivity output | yes | yes |
| Raw intensity output | **yes** | no |
| Ambient NIR brightness output | **yes** | no |
| Factory calibrated beam angles | **yes** | no |
| Integrated IMU | **yes** | no |

Source:
* [Ouster OS1 datasheet](https://data.ouster.io/downloads/OS1-lidar-sensor-datasheet.pdf)
* [Velodyne Puck 32MR datasheet](https://autonomoustuff.com/wp-content/uploads/2019/08/63-9665_Rev-A_Puck_32MR_Datasheet_Web_ASbranded.pdf)",1571912540.0,1571883740.0,/r/SelfDrivingCars/comments/dlyb2s/lidar_recommendation_ouster_os164_vs_velodyne/f4yrwqy/,SelfDrivingCars
5,I_LOVE_LIDAR,"Most likely Didi Chuxing.

They showed a nearly identical vehicle at CVPR this year

* [picture 1](https://i.imgur.com/2YFKjUs.png)
* [picture 2](https://i.imgur.com/zZbkdsA.png)

This car is an AutonomouStuff kit.",1571415461.0,1571386661.0,/r/SelfDrivingCars/comments/djdjhw/unidentified_vehicle_spotted_in_mountain_view/f45o9mx/,SelfDrivingCars
0,I_LOVE_LIDAR,Astyx releases high resolution radar dataset. ,1571076113.0,1571047313.0,/r/SelfDrivingCars/comments/dhog0v/astyx_releases_high_resolution_radar_dataset/,SelfDrivingCars
1,I_LOVE_LIDAR,Velodyne trolls Elon Musk by putting lidar in a Tesla at IAA. ,1569397050.0,1569368250.0,/r/SelfDrivingCars/comments/d8vdrs/velodyne_trolls_elon_musk_by_putting_lidar_in_a/,SelfDrivingCars
6,I_LOVE_LIDAR,"That's cool but I'm not going to believe anything until I see the raw data.

Also from https://www.blickfeld.com/products/#blickfeld-cube-range it seems it only makes 200,000 points per second. This is very poor (even less than the Velodyne VLP-16).",1569395478.0,1569366678.0,/r/SelfDrivingCars/comments/d8tal9/blickfeld_announces_memsbased_lidar_with_250m/f1cv5fe/,SelfDrivingCars
