,author,body,created,created_utc,permalink,subreddit
0,AcceptableLetterhead,"Methods to keep your name out of a real estate purchase?. My family has legitimate safety and privacy concerns where we want to keep our name out of a primary home ownership purchase. How can we do that?

We will have a mortgage loan. Does anyone have advice about purchasing residential property with a private trust, llc, or other mechanism?

Ultimately our goal is to buy a home but to keep our name out of any public record.

EDIT: thanks all for the advice. Of course I'm speaking with a few local lawyers, but wanted to hear all of your ideas. A few great ones in here. This is for California, which does complicate things. Yes there is also financing, which is an additional hurdle. My research and advice from counsel is so far, either a) trust with someone else as the trustee, or b) LLC.",1572226264.0,1572197464.0,/r/RealEstate/comments/dnwn1d/methods_to_keep_your_name_out_of_a_real_estate/,RealEstate
0,AcceptableLetterhead,Type R AND a roof rack. Nice.,1565677174.0,1565648374.0,/r/RoastMyCar/comments/cpbfoa/my_glorious_shitbox_over_300000kms_and_still/ewpsmvp/,RoastMyCar
1,AcceptableLetterhead,Roast my 1977 Dodge Aspen special edition in jade green metallic with matching vinyl top and interior.. ,1565414116.0,1565385316.0,/r/RoastMyCar/comments/co8nlk/roast_my_1977_dodge_aspen_special_edition_in_jade/,RoastMyCar
1,AcceptableLetterhead,76-80 aspens and volares use same body interior and engine/drivetrain...  but things like lights grills etc vary by year and model.,1564545228.0,1564516428.0,/r/classiccars/comments/bu6e2n/1978_dodge_aspen/evgv7go/,classiccars
2,AcceptableLetterhead,"Question about using high heat paint. Tl;dr: can I use high heat paint on an imperfectly cleaned firebox?

I have a 15 year old barbecues galore turbo elite which has finally given up after years of good service. The entire unit is stainless (except firebox), rust free, and after a cleaning, in great shape.

I’ve removed all the burners, pans etc and plan to install two stainless charcoal trays to convert this bad boy into a charcoal grill. Barbecue galore firebox sizes haven’t changed much over the years, apparently.

I’ve scraped and degreased and scraped again but there’s still some small bits of buildup on the firebox. Is it okay to use high heat paint on top of that?",1560056917.0,1560028117.0,/r/charcoal/comments/byclib/question_about_using_high_heat_paint/,charcoal
2,AcceptableLetterhead,"Just a turn of phrase, but velodyne innoviz etc all claim the best quality, perception and power consumption figures without backing it up. Very little public info about pricing also.

Do purchasers sign anything when they buy a unit? Ie they won’t share technical specs?",1556500574.0,1556471774.0,/r/SelfDrivingCars/comments/bhrtyh/which_lidar_companies_have_the_most_successful/elzss9e/,SelfDrivingCars
3,AcceptableLetterhead,Which Lidar companies have the most successful marketing and why?. It seems like there’s lots of smoke and mirrors among lidar companies... who is marketing their product successfully and how do they do it?,1556343688.0,1556314888.0,/r/SelfDrivingCars/comments/bhrtyh/which_lidar_companies_have_the_most_successful/,SelfDrivingCars
3,AcceptableLetterhead,Piazzas at Charleston and Middlefield has a good selection and fair prices.,1556335392.0,1556306592.0,/r/paloalto/comments/bhpymc/know_any_good_produce_markets_around_palo_alto/eluv01x/,paloalto
4,AcceptableLetterhead,...and apparently now found safe: [https://www.paloaltoonline.com/news/2019/04/20/palo-alto-woman-who-berated-maga-hat-wearing-man-reported-missing](https://www.paloaltoonline.com/news/2019/04/20/palo-alto-woman-who-berated-maga-hat-wearing-man-reported-missing),1556078408.0,1556049608.0,/r/paloalto/comments/b989w7/woman_who_berated_harassed_man_in_maga_hat_in/elllr2c/,paloalto
5,AcceptableLetterhead,She is now missing: [https://www.paloaltoonline.com/news/2019/04/20/palo-alto-woman-who-berated-maga-hat-wearing-man-reported-missing](https://www.paloaltoonline.com/news/2019/04/20/palo-alto-woman-who-berated-maga-hat-wearing-man-reported-missing),1556020675.0,1555991875.0,/r/paloalto/comments/b989w7/woman_who_berated_harassed_man_in_maga_hat_in/eljs58h/,paloalto
4,AcceptableLetterhead,"Anyone know a good MOPAR shop in the SF Bay Area?. I have a 1977 Dodge Aspen SE (first year California models required stricter smog laws), which has a few issues (overheating + blown brake cylinder).. But my go-to MOPAR shop in San Mateo recently closed.

\*Does anyone know of a good shop in the Bay Area for an older vehicle?\*",1556012445.0,1555983645.0,/r/mopar/comments/bgadtj/anyone_know_a_good_mopar_shop_in_the_sf_bay_area/,mopar
5,AcceptableLetterhead,Advice on Brisket spraying liquid and braising liquid?. [removed],1555658030.0,1555629230.0,/r/BBQ/comments/bes5q0/advice_on_brisket_spraying_liquid_and_braising/,BBQ
6,AcceptableLetterhead,">level 1mimibox1 point · 19 days agoHeritage Park 

Or Scott Street Mini Park right next to Heritage. It is connect to Channing ave and a neighborhood on the other side, by foot paths on both sides. 

&#x200B;

[https://www.google.com/maps/place/Scott+Street+Mini+Park,+Scott+St,+Palo+Alto,+CA+94301/@37.4432125,-122.1561347,19z/data=!4m12!1m6!3m5!1s0x0:0x30fc57207f6c8e!2sHeritage+Park!8m2!3d37.4438876!4d-122.1568321!3m4!1s0x808fbb3ce8950809:0x19bfe6eab08adad6!8m2!3d37.443194!4d-122.155534](https://www.google.com/maps/place/Scott+Street+Mini+Park,+Scott+St,+Palo+Alto,+CA+94301/@37.4432125,-122.1561347,19z/data=!4m12!1m6!3m5!1s0x0:0x30fc57207f6c8e!2sHeritage+Park!8m2!3d37.4438876!4d-122.1568321!3m4!1s0x808fbb3ce8950809:0x19bfe6eab08adad6!8m2!3d37.443194!4d-122.155534)",1555488444.0,1555459644.0,/r/paloalto/comments/anxi9k/pocket_parkgarden_in_or_near_palo_alto/el2a1ub/,paloalto
6,AcceptableLetterhead,Does Google have offices in the city of Palo Alto?. [removed],1555488257.0,1555459457.0,/r/google/comments/be14g5/does_google_have_offices_in_the_city_of_palo_alto/,google
7,AcceptableLetterhead,"Anyone know if I should be worried about Tombstone tactical? ordered some BX25s from them, not shipped yet.",1554527542.0,1554498742.0,/r/CAguns/comments/b9h1ke/google_doc_of_vendors_selling_standardcap_mags_to/ek7f3ew/,CAguns
8,AcceptableLetterhead,"If I *order* before tomorrow 5pm, but it’s a back order/out of stock... will that still be ok?",1554469768.0,1554440968.0,/r/CAguns/comments/b9h1ke/google_doc_of_vendors_selling_standardcap_mags_to/ek5o9fj/,CAguns
9,AcceptableLetterhead,Anyone know where to get sp-01 mags? mec gar 18 rounders preferably.,1554451977.0,1554423177.0,/r/CAguns/comments/b9h1ke/google_doc_of_vendors_selling_standardcap_mags_to/ek545nr/,CAguns
10,AcceptableLetterhead,"Nice list! My first job was building/refurbing BBQs and this is roughly what I would do. Two followup questions: where do you buy replacement parts? And, if I have an LP stainless grill similar to OP, is it crazy to convert it to charcoal? Could I just pull out all the burners/LP guts, and put in a charcoal box or two?",1554198164.0,1554169364.0,/r/grilling/comments/b87acp/recently_got_a_hold_of_this_grill_from_a_friend/ejx2zzm/,grilling
11,AcceptableLetterhead,">b1naryst0rm

I took a ride in their Frisco shuttles a few times and in the parking lot it's sometimes driven by a human, on the road it's 100% av.",1553842088.0,1553813288.0,/r/SelfDrivingCars/comments/b5pvig/driveai_pulls_the_plug_on_selfdriving_service_in/ejm5frx/,SelfDrivingCars
12,AcceptableLetterhead,Thank you so much! You've shared a lot of great ideas here. Especially like the ones about printed materials and logos ,1551190598.0,1551161798.0,/r/PublicRelations/comments/auuxyb/tips_for_hosting_a_film_crew_for_a_major/ehaz0r8/,PublicRelations
7,AcceptableLetterhead,"Tips for hosting a film crew for a major broadcast segment?. My startup is planning to host a film crew producing a segment for a major cable network. What should I do to prepare for their \~4-hour visit? Of course, we'll demo our product, have a sit-down with the CEO, get some b-roll in the office (and I will make sure it's clean!), and give them t-shirts/schwag.

&#x200B;

What am I missing? What else can I do to make us shine?",1551183686.0,1551154886.0,/r/PublicRelations/comments/auuxyb/tips_for_hosting_a_film_crew_for_a_major/,PublicRelations
13,AcceptableLetterhead,"I’d love to hear more thoughts on this. My client is my CEO, and as the only comms/marketing person in a tech company, people often ask “when are we going to get some great PR?!”.. ",1550676170.0,1550647370.0,/r/PublicRelations/comments/aqm5c2/what_do_you_tell_clients_that_ask_when_they_can/egv42ir/,PublicRelations
14,AcceptableLetterhead,"Anyone have thoughts on Muckrack vs. Meltwater? My team has been using an agency-built dashboard which tracks coverage, but has little in terms of social, journalist lists, pitching.. Trying to decide between Melt vs Muck.",1550643472.0,1550614672.0,/r/PublicRelations/comments/asdfft/what_are_your_goto_pr_tools/egu25fh/,PublicRelations
8,AcceptableLetterhead,Walmart analysis of Community Archetypes. ,1550110438.0,1550081638.0,/r/MapPorn/comments/aq9joi/walmart_analysis_of_community_archetypes/,MapPorn
