,author,body,created,created_utc,permalink,subreddit
0,missingskyscrapers,"Eh, be nice. People learn something new every day:  [https://www.reddit.com/r/OutOfTheLoop/comments/9505ol/why\_does\_everyone\_keep\_making\_the\_break\_your\_arms/](https://www.reddit.com/r/OutOfTheLoop/comments/9505ol/why_does_everyone_keep_making_the_break_your_arms/)",1573353451.0,1573324651.0,/r/AskReddit/comments/dtw8bk/virgins_from_reddit_you_have_2_days_to_lose_your/f705msf/,AskReddit
1,missingskyscrapers,"I'm glad they're doing Quick Builds to get these rolled out faster. These projects can take an insane amount of planning & engineering resources when, at the end of the day, it's just soft-hit posts and green paint along the curb for most of it (it's the exceptions that end up becoming very expensive to design).

What we'll start to see is the same thing happening across the country: more compact travel lanes and larger buffers on the sidewalks (usually via bike lanes, but sometimes just bulb-outs) to reduce speeds. This has two affects: one, it's safer to ride a bike in a physically segregated lane, for obvious reasons and assuming hook factors are taken care of responsibly. Two, for people on foot, it reduces the crossing distance and brings speeds down on the corridor. This is a big deal for people with mobility impairments especially, as the report notes.

So if you see all the new paint & concrete and say ""this is slowing down drivers!"", keep in mind that's entirely the point.",1573352752.0,1573323952.0,/r/sanfrancisco/comments/dtzh4g/vision_zero_program_update_sept_3_2019_pdf/f703u2g/,sanfrancisco
2,missingskyscrapers,"What's really unclear to me is if there's actual blatant IP theft here, or if something in Uber's planner looks similar to Waymo IP, but if you looked at every planner under the sun, it's done that way because that's the right way of doing it. ""Trade secrets"" are a very murky issue vs. copyright theft.",1573209095.0,1573180295.0,/r/SelfDrivingCars/comments/dsxhyu/uber_faces_costly_choices_after_expert_finds_it/f6v9ptm/,SelfDrivingCars
3,missingskyscrapers,"Ah yes, the American Pacer.

 [http://www.traintesting.com/LEVs.htm](http://www.traintesting.com/LEVs.htm)",1573124724.0,1573095924.0,/r/nyc/comments/dsjmod/some_brooklyn_trains_i_drew_from_a_brooklyn_train/f6r7tw4/,nyc
4,missingskyscrapers,"There were two almost identical cases, both caused by the same thing. The first time, victim died. The second time, the victim was crushed and dragged, and lost some limbs and went through extreme pain and rehab. But since she was alive, the state went all in on it, and got the elevator tech thrown in prison over it.

Idk. This happens a lot. People die and state can't get a good case. But the person \*almost\* dies, and the state can go all in on empathy. It's weird.",1573121127.0,1573092327.0,/r/AskReddit/comments/ds4fem/whats_a_very_disturbing_fact_almost_nobody_knows/f6r2vjw/,AskReddit
5,missingskyscrapers,"So I did some investigating and it seems a bunch of people started talking about Benihana Glory Holes in April of this year on reddit, all around the same time. That leads me to believe there was some top comment or post somewhere that got the joke going, but I can't find the source.",1573046750.0,1573017950.0,/r/AskReddit/comments/ds4fem/whats_a_very_disturbing_fact_almost_nobody_knows/f6ohedz/,AskReddit
6,missingskyscrapers,Never leave an off-level elevator and you're almost guaranteed to be safe unless a technician hotwired some shit.,1573046288.0,1573017488.0,/r/AskReddit/comments/ds4fem/whats_a_very_disturbing_fact_almost_nobody_knows/f6ogy0d/,AskReddit
7,missingskyscrapers,"Or, a civilian who was victim to a technician who hotwired safety devices to save time, which happened more than once in NYC. Seems less common now that there was a big trial over it.",1573046252.0,1573017452.0,/r/AskReddit/comments/ds4fem/whats_a_very_disturbing_fact_almost_nobody_knows/f6ogwow/,AskReddit
8,missingskyscrapers,"It's a bad sign for the confidence of their rollout to other cities, though. They're not going to roll out in a city without a base, so if they just pulled these roles out of Austin, they're either not confident they'll roll out there anytime soon, or otherwise focusing in on some more important market.",1573045833.0,1573017033.0,/r/SelfDrivingCars/comments/ds6b9y/waymo_laid_off_entire_austin_texas_branch_staff/f6oghka/,SelfDrivingCars
9,missingskyscrapers,I got the RadRunner  [https://www.reddit.com/r/RadPowerBikes/comments/dnmyfq/radrunner\_1\_week\_commute\_thoughts/](https://www.reddit.com/r/RadPowerBikes/comments/dnmyfq/radrunner_1_week_commute_thoughts/),1573045692.0,1573016892.0,/r/RadPowerBikes/comments/dhh3uf/radcity_or_radrunner/f6ogccm/,RadPowerBikes
10,missingskyscrapers,"Major net negative in urban centers. Consider that a single L train in NYC carries 2,000 people, and they get 24 an hour (in each direction, though only the peak is generally full). That's 48k people on one line alone, along a corridor that (prior to being closed to private autos) carried only about 8k vehicles per hour. SDCs can't change the realities of geometry, that cars hold far fewer people per inch than rail or bus. Self-driving buses, though, might be quite competitive if the headways are kept very small (see other 'corridor' post from this past week)",1572966130.0,1572937330.0,/r/SelfDrivingCars/comments/dreiln/theoretically_how_much_of_a_net_positive_or_net/f6lc890/,SelfDrivingCars
11,missingskyscrapers,"Zero chance it's without a safety driver. Besides, their own PR material clearly shows one.",1572965976.0,1572937176.0,/r/SelfDrivingCars/comments/drpn9f/ponyai_launches_the_first_robotaxi_ridesharing/f6lc4aq/,SelfDrivingCars
13,missingskyscrapers,But some of favorite places are in the Tenderloin :(,1572844457.0,1572815657.0,/r/ebikes/comments/dr1jgr/security_system_for_bikes/f6flg51/,ebikes
14,missingskyscrapers,My main security system is all 70lb of the RadRunner,1572844395.0,1572815595.0,/r/ebikes/comments/dr1jgr/security_system_for_bikes/f6flae8/,ebikes
15,missingskyscrapers,damn. First time I've seen and I thought it was good. I'm officially getting old. Next step I'll be laughing at FB shares :\\,1572844013.0,1572815213.0,/r/MemeEconomy/comments/dr06y3/new_meme_format_buy_buy_buy/f6fjzmu/,MemeEconomy
0,missingskyscrapers,new take on the classic drifting template. ,1572843856.0,1572815056.0,/r/MemeEconomy/comments/dr6pex/new_take_on_the_classic_drifting_template/,MemeEconomy
16,missingskyscrapers,"Try asking around in the DonkeyCar slack, they might have some ideas!",1572843775.0,1572814975.0,/r/SelfDrivingCars/comments/dqfk9b/working_on_self_driving_car/f6fjaoy/,SelfDrivingCars
17,missingskyscrapers,[my attempt](https://i.imgur.com/e4JCJTU.jpg),1572835560.0,1572806760.0,/r/IdiotsInCars/comments/dqy0k9/how/f6eqe8t/,IdiotsInCars
18,missingskyscrapers,"I understand the confusion because 出口 would be common in kanji too, but 下一出口 is the giveaway. Plus a fair bit of obviously simplified characters removes HK and Taiwan as options.",1572834927.0,1572806127.0,/r/IdiotsInCars/comments/dqy0k9/how/f6enwez/,IdiotsInCars
19,missingskyscrapers,"omfg, this. I was on the apps a while ago and the number of times I saw ""looking for my Jim Halpert"" killed me.",1572788229.0,1572759429.0,/r/AskReddit/comments/dqhbq5/guys_what_isnt_as_cuteattractive_as_many_girls/f6anasz/,AskReddit
20,missingskyscrapers,"I've put some thought into this idea. Take 34th St, and instead of running an SBS (bus rapid transit, sorta) every 10 minutes, run a little mini-bus every 2 minutes. Punch in your destination like an elevator. It won't scale to subway-scale, but you can get far better headways and ultimately more usable service like this.

I think once the tech gets realized far enough, governments will be looking to implement these, likely by sending RFPs to companies that supply these services. For now, it's easier to NOT work with governments, and the big money is in ride share, not public transit. And I say that as a bus stan.",1572781191.0,1572752391.0,/r/SelfDrivingCars/comments/dqpul4/why_so_little_talk_about_sdc_corridors/f6a5z3f/,SelfDrivingCars
21,missingskyscrapers,"so you know the term AGI, but you don't seem to be seeing the clear difference between a pile of pretrained tensorflow models glued together with if statements. That's not to oversimplify what the vehicle is doing -- you correctly note that it's complex. But it's not a self-programming machine. Nor does it retrain on the fly. It's no more intelligent than your dishwasher. Just has a lot more systems doing calculations to get to the end result.

A modern Roomba is complicated af, but I'm not afraid of it doing anything but eating my phone charger.

I know it's hard to read books, even from PhDs in CS, that don't seem to overly hype the AI revolution. But we're no closer to insect (""biological"") intelligence with SDCs than without them. Ultimately we've just handcrafted more rules. It's a big distributed system, just happens to run on a physical machine with wheels.",1572781055.0,1572752255.0,/r/SelfDrivingCars/comments/dqsym7/is_there_any_concern_for_emergent_consciousness/f6a5m2r/,SelfDrivingCars
22,missingskyscrapers,"> If a Self-Driving car refuses an update, what do we do? 

reimage that shit",1572780804.0,1572752004.0,/r/SelfDrivingCars/comments/dqsym7/is_there_any_concern_for_emergent_consciousness/f6a4xpy/,SelfDrivingCars
23,missingskyscrapers,"Tbf, now that I think about it, this is a real thing, though the foundation/electrical/plumbing is all in place. Just floors aren't completed until a big tenant rents them or phase II is done or whatever.",1572780662.0,1572751862.0,/r/SelfDrivingCars/comments/dqk74f/waymo_wants_to_offer_robotaxis_in_california_but/f6a4k4j/,SelfDrivingCars
24,missingskyscrapers,"A hotel should not be allowed to rent rooms while the building itself is under construction, no. That's a false analogy. They didn't have a service to begin with, it's not a renovation.",1572766188.0,1572737388.0,/r/SelfDrivingCars/comments/dqk74f/waymo_wants_to_offer_robotaxis_in_california_but/f697kno/,SelfDrivingCars
25,missingskyscrapers,"\>not just for the people who ride them

It's this for me. I have both an e-bike and a single speed. One is for exercise, the other is for getting to work in a reasonable amount of time without taking a car. I use the throttle, I'm not kidding myself that I'm getting less cardio than walking on this thing. That's not the argument I buy into (""e-bikes have cardio health benefits for their users"") though if it helps some people then go for it. What I'm most into is getting out of cars, into the bike lanes and connecting up with public transit, catching air, splitting past gridlock with a grin on my face and a community around me.",1572749349.0,1572720549.0,/r/ebikes/comments/dqadzy/riding_an_ebike_is_not_cheating/f67l3ck/,ebikes
26,missingskyscrapers,yeah tbh instant coffee from powder is a specific taste that hits a spot,1572749123.0,1572720323.0,/r/sanfrancisco/comments/dqf57k/blue_bottle_is_a_nestle_company_and_nestle_is/f67kczy/,sanfrancisco
27,missingskyscrapers,"that's how I take it but fuck BB, even if their New Orleans style is pretty good.

Hey, actually, what's some good shops with New Orleans style? It's just cold brew and chicory, surely someone else is making it.",1572749094.0,1572720294.0,/r/sanfrancisco/comments/dqf57k/blue_bottle_is_a_nestle_company_and_nestle_is/f67k9vp/,sanfrancisco
28,missingskyscrapers,"Pretty sure we're already there, you guys seen how many Cruise has?

I mean, they're unavailable to customers and they have safety operators, but it qualifies his statement.",1572692157.0,1572663357.0,/r/SelfDrivingCars/comments/dp223b/aurora_ceo_chris_urmson_says_therell_be_hundreds/f62newi/,SelfDrivingCars
29,missingskyscrapers,Federal too.,1572596872.0,1572568072.0,/r/SelfDrivingCars/comments/dpa7jw/interviewing_at_zoox_question/f5z5ydi/,SelfDrivingCars
30,missingskyscrapers,Ever been outside Supreme in NYC? They hire the bounciest of bouncers.,1572446422.0,1572417622.0,/r/sanfrancisco/comments/dp0iyp/supreme_store/f5s9a9a/,sanfrancisco
31,missingskyscrapers,"Ideally they would ditch them and move away from driving as much as they can, as that would be the truly progressive thing to do. It's better than a normal internal combustion engine but at the end of the day, it's still a car.",1572446328.0,1572417528.0,/r/sanfrancisco/comments/dp1jb1/toyotas_support_of_trump_emissions_rules_shocks/f5s97vr/,sanfrancisco
32,missingskyscrapers,"Doesn't surprise me, Toyota is really all over the place. Hybrids were good, but they were late to the game on EVs, dumped money into hydrogen for no obvious reason, are reluctant to invest in other business options while GM, Ford, VW, etc., invest in everything from AVs to bike share....

Really the limo liberal of car companies.",1572446233.0,1572417433.0,/r/sanfrancisco/comments/dp1jb1/toyotas_support_of_trump_emissions_rules_shocks/f5s95ld/,sanfrancisco
33,missingskyscrapers,"Thanks for the follow-up. I've also heard something about switching to a slightly higher voltage battery, and apparently the controller and motor can utilize it? P=IV.. guess that means more power? No clue. Bolton claims so, anyway.

Bigger question, when the speed tops out, does the controller still kick the motor back on and off like it currently does? Or can you keep the motor working full duty with the throttle down regardless of your speed (e.g. going downhill)? If the motor can stay on even if it's not pumping out enough to get above 21mph, that's reasonable for me. I'd like to replace the rear cog so I can pedal it at high speeds but that's pointless so long as the motor is giving up after 20mph. Maybe I'm greatly misunderstanding how the drive works, but I figure if the motor can get it up to 20mph and stay on, I should be able to pedal it up to 25-30mph with moderate effort, if the gear ratio were changed.",1572445698.0,1572416898.0,/r/RadPowerBikes/comments/dnmyfq/radrunner_1_week_commute_thoughts/f5s8rya/,RadPowerBikes
34,missingskyscrapers,"For sure. It's heavy but it's movable. It'd be like biking with 50lb of cargo assuming a ~20lb bike (which my other bike is). The pedal assist doesn't kick in immediately so I do regularly get a sense of the weight. Also FWIW, Citibikes weigh about 45lb.

This said, it IS single-speed, so you may need to crank hard off the line. The gear ratio is pretty mild though. If you can ride a Citibike (or Bay Wheels or whatever) at top gear off the line, you can ride this home with a dead battery.",1572445330.0,1572416530.0,/r/RadPowerBikes/comments/dnmyfq/radrunner_1_week_commute_thoughts/f5s8ikk/,RadPowerBikes
35,missingskyscrapers,"Best of luck mate! But I think most of the industry is subscribed to crash-not-accident, might be worth reading up on for some pitches.",1572261898.0,1572233098.0,/r/SelfDrivingCars/comments/dnm43x/beware_of_epilog_ai_self_driving_startup_using/f5jmubw/,SelfDrivingCars
36,missingskyscrapers,"Please do let me know how it goes. The other option I'm eyeing is the Egg, but it really just replaces the screen component. It'll get you faster speeds like the RadRover/RadCity config change by \~3mph, but I don't think merely changing the screen will let you change things like increasing the top speed beyond 40km/h, leaving the motor on full power regardless of speed, etc. If I'm wrong about that, do tell.",1572254593.0,1572225793.0,/r/RadPowerBikes/comments/dnmyfq/radrunner_1_week_commute_thoughts/f5jdv34/,RadPowerBikes
37,missingskyscrapers,They always tell cyclists to wear hi-viz and bright lights yet we all know it's not gonna help against all the drivers who can't see a pole in broad daylight or cop lights at night.,1572242777.0,1572213977.0,/r/IdiotsInCars/comments/dnjea3/granny_trying_to_explain_the_inexplicable/f5ifqxw/,IdiotsInCars
38,missingskyscrapers,Exactly my plan. Waiting for Bolton to get their upgrade kit back in stock -- I strongly suspect it'll work out of the box on the Runner and will give it a stab.,1572230341.0,1572201541.0,/r/RadPowerBikes/comments/dnmyfq/radrunner_1_week_commute_thoughts/f5h7dz9/,RadPowerBikes
39,missingskyscrapers,"I do pedal when I start to go up hills, because of the motor lag. But I'm not sure which is faster -- and I suspect that holding the throttle is the fastest way to move on this, because of the gear ratio and motor cutoff. I should do some GPS speedometer experiments, though.",1572228371.0,1572199571.0,/r/RadPowerBikes/comments/dnmyfq/radrunner_1_week_commute_thoughts/f5h25er/,RadPowerBikes
40,missingskyscrapers,"According to Amazon, I've purchased this in the past, which means it's what I have on my Brompton. Good bell, recommend it (though I still mostly use the Orp)",1572225881.0,1572197081.0,/r/RadPowerBikes/comments/dk9gqa/update_got_the_radrunner_some_initial_thoughts/f5gtu1g/,RadPowerBikes
41,missingskyscrapers,Watch them actually play the VC game better than Hotz and start competing with them.,1572189333.0,1572160533.0,/r/SelfDrivingCars/comments/dnm43x/beware_of_epilog_ai_self_driving_startup_using/f5dvyh1/,SelfDrivingCars
1,missingskyscrapers,"RadRunner 1 week commute thoughts. Update to:  [https://www.reddit.com/r/RadPowerBikes/comments/dk9gqa/update\_got\_the\_radrunner\_some\_initial\_thoughts/](https://www.reddit.com/r/RadPowerBikes/comments/dk9gqa/update_got_the_radrunner_some_initial_thoughts/) 

Alright, after a week, here's some opinions:

1. This absolutely sucks to take on Caltrain. For those not in the Bay Area, Caltrain is a commuter rail system that connects SF to San Jose and all the little towns between. It has 2-3 bike cars per train, because the transit system is so poorly connected with the rest of the region, people need last mile connections and bikes are the best option. It's a blessing, really, but the other thing to know about Caltrain is that they don't have level boarding and most of the cars require climbing 4-5 steps with this thing. It weighs 70ish lb loaded, but even worse, there's no diamond frame to hold as you carry it up the stairs. I lift weights at the gym every day and have above-average (though not amazing) numbers, and this thing was making my arms sore trying to lift it up the steps twice a day. I've learned to just take it slow -- let folks get in front of me to load their bikes, then take it a step at a time if I need to, and sometimes folks will give me a hand loading it up. On the way out of the train, you really gotta be careful about folks stepping right in front of the car and slowly lower this thing down despite all forces accelerating it. Anyway, it's long winded but unless you're stronger than me, I would really not recommend this for Caltrain commutes, or any other commute requiring taking steps. The weight + lack of diamond frame really gives me trouble, though I'm going to be able to handle it despite all the scratches on it now.
2. Pedaling really doesn't seem useful, except maybe off the line. I had previously said that I believed it was helpful. I'm really convinced this isn't true anymore -- since the motor cuts out at 20mph, you can pedal and end up burning energy, but it's just because the motor has kicked off, and you'll end up doing all the work. But the cog in the back is sized such that the bike itself won't go faster than 20 unless you're pedaling super quickly/inefficiently. I think ideally, the bike needs to be geared at higher gear inches such that I could pedal it up to 25+ if I wanted to, and the motor needs to just stay on and give all its available power when I have the throttle on. Otherwise, honestly, it feels like you actually get better speeds just using the throttle exclusively. The cut in and out is really annoying because there's so much latency in it. This isn't a unique problem to Rad or the RadRunner, though. But for me to love this, I need an aftermarket controller and a new cog.
3. People like it! I get a lot of questions and compliments. I live in an area, and commute with people (as noted above) who seem to lean roadie. I was really ready to have to stand my ground against remarks on the train about my fat-tire ebike I zoom around with and put no work in. FWIW, I do have a single speed as my non-commuting bike. But people seem to like it, conductors like it, random people stop me and chat about it. It's really got a style that draws attention to it as a seriously useful device.
4. All said, it's made my commute so much easier and faster than the transfers I used to take, and I show up to work without breaking a sweat (we have showers but it's nice not having to take care of all that at work).

Overall, I like it. There's a few things I don't love -- to be perfect, it would need to be lighter (or my transit system get with the times), and it really needs to give all it can while also allowing me to pedal for when I'm in a hurry or want to put in some muscle. I'm confident I can fix the last bit with a new controller (some of the aftermarket ones available today will probably work) and an off the shelf cog. For the former, well, time to increase my preacher curl volume.",1572168914.0,1572140114.0,/r/RadPowerBikes/comments/dnmyfq/radrunner_1_week_commute_thoughts/,RadPowerBikes
42,missingskyscrapers,"I mean, look, CSRs are meant to handle normal situations, not custom use cases that aren't sanctioned by the company. You can't blame the CSRs for that. You're asking them to do something that's outside of their control and outside of their job. It would be nice if Rad would handle this part order, but it's not something they've built up the logistics for and such an edge case it makes no sense to handle. Just my 2 cents.",1572167549.0,1572138749.0,/r/RadPowerBikes/comments/dlmtjl/when_contacting_radpower_was_anybody_able_to_get/f5cpjp1/,RadPowerBikes
43,missingskyscrapers,"Right, this is a court system problem vs. a cop problem anyway. He's been arrested, peacefully it seems, many times now. The court system seems to struggle with deciding whether someone with a traffic ticket who missed court & can't afford bail should go to Rikers until trial, or.. this guy.",1572166678.0,1572137878.0,/r/nyc/comments/dmknz9/brute_who_shoved_woman_into_train_could_be_serial/f5cnna5/,nyc
44,missingskyscrapers,"A lot more nuanced than that. Think of the videos of Advanced Summon pulling forward and blocking people in instead of yielding. Robots have none of the understanding of culture or intent that humans inherently have. Robots are good at following hardset rules, though some failure rates may occur in detection of when those rules apply. Robots are very bad at responding to unknowns. So while it's great that robots running red lights because they were drunk, asleep or texting won't be a problem, it's bad that they behave in inhuman ways and don't react to situations with the instincts that humans have. If you're just following the rules of the road, you're going to have a hard time knowing that rule bending/breaking from other actors in another lane means you need to slam on the brakes and prevent a collision with someone who's going to pull out of the way to avoid it themselves. It means that you don't have inherent understanding that a bicyclist in front of you in the bike lane, that is blocked up ahead, will quickly move out of their lane and into yours.

The point is, there are a number of collisions that humans regularly prevent by behaving with instinct and prediction that is completely foreign to a robot. ML helps here, but you need a lot of examples, and often manual feature selection, to make this work reliably. And for situations that occur infrequently, the chances that you'll have enough data to handle them properly becomes smaller and smaller.

All of this is even assuming that Tesla is even feature complete, which per my other comment, I really highly doubt. If Advanced Summon is anything to go off of, this is going to be disaster and may have regulators pulling brakes in ways that hurt the entire industry.",1572151074.0,1572122274.0,/r/SelfDrivingCars/comments/dmvoig/elon_musk_tesla_full_selfdriving_in_early_access/f5bjgvc/,SelfDrivingCars
45,missingskyscrapers,"Zoox also showed some sort of simulated game-like San Francisco, sorta like what Cruise has shown. Neat.",1572139126.0,1572110326.0,/r/SelfDrivingCars/comments/dmr4op/nova_pbs_episode_on_selfdriving_cars_including_a/f5amvrc/,SelfDrivingCars
46,missingskyscrapers,"The problem is, the kinds of mistakes robots make are \*not\* the kinds of mistakes humans tend to make.",1572139034.0,1572110234.0,/r/SelfDrivingCars/comments/dmvoig/elon_musk_tesla_full_selfdriving_in_early_access/f5amogc/,SelfDrivingCars
47,missingskyscrapers,"So handling pedestrian swarms, manually directed traffic, construction zones, dense cities with various ad-hoc controls (contraflow bike lanes, bus-only turns, bus-only lanes, hours on said lanes), cable cars, street cars, RR crossing, rain, snow, shine, dust, fog, cities where the steam ducts break frequently and a chimey is placed in the street, wheelchair users in the road, double-parked vehicles, DPV where you have to yield to oncoming traffic, occluded intersections... all of these are feature complete, but without enough 9's for no supervision?

I call bullshit, I'm sorry. There are companies that have most of the above working (rain/snow a major difference) in geofences, using classical robotics techniques. I'm highly skeptical that Musk has all these scenarios figured out in their hybrid DL approach, especially if the Summon update is anything to go off of.

There's a difference between saying ""we support everything, it just has false positive/false negative too often"" and supporting 99% of the world's scenarios but completely breaking on the long tail.",1572138969.0,1572110169.0,/r/SelfDrivingCars/comments/dmvoig/elon_musk_tesla_full_selfdriving_in_early_access/f5amj4y/,SelfDrivingCars
48,missingskyscrapers,"What's especially shitty is we have really good tech out there, and the companies behind it are super hesitant to launch it unless there's practically zero chance it will hit something even when it'd be another driver's fault. Look at demos from Waymo, Cruise, etc. Then there's Tesla, the 'fuck it ship it' of autonomous tech. I used to like Musk but he's really rubbed me the wrong way with his big talk and poor delivery of Autopilot etc, all while shitting on the other industry players that are trying to be safe and have significantly more sophisticated tech. And you try and criticize them and suddenly all or r/TM shows up as though you're an oil lobby shill. Idk. Feels like if I'm ever lost in the woods, just gotta criticize Elon outloud.",1572102299.0,1572073499.0,/r/IdiotsInCars/comments/dn3q0b/tesla_hits_a_car_while_being_summoned_to_owner/f596pl1/,IdiotsInCars
49,missingskyscrapers,"I see them drive through my neighborhood several times per hour per day (makes sense cus their HQ is nearby and if you walk by there, next to a popular gym, you'll find not-so-well hidden storage of an insane amount of cars) but this is the first time I've noticed the Hesai's. I feel like that's new and their more popular configuration used Velodyne 32's.",1571736220.0,1571707420.0,/r/SelfDrivingCars/comments/dlafif/cruise_got_the_hesais_too_is_that_new/f4oslgt/,SelfDrivingCars
2,missingskyscrapers,"Cruise got the Hesai's too, is that new?. ",1571736126.0,1571707326.0,/r/SelfDrivingCars/comments/dlafif/cruise_got_the_hesais_too_is_that_new/,SelfDrivingCars
50,missingskyscrapers,This one is so famous even my grandma told me about it.,1571657369.0,1571628569.0,/r/nyc/comments/dkowe3/the_sbarros_in_times_sqaure_has_closed/f4jxlbo/,nyc
51,missingskyscrapers,"It really just matters at what scale. At higher scales, a true bus-rapid transit system is going to move more people than the same number carpooling. You do need to avoid bunching of course but that's a problem with carpooling as well (aka traffic). If you set it up with through-and-stop (double-bus lanes), and stagger the stops, you're going to be able to move more people with buses than with carpooling -- that's because, as you note, the people have less personal space on the bus. It's really a matter of volumes. Less volume dedicated to personal space & car chassis means more space to fit people. Plus there's the issue of acceleration spacing from a stop, which is a problem for buses but is less of an issue when you have 4 buses than 20 cars.

If you're operating at a small scale, sure, carpooling works a lot better. But you're not going to get more throughput by dedicating more volume to car chassis.

I agree that lightrail/subway are an extreme example, but I bring it up to point out how packing people together leads to throughputs far greater than you can get in terms of automobile volume. And remember that subway trains are kept at least 1000ft apart because of stopping distance.",1571656826.0,1571628026.0,/r/sanfrancisco/comments/dkdv28/damn_bus_and_bike_lanes/f4jwwf4/,sanfrancisco
52,missingskyscrapers,"Conversation goes something like ""where are you going?"" ""my hotel, this hotel right here, do you know where the parking is?"" ""Ok, look, you need to understand the road markings, you're driving the wrong way."" ""But I'm trying to get to that hotel""

Case of /r/ConvenientCop except, and this is why there are vehicles parked up on the wrong side ahead, someone doing something equally stupid got hit by a lightrail vehicle just before this.

As a cyclist I had little faith in my hi-viz knowing people like this are allowed to drive in the US and this guy will face zero consequences besides a stern talking to from this cop.",1571641773.0,1571612973.0,/r/IdiotsInCars/comments/dkrhao/driving_the_wrong_way_because_thats_where_his/f4j4ee1/,IdiotsInCars
3,missingskyscrapers,Driving the wrong way because that's where his hotel is. ,1571641641.0,1571612841.0,/r/IdiotsInCars/comments/dkrhao/driving_the_wrong_way_because_thats_where_his/,IdiotsInCars
53,missingskyscrapers,"I agree that having utilities be beholden to shareholders sucks. People should not be profiting off deferred maintenance that screws over peoples' livelihood. On the other hand, seeing how so many public projects happen, especially in this state, I'm worried the likelihood of poor maintenance and slow upgrades would be the same if it were publicly owned, too. :\\",1571626912.0,1571598112.0,/r/sanfrancisco/comments/dkeu9w/california_can_expect_blackouts_for_a_decade_says/f4hzexf/,sanfrancisco
54,missingskyscrapers,It's not the large population -- you don't see this behavior in other large US cities. It's just a large population of people who think swangas are a thing.,1571626785.0,1571597985.0,/r/IdiotsInCars/comments/dkm8x9/didnt_know_why_traffic_was_moving_out_of_the_way/f4hz2wm/,IdiotsInCars
55,missingskyscrapers,"They're from a part of the world where every store has a big ass parking lot, so trying to fit into tight spaces is a foreign concept to them.",1571626741.0,1571597941.0,/r/IdiotsInCars/comments/dkm8x9/didnt_know_why_traffic_was_moving_out_of_the_way/f4hyyug/,IdiotsInCars
56,missingskyscrapers,"Even 6 inches seems like far too much, but I guess that may be in bounds for your mirrors.",1571626688.0,1571597888.0,/r/IdiotsInCars/comments/dkm8x9/didnt_know_why_traffic_was_moving_out_of_the_way/f4hytxv/,IdiotsInCars
57,missingskyscrapers,"I mean, I appreciate you not busting your phone out to take a photo in unsafe conditions, which this sub tends to be full of.",1571626609.0,1571597809.0,/r/IdiotsInCars/comments/dkkko1/couldnt_get_a_good_picture_but_thats_the_back_of/f4hym9u/,IdiotsInCars
58,missingskyscrapers,"It's also unclear to me why ""CCTV cameras per capita"" is a metric to care about and not ""CCTV cameras per land area"" or some other regard.",1571625984.0,1571597184.0,/r/dataisbeautiful/comments/dkkx98/cctv_cameras_per_1000_people_oc/f4hwwzh/,dataisbeautiful
59,missingskyscrapers,"This, because in places like NYC, private CCTVs are often pulled by police for investigation, but in other cases are directly fed into their network. Not clear to me how they're being counted. Do they only mean feeds that the government has direct ingestion of all the time?",1571625900.0,1571597100.0,/r/dataisbeautiful/comments/dkkx98/cctv_cameras_per_1000_people_oc/f4hwned/,dataisbeautiful
60,missingskyscrapers,I was trying to make a joke about Saudi laws in general but didn't really land it. Good to know though.,1571625738.0,1571596938.0,/r/IdiotsInCars/comments/dkh2wo/karma_i_love_karma/f4hw1om/,IdiotsInCars
61,missingskyscrapers,">The guy said use vision as the primary sensor to interpret the scene and use LIDAR as a backup for added safety. Sounds like Waymo, Cruise, etc. to me.

I like your jet turbine analogy but I'm not sure this is correct. They use a combination of the above ('sensor fusion') for robustness, but it's certainly not a backup, nor can they drive vision-only afaik. LIDAR is used for localization, so you lose the ability to navigate the road if it goes down. In many systems (Tesla being the rare exception) the placement in the lane itself requires localization -- not just following lane lines. In fact, in some systems these may be ignored entirely (extreme premapping).

Localization aside, object classification, location and velocity are helped by laser as well. Detecting a bounding box of a human is good, but it helps significantly if you can place it in 3d space. It also may be easier to classify, in some circumstances, using the point cloud instead of visual (especially, say, at night).

All of this is going to be implementation specific and none of us know the secret sauce, but all my reading and watching talks suggests that LIDAR is very much critical to these systems, even scene interpretation, and vision could not serve as a primary for it.",1571625408.0,1571596608.0,/r/SelfDrivingCars/comments/dk3z26/roomba_vs_autonomous_vehicles_vision_not_lidar_is/f4hvaku/,SelfDrivingCars
62,missingskyscrapers,"Not sure the napkin math works on that. Let's say you use up 4 seats per car, which starts to push the limits of comfort and logistics. Now you have just one of them rows going block to block. Spread it out. It's still taking up far more space than a bus or gaggle of cyclists.

Not saying carpooling isn't a good thing, but it doesn't scale as well as people want it to. Consider how many people fit on a single train vs. how much space that would take in carpooling. In NYC during rush hour, a single L train, which runs \~2 minutes, carries about 2,000 people. The entire capacity for 14th St is around 2k vehicles per hour. Might be off on that, but it's definitely that order of magnitude. Even cutting by 1/4 by carpooling, you're not getting nearly as many people through as transit would.",1571621169.0,1571592369.0,/r/sanfrancisco/comments/dkdv28/damn_bus_and_bike_lanes/f4hjrxb/,sanfrancisco
63,missingskyscrapers,"> concluded it would cost $1.4 billion at the time 

Statements like these make me feel like we need to be drilling all the time. Never leave any TBMs sitting, just keep building. Obviously this is infeasible for various reasons, including that projects, especially public works, are planned start to end and budgeted for that segment only, need separate enviro for each groundbreaking, etc. But it's so sad to see the rapid increase of cost for public infra projects.",1571620924.0,1571592124.0,/r/sanfrancisco/comments/dkl2ky/bart_looking_west_toward_geary_boulevard_in/f4hj115/,sanfrancisco
65,missingskyscrapers,">How does the pedaling feel at 20mph?

It doesn't do much, but it feels like it does more than nothing. It's weird because of the motor cutting in and out. Pedaling seems to help keep you going as fast as possible as the motor turns on and off, even if it feels like pedaling at your lowest gear.

> Do you have the American or EU version? 

American. Pretty sure EU is capped at 15mph.

> Did you try to pedal with an adult in the back? Did you had enough space to pedal or were tou hitting their knees all the time? 

Not yet! The only person likely to ride along with me is my gf and she's fairly small. I think an adult my size or larger would get clunky. That being said, you can ride this thing with 0 pedaling and just use the pedals as foot rests.",1571620673.0,1571591873.0,/r/RadPowerBikes/comments/dk9gqa/update_got_the_radrunner_some_initial_thoughts/f4hi98d/,RadPowerBikes
66,missingskyscrapers,"I'm not sure what their procedures were. It's entirely possible they received them on the regular (after all, it WAS bombed half a decade before) and they investigated but disregarded any without evidence. They had strict security procedures already so the odds of another bomb showing up were much lower than your typical place. Also, feel like this conversation will land me on a list.",1571620443.0,1571591643.0,/r/AskReddit/comments/dkbkp1/if_you_suddenly_woke_up_and_it_was_september_10th/f4hhkw7/,AskReddit
67,missingskyscrapers,"So does Saudi Arabia, even for driving.",1571620331.0,1571591531.0,/r/IdiotsInCars/comments/dkh2wo/karma_i_love_karma/f4hh7yw/,IdiotsInCars
68,missingskyscrapers,"As others have said in other comments, that doesn't work in skyscrapers, or even buildings far smaller. They only evac if they find evidence of a fire, and even then, only on the floors near the detected problem.",1571578926.0,1571550126.0,/r/AskReddit/comments/dkbkp1/if_you_suddenly_woke_up_and_it_was_september_10th/f4e08ey/,AskReddit
69,missingskyscrapers,"Again, they'd probably only evac floors that detected the fire condition. They don't evac large buildings like that. It's almost never necessary and having large crowds on the ground causes issues for first responders.",1571578760.0,1571549960.0,/r/AskReddit/comments/dkbkp1/if_you_suddenly_woke_up_and_it_was_september_10th/f4dzunf/,AskReddit
70,missingskyscrapers,"I was on fire volunteer duty at work in my building in Manhattan and the rule was for even visible smoke alarms, floor above, below and incident floor got evac'd, nobody else unless it spread. Just wasn't necessary, or feasible, to evac entire buildings.",1571578667.0,1571549867.0,/r/AskReddit/comments/dkbkp1/if_you_suddenly_woke_up_and_it_was_september_10th/f4dzmoa/,AskReddit
71,missingskyscrapers,Yeah and yet they act like we're entitled for insisting that we're allowed to ride on the road. :\\,1571557321.0,1571528521.0,/r/ebikes/comments/djx812/riding_a_class_iii_be_like/f4cfti7/,ebikes
4,missingskyscrapers,"[Update] Got the RadRunner, some initial thoughts. Update to https://np.reddit.com/r/RadPowerBikes/comments/dhh3uf/radcity_or_radrunner/

Ended up getting the RadRunner over the RadCity. Here's some initial thoughts:

1. Really easy to get started out of the box. Honestly unpacking it all took longer than 'building' it. Zero reason to take it to a shop. I'm hamhanded af and I got it unpacked and built in less than an hour, probably only 15 min of lining things up and bolting them down. Haven't put any accessories on yet; that seems like it'll take far more time.
2. From the get-go I have some serious scratches. Not sure if that happened in transit or I nicked it with tools too much cutting all the zipties off. Either way, just be warned that the black finish comes off very easily! I'm not too worried about it, as all my bikes have gotten rash. It's a utility to me. But just keep that in mind.
3. Ride experience: Pretty solid! Feels good and is definitely faster than getting up to speed on a normal bike. Hills are no issue for it. I come from a single-speed ~75T brompton, and it's definitely a very different drive feel, but still enjoyable imo. I do like not having to worry about gears. I also think that it's a little wonky that the motor cuts out right at 20mph, so sometimes I'll have resistance in my pedaling and sometimes I won't. It's better than the 15mph Citibike e-bikes I rode, though, where it constantly cut out because I kept trying to ride it at my normal pace. I think in the future I want to A) speed it up, by adjusting the limit and/or installing a better battery & controller and B) potentially look into changing the gear ratio to make it 'stiffer' aka increase the gear inches.

Overall, it's a really fun bike. Love the look, love the feel, happy to join the RadPowerBikes family finally. Out of the box, I'd give it maybe 7/10 for my purposes, with the intention that I'll make some modifications in the future as community options appear. I'd like it to go closer to 25mph, I think, to limit the amount of cut-out. I also understand RPB needs to stay within the Class 2 rules, and that's why I was fine buying a bike from a nice company with a frame & style I liked with the intention of upgrading it beyond their specs over time.

Edit: Other thoughts:

1. Love the throttle grip. It's nice at lights/stop signs to be able to just crank it completely and roll off the line as I kick off, and save pedaling for when I start to get up to speed.

2. The bell is honestly the shittiest bell I've ever used on a bike. I plan on putting my Orp on it anyway, but damn, it's so quiet.",1571546841.0,1571518041.0,/r/RadPowerBikes/comments/dk9gqa/update_got_the_radrunner_some_initial_thoughts/,RadPowerBikes
72,missingskyscrapers,"This is the most common response I hear to SDC/car ownership and honestly it's just not a good point. As others say, fleets can offer car seat options (and Waymo currently does, I've been told). Otherwise, it's really no different than transit-heavy areas in the US, that get by fine without hauling shit in their trunks.",1571408317.0,1571379517.0,/r/SelfDrivingCars/comments/dhj2hi/why_pay_for_parking_when_you_have_a_selfdriving/f45jao6/,SelfDrivingCars
73,missingskyscrapers,"Thanks for the details! I'm trying to figure out if it's feasible to put bags under the passenger seat on the panniers \*while\* a passenger is riding it. I know folks have talked about adding spacers for more clearance, but it's not clear to me if I can have bags on the side or if that will just get in the way of the riders' legs.  Appreciate all the info.",1571057190.0,1571028390.0,/r/RadPowerBikes/comments/dhh3uf/radcity_or_radrunner/f3otqze/,RadPowerBikes
74,missingskyscrapers,"Gotcha, good to know. I'm mostly looking to stick it on Caltrain or BART -- the dimensions seem fine. Didn't realize the tires were so fat though.",1571053675.0,1571024875.0,/r/RadPowerBikes/comments/dhh3uf/radcity_or_radrunner/f3oq0lb/,RadPowerBikes
75,missingskyscrapers,"Thanks for the feedback!

\> the Radcity is really a bike, so that means that I can put it on my car rack just like my mountain bike, and I can load it on the racks for public transit. Can't do that with the Radrunner, so if that's important, consider. 

I don't really see how this is different? The Radrunner is still officially classified as a bike, and has pedals & pedal assist. It might have a bit of a tacobike frame, but it shouldn't be too far from loading up any stepthrough bike. I'm not aware of any rules that would prevent me from bringing it on the transit out here in SF.",1571039448.0,1571010648.0,/r/RadPowerBikes/comments/dhh3uf/radcity_or_radrunner/f3o7vps/,RadPowerBikes
5,missingskyscrapers,"RadCity or RadRunner?. Perhaps this is a subject beaten to death already, but I'm currently trying to decide between the RadCity or RadRunner and want to know if my thinking makes sense.

Frame: I like the RadRunner's style better, has more of that tacobike look

Passenger: I suspect I could rig something up for passengers on the RadCity, but natively being able to take my gf around with me would be nice (and she has expressed interest in such). That being said, the primary time I would want to do this is when shopping, and I can't think of a good way to use panniers AND have a passenger on the RadRunner, so maybe it's a moot point. How much can be carried on the front? Does the rack move with the steering or is it fixed to the frame?

Performance: The RadCity seems to win here on all fronts. While I like the single speed drive option of the RadRunner, it sounds like gearing makes pedaling useless at 20mph, and it doesn't sound like there's an easy way to upgrade this yet, whereas the RadCity can have the limit bumped up to 40kph out of the box and get \~25mph with pedaling, per reports. This would be useful to me as I have a few straightaways on my commute that would be nice to just cruise through at a higher speed since they're on segregated paths and I can see clearly if I need to slow down for someone ahead. There's always the option of third-party upgrades, and I suspect we'll eventually have some good options for turning it into a faster throttle bike, but it sounds like a worse bike out of the box \*today\*, stock, in terms of performance vs. the RadCity.

Edit: One final thing: Regen braking. The RadCity supports it, but it appears the RadRunner does not? How much of a difference does this make in terms of braking performance & battery life? If I can brake faster at load with regen, that seems useful, but I'm not sure how aggressive typical e-bike regen is, vs that of a car.

Any thoughts on these points? Anything else I should consider in the comparison?",1571032061.0,1571003261.0,/r/RadPowerBikes/comments/dhh3uf/radcity_or_radrunner/,RadPowerBikes
78,missingskyscrapers,"Anyone been to the cable car museum? Is it worth going to or is it mostly touristy? I'm a big rail/transit nerd, so getting to see some more hands-on stuff would be great, as opposed to guided tours of exhibits.",1570974277.0,1570945477.0,/r/sanfrancisco/comments/dgmt1t/cable_splicing_in_action/f3j1hu9/,sanfrancisco
