,author,body,created,created_utc,permalink,subreddit
0,Sparsh_Joshi_42,F. ,1574199232.0,1574170432.0,/r/ProgrammerHumor/comments/dykgw0/f/,ProgrammerHumor
1,Sparsh_Joshi_42,UN Vibe. ,1574188146.0,1574159346.0,/r/ImGoingToHellForThis/comments/dyip8u/un_vibe/,ImGoingToHellForThis
2,Sparsh_Joshi_42,Pretty True. ,1574185895.0,1574157095.0,/r/PoliticalMemes/comments/dyidja/pretty_true/,PoliticalMemes
0,Sparsh_Joshi_42,You is real comrade #respect,1574082021.0,1574053221.0,/r/ProgrammerHumor/comments/dxyd7w/there_i_said_it/f7xd481/,ProgrammerHumor
3,Sparsh_Joshi_42,"There, I said it. ",1574080937.0,1574052137.0,/r/ProgrammerHumor/comments/dxyd7w/there_i_said_it/,ProgrammerHumor
4,Sparsh_Joshi_42,"The only thing ""Virgin"" about him are his drinks lol. ",1574009897.0,1573981097.0,/r/BoJackHorseman/comments/dxkbou/the_only_thing_virgin_about_him_are_his_drinks_lol/,BoJackHorseman
5,Sparsh_Joshi_42,Stay strong cumrades 💪. ,1573664150.0,1573635350.0,/r/ProgrammerHumor/comments/dvp1bf/stay_strong_cumrades/,ProgrammerHumor
6,Sparsh_Joshi_42,"You know, I'm JS.... ",1573616196.0,1573587396.0,/r/ProgrammerHumor/comments/dvf18r/you_know_im_js/,ProgrammerHumor
1,Sparsh_Joshi_42,Smh Nyet is No in Russian. I'm 20,1573608250.0,1573579450.0,/r/ProgrammerHumor/comments/dv68ku/vibe_check/f7bwwqm/,ProgrammerHumor
2,Sparsh_Joshi_42,Nyet,1573573919.0,1573545119.0,/r/ProgrammerHumor/comments/dv68ku/vibe_check/f7axw91/,ProgrammerHumor
7,Sparsh_Joshi_42,Vibe check 💯. ,1573571115.0,1573542315.0,/r/memes/comments/dv6g3a/vibe_check/,memes
8,Sparsh_Joshi_42,Vibe check. ,1573569804.0,1573541004.0,/r/ProgrammerHumor/comments/dv68ku/vibe_check/,ProgrammerHumor
9,Sparsh_Joshi_42,For Loop for the noobs. ,1573565630.0,1573536830.0,/r/ProgrammerHumor/comments/dv5jfo/for_loop_for_the_noobs/,ProgrammerHumor
3,Sparsh_Joshi_42,u/davidmdm here's the whole thing,1573565313.0,1573536513.0,/r/node/comments/dv49pj/help_node_for_absolute_beginners/f7aqhlt/,node
4,Sparsh_Joshi_42,"Okay, here's the long story:

 I'm a first year undergrad studying Information and Communication Technology. While I am learning how to implement algorithms in C/C++, I am more interested in Web/App Dev because I intend to be an entrepreneur. Our college has made it clear that while Java will be taught as a part of the curriculum, Web Dev will only be taught at a HTML - CSS level --- A part I've learned long ago.

I've done quite a few projects with just HTML-CSS-JS using bootstrap. But as I have some ideas, I want to learn web frameworks. My first idea was to go with Django, but since I'm very bad at python, it has not worked out. I chose Node cause it's scalable and JS is my strong suite. 

The problem that arises is that I don't know what backend uses. When you commented that I should look up HTTPS, I couldn't understand what was happening and why. So problem 1 is that I know very less about Back-end and hence I've no understanding of back end.

Problem 2 is that once I learn these modules, how do I implement them and how do I integrate them with Front-end. I need some example code to analyse and study, which I've failed to find. 

But as a list, I want to learn these things: 

• How to create APIs and Manage them 
• How are Accounts made (How is a front end made for a user who is just a DB entry) 
• How do I create Front End Templates 
• How do I integrate location in a website using Mapbox or its alternatives 
• How are ""Likes"" button created 
• Do I upload the whole node js file on the hosting site ? Or just the code i created and not package.json etc 

• What is express, is it scalable and how is it different?

I'm sorry if this seems very basic, but I'm an absolute beginner. It'd be much appreciated if you point me somewhere where i can understand the above. Thanks!",1573564751.0,1573535951.0,/r/node/comments/dv49pj/help_node_for_absolute_beginners/f7apvuu/,node
5,Sparsh_Joshi_42,Thanks! I hope it covers my doubts,1573562874.0,1573534074.0,/r/node/comments/dv49pj/help_node_for_absolute_beginners/f7anllu/,node
6,Sparsh_Joshi_42,"Gotcha! Also, what is express? Can you please elaborate on that?",1573562844.0,1573534044.0,/r/node/comments/dv49pj/help_node_for_absolute_beginners/f7ankax/,node
10,Sparsh_Joshi_42,"Help - Node for absolute beginners. Hello! I am an amateur web-developer but I've a good grip on JS. I'm using 12.1v and I am an *absolute beginner* at node. I don't know anything about backend development, and hence I'm unable to learn anything from the docs, because I'm confused as to what to read from in the vast list of docs. Can someone please help me? Some notes, links and code would be really appreciated. Thanks!",1573558540.0,1573529740.0,/r/node/comments/dv49pj/help_node_for_absolute_beginners/,node
11,Sparsh_Joshi_42,Stay strong ma bois. ,1572905979.0,1572877179.0,/r/nonutnovember/comments/dri859/stay_strong_ma_bois/,nonutnovember
7,Sparsh_Joshi_42,"Duly noted. Thanks.

Well, we haven't, but you can be assured that this is done for research purposes only.",1571926892.0,1571898092.0,/r/AIethics/comments/dmbzaa/important_a_survey_about_ai_ethics_is_being/f4z7grt/,AIethics
12,Sparsh_Joshi_42,IMPORTANT!! We're doing a research on AI ETHICS IN SELF DRIVING CARS. Please fill this survey form! PLEASE!. ,1571925886.0,1571897086.0,/r/SelfDrivingCars/comments/dmc7cy/important_were_doing_a_research_on_ai_ethics_in/,SelfDrivingCars
13,Sparsh_Joshi_42,"IMPORTANT!! A Survey about AI Ethics is being conducted, and WE NEED YOUR OPINION! Please fill this survey, PLEASE!. ",1571924357.0,1571895557.0,/r/AIethics/comments/dmbzaa/important_a_survey_about_ai_ethics_is_being/,AIethics
14,Sparsh_Joshi_42,IMPORTANT!! A survey about AI Ethics for Self Driving Cars is being conducted. PLEASE FILL THE SURVEY! Its only 4 questions long. Thanks!. ,1571923414.0,1571894614.0,/r/ArtificialInteligence/comments/dmbu4c/important_a_survey_about_ai_ethics_for_self/,ArtificialInteligence
