,author,body,created,created_utc,permalink,subreddit
0,tuzzer,"Often time, you need deep knowledge about how the game that you are trying to hack works. An analogy might be someone trying to sneak into an airport or steal money from a bank. How would you come up with a way to do that? You might need to know the layout of the airport, schedule of the staff, etc. to find the ""bug"".",1567738941.0,1567710141.0,/r/NoStupidQuestions/comments/d044k9/hello_i_am_making_a_school_project_about_game/ez699mr/,NoStupidQuestions
0,tuzzer,How Argo AI tests its self-driving cars. ,1556687415.0,1556658615.0,/r/SelfDrivingCars/comments/bj8ozp/how_argo_ai_tests_its_selfdriving_cars/,SelfDrivingCars
1,tuzzer,"Yes, software developer. It is on the infrastructure side and has to do with self driving cars.",1513433314.0,1513404514.0,/r/SelfDrivingCars/comments/7k0hlh/ford_chooses_a_detroit_base_to_take_on_silicon/drbpzs6/,SelfDrivingCars
2,tuzzer,Ford is paying Silicon Valley rate in Detroit. I got an offer for $160k base + stocks with three years work experience.,1513424870.0,1513396070.0,/r/SelfDrivingCars/comments/7k0hlh/ford_chooses_a_detroit_base_to_take_on_silicon/drbl29h/,SelfDrivingCars
3,tuzzer,"Yes if I tailgate and I crash, I will blame myself. ",1512017990.0,1511989190.0,/r/SelfDrivingCars/comments/7ge2qp/gm_cruises_first_self_driving_media_event_rides/dqiwxzr/,SelfDrivingCars
4,tuzzer,"Drivers should  really be keeping distance such that they can stop and not hit the vehicle in front. 
I guess the self-driving car has too much faith in human doing the right thing. There will always be tailgaters.",1512011670.0,1511982870.0,/r/SelfDrivingCars/comments/7ge2qp/gm_cruises_first_self_driving_media_event_rides/dqiq3ri/,SelfDrivingCars
5,tuzzer,I imagine that I can invest in a self-driving car like how I would invest in a rental property. I can just buy a car and let it make money for me.,1510643164.0,1510614364.0,/r/SelfDrivingCars/comments/7cncsu/potential_business_ideas_aroundinvolving_self/dps00zd/,SelfDrivingCars
6,tuzzer,The engineer was able to tell that the car thought that there were vehicles at the intersection. He just didn't know why it misidentified that.,1510640316.0,1510611516.0,/r/SelfDrivingCars/comments/7ck4le/fords_self_driving_car_cant_handle_intersections/dprx9tu/,SelfDrivingCars
7,tuzzer,"I really trying to understand you. Are you saying that if I am not an underachiever and believe in my ability, I will be able to will or work myself an H1B? I sincerely want to know if that's true how I can do that.",1509205509.0,1509176709.0,/r/uwaterloo/comments/71ixuz/end_of_cali_or_bust_us_negotiators_to_demand/dp032ox/,uwaterloo
8,tuzzer,I think his vision is great when all the basic technologies have worked out and await someone who can package them well.,1509177330.0,1509148530.0,/r/SelfDrivingCars/comments/78vuzk/inside_zoox_the_2b_selfdriving_car_startup_led_by/dozmvb4/,SelfDrivingCars
9,tuzzer,I was wondering because I know they hire local people in their embassies. ,1509169674.0,1509140874.0,/r/canada/comments/7948bi/are_us_border_agents_in_canadian_airports/dozh8cw/,canada
10,tuzzer,So are you saying what I was stating is not true? ,1509169509.0,1509140709.0,/r/uwaterloo/comments/71ixuz/end_of_cali_or_bust_us_negotiators_to_demand/dozh3m4/,uwaterloo
1,tuzzer,"Are US border agents in Canadian airports Americans or Canadian?. Are the US border agents at airports, like Toronto Pearson, Canadians or Americans living in Canada?",1509149478.0,1509120678.0,/r/canada/comments/7948bi/are_us_border_agents_in_canadian_airports/,canada
11,tuzzer,That involves premium processing if you want it done within 15 days right?,1509089641.0,1509060841.0,/r/cscareerquestions/comments/78y27n/has_tn_visa_application_gotten_tougher_or_longer/doxwlmn/,cscareerquestions
12,tuzzer,"I don't know if there is a plan B. Plan B would be to not work in the US. Move to Europe or somewhere else.
H1B is also a lottery system and my employer probably won't wait until I win my lottery.",1509089483.0,1509060683.0,/r/canada/comments/78y7ub/has_getting_a_tn_gotten_any_harder_recently/doxwh06/,canada
13,tuzzer,"H1B is a lottery and if you don't get it one year, you have to wait for another whole year. I know people who fail to get one three , four years in a row. It doesn't matter how talented you are. It is all luck.",1509080120.0,1509051320.0,/r/uwaterloo/comments/71ixuz/end_of_cali_or_bust_us_negotiators_to_demand/doxoeih/,uwaterloo
2,tuzzer,"Has getting a TN gotten any harder recently?. I am a Canadian and currently working in the US on a TN visa. I am going to get a new, but similar kind of job and therefore need to re-apply for a TN visa at the border. With all the tough talks by the Trump administration, has the TN Interviews or application process gotten tougher or longer? It would be great if someone who had gotten a TN visa within the last few months can share their experience.",1509077402.0,1509048602.0,/r/canada/comments/78y7ub/has_getting_a_tn_gotten_any_harder_recently/,canada
3,tuzzer,"Has TN visa application gotten tougher or longer recently?. I am a Canadian and currently working in the US on a TN visa. I am going to get a new job and therefore need to re-apply for a TN visa at the border. With all the tough talks by the Trump administration, has the TN Interviews or application process gotten tougher or longer? It would be great if someone who had gotten a TN visa within the last few months can share their experience.",1509076018.0,1509047218.0,/r/cscareerquestions/comments/78y27n/has_tn_visa_application_gotten_tougher_or_longer/,cscareerquestions
4,tuzzer,Has TN Interviews gotten any harder recently?. [removed],1509075385.0,1509046585.0,/r/cscareerquestions/comments/78xzqs/has_tn_interviews_gotten_any_harder_recently/,cscareerquestions
14,tuzzer,I was able to do that since Windows 10 first came out.,1495682231.0,1495653431.0,/r/microsoft/comments/6d2rj5/edge_browser_better_much_better/dhzq48i/,microsoft
15,tuzzer,"Sure. I am only against mandatory tips. Anyone should be free to pay extra if he or she wants. Like in many countries, you normally don't pay tip and only pay when the service is exceptional.",1493713669.0,1493684869.0,/r/Seattle/comments/68khuh/what_would_it_take_to_end_the_tipping_culture/dh0c39v/,Seattle
16,tuzzer,I am not trying to avoid paying tips to save money.  I would rather pay in a more transparent and fair ways.,1493704292.0,1493675492.0,/r/Seattle/comments/68khuh/what_would_it_take_to_end_the_tipping_culture/dh04pl4/,Seattle
5,tuzzer,"What would it take to end the tipping culture?. In many discussions, people who are against tipping point out that it should be the employers' responsibility to pay fair wages.  Also it is confusing since there is no clear standard on which services require what amount of tips. And it is just plain annoying to have to do this math on every transaction. People who are pro-tipping generally agree but state that it is simply how it works right now and people in services simply need tips to survive. Seems like everyone hates it but we do it just because if we don't we are assholes. 
Basically this CollegeHumor video explains all: https://youtu.be/q_vivC7c_1k

What would it take to end this practice? Maybe we can have a referendum that changes the law on minimum wage and have a day when all restaurants and businesses to stop expecting mandatory tips?
Or we can start by having a no-tipping day to raise awareness and encourage people to march against unfair wages and tipping?",1493649853.0,1493621053.0,/r/Seattle/comments/68khuh/what_would_it_take_to_end_the_tipping_culture/,Seattle
17,tuzzer,"I graduated from Mechatronics several years ago. I think Mechatronics is definitely the right program for you if you like robotics and not sure if you want to do more mech/elec/software. It is true that many of us end up doing software because there are really more well-paying jobs there at the moment. But there are a lot of us who are doing mech design, automation and robotics related jobs. Also there are many kinds of software jobs. Some Trons grads are doing web or mobile app dev but many build software that runs on or interact with mechanical systems.

I also think that the whole is greater than the sum of its parts. There is value in knowing how the different subsystems integrate with each other. Also before 3B you do tend to just take courses from ME, or ECE and learning the basics. But in 3B and 4th year, there are many projects courses. For instance there are courses on autonomous mobile robot and industrial automation where you get to design and build a functional mobile robot and manufacturing system respectively. I recalled the surreal feeling in fourth year when all the disparate pieces in systems, control, and machine design suddenly fit together and everything starts to make sense (may just be me though).",1493443121.0,1493414321.0,/r/uwaterloo/comments/683s7h/to_mechatronics_students_from_a_grd_12_is_it_what/dgvtx0d/,uwaterloo
6,tuzzer,"What do US Congress and Senate representatives in minority party do?. Since the other party has the majority of the vote, what's the point of having the representatives from the minority party to go to work? Their opinions don't matter anyways.",1481246113.0,1481217313.0,/r/NoStupidQuestions/comments/5h84cn/what_do_us_congress_and_senate_representatives_in/,NoStupidQuestions
18,tuzzer,"I am not a Japanese and I am only in Japan for an one-year exchange/internship. 
Japan does have extensive 3G network and most cell phone would have internet ability. However, data plans are quite expensive and always lock by at least 2 year contract (no other choice even if you have your don't need their phone). For us who are only in Japan for a short stay, we couldn't get the contract service and only limit to some over-priced and slow services. In addition, it is nearly impossible to get free wifi (sometime ""free wifi"" actually means paying for a monthly hot-spot plan) in Japan. The only place I get free wifi is in universities where I can use Eduroam!
Perhaps, I don't experience the supposedly high Japanese internet speed is because it seems like they are all tied down by long contract, high initial infrastructure and installation cost, and lack of options. But then I also used to live a a student dormitory with internet provided by NTT, and it was still slower than that Rogers Express plan I had in Canada.",1321345391.0,1321316591.0,/r/aiclass/comments/lva0b/midterm_and_final_exam_format/c2zspi0/,aiclass
19,tuzzer,"I would prefer to have the lecture downloaded so I can watch them offline. But since there are so many of them (including the answers), and the only way I know how to download videos from Youtube is to use those format converting websites, it would be way too time consuming just to select and download all the videos. It would be great if all videos for each chapter to be grouped together. I don't mind having to pause or return to the questions later.",1320144576.0,1320115776.0,/r/aiclass/comments/lvj04/a_request_for_full_lectures_wout_the_breaks_so/c2w0v7l/,aiclass
20,tuzzer,"I think it depends on how much you want to get out from this class. It is easy to get the homework done. Usually there are only very few questions. When I am a rush, I usually go directly to the homework questions and then find out what I need to do the homework. Usually, the exactly same problems with different numbers have already been presented in some video. All you have to do is to find that video and follow the steps to solve the problems.
But of course, you would get the most out by going through the lectures and understand the materials better. Since there's really no benefit to just pass the course (like you won't get a degree or credit with it). ",1320137476.0,1320108676.0,/r/aiclass/comments/lvixm/professors_thrun_and_norvig_thank_you_but/c2vzwff/,aiclass
21,tuzzer,"Although I live in Japan, but I only have some cheap internet service that is very slow and goes on and off... (yes Japanese internet service isn't as advance as most Westerners imagine) It has always been a problem for me because it sometimes takes me 3 to 5 minutes to load each video. Since all the videos are in small chunks, and I sometime has to go back to video when doing the questions, it sometime could be quite time consuming. In addition, I spend many hours commuting to work everyday on a train and, although I have a tablet, I don't have mobile internet. 

It would be great if we could download the video lecture and questions or have notes in written format. I am also doing the Machine Learning class offered by Prof. Andrew Ng. And I was able to get a lot of the lecture done on the train because all the lectures are downloadable and just post the answers on the website once I get home.",1320136269.0,1320107469.0,/r/aiclass/comments/lva0b/midterm_and_final_exam_format/c2vzqps/,aiclass
