,author,body,created,created_utc,permalink,subreddit
0,equaltrace,Thanks! I will check these out.,1557956479.0,1557927679.0,/r/SelfDrivingCars/comments/bois9l/popular_sensor_options_on_current_self_driving/enm672v/,SelfDrivingCars
1,equaltrace,"Wow my luck into running into someone from Swift :D

I was looking into the store options and it seems like that I can purchase the Piksi Multi Evaluation GNSS module and evaluation boards only as a part of the ""[Piksi Multi Evaluation Kit (2.4GHz)](https://www.swiftnav.com/store/piksi-multi-evaluation-kit/piksi-multi-evaluation-kit-2.4ghz)"" 

I know this might not be the right place to talk about it but I have a question:

* Why does the kit entail two of everything (almost) ? Shouldn't only one GNSS module and evaluation board suffice ?",1557955252.0,1557926452.0,/r/SelfDrivingCars/comments/bois9l/popular_sensor_options_on_current_self_driving/enm33dt/,SelfDrivingCars
2,equaltrace,"I believe I have seen the ZED camera in a number of robotics projects. But yes, to your point, I am not at all sure whether it is being used actively in the autonomous vehicle development.",1557905556.0,1557876756.0,/r/SelfDrivingCars/comments/bois9l/popular_sensor_options_on_current_self_driving/enj8l5a/,SelfDrivingCars
3,equaltrace,Hmm thanks. I will check u-blox out.,1557905480.0,1557876680.0,/r/SelfDrivingCars/comments/bois9l/popular_sensor_options_on_current_self_driving/enj8f8x/,SelfDrivingCars
4,equaltrace,"Well it is mostly a current gen industry review for now. But the long term objective is to tackle vehicle/machine localization in GPS challenged environments, specifically the forest.",1557905460.0,1557876660.0,/r/SelfDrivingCars/comments/bois9l/popular_sensor_options_on_current_self_driving/enj8dp4/,SelfDrivingCars
5,equaltrace,Got it. It didn't even occur to me.,1557884649.0,1557855849.0,/r/SelfDrivingCars/comments/bois9l/popular_sensor_options_on_current_self_driving/enhqj4p/,SelfDrivingCars
6,equaltrace,Ah ok. Which version of the novatel gps do you use ? and do you make use of an independent IMU ? or do you use something that is integrated into the novatel gps ?,1557883101.0,1557854301.0,/r/SelfDrivingCars/comments/bois9l/popular_sensor_options_on_current_self_driving/enhmujn/,SelfDrivingCars
7,equaltrace,Ok. Got it.,1557883007.0,1557854207.0,/r/SelfDrivingCars/comments/bois9l/popular_sensor_options_on_current_self_driving/enhmnam/,SelfDrivingCars
8,equaltrace,Thanks for the information! The Autonomous Stuff webpage also highlighted some good options.,1557882831.0,1557854031.0,/r/SelfDrivingCars/comments/bois9l/popular_sensor_options_on_current_self_driving/enhma7e/,SelfDrivingCars
9,equaltrace,"Hmm a good way to go about. But the most information that I could fetch from here was in regards to the gps antenna being used, which in turn is only identifiable with a part number.",1557875078.0,1557846278.0,/r/SelfDrivingCars/comments/bois9l/popular_sensor_options_on_current_self_driving/enh54ye/,SelfDrivingCars
10,equaltrace,Thanks for the info. Do you know of any competitive alternatives to these? For example Novatel GNSS or Xsense IMU,1557874715.0,1557845915.0,/r/SelfDrivingCars/comments/bois9l/popular_sensor_options_on_current_self_driving/enh4axx/,SelfDrivingCars
11,equaltrace,True. But a lot of progress has been made and a lot of the makers have already entered Level 4 automation tier. So I guess the sensor suite would be more robust and certain by now. I am just trying to figure out the actual names of the sensor options popular in the market.,1557872128.0,1557843328.0,/r/SelfDrivingCars/comments/bois9l/popular_sensor_options_on_current_self_driving/engyes6/,SelfDrivingCars
12,equaltrace,Ah yes. I missed that.,1557871934.0,1557843134.0,/r/SelfDrivingCars/comments/bois9l/popular_sensor_options_on_current_self_driving/engxze4/,SelfDrivingCars
0,equaltrace,"Popular Sensor options on current Self Driving Vehicles?. Hello

I have a background in remote sensing and I have been reading a lot about self driving vehicles. I understand on a high level as to how they function. I have read many articles and posts which go over the different sensor suite that these vehicles rely upon. However, what I am interested in now is to figure out what actual product (brands/model/version) options are popular in the industry for each sensor? Sensors namely being: 

* GPS/GNSS, 
* IMU/INS, 
* LiDAR, 
* Wheel Encoders, 
* Camera (for image processing including Visual Odometry or VSLAM), etc. 

None of the posts or articles go into highlighting this information and I can't find specifications anywhere. Kindly help.",1557868496.0,1557839696.0,/r/SelfDrivingCars/comments/bois9l/popular_sensor_options_on_current_self_driving/,SelfDrivingCars
