,author,body,created,created_utc,permalink,subreddit
0,driesenga,"Congrats, best wishes as you move forward.  I feel like I am in about the same place.  Setting consistent stop losses for me has been key to avoiding the downswings.  I have a few bags I need to cut that would also help, if you know what I mean.",1573271691.0,1573242891.0,/r/Daytrading/comments/dtj046/im_not_really_profitable_and_im_also_not_really/f6x6849/,Daytrading
1,driesenga,"When you do start, always, always, always put in a stop loss on every order.  Before thinking about how much you could profit, give some thought on how much you are willing to lose in the trade.  Best wishes!",1573071726.0,1573042926.0,/r/Daytrading/comments/dsclm5/getting_started_in_day_tradinghow_to/f6p0064/,Daytrading
2,driesenga,How would those lyrics sound?,1572668347.0,1572639547.0,/r/SelfDrivingCars/comments/dq9l8d/with_the_rise_of_self_driving_vehicles_its_only_a/f61fqpr/,SelfDrivingCars
3,driesenga,"Grandfathered, but cancelled, only days remaining for me.",1572598663.0,1572569863.0,/r/AttTVNow/comments/dpqnq8/the_results_after_3_days_are_not_surprising_after/f5z8a0t/,AttTVNow
4,driesenga,"The ETN/ETFs that I typically trade are tied to commodities such as crude oil, natural gas, silver, etc.  If you follow the price of these commodities, it will influence the 3x ETN/ETF price.",1572491992.0,1572463192.0,/r/Daytrading/comments/dpa38t/does_anyone_here_solely_trade_high_leverage_etfs/f5tr90a/,Daytrading
5,driesenga,"Yes, beware that there is a decay to the price.  These ETF/ETNs are designed to be used in the short term (day trades or short swing trades) .  If you keep them for weeks, they will decay over time even if the underlying assets price remains exactly the same.",1572491581.0,1572462781.0,/r/Daytrading/comments/dpa38t/does_anyone_here_solely_trade_high_leverage_etfs/f5tq86s/,Daytrading
6,driesenga,"I tend to only trade UGAZ/DGAZ, UWT/DWT, DSLV, USLV, etc.  So yes, I tend to stay in this area when I trade.  It does come with more risk, so be prepared and comfortable taking on more risk.  You can make money more quickly, but you can also lose it more quickly.",1572489234.0,1572460434.0,/r/Daytrading/comments/dpa38t/does_anyone_here_solely_trade_high_leverage_etfs/f5tkgwe/,Daytrading
0,driesenga,INSIDE Google's (Waymo) Self-Driving Car Facility. [https://www.youtube.com/watch?v=IuQZuAQYPqQ](https://www.youtube.com/watch?v=IuQZuAQYPqQ),1572144162.0,1572115362.0,/r/SelfDrivingCars/comments/dnhwyo/inside_googles_waymo_selfdriving_car_facility/,SelfDrivingCars
7,driesenga,Awesome outing.  Looking forward to do more of this with our homeschool family as well over time.,1571971724.0,1571942924.0,/r/homeschool/comments/dmizs4/home_school_family_vlog_discussing_why_we/f51oq17/,homeschool
1,driesenga,"Is AT&T TV available on Android TV?. Is AT&T TV available on Android TV?  If so, what is the app called in order to get it to work?   I would like to use it with my built in software, rather than buying an Roku or something else.",1566953534.0,1566924734.0,/r/AttTVNow/comments/cw7578/is_att_tv_available_on_android_tv/,AttTVNow
8,driesenga,"I am in Grand Rapids also.  Great to see a local startup here.  As much as I like Grand Rapids in the name, as you grow, you might want to think more generically to scale it to places throughout the country or the world.  Good luck to you.  Would be interested in seeing how I can help!",1557557148.0,1557528348.0,/r/startups/comments/bjftvi/share_your_startup_may_2019/en2adqf/,startups
9,driesenga,"Yeah, but how many are used on each car?",1557554447.0,1557525647.0,/r/waymo/comments/bmkpnv/does_anyone_know_how_much_this_costs/en25t30/,waymo
2,driesenga,Waymo CTO: 5G will be a self-driving car ‘accelerator and enabler’. ,1557458687.0,1557429887.0,/r/SelfDrivingCars/comments/bmo0oc/waymo_cto_5g_will_be_a_selfdriving_car/,SelfDrivingCars
10,driesenga,They may want to keep it restricted so they can continue to control aspects of the process.  They may also not have the service perfected on their platform yet.,1557389743.0,1557360943.0,/r/waymo/comments/blvmaq/waymo_to_deploy_10_waymo_vehicles_on_lyft_over/emvn1du/,waymo
11,driesenga,"I think this allows Waymo to deploy to the general public and receive feedback.  It allows users to experience their service without being restricted on their Waymo One service.  They can always remove them from Lyft and continue with their restrictions on their own platform.  Also, long term, it will allow them to have exposure to this customer base.  

&#x200B;

Thoughts?",1557376191.0,1557347391.0,/r/waymo/comments/blvmaq/waymo_to_deploy_10_waymo_vehicles_on_lyft_over/emv1t1e/,waymo
3,driesenga,Is this TRX for ETH airdrop a scam?. [removed],1515070252.0,1515041452.0,/r/Tronix/comments/7o0nqi/is_this_trx_for_eth_airdrop_a_scam/,Tronix
4,driesenga,"Greenspan says bitcoin is a fiat currency with no backing. Surprising to me to say the least.   Thoughts on this?

http://www.foxbusiness.com/politics/2017/11/09/alan-greenspan-compares-bitcoin-to-civil-war-greenbacks-and-continentals.html",1510284123.0,1510255323.0,/r/Bitcoin/comments/7bvmce/greenspan_says_bitcoin_is_a_fiat_currency_with_no/,Bitcoin
12,driesenga,"If you have your own bitcoin coins in a cold hard wallet or on your own separate electronic wallet, will you be able to use your private key to access segwit2x coins as well?  Or is this something that wallets like Coinbase and Gemini are doing?",1509757601.0,1509728801.0,/r/Bitcoin/comments/7akpvu/what_happens_to_existing_btc_after_segwit2x/dpap7xc/,Bitcoin
