,author,body,created,created_utc,permalink,subreddit
0,throwaway7456123,"(Serious) Do you work at a self-driving car company? How do you like your work? What do you do?.  started working some time ago at one less well known (around these parts) place. Curious how others in the industry feel. Personally, I'm a little unsure I'm built mentally for the long haul with SDCs and the time it needs to mature.

What are your thoughts about work culture, pressure, being a generalist Software Engineer vs a niche specialist in Self Driving car tech? @engineers",1565190743.0,1565161943.0,/r/SelfDrivingCars/comments/cn2jvt/serious_do_you_work_at_a_selfdriving_car_company/,SelfDrivingCars
0,throwaway7456123,Thanks <3,1560961858.0,1560933058.0,/r/AskReddit/comments/c27tbb/what_lie_do_you_repeatedly_tell_yourself/erjjm6f/,AskReddit
1,throwaway7456123,"Okay I'll bite. I'm looking for an apartment for 1, under $2000 a month. The lower the better. Studio is all right, but would prefer 1BR/BA. Work is in Palo Alto. Where should I look?",1540878082.0,1540849282.0,/r/bayarea/comments/9sdxrf/weekly_welcome_to_the_bay_area/e8ost7k/,bayarea
2,throwaway7456123,"Thanks, this helped :)",1516691769.0,1516662969.0,/r/cscareerquestions/comments/7s86nv/didnt_get_the_coding_test_but_got_a_thank_you_for/dt341mm/,cscareerquestions
3,throwaway7456123,"emailed them saying:

""Hi, I'll take the call. 

I haven't done the coding test though""

Reply:

    perfect, here's your interview date!


Thanks for your help folks. ¯\\\_(ツ)_/¯",1516691734.0,1516662934.0,/r/cscareerquestions/comments/7s86nv/didnt_get_the_coding_test_but_got_a_thank_you_for/dt340gy/,cscareerquestions
1,throwaway7456123,"Didn't get the coding test, but got a ""thank you for the test, when can we do the phone call?"" What should I do?. Throwaway for obvious reasons, but a company reached out to me with:

    Re: Telephone Interview

    Thank you for returning the coding test. Please let us know when we can schedule a phone call.

I never received a coding test in the first place. It's unethical for me to jump at this and I probably will email them saying ""wrong person"", but I'm just wondering if anyone else had this same experience and what they did. I haven't had much luck with interviews, and this almost seems like a God send.",1516677592.0,1516648792.0,/r/cscareerquestions/comments/7s86nv/didnt_get_the_coding_test_but_got_a_thank_you_for/,cscareerquestions
