,author,body,created,created_utc,permalink,subreddit
0,aibits, There are many answered interesting questions - will they be answered?,1573849812.0,1573821012.0,/r/IAmA/comments/dwfg3r/were_engineering_leads_at_waymo_and_were_here_to/f7kow5r/,IAmA
0,aibits,AI Announcements at NVIDIA’s GTC DC Event 2019. ,1573260647.0,1573231847.0,/r/Create_AI/comments/dti4i0/ai_announcements_at_nvidias_gtc_dc_event_2019/,Create_AI
1,aibits,Hyperparameter Tuning With TensorBoard In 6 Steps. ,1573260616.0,1573231816.0,/r/Create_AI/comments/dti46w/hyperparameter_tuning_with_tensorboard_in_6_steps/,Create_AI
2,aibits,Mapping the Autonomous Vehicle Ecosystem. ,1571940526.0,1571911726.0,/r/SelfDrivingCars/comments/dme9zx/mapping_the_autonomous_vehicle_ecosystem/,SelfDrivingCars
3,aibits,IBM is working on an alternative to AIOps. ,1571932609.0,1571903809.0,/r/Create_AI/comments/dmd67z/ibm_is_working_on_an_alternative_to_aiops/,Create_AI
4,aibits,Google brings back the Android Developer Challenge to find 10 innovative apps using Machine Learning. ,1571932558.0,1571903758.0,/r/Create_AI/comments/dmd5y1/google_brings_back_the_android_developer/,Create_AI
5,aibits,State-level AI deployment picks up steam. ,1571932524.0,1571903724.0,/r/Create_AI/comments/dmd5s1/statelevel_ai_deployment_picks_up_steam/,Create_AI
6,aibits,Strong funding interest in AI firms has created a VC bubble: SAS CEO. ,1571932486.0,1571903686.0,/r/Create_AI/comments/dmd5la/strong_funding_interest_in_ai_firms_has_created_a/,Create_AI
7,aibits,"Machine Learning, Part 1: Essential Concepts. ",1571931836.0,1571903036.0,/r/Create_AI/comments/dmd2io/machine_learning_part_1_essential_concepts/,Create_AI
8,aibits,Volvo Cars and Uber present production vehicle ready for self driving. ,1571859939.0,1571831139.0,/r/SelfDrivingCars/comments/dly34c/volvo_cars_and_uber_present_production_vehicle/,SelfDrivingCars
9,aibits,"Inside the robo race car, shaking up motorsport and accelerating driverless tech. ",1571801698.0,1571772898.0,/r/SelfDrivingCars/comments/dln3j6/inside_the_robo_race_car_shaking_up_motorsport/,SelfDrivingCars
10,aibits,OpenAI trained a robot hand to solve a Rubik’s Cube. ,1571445269.0,1571416469.0,/r/Create_AI/comments/djq0rp/openai_trained_a_robot_hand_to_solve_a_rubiks_cube/,Create_AI
11,aibits,How Complex Machine Learning Will Enter Your Smartphone. ,1571445228.0,1571416428.0,/r/Create_AI/comments/djq0g2/how_complex_machine_learning_will_enter_your/,Create_AI
12,aibits,A ride in an autonomous SUV on the streets of Dubai during the World Congress. ,1571444539.0,1571415739.0,/r/SelfDrivingCars/comments/djpuvz/a_ride_in_an_autonomous_suv_on_the_streets_of/,SelfDrivingCars
13,aibits,Fastest autonomous car: Roborace. Guinness World Records. ,1571333079.0,1571304279.0,/r/SelfDrivingCars/comments/dj3vgi/fastest_autonomous_car_roborace_guinness_world/,SelfDrivingCars
14,aibits,"Keen to develop self-driving cars, Hyundai Motor Group unveils $35 billion investment plan. ",1571196821.0,1571168021.0,/r/SelfDrivingCars/comments/did2fk/keen_to_develop_selfdriving_cars_hyundai_motor/,SelfDrivingCars
15,aibits,TfL to use artificial intelligence to run London’s road network. ,1571195940.0,1571167140.0,/r/Create_AI/comments/dicufw/tfl_to_use_artificial_intelligence_to_run_londons/,Create_AI
16,aibits,Google to unveil new phone with artificial intelligence features. ,1571195904.0,1571167104.0,/r/Create_AI/comments/dicu4o/google_to_unveil_new_phone_with_artificial/,Create_AI
17,aibits,"Artificial intelligence will have major impact next three decades, says Microsoft President. ",1571195878.0,1571167078.0,/r/Create_AI/comments/dictvr/artificial_intelligence_will_have_major_impact/,Create_AI
18,aibits,Welcome to the 2019 DriveML Huawei Autonomous Vehicles Challenge. [removed],1571181246.0,1571152446.0,/r/SelfDrivingCars/comments/di9aub/welcome_to_the_2019_driveml_huawei_autonomous/,SelfDrivingCars
19,aibits,Top 5 self-driving trucks in the world. ,1571147786.0,1571118986.0,/r/SelfDrivingCars/comments/di3hc7/top_5_selfdriving_trucks_in_the_world/,SelfDrivingCars
20,aibits,DRIVE Labs: Eliminating Collisions with Safety Force Field - NVIDIA Developer News Center. ,1571101096.0,1571072296.0,/r/SelfDrivingCars/comments/dhtfud/drive_labs_eliminating_collisions_with_safety/,SelfDrivingCars
21,aibits,Qualcomm Rents Stretch of SR905 To Road Test Self-Driving Car. ,1571073521.0,1571044721.0,/r/SelfDrivingCars/comments/dho2yh/qualcomm_rents_stretch_of_sr905_to_road_test/,SelfDrivingCars
22,aibits,Test Your Knowledge About the History of AI. ,1571073028.0,1571044228.0,/r/Create_AI/comments/dho0jv/test_your_knowledge_about_the_history_of_ai/,Create_AI
23,aibits,Readers Beware: AI Has Learned to Create Fake News Stories. ,1571073010.0,1571044210.0,/r/Create_AI/comments/dho0gd/readers_beware_ai_has_learned_to_create_fake_news/,Create_AI
24,aibits,"UCSF, NVIDIA join to research AI use in medical imaging. ",1571072956.0,1571044156.0,/r/Create_AI/comments/dho05p/ucsf_nvidia_join_to_research_ai_use_in_medical/,Create_AI
25,aibits,Researchers Find Way to Harness AI Creativity – Dramatic Performance Boost to Deep Learning. ,1570759856.0,1570731056.0,/r/Create_AI/comments/dg1zc9/researchers_find_way_to_harness_ai_creativity/,Create_AI
26,aibits,Visionati releases world’s most powerful image recognition API. ,1570759819.0,1570731019.0,/r/Create_AI/comments/dg1z14/visionati_releases_worlds_most_powerful_image/,Create_AI
27,aibits,Qualcomm CTO has faith in 5G and Artificial intelligence combo. ,1570759777.0,1570730977.0,/r/Create_AI/comments/dg1ype/qualcomm_cto_has_faith_in_5g_and_artificial/,Create_AI
28,aibits,Study: 74 % of Germans would use an autonomous car. ,1570729894.0,1570701094.0,/r/SelfDrivingCars/comments/dfvou0/study_74_of_germans_would_use_an_autonomous_car/,SelfDrivingCars
29,aibits,Dutch AI Coalition wants to put the Netherlands on artificial intelligence map. ,1570635985.0,1570607185.0,/r/Create_AI/comments/dfdsum/dutch_ai_coalition_wants_to_put_the_netherlands/,Create_AI
30,aibits,China’s leading AI start-ups hit by U.S. blacklisting. ,1570635826.0,1570607026.0,/r/Create_AI/comments/dfds3c/chinas_leading_ai_startups_hit_by_us_blacklisting/,Create_AI
31,aibits,Researchers develop AI that can play Angry Birds. ,1570635795.0,1570606995.0,/r/Create_AI/comments/dfdrxn/researchers_develop_ai_that_can_play_angry_birds/,Create_AI
32,aibits,Intro to Descriptive Statistics. ,1570635742.0,1570606942.0,/r/Create_AI/comments/dfdrmp/intro_to_descriptive_statistics/,Create_AI
33,aibits,"Tesla's Smart Summon is a potential self-driving nightmare, and regulators are ignoring the risk. ",1570630765.0,1570601965.0,/r/SelfDrivingCars/comments/dfd0dh/teslas_smart_summon_is_a_potential_selfdriving/,SelfDrivingCars
34,aibits,Autonomous taxis have made their driverless debut in London. ,1570630502.0,1570601702.0,/r/SelfDrivingCars/comments/dfcyvd/autonomous_taxis_have_made_their_driverless_debut/,SelfDrivingCars
35,aibits,DeepRoute Raises $50 Million in Funding to Research and Develop Autonomous Vehicles. ,1570496170.0,1570467370.0,/r/SelfDrivingCars/comments/dem7l7/deeproute_raises_50_million_in_funding_to/,SelfDrivingCars
36,aibits,Artificial intelligence to control on-demand bus services in Japan. ,1570471148.0,1570442348.0,/r/SelfDrivingCars/comments/dehc5z/artificial_intelligence_to_control_ondemand_bus/,SelfDrivingCars
37,aibits,MIT moral machine for self-driving cars (scenarios and decision-making ). ,1570213842.0,1570185042.0,/r/SelfDrivingCars/comments/dd5j26/mit_moral_machine_for_selfdriving_cars_scenarios/,SelfDrivingCars
38,aibits,Ranked: The Autonomous Vehicle Readiness of 20 Countries. ,1570122421.0,1570093621.0,/r/SelfDrivingCars/comments/dcob3y/ranked_the_autonomous_vehicle_readiness_of_20/,SelfDrivingCars
39,aibits,"Tesla Acquires DeepScale, a Startup Improving Deep Neural Nets for Self-Driving Cars. ",1570073108.0,1570044308.0,/r/Create_AI/comments/dcf1zg/tesla_acquires_deepscale_a_startup_improving_deep/,Create_AI
40,aibits,"AI bias: How tech determines if you land job, get a loan or end up in jail. ",1570073066.0,1570044266.0,/r/Create_AI/comments/dcf1n2/ai_bias_how_tech_determines_if_you_land_job_get_a/,Create_AI
41,aibits,"To kick-start AI projects, think ""minimum viable intelligence"". ",1570073028.0,1570044228.0,/r/Create_AI/comments/dcf1al/to_kickstart_ai_projects_think_minimum_viable/,Create_AI
42,aibits,Could this be the car of the future?. ,1570070932.0,1570042132.0,/r/SelfDrivingCars/comments/dcej7n/could_this_be_the_car_of_the_future/,SelfDrivingCars
43,aibits,Every business will rely on AI in five years and most people are worried they’re being left behind. ,1569978701.0,1569949901.0,/r/Create_AI/comments/dbwhj1/every_business_will_rely_on_ai_in_five_years_and/,Create_AI
44,aibits,Artificial Intelligence Driving Workforce To Data-Driven Skill Sets. ,1569978666.0,1569949866.0,/r/Create_AI/comments/dbwh6i/artificial_intelligence_driving_workforce_to/,Create_AI
45,aibits,Hyundai Motor to Set up Self-driving JV with Aptiv. ,1569949541.0,1569920741.0,/r/SelfDrivingCars/comments/dbqmpd/hyundai_motor_to_set_up_selfdriving_jv_with_aptiv/,SelfDrivingCars
46,aibits,"Artificial intelligence will lead to creation of 133 million jobs around the world, says report. ",1569892842.0,1569864042.0,/r/Create_AI/comments/dbevm1/artificial_intelligence_will_lead_to_creation_of/,Create_AI
47,aibits,Brits are ‘deliberately sabotaging workplace robots’ over fears machines will nick their jobs. ,1569892808.0,1569864008.0,/r/Create_AI/comments/dbev9u/brits_are_deliberately_sabotaging_workplace/,Create_AI
48,aibits,Companies hiring for autonomous vehicle talent. ,1569891539.0,1569862739.0,/r/SelfDrivingCars/comments/dbek2n/companies_hiring_for_autonomous_vehicle_talent/,SelfDrivingCars
49,aibits,Canoo Subscription-only Electric Vehicle Reveal. ,1569871963.0,1569843163.0,/r/SelfDrivingCars/comments/dba6pd/canoo_subscriptiononly_electric_vehicle_reveal/,SelfDrivingCars
50,aibits,India can become world leader in artificial intelligence: Vikas Sikka. ,1569626901.0,1569598101.0,/r/Create_AI/comments/da20ru/india_can_become_world_leader_in_artificial/,Create_AI
51,aibits,Renesas & StradVision Collaborate on a Deep-Learning Smart Camera for Autonomous Vehicles. ,1569626844.0,1569598044.0,/r/Create_AI/comments/da20bw/renesas_stradvision_collaborate_on_a_deeplearning/,Create_AI
52,aibits,"Alibaba unveils Hanguang 800, an AI inference chip it says significantly increases the speed of machine learning tasks. ",1569457448.0,1569428648.0,/r/Create_AI/comments/d95n6c/alibaba_unveils_hanguang_800_an_ai_inference_chip/,Create_AI
53,aibits,Artificial Intelligence and the Challenge of Modeling the Brain’s Behavior. ,1569457372.0,1569428572.0,/r/Create_AI/comments/d95mis/artificial_intelligence_and_the_challenge_of/,Create_AI
54,aibits,AI-Powered Device Helps The Deaf Community ‘See’ Sound. ,1569457333.0,1569428533.0,/r/Create_AI/comments/d95m6r/aipowered_device_helps_the_deaf_community_see/,Create_AI
55,aibits,AI-Powered Device Helps The Deaf Community ‘See’ Sound. ,1569457129.0,1569428329.0,/r/Futurology/comments/d95kjz/aipowered_device_helps_the_deaf_community_see/,Futurology
56,aibits,Is the Scania AXL autonomous truck a self-driving workhorse of the future?. ,1569456569.0,1569427769.0,/r/SelfDrivingCars/comments/d95frt/is_the_scania_axl_autonomous_truck_a_selfdriving/,SelfDrivingCars
57,aibits,Google may have just ushered in an era of ‘quantum supremacy’. ,1569332982.0,1569304182.0,/r/Create_AI/comments/d8iydn/google_may_have_just_ushered_in_an_era_of_quantum/,Create_AI
58,aibits,DataRobot launches centralised machine learning hub. ,1569332918.0,1569304118.0,/r/Create_AI/comments/d8iy0e/datarobot_launches_centralised_machine_learning/,Create_AI
59,aibits,AWS Announces General Availability of Amazon EC2 G4 Instances. ,1569332885.0,1569304085.0,/r/Create_AI/comments/d8ixtv/aws_announces_general_availability_of_amazon_ec2/,Create_AI
60,aibits,This country is using AI to catch drivers using phones. ,1569332841.0,1569304041.0,/r/Create_AI/comments/d8ixn7/this_country_is_using_ai_to_catch_drivers_using/,Create_AI
61,aibits,Brain-machine interface could help paralysed people. ,1569332771.0,1569303971.0,/r/Create_AI/comments/d8ixaj/brainmachine_interface_could_help_paralysed_people/,Create_AI
62,aibits,Amazon Makes The Largest Ever Electric Vehicle Purchase. ,1569278753.0,1569249953.0,/r/SelfDrivingCars/comments/d87hr6/amazon_makes_the_largest_ever_electric_vehicle/,SelfDrivingCars
63,aibits,Shanghai issues China's first permits allowing passengers in self-driving cars. ,1568766591.0,1568737791.0,/r/SelfDrivingCars/comments/d5jf3d/shanghai_issues_chinas_first_permits_allowing/,SelfDrivingCars
64,aibits,Microsoft AI Masters Mahjong. ,1568688540.0,1568659740.0,/r/Create_AI/comments/d54nny/microsoft_ai_masters_mahjong/,Create_AI
65,aibits,Top 5 Automation Tools That Can Speed Up Your Data Science Project. ,1568688505.0,1568659705.0,/r/Create_AI/comments/d54nbu/top_5_automation_tools_that_can_speed_up_your/,Create_AI
66,aibits,Deep learning and machine learning to transform cybersecurity. ,1568688465.0,1568659665.0,/r/Create_AI/comments/d54mx7/deep_learning_and_machine_learning_to_transform/,Create_AI
67,aibits,UK and South Korea to work together on electric cars and autonomous tech. ,1568208019.0,1568179219.0,/r/SelfDrivingCars/comments/d2l5og/uk_and_south_korea_to_work_together_on_electric/,SelfDrivingCars
68,aibits,Brain organoids show realistic neuronal firing rhythms. ,1567203925.0,1567175125.0,/r/Create_AI/comments/cxhndo/brain_organoids_show_realistic_neuronal_firing/,Create_AI
69,aibits,Debate on AI: Elon Musk and Jack Ma Can’t Agree on Anything—Except This. ,1567203887.0,1567175087.0,/r/Create_AI/comments/cxhn4s/debate_on_ai_elon_musk_and_jack_ma_cant_agree_on/,Create_AI
70,aibits,Meet the Algorithms Planning Your Next Online Purchase. ,1567203851.0,1567175051.0,/r/Create_AI/comments/cxhmxj/meet_the_algorithms_planning_your_next_online/,Create_AI
71,aibits,"Volvo, Veoneer joint venture Zenuity teams up with CERN to speed up AV decision-making. ",1567119326.0,1567090526.0,/r/SelfDrivingCars/comments/cx209m/volvo_veoneer_joint_venture_zenuity_teams_up_with/,SelfDrivingCars
72,aibits,GANs Can Swap Faces Now With FSGAN: A New Deep Learning Approach To Face Swapping. ,1567119239.0,1567090439.0,/r/Create_AI/comments/cx1zm4/gans_can_swap_faces_now_with_fsgan_a_new_deep/,Create_AI
73,aibits,Feeding the big data and artificial intelligence ‘information-appetite’. ,1567119073.0,1567090273.0,/r/Create_AI/comments/cx1ybe/feeding_the_big_data_and_artificial_intelligence/,Create_AI
74,aibits,"Tech tycoons Jack Ma, Elon Musk spar on future of artificial intelligence. ",1567119039.0,1567090239.0,/r/Create_AI/comments/cx1y15/tech_tycoons_jack_ma_elon_musk_spar_on_future_of/,Create_AI
75,aibits,Artificial intelligence showdown: Google Lens vs Bixby Vision vs Huawei HiVision. ,1567118984.0,1567090184.0,/r/Create_AI/comments/cx1xn8/artificial_intelligence_showdown_google_lens_vs/,Create_AI
76,aibits,Toyota is bringing self-driving EVs to the 2020 Olympics and Paralympics in Tokyo. ,1566937806.0,1566909006.0,/r/SelfDrivingCars/comments/cw3rth/toyota_is_bringing_selfdriving_evs_to_the_2020/,SelfDrivingCars
77,aibits,Top 9 APIs In Machine Learning & Artificial Intelligence. ,1566860277.0,1566831477.0,/r/Create_AI/comments/cvp6ay/top_9_apis_in_machine_learning_artificial/,Create_AI
78,aibits,"How upskilling in Data Science can help fresh college grads land lucrative jobs in Uber, Mercedes Benz and other top companies. ",1566860234.0,1566831434.0,/r/Create_AI/comments/cvp5zi/how_upskilling_in_data_science_can_help_fresh/,Create_AI
79,aibits,My Journey To Getting A Data Science Job As A Fresher — Part 1: The Struggle. ,1566860134.0,1566831334.0,/r/Create_AI/comments/cvp597/my_journey_to_getting_a_data_science_job_as_a/,Create_AI
80,aibits,Video: PCI Express 6.0 Specification to Reach 64 GigaTransfers/sec. ,1566860091.0,1566831291.0,/r/Create_AI/comments/cvp4yf/video_pci_express_60_specification_to_reach_64/,Create_AI
81,aibits,"Self-driving cars will only last four years, Ford says. ",1566856926.0,1566828126.0,/r/SelfDrivingCars/comments/cvohpj/selfdriving_cars_will_only_last_four_years_ford/,SelfDrivingCars
82,aibits,Why Big Data is a bigger deal than venture capital in the artificial intelligence game. ,1566597029.0,1566568229.0,/r/Create_AI/comments/cue62o/why_big_data_is_a_bigger_deal_than_venture/,Create_AI
83,aibits,Andrew Ng establishes new headquarters for AI companies in Medellin. ,1566596972.0,1566568172.0,/r/Create_AI/comments/cue5mh/andrew_ng_establishes_new_headquarters_for_ai/,Create_AI
84,aibits,Choosing the right chip foundation for AI-optimized hardware. ,1566596826.0,1566568026.0,/r/Create_AI/comments/cue4hz/choosing_the_right_chip_foundation_for/,Create_AI
85,aibits,"Molecula Raises $6M to Help Companies Process Data 1,000 Times Faster. ",1566596763.0,1566567963.0,/r/Create_AI/comments/cue3yg/molecula_raises_6m_to_help_companies_process_data/,Create_AI
86,aibits,AWS announces general availability of Amazon Forecast to enable developers to build applications with the same machine learning technology used by Amazon.com. ,1566596705.0,1566567905.0,/r/Create_AI/comments/cue3m1/aws_announces_general_availability_of_amazon/,Create_AI
87,aibits,Waymo Opens Self-Driving Dataset to Researchers. ,1566596587.0,1566567787.0,/r/Create_AI/comments/cue2rw/waymo_opens_selfdriving_dataset_to_researchers/,Create_AI
88,aibits,Computer power opens doors for AI and machine learning – a NVIDIA research scientist explains. ,1566596522.0,1566567722.0,/r/Create_AI/comments/cue2cn/computer_power_opens_doors_for_ai_and_machine/,Create_AI
89,aibits,DeepMind Co-Founder Mustafa Suleyman Placed on Leave. ,1566596393.0,1566567593.0,/r/Create_AI/comments/cue1cq/deepmind_cofounder_mustafa_suleyman_placed_on/,Create_AI
90,aibits,"KBR, AWS, NASA collaborated to stage a “DeepRacer”. ",1566580017.0,1566551217.0,/r/SelfDrivingCars/comments/cubaok/kbr_aws_nasa_collaborated_to_stage_a_deepracer/,SelfDrivingCars
91,aibits,CARMERA builds HD maps for autonomous vehicles in Brooklyn. ,1566426725.0,1566397925.0,/r/SelfDrivingCars/comments/cthojf/carmera_builds_hd_maps_for_autonomous_vehicles_in/,SelfDrivingCars
92,aibits,Future of data science: 5 factors shaping the field. ,1566423964.0,1566395164.0,/r/Futurology/comments/cth32p/future_of_data_science_5_factors_shaping_the_field/,Futurology
93,aibits,Future of data science: 5 factors shaping the field. ,1566411633.0,1566382833.0,/r/Create_AI/comments/cteuxy/future_of_data_science_5_factors_shaping_the_field/,Create_AI
94,aibits,Intel catches AI bug at Hot Chips Conference with Nervana chip. ,1566411597.0,1566382797.0,/r/Create_AI/comments/cteurl/intel_catches_ai_bug_at_hot_chips_conference_with/,Create_AI
95,aibits,Performance Analysis and Comparison of AI Algorithms in 2019. ,1566411531.0,1566382731.0,/r/Create_AI/comments/cteudg/performance_analysis_and_comparison_of_ai/,Create_AI
96,aibits,Databricks launches AutoML Toolkit for model building and deployment. ,1566411500.0,1566382700.0,/r/Create_AI/comments/cteu6h/databricks_launches_automl_toolkit_for_model/,Create_AI
97,aibits,Unlocking the Future of EV’s with Ultra-Fast Charging and Artificial Intelligence. ,1566411475.0,1566382675.0,/r/Create_AI/comments/cteu0z/unlocking_the_future_of_evs_with_ultrafast/,Create_AI
98,aibits,3 GAN use cases that showcase their positive potential. ,1566411451.0,1566382651.0,/r/Create_AI/comments/ctetwi/3_gan_use_cases_that_showcase_their_positive/,Create_AI
99,aibits,Artificial Intelligence Startup H2O.ai secures $72.5 million to accelerate growth. ,1566411424.0,1566382624.0,/r/Create_AI/comments/ctetqk/artificial_intelligence_startup_h2oai_secures_725/,Create_AI
100,aibits,Innovative Deep Learning Solution for Face Detection Developed by AI Company Sightcorp. ,1566335689.0,1566306889.0,/r/Create_AI/comments/csymlu/innovative_deep_learning_solution_for_face/,Create_AI
101,aibits,Should Engineer.Ai Be Blamed For Exaggerated Claims?. ,1566335648.0,1566306848.0,/r/Create_AI/comments/csym8p/should_engineerai_be_blamed_for_exaggerated_claims/,Create_AI
102,aibits,UMD Hosts 4th Annual Machine Learning Bootcamp and Workshop. ,1566335595.0,1566306795.0,/r/Create_AI/comments/csylsk/umd_hosts_4th_annual_machine_learning_bootcamp/,Create_AI
103,aibits,MIPT and HUAWEI started cooperation in the field of artificial intelligence. ,1566335555.0,1566306755.0,/r/Create_AI/comments/csylf0/mipt_and_huawei_started_cooperation_in_the_field/,Create_AI
104,aibits,"To Power A.I., Start-Up Creates a Giant Computer Chip. ",1566335517.0,1566306717.0,/r/Create_AI/comments/csyl1e/to_power_ai_startup_creates_a_giant_computer_chip/,Create_AI
105,aibits,"Intel Deep Dives on Nervana NNP-T: 27 Billion Transistors, 32GB of HBM2 Packed on 688mm-Squared Die. ",1566335441.0,1566306641.0,/r/Create_AI/comments/csykcf/intel_deep_dives_on_nervana_nnpt_27_billion/,Create_AI
106,aibits,Apple’s former Siri leader takes up new AI role at Microsoft. ,1566335351.0,1566306551.0,/r/Create_AI/comments/csyjfe/apples_former_siri_leader_takes_up_new_ai_role_at/,Create_AI
107,aibits,PHDA and Amazon Web Services team up in machine learning healthcare sponsorship. ,1566335279.0,1566306479.0,/r/Create_AI/comments/csyiqj/phda_and_amazon_web_services_team_up_in_machine/,Create_AI
108,aibits,This hand-tracking algorithm could lead to sign language recognition. ,1566335234.0,1566306434.0,/r/Create_AI/comments/csyicb/this_handtracking_algorithm_could_lead_to_sign/,Create_AI
109,aibits,Coming soon to Netflix: Movie trailers crafted by Artificial Intelligence. ,1566335169.0,1566306369.0,/r/Create_AI/comments/csyhs3/coming_soon_to_netflix_movie_trailers_crafted_by/,Create_AI
110,aibits,"Despite Chinese Efforts, the U.S. Still Leads in AI. ",1566335066.0,1566306266.0,/r/Create_AI/comments/csygs6/despite_chinese_efforts_the_us_still_leads_in_ai/,Create_AI
111,aibits,Pleora and Lemay.ai join forces to deliver enhanced real-time imaging applications. ,1566334863.0,1566306063.0,/r/Create_AI/comments/csyezt/pleora_and_lemayai_join_forces_to_deliver/,Create_AI
112,aibits,"Center for Data Innovation: U.S. leads AI race, with China closing fast and EU lagging. ",1566252959.0,1566224159.0,/r/Create_AI/comments/cshnxx/center_for_data_innovation_us_leads_ai_race_with/,Create_AI
113,aibits,Made You Look: How Folks Are Fooling Facial Recognition. ,1566252923.0,1566224123.0,/r/Create_AI/comments/cshnp7/made_you_look_how_folks_are_fooling_facial/,Create_AI
114,aibits,AI-Driven Or Sham? App Development Startup Engineer.ai Accused Of Exaggerating Its AI Tech. ,1566250989.0,1566222189.0,/r/Create_AI/comments/csh9cr/aidriven_or_sham_app_development_startup/,Create_AI
115,aibits,New consortium aims to make Bengaluru hub for industrial AI. ,1566250962.0,1566222162.0,/r/Create_AI/comments/csh94r/new_consortium_aims_to_make_bengaluru_hub_for/,Create_AI
116,aibits,An AI startup keeps mega-machines at peak performance. ,1566250937.0,1566222137.0,/r/Create_AI/comments/csh8wl/an_ai_startup_keeps_megamachines_at_peak/,Create_AI
117,aibits,Saudi’s Hazen.ai raises seven-figure seed to detect dangerous driving behavior through video analysis. ,1566250913.0,1566222113.0,/r/Create_AI/comments/csh8qa/saudis_hazenai_raises_sevenfigure_seed_to_detect/,Create_AI
118,aibits,Facial recognition is now rampant. The implications for our freedom are chilling. ,1566250886.0,1566222086.0,/r/Create_AI/comments/csh8hu/facial_recognition_is_now_rampant_the/,Create_AI
119,aibits,"NVIDIA DLSS was prematurely Enabled in F1, Resulting in Blurriness. ",1566250855.0,1566222055.0,/r/Create_AI/comments/csh8am/nvidia_dlss_was_prematurely_enabled_in_f1/,Create_AI
120,aibits,Waymo’s self-driving tech needs one big thing to succeed: More humans. ,1566250821.0,1566222021.0,/r/Create_AI/comments/csh82i/waymos_selfdriving_tech_needs_one_big_thing_to/,Create_AI
121,aibits,"DeepPiCar - How to Build a Deep Learning, Self Driving Robotic Car on a Shoestring Budget. ",1565039740.0,1565010940.0,/r/SelfDrivingCars/comments/cmaua2/deeppicar_how_to_build_a_deep_learning_self/,SelfDrivingCars
122,aibits,The Need to Regulate Artificial Intelligence. ,1564505819.0,1564477019.0,/r/Create_AI/comments/cjp1i6/the_need_to_regulate_artificial_intelligence/,Create_AI
123,aibits,Berlin-based Brighter AI secures several million euros in funding to enable anonymised data processing in the cloud. ,1564505720.0,1564476920.0,/r/Create_AI/comments/cjp11u/berlinbased_brighter_ai_secures_several_million/,Create_AI
124,aibits,Julia Computing & MIT Introduce Differentiable Programming System Bridging AI and Science. ,1564505663.0,1564476863.0,/r/Create_AI/comments/cjp0sa/julia_computing_mit_introduce_differentiable/,Create_AI
125,aibits,"We’re ‘Sleepwalking’ On The Dangers Of Artificial Intelligence, Experts Warn. ",1564505627.0,1564476827.0,/r/Create_AI/comments/cjp0ly/were_sleepwalking_on_the_dangers_of_artificial/,Create_AI
126,aibits,"MIT AI: Chris Urmson: Self-Driving Cars at Aurora, Google, CMU, and DARPA on Apple Podcasts. ",1564456546.0,1564427746.0,/r/SelfDrivingCars/comments/cjfwqn/mit_ai_chris_urmson_selfdriving_cars_at_aurora/,SelfDrivingCars
127,aibits,What is facial recognition – and how sinister is it?. ,1564454563.0,1564425763.0,/r/Create_AI/comments/cjfg5d/what_is_facial_recognition_and_how_sinister_is_it/,Create_AI
128,aibits,Craigslist Founder Invests $5M In Former Facebook Exec’s Security Project. ,1564454526.0,1564425726.0,/r/Create_AI/comments/cjffsy/craigslist_founder_invests_5m_in_former_facebook/,Create_AI
129,aibits,10 Popular AutoML Tools Developers Can Use. ,1564454494.0,1564425694.0,/r/Create_AI/comments/cjffk5/10_popular_automl_tools_developers_can_use/,Create_AI
130,aibits,Never Bring a Human to a Machine Fight: Palo Alto Networks VP on the Future of CySec. ,1564436953.0,1564408153.0,/r/Create_AI/comments/cjbhj9/never_bring_a_human_to_a_machine_fight_palo_alto/,Create_AI
131,aibits,"Level 5 possible but ""way in the future"", says VW-Ford AV boss - motoring.com.au. ",1564434093.0,1564405293.0,/r/SelfDrivingCars/comments/cjaxw9/level_5_possible_but_way_in_the_future_says/,SelfDrivingCars
132,aibits,"The Car’s Camera Will Notify Authorities About Problems, Says Mobileye CEO. ",1564434028.0,1564405228.0,/r/SelfDrivingCars/comments/cjaxjh/the_cars_camera_will_notify_authorities_about/,SelfDrivingCars
133,aibits,Google’s DeepMind is training Waymo’s self-driving cars like StarCraft II bots. ,1564434004.0,1564405204.0,/r/SelfDrivingCars/comments/cjaxdg/googles_deepmind_is_training_waymos_selfdriving/,SelfDrivingCars
134,aibits,Keys to Get Tesla Revving? Navigating Battery and Self-Driving Tech. ,1564160319.0,1564131519.0,/r/teslamotors/comments/ci0g6d/keys_to_get_tesla_revving_navigating_battery_and/,teslamotors
135,aibits,What It Is Really Like Being Inside A Self-Driving Car On Our Public Roadways. ,1564159351.0,1564130551.0,/r/technology/comments/ci0byt/what_it_is_really_like_being_inside_a_selfdriving/,technology
136,aibits,"Alphabet’s Waymo, DeepMind Team For More Sophisticated Self-Driving Tech | PYMNTS.com. ",1564157456.0,1564128656.0,/r/SelfDrivingCars/comments/ci03rz/alphabets_waymo_deepmind_team_for_more/,SelfDrivingCars
137,aibits,What It Is Really Like Being Inside A Self-Driving Car On Our Public Roadways. ,1564157423.0,1564128623.0,/r/SelfDrivingCars/comments/ci03ms/what_it_is_really_like_being_inside_a_selfdriving/,SelfDrivingCars
138,aibits,Postmates’ self-driving delivery rover will see with Ouster’s lidar – TechCrunch. ,1564094619.0,1564065819.0,/r/technology/comments/cholee/postmates_selfdriving_delivery_rover_will_see/,technology
139,aibits,Florida Paving The Way For Companies To Test Autonomous Vehicle Tech. ,1564094569.0,1564065769.0,/r/SelfDrivingCars/comments/chol0g/florida_paving_the_way_for_companies_to_test/,SelfDrivingCars
140,aibits,Elon Musk’s AI project to replicate the human brain receives $1 billion from Microsoft. ,1563979225.0,1563950425.0,/r/Create_AI/comments/ch4l87/elon_musks_ai_project_to_replicate_the_human/,Create_AI
141,aibits,"AI’s third wave: Less science fiction, more focus on customer problems. ",1563979209.0,1563950409.0,/r/Create_AI/comments/ch4l5h/ais_third_wave_less_science_fiction_more_focus_on/,Create_AI
142,aibits,"Create_AI has been created.  Artificial Intelligence latest news, trends, research articles, code for machine learning, deep learning, data science specialists. Do you love AI, create AI or use AI every day? Join us!",1563974737.0,1563945937.0,/r/Create_AI/comments/ch3xgn/create_ai_has_been_created/,Create_AI
143,aibits,"""A picture is worth a thousand words""​ – Image Analytics and Digital Transformation Changing Industries. ",1563581739.0,1563552939.0,/r/computervision/comments/cf9ivs/a_picture_is_worth_a_thousand_words_image/,computervision
144,aibits,"How Lexus, one of the industry’s hybrid champions, is preparing for the 2020s. ",1563579906.0,1563551106.0,/r/electricvehicles/comments/cf958b/how_lexus_one_of_the_industrys_hybrid_champions/,electricvehicles
145,aibits,Fully autonomous cars won’t appear until after 2030?. ,1563579239.0,1563550439.0,/r/Futurology/comments/cf9052/fully_autonomous_cars_wont_appear_until_after_2030/,Futurology
146,aibits,Researchers Fool LiDAR with 3D-Printed Adversarial Objects. ,1563539023.0,1563510223.0,/r/SelfDrivingCars/comments/cf2ysx/researchers_fool_lidar_with_3dprinted_adversarial/,SelfDrivingCars
147,aibits,Apple patents steer-by-wire steering and suspension. ,1563495551.0,1563466751.0,/r/apple/comments/ceulgm/apple_patents_steerbywire_steering_and_suspension/,apple
148,aibits,Digesting Elon Musk's Full Self Driving Tweetstorm. ,1563494868.0,1563466068.0,/r/SelfDrivingCars/comments/ceufz4/digesting_elon_musks_full_self_driving_tweetstorm/,SelfDrivingCars
149,aibits,Digesting Elon Musk’s Full Self Driving Tweetstorm. ,1563494773.0,1563465973.0,/r/teslamotors/comments/ceufaw/digesting_elon_musks_full_self_driving_tweetstorm/,teslamotors
150,aibits,Does Waymo Really Have Self-Driving Cars Ready to Go?. ,1563474811.0,1563446011.0,/r/Futurology/comments/ceqrmn/does_waymo_really_have_selfdriving_cars_ready_to/,Futurology
151,aibits,Does Waymo Really Have Self-Driving Cars Ready to Go?. ,1563471790.0,1563442990.0,/r/technology/comments/ceqce8/does_waymo_really_have_selfdriving_cars_ready_to/,technology
152,aibits,Does Waymo Really Have Self-Driving Cars Ready to Go?. ,1563469297.0,1563440497.0,/r/cars/comments/ceq092/does_waymo_really_have_selfdriving_cars_ready_to/,cars
153,aibits,Toyota Begins Autonomous Driving Tests on Public Roads in Europe. ,1563455699.0,1563426899.0,/r/SelfDrivingCars/comments/ceo6tc/toyota_begins_autonomous_driving_tests_on_public/,SelfDrivingCars
154,aibits,"Lexus picks Brussels for self-driving tests because city is ""complex"". ",1563455044.0,1563426244.0,/r/SelfDrivingCars/comments/ceo38d/lexus_picks_brussels_for_selfdriving_tests/,SelfDrivingCars
155,aibits,How Alan Turing foresaw the era of artificial intelligence. ,1563452354.0,1563423554.0,/r/ArtificialInteligence/comments/ceno63/how_alan_turing_foresaw_the_era_of_artificial/,ArtificialInteligence
156,aibits,Bosch using cloud based machine learning to extend battery lives. ,1563452184.0,1563423384.0,/r/ArtificialInteligence/comments/cenn4t/bosch_using_cloud_based_machine_learning_to/,ArtificialInteligence
157,aibits,Uber unveils a conversational AI platform called Plato. ,1563452054.0,1563423254.0,/r/ArtificialInteligence/comments/cenmc7/uber_unveils_a_conversational_ai_platform_called/,ArtificialInteligence
158,aibits,Elon Musk’s Neuralink plans 2020 human test of brain-computer interface [Video]. ,1563452019.0,1563423219.0,/r/ArtificialInteligence/comments/cenm4s/elon_musks_neuralink_plans_2020_human_test_of/,ArtificialInteligence
159,aibits,Steven Globerman: Artificial Intelligence will kill jobs — and CREATE them. ,1562894111.0,1562865311.0,/r/ArtificialInteligence/comments/cbyb5w/steven_globerman_artificial_intelligence_will/,ArtificialInteligence
160,aibits,AI-Driven Neural Machine Translation Stealing the Show. ,1562894000.0,1562865200.0,/r/ArtificialInteligence/comments/cbya6w/aidriven_neural_machine_translation_stealing_the/,ArtificialInteligence
161,aibits,"Facebook’s Face-ID Database Could Be the Biggest in the World. Yes, It Should Worry Us.. ",1562893932.0,1562865132.0,/r/ArtificialInteligence/comments/cby9m9/facebooks_faceid_database_could_be_the_biggest_in/,ArtificialInteligence
162,aibits,"DARPA funds BAE Systems machine learning, AI research to revolutionize signals intelligence. ",1562893840.0,1562865040.0,/r/ArtificialInteligence/comments/cby8vt/darpa_funds_bae_systems_machine_learning_ai/,ArtificialInteligence
163,aibits,Startups love flaunting AI but the real challenge is scaling up. ,1562796708.0,1562767908.0,/r/ArtificialInteligence/comments/cbh75g/startups_love_flaunting_ai_but_the_real_challenge/,ArtificialInteligence
164,aibits,Top 5 programming languages for AI and machine learning you should learn this year. ,1562796675.0,1562767875.0,/r/ArtificialInteligence/comments/cbh6xg/top_5_programming_languages_for_ai_and_machine/,ArtificialInteligence
165,aibits,"“Smart” glass that can recognize images with AI, but without requiring any sensors or power sources. ",1562796623.0,1562767823.0,/r/ArtificialInteligence/comments/cbh6k5/smart_glass_that_can_recognize_images_with_ai_but/,ArtificialInteligence
166,aibits,Alibaba AI Beats Humans in Reading-Comprehension Test. ,1562720077.0,1562691277.0,/r/ArtificialInteligence/comments/cb3h38/alibaba_ai_beats_humans_in_readingcomprehension/,ArtificialInteligence
167,aibits,Deepfake AI: Researchers Have Finally Found A ‘Good’ Way To Use It. ,1562719991.0,1562691191.0,/r/ArtificialInteligence/comments/cb3gew/deepfake_ai_researchers_have_finally_found_a_good/,ArtificialInteligence
168,aibits,Artificial intelligence used to predict lightning strikes. ,1562632502.0,1562603702.0,/r/ArtificialInteligence/comments/canbyu/artificial_intelligence_used_to_predict_lightning/,ArtificialInteligence
1,aibits,"Hi,

based on my experience  - 

I found it very handy to start with these Udemy cources (10$ per course)

[https://www.udemy.com/machinelearning/](https://www.udemy.com/machinelearning/)

[https://www.udemy.com/deeplearning/](https://www.udemy.com/deeplearning/)

[https://www.udemy.com/artificial-intelligence-az/](https://www.udemy.com/artificial-intelligence-az/)

Their explanations are so cristal clear, so you will grasp all the concepts very fast 

and then get your hands dirty with the code.

&#x200B;

Then you will be able to dive deeper into the field, but you will do it with confidence.",1562625398.0,1562596598.0,/r/ArtificialInteligence/comments/ca0u7z/how_to_start/et9gvgb/,ArtificialInteligence
2,aibits,"Hi, just posted here a link that may be useful to you

[https://www.reddit.com/r/ArtificialInteligence/comments/ca6lih/how\_to\_learn\_ai\_programming\_from\_scratch\_guide/](https://www.reddit.com/r/ArtificialInteligence/comments/ca6lih/how_to_learn_ai_programming_from_scratch_guide/)",1562533529.0,1562504729.0,/r/ArtificialInteligence/comments/ca0u7z/how_to_start/et65x2j/,ArtificialInteligence
169,aibits,"How to Learn AI Programming from Scratch? (Guide).  **Link:**

[**https://howtocreateapps.com/learn-ai-programming/**](https://howtocreateapps.com/learn-ai-programming/) 

&#x200B;

**Table of Contents**  

[1 What is AI?](https://howtocreateapps.com/learn-ai-programming/#What_is_AI)  
[2 Are there any dangers with AI?](https://howtocreateapps.com/learn-ai-programming/#Are_there_any_dangers_with_AI)  
[3 What can AI do?](https://howtocreateapps.com/learn-ai-programming/#What_can_AI_do)

[3.1 Search the web faster](https://howtocreateapps.com/learn-ai-programming/#Search_the_web_faster)  
[3.2 Operate in deadly situations](https://howtocreateapps.com/learn-ai-programming/#Operate_in_deadly_situations)  
[3.3 Get a Ph.D. quickly](https://howtocreateapps.com/learn-ai-programming/#Get_a_PhD_quickly)  
[3.4 Translate in several languages](https://howtocreateapps.com/learn-ai-programming/#Translate_in_several_languages)  
[3.5 Produce an accurate medical diagnosis](https://howtocreateapps.com/learn-ai-programming/#Produce_an_accurate_medical_diagnosis)  
[4 What is AI programming?](https://howtocreateapps.com/learn-ai-programming/#What_is_AI_programming)  
[5 Which programming languages?](https://howtocreateapps.com/learn-ai-programming/#Which_programming_languages)  
[6 What kind of mindset do you need to have to be an AI developer?](https://howtocreateapps.com/learn-ai-programming/#What_kind_of_mindset_do_you_need_to_have_to_be_an_AI_developer)  
[7 What kind of AI tools are out there?](https://howtocreateapps.com/learn-ai-programming/#What_kind_of_AI_tools_are_out_there)[7.1 Torch](https://howtocreateapps.com/learn-ai-programming/#Torch)  
[7.2 Eclipse Deeplearning4j](https://howtocreateapps.com/learn-ai-programming/#Eclipse_Deeplearning4j)  
[7.3 Tensorflow](https://howtocreateapps.com/learn-ai-programming/#Tensorflow)  
[7.4 ai-one](https://howtocreateapps.com/learn-ai-programming/#ai-one)  
[7.5 Google APIs](https://howtocreateapps.com/learn-ai-programming/#Google_APIs)  
[7.6 IBM Watson](https://howtocreateapps.com/learn-ai-programming/#IBM_Watson)  
[7.7 Amazon Web Services](https://howtocreateapps.com/learn-ai-programming/#Amazon_Web_Services)  
[7.8 Theano](https://howtocreateapps.com/learn-ai-programming/#Theano)  
[7.9 Microsoft](https://howtocreateapps.com/learn-ai-programming/#Microsoft)  
[7.10 BigML](https://howtocreateapps.com/learn-ai-programming/#BigML)  
[8 Resources to Learn AI](https://howtocreateapps.com/learn-ai-programming/#Resources_to_Learn_AI)  
[9 Online AI Communities](https://howtocreateapps.com/learn-ai-programming/#Online_AI_Communities)  
[10 Simple AI Programs You Can Make as Beginner in AI](https://howtocreateapps.com/learn-ai-programming/#Simple_AI_Programs_You_Can_Make_as_Beginner_in_AI)  
[11 Last Words](https://howtocreateapps.com/learn-ai-programming/#Last_Words)",1562533383.0,1562504583.0,/r/ArtificialInteligence/comments/ca6lih/how_to_learn_ai_programming_from_scratch_guide/,ArtificialInteligence
170,aibits,AI Engineer Skills and Roles. How To Become an Artificial Intelligence Engineer? | Edureka. ,1561500601.0,1561471801.0,/r/ArtificialInteligence/comments/c5949v/ai_engineer_skills_and_roles_how_to_become_an/,ArtificialInteligence
171,aibits,Hackers are turning our AI security systems against us — but they can be stopped. ,1561498154.0,1561469354.0,/r/ArtificialInteligence/comments/c58kr7/hackers_are_turning_our_ai_security_systems/,ArtificialInteligence
172,aibits,Ready or Not: Artificial Intelligence and Corporate Legal Departments. [removed],1561496937.0,1561468137.0,/r/askscience/comments/c58bkx/ready_or_not_artificial_intelligence_and/,askscience
173,aibits,"Yay, for AI: Autonomous pizza-delivery robots. Nay for AI: Big Brother is real and it's powered by neural networks. ",1561384711.0,1561355911.0,/r/ArtificialInteligence/comments/c4j0ct/yay_for_ai_autonomous_pizzadelivery_robots_nay/,ArtificialInteligence
