,author,body,created,created_utc,permalink,subreddit
0,MitsubishiGalant,Amazing!,1574228973.0,1574200173.0,/r/SelfDrivingCars/comments/dy8seu/zoox_self_driving_car_navigating_around_tourists/f82xl93/,SelfDrivingCars
1,MitsubishiGalant,"Oh, but Amnon Shashua claims [here](https://youtu.be/GCMXXXmxG-I?t=221) that end-to-end learning won't work for production autonomous vehicles due to the massive data requirement.",1574155498.0,1574126698.0,/r/SelfDrivingCars/comments/dxxkl6/wayve_raises_20_million_to_give_autonomous_cars/f80dvgc/,SelfDrivingCars
2,MitsubishiGalant,What an ugly array of sensors,1571704920.0,1571676120.0,/r/SelfDrivingCars/comments/dkwnhs/two_types_of_zoox_test_vehicles_side_by_side/f4mahw0/,SelfDrivingCars
0,MitsubishiGalant,Automakers turn to optoelectronics for safety (article about lidar from 2001). ,1570098047.0,1570069247.0,/r/SelfDrivingCars/comments/dcklyv/automakers_turn_to_optoelectronics_for_safety/,SelfDrivingCars
1,MitsubishiGalant,Bloom Energy and Samsung Heavy Industries Team Up to Build Ships Powered by Solid Oxide Fuel Cells. ,1569507612.0,1569478812.0,/r/energy/comments/d9fqa0/bloom_energy_and_samsung_heavy_industries_team_up/,energy
3,MitsubishiGalant,oh ok,1569485033.0,1569456233.0,/r/SelfDrivingCars/comments/d8tal9/blickfeld_announces_memsbased_lidar_with_250m/f1fz2av/,SelfDrivingCars
4,MitsubishiGalant,"The difference is that batteries are used in a bunch of consumer electronics, whereas for lidar, not so much.",1569402121.0,1569373321.0,/r/SelfDrivingCars/comments/d8tal9/blickfeld_announces_memsbased_lidar_with_250m/f1d417q/,SelfDrivingCars
5,MitsubishiGalant,"Gas turbines are large, centralized and therefore less reliable, less efficient due to transmission/distribution losses, require a continuous supply of fresh water, and still emit criteria air pollutants.",1568708537.0,1568679737.0,/r/energy/comments/czu1db/why_are_elcogen_solid_oxide_fuel_cells_not_more/f0khqwj/,energy
6,MitsubishiGalant,">Mitsubishi became the first OEM to offer an adaptive cruise control system after equipping its 1995 Diamante sedan with a Preview Distance Control system, which introduced lidar in the front bumper and a miniature camera mounted in the rear-view mirror. It was able to sense when the distance to the vehicle ahead was closing and would automatically ease off the accelerator or make the transmission downshift to slow the car. Its limitation, however, was that it could not operate the brakes, so when the speed difference with the vehicle in front was too great, it had to resort to alerting the driver with audible and visual warnings.

From [https://www.autonomousvehicleinternational.com/features/adas-3.html](https://www.autonomousvehicleinternational.com/features/adas-3.html)",1568171505.0,1568142705.0,/r/SelfDrivingCars/comments/d1lmrn/series_production_consumer_vehicles_with_lidar/ezu0dr7/,SelfDrivingCars
7,MitsubishiGalant,"A lot of companies are using Bloom Energy Servers for on-site stationary power generation because it is cheaper than using the grid (within several years) in their respective areas, mostly in California and New York.

&#x200B;

A few examples: Adobe, Apple, eBay, Equinix, Google, Home Depot, Honda, IKEA, Wal-Mart, Yahoo!",1567769105.0,1567740305.0,/r/energy/comments/czu1db/why_are_elcogen_solid_oxide_fuel_cells_not_more/ez8dfzg/,energy
2,MitsubishiGalant,"Why are Elcogen solid oxide fuel cells not more popular?. [Elcogen](https://elcogen.com) is an anode-supported SOFC developer based in Estonia. They claim their cells have the highest electrical efficiency of any SOFC in the world, 74%. They claim other types of SOFCs such as those from Bloom Energy and Kyocera use outdated technology and are too expensive. I was wondering why Bloom Energy has so many customers compared to them. Why wouldn't everyone needing SOFC systems switch to Elcogen's?",1567675568.0,1567646768.0,/r/energy/comments/czu1db/why_are_elcogen_solid_oxide_fuel_cells_not_more/,energy
8,MitsubishiGalant,"> It’s always better to have multiple sensor modalities available.

Okay, so let's throw in 10 LiDAR sensors, 16 cameras, 4 radars, and 6 IR cameras onto a car. And 5 GPUs. Because more is ""always better"". Also, we shouldn't ever be driving small cars; they're too cheap and unsafe. We should only drive tanks. 

> Their figures only compare camera + lidar versus pure camera

What is the point of this kind of comparison? No car company is using only cameras for L3+ automation. Why not compare cameras + lidar vs. cameras + radar + sonar?",1565771120.0,1565742320.0,/r/SelfDrivingCars/comments/cpip39/is_elon_musk_wrong_about_lidar_we_compared_camera/ewtcv2z/,SelfDrivingCars
9,MitsubishiGalant,"https://youtu.be/fNgEG5rCav4?t=116

In this video, he says:
> [Elon]'s right [for calling lidar a crutch]. I believe that as well, and I don't believe that because I can't do it, because I'm happy to do that; it's just not where I think the actual value is coming from.",1565181738.0,1565152938.0,/r/SelfDrivingCars/comments/cmpxp9/elon_musk_anyone_relying_on_lidar_is_doomed/ew63oam/,SelfDrivingCars
10,MitsubishiGalant,It's a Zoox Toyota Highlander: https://www.businessinsider.com/photos-mystery-toyota-self-driving-car-stealth-paint-job-spotted-san-francisco-2017-9#we-got-a-better-look-at-the-vehicle-as-it-turned-left-perhaps-to-try-to-evade-us-6,1560815572.0,1560786772.0,/r/SelfDrivingCars/comments/c1nsh5/honda_selfdriving_car_ad/erel2dh/,SelfDrivingCars
11,MitsubishiGalant,"As a Camry driver, I wish the 508 and 308 were sold here in the US.",1494569792.0,1494540992.0,/r/cars/comments/6akzg3/are_there_car_enthusiasts_who_used_to_hate_the/dhfwdkr/,cars
12,MitsubishiGalant,Peugeot 508?,1494562864.0,1494534064.0,/r/cars/comments/6akzg3/are_there_car_enthusiasts_who_used_to_hate_the/dhfq89p/,cars
13,MitsubishiGalant,"Aside from Camry V6, Avalon, Lexuses, you mean?
",1494400315.0,1494371515.0,/r/cars/comments/6a35lx/what_car_do_you_hate_that_everyone_else_loves/dhcn8ey/,cars
3,MitsubishiGalant,Volkswagen Atlas ad. ,1491665783.0,1491636983.0,/r/cars/comments/645we2/volkswagen_atlas_ad/,cars
14,MitsubishiGalant,Remember that small overlap ratings can only meaningfully be compared with cars of similar weight.,1486016677.0,1485987877.0,/r/cars/comments/5rfln1/near_miss_two_allelectric_cars_fall_short_of/dd7js8a/,cars
15,MitsubishiGalant,"I did not notice the last sentence: ""New thread starters will be deleted.""

[Previous comments on Lexus LS 500 announcement](https://www.reddit.com/r/cars/comments/5n07ph/lexus_announces_allnew_2018_ls_500/)",1484038005.0,1484009205.0,/r/cars/comments/5mp5r1/the_naias_north_american_international_auto_show/dc7zc96/,cars
16,MitsubishiGalant,What's the point if you can only use it when the car's stationary...,1484034381.0,1484005581.0,/r/cars/comments/5n07ph/lexus_announces_allnew_2018_ls_500/dc7wko4/,cars
17,MitsubishiGalant,They didn't; they just said that it's not a premium brand.,1484029474.0,1484000674.0,/r/cars/comments/5mzcp3/mercedesbenz_overtakes_bmw_to_become_largest/dc7slqa/,cars
4,MitsubishiGalant,Lexus announces all-new 2018 LS 500. ,1484023432.0,1483994632.0,/r/cars/comments/5n07ph/lexus_announces_allnew_2018_ls_500/,cars
18,MitsubishiGalant,Can someone explain pls,1483585201.0,1483556401.0,/r/OldSchoolCool/comments/5lysfl/girl_with_early_car_seat_belt_ca_1950s/dbzx6cu/,OldSchoolCool
19,MitsubishiGalant,Fun fact: Tesla hired SAAB's safety engineers.,1481817448.0,1481788648.0,/r/cars/comments/5ic4lm/heres_why_the_tesla_model_x_is_an_awful_car_doug/db7yfwl/,cars
20,MitsubishiGalant,"The Toyota Camry comes in ""prestige"" and regular versions as well. North America/Australia get the regular version, while Asian countries get the [prestige version](https://upload.wikimedia.org/wikipedia/commons/f/fb/Toyota_Camry_Hybrid_%28front_side%29%2C_Karangasem.jpg).

",1481352711.0,1481323911.0,/r/cars/comments/5hedde/til_the_passat_vw_sells_in_the_us_is_not_the_same/db03k82/,cars
21,MitsubishiGalant,The TheFerrari,1480246944.0,1480218144.0,/r/cars/comments/5f1mgg/weathertech_makes_floormats_for_the_laferrari_and/dah5twt/,cars
22,MitsubishiGalant,Are you sure that wasn't the auto stop-start system?,1480224184.0,1480195384.0,/r/cars/comments/5f014l/what_do_you_think_are_the_most_underrated_new/dagr1co/,cars
23,MitsubishiGalant,http://www.iihs.org/iihs/ratings/vehicle/v/honda/hr-v-4-door-suv,1477286604.0,1477257804.0,/r/cars/comments/590n8d/the_honda_hrv_seems_almost_too_good_to_be_true/d94qk93/,cars
24,MitsubishiGalant,"What... How does this look even remotely dated?
",1477286429.0,1477257629.0,/r/cars/comments/58xlgb/what_exterior_andor_interior_car_design_from_the/d94qfni/,cars
25,MitsubishiGalant,'07 Civics,1477226361.0,1477197561.0,/r/cars/comments/58udhm/07_civic_sold_to_boyfriend_with_wrong_vin_turns/d93wq46/,cars
26,MitsubishiGalant,I see... I'll see how it goes. Thanks.,1476702717.0,1476673917.0,/r/cars/comments/57o0rh/experience_with_xyg_windshields/d8v8qe8/,cars
27,MitsubishiGalant,"Well, everybody else drives, so it's not like you can make much of an impact individually. It's good that alternatives such as BEVs and fuel cell EVs are emerging and when the price comes down, they will become more popular. Transportation only contributes to ~30% of all GHG emissions in the world. The global warming effect from GHG emissions of all the 1.5 billion cows in the world is more than the warming effect of all the cars in the world.",1476593974.0,1476565174.0,/r/cars/comments/57nyxj/in_all_honesty_does_anyone_else_just_not_care_at/d8thp3x/,cars
5,MitsubishiGalant,Experience with XYG windshields?. I recently got my windshield replaced and noticed that the replacement is not OEM labelled. The glazing label says XYG (Xinyi Glass). Does anyone have any experience with this brand for windshields?,1476593223.0,1476564423.0,/r/cars/comments/57o0rh/experience_with_xyg_windshields/,cars
28,MitsubishiGalant,"Hmmm... you're right that the oil change interval for the IS 200t and IS 350 is the same. A quick look at the IS 200t schedule and IS 350 schedule reveals that spark plugs need to be changed more often with the turbo (48,000 vs 72,000 miles). Not sure what other differences exist with the different Lexus models (maybe none?). Perhaps Toyota was a bit late in the market because they were working on making the maintenance schedules similar.",1476169715.0,1476140915.0,/r/cars/comments/56rmw1/whats_one_manufacturer_you_have_complete_respect/d8mjwnl/,cars
29,MitsubishiGalant,"> Where are all the forced induction engines for Lexus?

Maybe they avoided using turbocharged engines because they need maintenance more often?",1476164839.0,1476136039.0,/r/cars/comments/56rmw1/whats_one_manufacturer_you_have_complete_respect/d8mgfg6/,cars
30,MitsubishiGalant,"To be fair, automakers themselves use the term ""redesign"" when referring to a refresh/facelift. When a car is actually redesigned, then they will say ""all-new"" or ""completely redesigned.""",1475595178.0,1475566378.0,/r/cars/comments/55pys2/what_is_the_best_facelift_of_any_car_in_the_last/d8d9syt/,cars
31,MitsubishiGalant,This is not a facelift.,1475595025.0,1475566225.0,/r/cars/comments/55pys2/what_is_the_best_facelift_of_any_car_in_the_last/d8d9rbm/,cars
32,MitsubishiGalant,It's a Mitsubeeshi.,1474123201.0,1474094401.0,/r/todayilearned/comments/532s4b/til_a_swarm_of_20000_bees_once_followed_a_car_for/d7qasdm/,todayilearned
33,MitsubishiGalant,2010 Mercedes-Benz E350,1473938037.0,1473909237.0,/r/cars/comments/52trvn/what_is_the_best_looking_car_thats_under_15000/d7nd2ls/,cars
34,MitsubishiGalant,The CX-5 got an [Acceptable](http://www.iihs.org/iihs/ratings/vehicle/v/mazda/cx-5-4-door-suv) rating from the IIHS for ease of use of child seat anchors!,1473932379.0,1473903579.0,/r/AskReddit/comments/52qydk/what_is_a_seemingly_innocent_question_that_is/d7n9e2a/,AskReddit
35,MitsubishiGalant,[1990 Cadillac Allante](http://victoria.craigslist.ca/cto/5773719576.html) - CAD $5950,1473678201.0,1473649401.0,/r/cars/comments/526q6r/5k_usd_challenge_find_the_most_interesting_or/d7j3rtk/,cars
6,MitsubishiGalant,Instrument panel symbols. How come the symbols in the instrument panel of every car are the same? Who drew them?,1472830680.0,1472801880.0,/r/cars/comments/50s419/instrument_panel_symbols/,cars
36,MitsubishiGalant,Isuzu Impulse ad: https://www.youtube.com/watch?v=EIflYCx4x8E,1472715897.0,1472687097.0,/r/cars/comments/50hbqi/whats_your_favorite_car_commercial/d74q20w/,cars
37,MitsubishiGalant,"Mildly relevant:

Seatbelt defect in 3rd generation Toyota RAV4: http://news.gc.ca/web/article-en.do?nid=1034749",1472614327.0,1472585527.0,/r/cars/comments/50bhyq/friend_of_a_friend_got_into_a_mediumspeed/d73050d/,cars
38,MitsubishiGalant,Obviously Cutco knives are the best.,1472395177.0,1472366377.0,/r/AskReddit/comments/4zxirj/what_are_the_beats_headphones_of_your_hobby_what/d6zpkxc/,AskReddit
39,MitsubishiGalant,"Electric Evo XI... Could be a mini Model S, featuring cargo room and S-AWC.",1472359529.0,1472330729.0,/r/cars/comments/4zvhzc/what_is_the_best_car_never_made/d6z6w3v/,cars
40,MitsubishiGalant,So does a Mercedes-Benz S-class though.,1472307689.0,1472278889.0,/r/cars/comments/4z58co/what_is_the_worst_example_of_an_automaker/d6yjujy/,cars
41,MitsubishiGalant,"The new Honda Civic looks more expensive than it is.

The Lexus LX is more expensive than it seems.",1472303388.0,1472274588.0,/r/cars/comments/4zsgw8/what_cars_look_or_seem_expensive_to_ordinary/d6yi5s8/,cars
42,MitsubishiGalant,Looks exactly like a BMW.,1472303183.0,1472274383.0,/r/cars/comments/4zsgw8/what_cars_look_or_seem_expensive_to_ordinary/d6yi2jg/,cars
43,MitsubishiGalant,Or Toyota Previa.,1472302363.0,1472273563.0,/r/cars/comments/4zo3i0/4wd_vs_rwd_vs_awd_know_how_to_handle_your_junk/d6yhppd/,cars
44,MitsubishiGalant,Why would you leave Audi for Mitsubishi?,1471096743.0,1471067943.0,/r/mitsubishi/comments/4vprjv/confused_about_mistubishi_in_north_america/d6fm2iy/,mitsubishi
45,MitsubishiGalant,https://www.youtube.com/watch?v=inhT4LtGXFk,1471093980.0,1471065180.0,/r/cars/comments/4xdy9d/what_is_the_most_bullshit_car_ad_youve_ever_seen/d6fkx9g/,cars
46,MitsubishiGalant,But Europe,1468402679.0,1468373879.0,/r/cars/comments/4shehm/who_here_considers_themselves_an_enthusiast_but/d5a12c7/,cars
47,MitsubishiGalant,"Interesting. The manual and hood in my car both say that under normal conditions the coolant should last 100,000 miles. It doesn't say explicitly in the maintenance schedule to flush the coolant but it does say to inspect it every 15,000 miles.",1468402000.0,1468373200.0,/r/cars/comments/4sev65/how_long_does_a_radiator_last/d5a0ml1/,cars
7,MitsubishiGalant,"How long does a radiator last?. I recently needed to replace my radiator due to a coolant leak and was wondering how long they are supposed to last on average.

EDIT: It seems on here and the Internet that older cars had radiators that lasted the life of the vehicle, while newer models have radiators with a limited lifespan.",1468321052.0,1468292252.0,/r/cars/comments/4sev65/how_long_does_a_radiator_last/,cars
48,MitsubishiGalant,"1980s: Chrysler K cars
",1468237386.0,1468208586.0,/r/cars/comments/4s8y8z/for_each_decade_30s_present_what_is_your/d57glb7/,cars
49,MitsubishiGalant,We can fix that.,1468212173.0,1468183373.0,/r/AskReddit/comments/4s51el/whats_a_statistically_proven_fact_that_nobody/d571nh4/,AskReddit
50,MitsubishiGalant,"Honda CR-Z

Lexus IS 250",1468153595.0,1468124795.0,/r/cars/comments/4s3v9b/what_car_is_the_opposite_of_a_sleeper_what_looks/d56bl3q/,cars
51,MitsubishiGalant,Of course it can. Just down a very steep hill.,1468147360.0,1468118560.0,/r/cars/comments/4s210f/what_do_you_wish_more_people_knew_about_cars/d5689ax/,cars
52,MitsubishiGalant,That you should wear your seatbelts.,1468125265.0,1468096465.0,/r/cars/comments/4s210f/what_do_you_wish_more_people_knew_about_cars/d55vvak/,cars
53,MitsubishiGalant,"Some older designs that were released before the test was introduced also got a Good or Acceptable rating on the test later without design changes, such as:

* Chrysler Sebring/Dodge Avenger (2007/2008)
* Mitsubishi Lancer (2008)
* Suzuki Kizashi (2010)
* Volvo XC90 (2003)",1468122027.0,1468093227.0,/r/cars/comments/4rzk4v/how_can_two_cars_of_the_d3_platform_vehicles_be/d55tz1p/,cars
54,MitsubishiGalant,"It seems Toyota only cares about safety ratings, and not actual safety. They even call their own passive safety philosophy ""Global Outstanding Assessment,"" which emphasizes their focus on ratings. Also, they kept releasing cars that do poorly on the test (e.g.: Camry, Prius C, Prius V, RAV4, Lexus ES) and then modifying the design a few years later to do well on the test, after a bunch of cars have already been sold.",1468121379.0,1468092579.0,/r/cars/comments/4rzk4v/how_can_two_cars_of_the_d3_platform_vehicles_be/d55tl12/,cars
55,MitsubishiGalant,"Oh okay. I don't know then. On my paint pen, the clear coat is on the other side.",1464426744.0,1464397944.0,/r/Toyota/comments/4l9fsk/toyota_titanium_white_paint_match/d3mhjwk/,Toyota
56,MitsubishiGalant,Did you sand the paint and apply the clearcoat?,1464406541.0,1464377741.0,/r/Toyota/comments/4l9fsk/toyota_titanium_white_paint_match/d3m566o/,Toyota
57,MitsubishiGalant,The recall applies to the passenger dash airbag (not knee).,1464357656.0,1464328856.0,/r/cars/comments/4l8mon/toyota_camry_vs_lexus_es_airbag_inflators/d3lggvk/,cars
8,MitsubishiGalant,"Camry vs Lexus ES airbag inflators. The recent Takata recall has been expanded to cover the 2007-2011 Lexus ES in some areas. I found it strange that the 2007-2011 Toyota Camry was not included in the recall, since the ES is based on the Camry, and many other Toyota models were included in the recall (IS, Corolla, etc.). Does anyone know if the Camry and ES use different airbag inflators? Or if they use the same one and should be recalled? Thanks.",1464350606.0,1464321806.0,/r/Camry/comments/4l931k/camry_vs_lexus_es_airbag_inflators/,Camry
9,MitsubishiGalant,"Toyota Camry vs Lexus ES airbag inflators. The recent Takata recall has been [expanded](http://www.toyota.com/recall/takata#expandedTakataSafetyInfo) to cover the 2007-2011 Lexus ES in some areas. I found it strange that the 2007-2011 Toyota Camry was not included in the recall, since the ES is based on the Camry, and many other Toyota models were included in the recall (IS, Corolla, etc.). Does anyone know if the Camry and ES use different airbag inflators?",1464342108.0,1464313308.0,/r/cars/comments/4l8mon/toyota_camry_vs_lexus_es_airbag_inflators/,cars
60,MitsubishiGalant,I've always wondered what the purpose of those painted islands were,1464178875.0,1464150075.0,/r/subaru/comments/4kxad7/its_a_little_known_fact_that_the_stripped_area_is/d3iozqa/,subaru
10,MitsubishiGalant,"Possible recall expansion to 6th generation Camry?. The Takata airbag recall has recently expanded to cover the 2007-2011 Lexus ES. I was wondering if, since the ES is based on the Camry, it is possible that the 6th generation 2007-2011 Camry should also be recalled, or if it uses different airbag inflators.",1464178234.0,1464149434.0,/r/Toyota/comments/4kxvrw/possible_recall_expansion_to_6th_generation_camry/,Toyota
