,author,body,created,created_utc,permalink,subreddit
0,Cici_chel,"Nope, this is a newsletter, so it also covers the latest news:)",1573784879.0,1573756079.0,/r/SelfDrivingCars/comments/dw4r7g/talent_analysis_in_selfdriving_industry/f7ial3u/,SelfDrivingCars
0,Cici_chel,"Talent Analysis in Self-driving industry. This is some of Waymo engineers analysis, if you are interested, feel free to see the full analysis in the following link:

[https://mailchi.mp/61f97bd0d97d/deep-analysis-in-autonomous-driving-industry](https://mailchi.mp/61f97bd0d97d/deep-analysis-in-autonomous-driving-industry)

https://preview.redd.it/3z2mc9x75ly31.png?width=1584&format=png&auto=webp&s=4a184c62b0d0585079fe5df2244bd10767efda14

If you have any suggestions, please feel free to comment. Thank you:)",1573737605.0,1573708805.0,/r/SelfDrivingCars/comments/dw4r7g/talent_analysis_in_selfdriving_industry/,SelfDrivingCars
1,Cici_chel,"Yeah, some of the data are from LinkedIn, but we also have a large talent database to verify our analytical result.",1573612837.0,1573584037.0,/r/SelfDrivingCars/comments/duoil3/selfdriving_engineers_research_data/f7c47j2/,SelfDrivingCars
2,Cici_chel,Could you please shed some light on which parts of them are inaccurate so I can correct them? Thank you.,1573535734.0,1573506934.0,/r/SelfDrivingCars/comments/duoil3/selfdriving_engineers_research_data/f79fs4f/,SelfDrivingCars
3,Cici_chel,"Whoops, yeah, it is $1B, the original news says $581 million, but including all the stocks and cash, it should be $1 billion.",1573528375.0,1573499575.0,/r/SelfDrivingCars/comments/duoil3/selfdriving_engineers_research_data/f78x4cn/,SelfDrivingCars
4,Cici_chel,"Thanks for mentioning it, I will work on it.",1573528174.0,1573499374.0,/r/SelfDrivingCars/comments/duoil3/selfdriving_engineers_research_data/f78wlkc/,SelfDrivingCars
5,Cici_chel,"Actually it is 7 years and 7 months, sorry for the confusion, we will improve the format.",1573528147.0,1573499347.0,/r/SelfDrivingCars/comments/duoil3/selfdriving_engineers_research_data/f78wj1g/,SelfDrivingCars
6,Cici_chel,7 figure for which tier's engineer?,1573527993.0,1573499193.0,/r/SelfDrivingCars/comments/duoil3/selfdriving_engineers_research_data/f78w59n/,SelfDrivingCars
1,Cici_chel,"Self-driving engineers research data. Hi guys,

My company makes weekly newsletters about how talent flow, engineers background research, and many other interesting data in self-driving industry. Below is some of our analytical results. 

(Full newsletter link[https://mailchi.mp/29c36d37e09e/autonomous-industry-insights-12044669?e=\[UNIQID\]](https://mailchi.mp/29c36d37e09e/autonomous-industry-insights-12044669?e=[UNIQID]))

[Engineer backgroud research](https://preview.redd.it/2vbgwgzf50y31.png?width=1594&format=png&auto=webp&s=da2a2a81d19aadb71e8339cd79574aefc03adf65)

&#x200B;

We have a big dataset in this industry and are still improving the contents in our newsletter, if you guys have any suggestions about what you would like to know, please tell me, good suggestions will definitely be rewarded. Thank you guys so much in advance, hope this is not a bothering post:)

&#x200B;

&#x200B;

BTW, if you would like to know more about our analysis, pls send me messages. Thx!",1573483029.0,1573454229.0,/r/SelfDrivingCars/comments/duoil3/selfdriving_engineers_research_data/,SelfDrivingCars
