,author,body,created,created_utc,permalink,subreddit
0,lanettetwyman,Hackers can trick your Android to gain access. ,1574272674.0,1574243874.0,/r/hacking/comments/dyzze6/hackers_can_trick_your_android_to_gain_access/,hacking
1,lanettetwyman,Lynnwood gives church cold weather shelter two-year permit | HeraldNet.com. ,1574197967.0,1574169167.0,/r/weather/comments/dyk8p5/lynnwood_gives_church_cold_weather_shelter/,weather
2,lanettetwyman,"WWE star, Marine Montez Ford opens up on Veterans Day. ",1574109575.0,1574080775.0,/r/Ford/comments/dy2nys/wwe_star_marine_montez_ford_opens_up_on_veterans/,Ford
3,lanettetwyman,"Lars Ulrich: Metallica's S&M2 shows will be an ""opportunity for new discoveries"". ",1573844507.0,1573815707.0,/r/Metallica/comments/dwp8gf/lars_ulrich_metallicas_sm2_shows_will_be_an/,Metallica
4,lanettetwyman,LibreOffice on Ubuntu Nexus 7 and a Model M. ,1573667368.0,1573638568.0,/r/Nexus7/comments/dvpj0c/libreoffice_on_ubuntu_nexus_7_and_a_model_m/,Nexus7
5,lanettetwyman,Ebay and Amazon: 90% of UK online marketplace spend. ,1573511458.0,1573482658.0,/r/Ebay/comments/dut51p/ebay_and_amazon_90_of_uk_online_marketplace_spend/,Ebay
6,lanettetwyman,The tortured politics of the Super Bowl. ,1573510587.0,1573481787.0,/r/thesuperbowl/comments/dusyhp/the_tortured_politics_of_the_super_bowl/,thesuperbowl
0,lanettetwyman,true,1571778580.0,1571749780.0,/r/comics/comments/dlfwjf/treasure/f4q8smi/,comics
7,lanettetwyman,Romanticism’s Unruly Hero. ,1571690685.0,1571661885.0,/r/perl/comments/dl0071/romanticisms_unruly_hero/,perl
8,lanettetwyman,In The Shadow Of The Moon is a Netflix sci-fi misfire. ,1571163122.0,1571134322.0,/r/scifi/comments/di5sik/in_the_shadow_of_the_moon_is_a_netflix_scifi/,scifi
9,lanettetwyman,"Apple TV Updates Include Multiple User Profiles, PS4 and Xbox One Controller Compatibility & More. ",1569876972.0,1569848172.0,/r/appletv/comments/dbb5ge/apple_tv_updates_include_multiple_user_profiles/,appletv
10,lanettetwyman,Here's What Happens to Your Body When You Starve Yourself. ,1568825117.0,1568796317.0,/r/VegRecipes/comments/d5uvrq/heres_what_happens_to_your_body_when_you_starve/,VegRecipes
11,lanettetwyman,Terrible advice for female scientists | Dean Burnett | Science. ,1568753641.0,1568724841.0,/r/LadiesofScience/comments/d5gk7t/terrible_advice_for_female_scientists_dean/,LadiesofScience
12,lanettetwyman,Everything we know so far about HBO's 'Game of Thrones' prequel series. ,1568647860.0,1568619060.0,/r/HBOGameofThrones/comments/d4xcne/everything_we_know_so_far_about_hbos_game_of/,HBOGameofThrones
13,lanettetwyman,Steve Jobs wanted Sony VAIOs to run OS X. ,1568396465.0,1568367665.0,/r/osx/comments/d3mt64/steve_jobs_wanted_sony_vaios_to_run_os_x/,osx
14,lanettetwyman,"Home insurance rates in Massachusetts vary by $2,173 between the cheapest and most expensive providers. [https://www.gavop.com/b/home-insurance-rates-massachusetts-vary-2173-cm950/](https://www.gavop.com/b/home-insurance-rates-massachusetts-vary-2173-cm950/)",1568314863.0,1568286063.0,/r/massachusetts/comments/d367qz/home_insurance_rates_in_massachusetts_vary_by/,massachusetts
15,lanettetwyman,"Illegal immigrant raped Maryland girl, 16, at knifepoint in her bedroom, police say. ",1567618440.0,1567589640.0,/r/maryland/comments/czijsh/illegal_immigrant_raped_maryland_girl_16_at/,maryland
16,lanettetwyman,3D Printering: The Past And Future Of Prusa’s Slicer. ,1567542053.0,1567513253.0,/r/perl/comments/cz44i3/3d_printering_the_past_and_future_of_prusas_slicer/,perl
17,lanettetwyman,How to Invest in Self-Driving Car Stocks. ,1567194864.0,1567166064.0,/r/SelfDrivingCars/comments/cxfvbe/how_to_invest_in_selfdriving_car_stocks/,SelfDrivingCars
18,lanettetwyman,Amazon is developing a Lord of the Rings MMO. ,1567004137.0,1566975337.0,/r/lordoftherings/comments/cwh5i3/amazon_is_developing_a_lord_of_the_rings_mmo/,lordoftherings
19,lanettetwyman,Talk Talk Musicians Plan Mark Hollis Tribute Concert for London - Rolling Stone. ,1565280763.0,1565251963.0,/r/MusicNews/comments/cnio7m/talk_talk_musicians_plan_mark_hollis_tribute/,MusicNews
20,lanettetwyman,Demi Lovato out of rehab. ,1541701764.0,1541672964.0,/r/MusicNews/comments/9v8wc4/demi_lovato_out_of_rehab/,MusicNews
21,lanettetwyman,Floyd Mayweather and DJ Khaled Allegedly Sued in Cryptocurrency Scam. ,1541447857.0,1541419057.0,/r/galaxys4/comments/9ucwjy/floyd_mayweather_and_dj_khaled_allegedly_sued_in/,galaxys4
22,lanettetwyman,"More than 12,000 expected to practice yoga in Times Square. ",1498161791.0,1498132991.0,/r/yoga/comments/6it19b/more_than_12000_expected_to_practice_yoga_in/,yoga
23,lanettetwyman,Actor Ben Falcone And His Dad On The Funny Side Of Fatherhood. ,1497909210.0,1497880410.0,/r/funny/comments/6i6j4f/actor_ben_falcone_and_his_dad_on_the_funny_side/,funny
24,lanettetwyman,Patents: Home Automation Leader Crestron Invents a Smarter Smart Bulb. ,1497722062.0,1497693262.0,/r/homeautomation/comments/6hsmlm/patents_home_automation_leader_crestron_invents_a/,homeautomation
25,lanettetwyman,How AI And Machine Learning Are Helping Drive The GE Digital Transformation. ,1497386092.0,1497357292.0,/r/MachineLearning/comments/6gzklr/how_ai_and_machine_learning_are_helping_drive_the/,MachineLearning
26,lanettetwyman,What if several of the world’s biggest food crops failed at the same time?. ,1497302605.0,1497273805.0,/r/food/comments/6gs6hr/what_if_several_of_the_worlds_biggest_food_crops/,food
27,lanettetwyman,Sci-Fi Journey to support Hunterdon United Way. ,1496863740.0,1496834940.0,/r/scifi/comments/6fstcx/scifi_journey_to_support_hunterdon_united_way/,scifi
28,lanettetwyman,Trump's rule gets government back out of religion. ,1496524130.0,1496495330.0,/r/religion/comments/6f13rv/trumps_rule_gets_government_back_out_of_religion/,religion
29,lanettetwyman,Vietnam vet taught math to generations of Cumberland students. ,1496070525.0,1496041725.0,/r/math/comments/6dyv79/vietnam_vet_taught_math_to_generations_of/,math
30,lanettetwyman,Liftoff!: SpaceX Falcon 9 launches with bus-sized satellite. ,1494950715.0,1494921915.0,/r/spacex/comments/6bg6kn/liftoff_spacex_falcon_9_launches_with_bussized/,spacex
31,lanettetwyman,The Limit Does Not Exist: Robert J. Lang And The Math Of Origami. ,1493232471.0,1493203671.0,/r/origami/comments/67nc13/the_limit_does_not_exist_robert_j_lang_and_the/,origami
32,lanettetwyman,AMA becomes advisor to Omada Health in its rollout of a diabetes prevention program at Intermountain. ,1469723955.0,1469695155.0,/r/diabetes/comments/4uzpgp/ama_becomes_advisor_to_omada_health_in_its/,diabetes
