,author,body,created,created_utc,permalink,subreddit
0,inloveofSDCs,"Who does frequently come across self-driving cars and is willing to give me an interview?. Hello,

I am doing research on user acceptance of automated cars in Germany/Netherlands and would like to talk to people who have ben in touch with driverless/self-driving cars frequently. For example, those people living in the Silicon Valley and who have seen the Waymo or other types of automated cars. 

DM me for more information or leave a comment and I will get in touch with you.

Thanks,

Sina",1573709499.0,1573680699.0,/r/SelfDrivingCars/comments/dvyona/who_does_frequently_come_across_selfdriving_cars/,SelfDrivingCars
1,inloveofSDCs,"Who does frequently come across self-driving cars and is willing to give me an interview?. Hi,

I am working as researcher on the user acceptance of self-driving cars and I am interested in what people think about them who have frequent encounters with them. Anyone interested?

Thanks",1573167190.0,1573138390.0,/r/SelfDrivingCars/comments/dsysle/who_does_frequently_come_across_selfdriving_cars/,SelfDrivingCars
