,author,body,created,created_utc,permalink,subreddit
0,mosweis,"Real, new Innovations that are proven to make pets happy and safe! Interesting read",1568170013.0,1568141213.0,/r/Pets/comments/d2c896/8_products_to_keep_your_pets_safe_clean_and_happy/ezty2gv/,Pets
0,mosweis,"8 products to keep your pets safe, clean and happy. ",1568169967.0,1568141167.0,/r/Pets/comments/d2c896/8_products_to_keep_your_pets_safe_clean_and_happy/,Pets
1,mosweis,"8 products to keep your pets safe, clean and happy. ",1568169367.0,1568140567.0,/r/AdviceAnimals/comments/d2c2kt/8_products_to_keep_your_pets_safe_clean_and_happy/,AdviceAnimals
2,mosweis,Israeli startup set to shake up the clothing industry. ,1567078200.0,1567049400.0,/r/MaterialDesign/comments/cwvf4z/israeli_startup_set_to_shake_up_the_clothing/,MaterialDesign
3,mosweis,"An Interesting New, healthy, superfood emerging!. [removed]",1567065353.0,1567036553.0,/r/nutrition/comments/cwt0dn/an_interesting_new_healthy_superfood_emerging/,nutrition
4,mosweis,Novel immunotherapy may prevent brain metastases. ,1567064324.0,1567035524.0,/r/Health/comments/cwstc2/novel_immunotherapy_may_prevent_brain_metastases/,Health
5,mosweis,This tech helps self-driving cars see well in all weather. ,1566954060.0,1566925260.0,/r/Futurology/comments/cw79hc/this_tech_helps_selfdriving_cars_see_well_in_all/,Futurology
6,mosweis,This tech helps self-driving cars see well in all weather. ,1566953455.0,1566924655.0,/r/SelfDrivingCars/comments/cw74gu/this_tech_helps_selfdriving_cars_see_well_in_all/,SelfDrivingCars
7,mosweis,"Cat-shaped heels, anyone?. ",1565832163.0,1565803363.0,/r/streetwear/comments/cqct94/catshaped_heels_anyone/,streetwear
8,mosweis,"Cat-shaped heels, anyone?. ",1565831227.0,1565802427.0,/r/FashionReps/comments/cqclik/catshaped_heels_anyone/,FashionReps
9,mosweis,Cook up a batch of scrumptious halva in your own kitchen. ,1565787459.0,1565758659.0,/r/food/comments/cq4zj6/cook_up_a_batch_of_scrumptious_halva_in_your_own/,food
10,mosweis,This tech helps self-driving cars see well in all weather. ,1565786270.0,1565757470.0,/r/u_mosweis/comments/cq4sla/this_tech_helps_selfdriving_cars_see_well_in_all/,u_mosweis
11,mosweis,Find inspiration and hope with Syrian refugees in Greece. ,1565785471.0,1565756671.0,/r/europe/comments/cq4nta/find_inspiration_and_hope_with_syrian_refugees_in/,europe
12,mosweis,Four Israelis score big in windsurfing world championship. ,1565784306.0,1565755506.0,/r/windsurfing/comments/cq4gh6/four_israelis_score_big_in_windsurfing_world/,windsurfing
1,mosweis,"I’m not sure that it replaces biopsies as a whole, at least in the beginning. But would you agree that all technological advancements start with a small level of uncertainty and build from there? It’s certainly a step in the right direction towards early detection of cancer",1565737721.0,1565708921.0,/r/medical/comments/cpori7/revolutionary_blood_test_will_detect_stage_1_lung/ewrmhvk/,medical
13,mosweis,Israeli company plans to make insulin injections obsolete. ,1565704704.0,1565675904.0,/r/medical/comments/cpox1k/israeli_company_plans_to_make_insulin_injections/,medical
2,mosweis,Ain't nothing like Theranos! No False Claims!,1565703845.0,1565675045.0,/r/medical/comments/cpori7/revolutionary_blood_test_will_detect_stage_1_lung/ewqqrb8/,medical
14,mosweis,Revolutionary blood test will detect stage 1 lung cancer. ,1565703673.0,1565674873.0,/r/medical/comments/cpori7/revolutionary_blood_test_will_detect_stage_1_lung/,medical
15,mosweis,Revolutionary blood test will detect stage 1 lung cancer. ,1565702752.0,1565673952.0,/r/UpliftingNews/comments/cpomid/revolutionary_blood_test_will_detect_stage_1_lung/,UpliftingNews
16,mosweis,Israel-founded ClickSoftware acquired for $1.35 billion. ,1565702134.0,1565673334.0,/r/Israel2/comments/cpoj0h/israelfounded_clicksoftware_acquired_for_135/,Israel2
3,mosweis,Florida Man hits rock instead of speaking to it. Banned from club for life,1565663993.0,1565635193.0,/r/AskReddit/comments/cp9fbp/if_written_like_a_news_report_what_stories_from/ewp7m8b/,AskReddit
17,mosweis,[Red Notice]. [removed],1565590319.0,1565561519.0,/r/comicbooks/comments/cp37za/red_notice/,comicbooks
18,mosweis,Israeli Paramedics Train American EMTs in dealing with Mass Casualties. [removed],1565361192.0,1565332392.0,/r/Israel/comments/cnyhpq/israeli_paramedics_train_american_emts_in_dealing/,Israel
19,mosweis,Some of the best Hummus in the world. ,1564987211.0,1564958411.0,/r/food/comments/cm2pbq/some_of_the_best_hummus_in_the_world/,food
