,author,body,created,created_utc,permalink,subreddit
0,fightingowls,Aptiv and Hyundai Motor form self-driving joint venture valued at 4 billion. ,1569266264.0,1569237464.0,/r/SelfDrivingCars/comments/d853v8/aptiv_and_hyundai_motor_form_selfdriving_joint/,SelfDrivingCars
0,fightingowls,Storm Area 51,1569228933.0,1569200133.0,/r/AskReddit/comments/d7usa7/you_take_no_damage_for_24_hours_what_are_you/f16133p/,AskReddit
1,fightingowls,"As someone who doesn't love banana bread, 

Glass half empty: Why did you ruin cheesecake 

Glass half full: wow you greatly improved banana bread!",1567628298.0,1567599498.0,/r/food/comments/czfj8b/homemade_cheesecake_banana_bread/eyyrbw9/,food
1,fightingowls,"[I Ate] Brown Butter Lobster Roll in Portland, ME. ",1566772526.0,1566743726.0,/r/food/comments/cv98e3/i_ate_brown_butter_lobster_roll_in_portland_me/,food
2,fightingowls,/r/nocontext,1563327021.0,1563298221.0,/r/WTF/comments/cdsxxl/girl_drinks_full_glass_of_ranch/etxfhgm/,WTF
3,fightingowls,"Congress must have convinced him that they can't move ahead based purely on the report (even though it has sufficient detail). The American people need to hear it from him, and then hopefully we can move forward on actual hearings and impeachment.",1561543021.0,1561514221.0,/r/The_Mueller/comments/c5ipza/here_we_go_mueller_to_testify_on_july_17_2020/es257yj/,The_Mueller
4,fightingowls,"Can someone explain how she was flying through the air at that height when there were wights all around? I get that she could have snuck by them, but she's literally jumping at the NK at an angle that was above his head",1556537256.0,1556508456.0,/r/gameofthrones/comments/bij791/spoilers_i_could_hear_the_entire_world_hold_their/em16vw7/,gameofthrones
5,fightingowls,Let's not forget Klay here ,1554118112.0,1554089312.0,/r/nba/comments/b7ttr0/westbrook_launched_a_deep_airball_with_11_sec/ejuos6b/,nba
6,fightingowls,Digg,1545660939.0,1545632139.0,/r/AskReddit/comments/a8yt9f/what_perfectly_good_product_was_made_worse_when/ecfy9la/,AskReddit
7,fightingowls,"Nike:

*Delete this*",1545272296.0,1545243496.0,/r/nba/comments/a7hazy/jarrett_allen_blocks_the_king/ec4l7qi/,nba
8,fightingowls,"TRUMP, you ignorant slut ",1543724880.0,1543696080.0,/r/WhitePeopleTwitter/comments/a23xnx/goofy_moron/eavimn6/,WhitePeopleTwitter
9,fightingowls,Underrated comment,1536063124.0,1536034324.0,/r/marvelstudios/comments/9cpav4/nikes_copy_different_spokesman/e5cy0jf/,marvelstudios
10,fightingowls,Humanity's first reddit user ,1535289416.0,1535260616.0,/r/comics/comments/9abm5b/invention/e4ul822/,comics
11,fightingowls,Marry her,1524346290.0,1524317490.0,/r/FoodPorn/comments/8dul3q/my_wife_made_this_cheese_board_in_about_30_mins/dxqbltk/,FoodPorn
12,fightingowls,Dwayne Wade style ( ͡° ͜ʖ ͡°),1519907153.0,1519878353.0,/r/nba/comments/812hi7/harden_drops_johnson_then_hits_the_three/dv00sun/,nba
2,fightingowls,MIT is coming to bangkok this year with its global startup workshop!. ,1519907135.0,1519878335.0,/r/Bangkok/comments/812lk5/mit_is_coming_to_bangkok_this_year_with_its/,Bangkok
3,fightingowls,MIT is coming to Bangkok for this year's Global Startup Workshop!. ,1519906480.0,1519877680.0,/r/Thailand/comments/812je7/mit_is_coming_to_bangkok_for_this_years_global/,Thailand
13,fightingowls,Quality shitpost. Take your upvote,1519599955.0,1519571155.0,/r/Showerthoughts/comments/803mh0/what_if_stephen_hawking_is_the_real_slim_shady/dusyz2m/,Showerthoughts
14,fightingowls,I can't believe you've done this,1515107814.0,1515079014.0,/r/technology/comments/7nzpqb/intel_was_aware_of_the_chip_vulnerability_when/ds6hq0k/,technology
15,fightingowls,Did you have to testify in court? ,1514422126.0,1514393326.0,/r/AskReddit/comments/7mesvx/whats_the_most_fucked_up_thing_you_have_seen_a/drtmznx/,AskReddit
16,fightingowls,"Yeah I saw that after I submitted this. Insane, and yet the normal sliced bread is sold out!",1513590898.0,1513562098.0,/r/keto/comments/7khdq9/new_almond_flour_based_sliced_bread_with_only_1g/drej1hi/,keto
4,fightingowls,"New almond flour based sliced bread with only 1g net carbs per slice!. Has anyone tried this bread? Nutrition looks great, but no idea how it tastes. 

https://www.barelybread.com/breads/",1513583305.0,1513554505.0,/r/keto/comments/7khdq9/new_almond_flour_based_sliced_bread_with_only_1g/,keto
5,fightingowls,Has anyone bought from this company called Leather & Cotton?. [removed],1509651844.0,1509623044.0,/r/malefashionadvice/comments/7aaxll/has_anyone_bought_from_this_company_called/,malefashionadvice
17,fightingowls,Presidents. ,1506908469.0,1506879669.0,/r/AskReddit/comments/73leh7/what_are_we_not_in_the_golden_age_of/dnrhyji/,AskReddit
18,fightingowls,It really bothers me that the second carrot from the left is the only one partially cut off ,1503045977.0,1503017177.0,/r/FoodPorn/comments/6u9xfn/carrot_gradient_640x853/dls1ar5/,FoodPorn
19,fightingowls,"Jealousy. Especially when it is with someone close to them, it can really blind people and make them do/say things they normally wouldn't. ",1498358717.0,1498329917.0,/r/AskReddit/comments/6j88u0/what_always_brings_out_the_worst_in_people/djcm73k/,AskReddit
20,fightingowls,/r/titlegore ,1497558933.0,1497530133.0,/r/Dallas/comments/6ha17g/police_officer_strangers_pitch_in_to_buy/dixoul9/,Dallas
6,fightingowls,"Do the announcers seem oddly complimentary of the officiating?. I've never heard the announcers be so deliberately complimentary of the refs. It still seems like the Warriors aren't getting calls, but the announcers just keep ignoring that and commending them when they make a right call. 

After all the bad press for the refs from last game, I wouldn't be surprised if the announcers got a little push to make them look better.",1497347204.0,1497318404.0,/r/nba/comments/6gws3u/do_the_announcers_seem_oddly_complimentary_of_the/,nba
21,fightingowls,/r/jesuschristreddit ,1494330165.0,1494301365.0,/r/AskReddit/comments/6a0ib8/what_turns_you_on_but_are_too_scared_to_tell_your/dhbd0hh/,AskReddit
22,fightingowls,/r/jesuschristreddit ,1491328947.0,1491300147.0,/r/WTF/comments/639wfr/huntsman_spider_loses_patience/dft5fsu/,WTF
7,fightingowls,[I ate] Cookie Shot from Dominique Ansel Bakery in NYC. ,1490008259.0,1489979459.0,/r/food/comments/60e7oy/i_ate_cookie_shot_from_dominique_ansel_bakery_in/,food
23,fightingowls,Hey it's me your girlfriend,1489710174.0,1489681374.0,/r/seriouseats/comments/5zqw5z/chorizo_potato_and_green_chili_hash_made_for_my/df0eimx/,seriouseats
25,fightingowls,"I've been looking to get into hiking around Dallas. Sounds like a few people here are in, would be down to join!",1483420623.0,1483391823.0,/r/Dallas/comments/5li6op/21_male_just_quit_smoking_weed_and_am_looking_for/dbx12el/,Dallas
26,fightingowls,Do you like ants? Because that's how you get ants. ,1480742142.0,1480713342.0,/r/AskReddit/comments/5g31lk/what_is_one_thing_you_wont_try_no_matter_how/dapp3no/,AskReddit
8,fightingowls,"I cracked my screen and affected the proximity sensor. Any way to fix it or just turn the sensor off?. The crack makes the proximity sensor think there's always something close to it, so as soon as I make a call the screen goes black and I can't get it to turn on during the call. I enabled hanging up the call with the power button, but I need a better solution that lets me use the screen while making the call. ",1479941932.0,1479913132.0,/r/nexus5x/comments/5ehoqa/i_cracked_my_screen_and_affected_the_proximity/,nexus5x
28,fightingowls,Where did you order it from?,1476711618.0,1476682818.0,/r/FoodPorn/comments/57u327/finally_cut_into_my_mail_ordered_iberico/d8vdnt1/,FoodPorn
29,fightingowls,"Mudsmith in Lower Greenville is great with seating and outlets, also open pretty late. Wild Detectives has the best atmosphere and is great to study at. Houndstooth is also great and has the best cup of coffee in Dallas IMO, but a bit tough with outlets when you're working. ",1475784598.0,1475755798.0,/r/Dallas/comments/5647x6/good_coffee_shop_to_study_at/d8gbl0e/,Dallas
30,fightingowls,I use it all the time. It's fantastic and with a pretty minimal fee (the exchange rate is lower than what you would get from your bank by a couple of shillings). It's essentially instantaneous which has gotten me out of a bind a number of times if I don't have enough cash!,1475781879.0,1475753079.0,/r/Kenya/comments/564iec/sendwave/d8gahtc/,Kenya
31,fightingowls,"I think you mean moral barometer, what's a moral compass? ",1474142795.0,1474113995.0,/r/atheism/comments/532i8x/muslim_man_who_bashed_gay_couple_over_their_heads/d7qg84z/,atheism
33,fightingowls,"Screw that. Switch to Android and the 3.5mm jack lives on!

RIP Harambe.",1473365395.0,1473336595.0,/r/funny/comments/51q834/my_tribute_to_the_death_of_two_greats_harambe_and/d7e2nbt/,funny
34,fightingowls,TIL sports psych is a field of study,1472349401.0,1472320601.0,/r/nba/comments/4zs3cq/kobe_bryant_says_a_real_competitor_would_welcome/d6z0lk4/,nba
9,fightingowls,"When you're friends with a girl, you consider a relationship as the next level. When you're in a relationship, you consider being like friends as the aspiration.. ",1470248800.0,1470220000.0,/r/Showerthoughts/comments/4vxtwe/when_youre_friends_with_a_girl_you_consider_a/,Showerthoughts
35,fightingowls,Rekd,1469484704.0,1469455904.0,/r/nba/comments/4ufet1/i_just_learned_that_in_the_last_two_years_russell/d5pz5ok/,nba
36,fightingowls,Could you share the recipe? ,1468204848.0,1468176048.0,/r/FoodPorn/comments/4s5cpz/chile_fried_shrimp_in_seosan_south_korea/d56wxhx/,FoodPorn
37,fightingowls,rekd,1465390028.0,1465361228.0,/r/aww/comments/4n1bf8/sharing_is_caring/d40hj86/,aww
38,fightingowls,"This looks delicious, what recipe did you use for the Piri Piri Chicken?",1465253434.0,1465224634.0,/r/FoodPorn/comments/4msxu0/pulled_pork_nachos_piri_piri_chicken_oc2181x2726/d3y3mwi/,FoodPorn
39,fightingowls,"Hi Unu, 

Between Donald Trump and Hillary Clinton, who will be the declared winner for the first three general election debates? 

Interested to see if Unu expects either one to get better over time so the winner changes as the debates go on. ",1464833338.0,1464804538.0,/r/IAmA/comments/4m24zv/i_am_an_artificial_hive_mind_called_unu_i/d3s0tbo/,IAmA
40,fightingowls,"WHAT DO YOU MEAN HE DON'T EAT NO MEAT?! It's OK, I make lamb. ",1464299966.0,1464271166.0,/r/funny/comments/4l48kh/know_where_to_draw_the_line/d3keuj5/,funny
41,fightingowls,"I remember them [a little differently](http://ep.yimg.com/ay/dragonballzcentral/mcfarlane-toys-halo-micro-ops-series-1-warthog-mongoose-small-mini-figure-8.jpg) from when I was a spartan...

",1464163570.0,1464134770.0,/r/aww/comments/4kvsbx/a_young_warthog/d3if36a/,aww
42,fightingowls,Scrubs? Automatic upvote,1463798544.0,1463769744.0,/r/funny/comments/4k94u8/scrubs_doing_the_dishes/d3d8wv9/,funny
43,fightingowls,Can you do an AMA? Sounds like you would have some great stories!,1463782236.0,1463753436.0,/r/Showerthoughts/comments/4k68a8/when_youre_a_kid_staying_up_late_makes_you_feel/d3cx5bs/,Showerthoughts
44,fightingowls,Anybody else wonder how the fuck we know this? Like how long did this scientist have to watch a beehive to figure this out? ,1461889306.0,1461860506.0,/r/todayilearned/comments/4gu7uu/til_honey_bees_that_return_to_the_hive_drunk_are/d2kukgj/,todayilearned
45,fightingowls,Jurassic Park 4: the Tyrannosaurus Press is coming to crush you,1460757720.0,1460728920.0,/r/videos/comments/4ewlln/crushing_cable_box_with_hydraulic_press/d23z5gv/,videos
10,fightingowls,Sarah Silverman's hilarious explanation for why she supports Sanders. ,1459288432.0,1459259632.0,/r/politics/comments/4cfie6/sarah_silvermans_hilarious_explanation_for_why/,politics
46,fightingowls,Ah I play at the Uptown LA Fitness on Haskell. I've been having trouble finding people to play with as well. If anybody is in the area I'm down to meet up!,1457679617.0,1457650817.0,/r/Dallas/comments/49vbiy/anyone_play_racquetball_at_la_fitness/d0vbusn/,Dallas
48,fightingowls,"To-peee-ka. Tooo-peeeee-kaaaaa. MY TOE'S HOT, PICK IT!",1450851815.0,1450823015.0,/r/AskReddit/comments/3xtwtv/what_is_a_cartoon_you_used_to_watch_as_a_kid_that/cy8a1w6/,AskReddit
11,fightingowls,How is Waze 4.0 still not released for Android?. ,1447203935.0,1447175135.0,/r/Android/comments/3sakhs/how_is_waze_40_still_not_released_for_android/,Android
49,fightingowls,"HOW CAN SHE SLAP 

[Source](https://www.youtube.com/watch?v=V4akMaeZ0-k)",1445221670.0,1445192870.0,/r/aww/comments/3p82bt/how_dare_you_touch_me/cw47lq1/,aww
50,fightingowls,*tasting,1444111032.0,1444082232.0,/r/food/comments/3nkuu5/i_made_chicago_deep_dish_pizza_in_an_8_cast_iron/cvpegzg/,food
12,fightingowls,"TIL the largest mall in the US is in the town King of Prussia, PA (Population: 19,936). ",1436574407.0,1436545607.0,/r/todayilearned/comments/3cta5v/til_the_largest_mall_in_the_us_is_in_the_town/,todayilearned
13,fightingowls,Why Are We Still Trying to Climb the Pyramid?. ,1396840886.0,1396812086.0,/r/Foodforthought/comments/22d4l0/why_are_we_still_trying_to_climb_the_pyramid/,Foodforthought
14,fightingowls,"Hey Reddit, I'm having dinner with Alexis Ohanian (co-founder of Reddit) tomorrow. What should I ask him?. [removed]",1393412949.0,1393384149.0,/r/AskReddit/comments/1yyeeg/hey_reddit_im_having_dinner_with_alexis_ohanian/,AskReddit
51,fightingowls,"The Following! Great plot, only one season out so it's easy to catch up, and it has Kevin Bacon in it!",1387967884.0,1387939084.0,/r/AskReddit/comments/1tnam3/what_is_the_most_underrated_tv_show_you_know_of/ce9mo19/,AskReddit
52,fightingowls,"""Do not disturb while eating"" ",1387967755.0,1387938955.0,/r/AskReddit/comments/1tncb2/if_you_had_your_own_warning_label_what_would_it/ce9mmoo/,AskReddit
53,fightingowls,"What gets dirtier the whiter it gets? 

A politician. 

iPhone 5!",1381813211.0,1381784411.0,/r/iphone/comments/1ofr2j/massive_case_giveaway_for_riphone/ccrob07/,iphone
54,fightingowls,The Eldest Series by Christopher Paolini! Incredible plot and writing. Read the first book called Eragon and see how you like it! Books get even better as they go in in my opinion.,1375833852.0,1375805052.0,/r/AskReddit/comments/1jtfjh/i_just_finished_reading_a_song_of_ice_and_fire/cbi3vso/,AskReddit
15,fightingowls,Support your local college team - Rice football in the Armed Forces Bowl today at 10:45 AM!. ,1356825135.0,1356796335.0,/r/houston/comments/15ml2b/support_your_local_college_team_rice_football_in/,houston
16,fightingowls,If Psy was in movies. ,1354238423.0,1354209623.0,/r/funny/comments/1402jp/if_psy_was_in_movies/,funny
55,fightingowls,I just became one a couple of weeks ago. Congrats! It's been a long road indeed.,1338493018.0,1338464218.0,/r/pics/comments/ud84p/well_reddit_it_took_some_time_but_it_was_worth_it/c4uhdw6/,pics
56,fightingowls,I can't believe I had to scroll this far down to find this,1338264070.0,1338235270.0,/r/funny/comments/u8la1/russian_school_graduates_2012/c4tczo2/,funny
57,fightingowls,That's just unfair. Absolutely amazing what some people can do ,1328584782.0,1328555982.0,/r/pics/comments/pd7qp/these_are_not_photographs_these_are_oil_paintings/c3ohmgn/,pics
17,fightingowls,Free 2012 Desk Calendar by Gravitec. ,1325144602.0,1325115802.0,/r/freebies/comments/nu7eu/free_2012_desk_calendar_by_gravitec/,freebies
58,fightingowls,"The internet has been a rapidly growing influence in politics over the past decade. In your opinion, what would be the best method for a community like reddit to reach out as a whole to politicians to communicate the group's concerns and such? ",1325144298.0,1325115498.0,/r/IAmA/comments/nu501/i_am_rob_zerban_challenger_to_rep_paul_ryan_rwi/c3bypq8/,IAmA
59,fightingowls,Can't wait for you to come to Rice for the graduation speech this year!,1325141987.0,1325113187.0,/r/IAmA/comments/ntsco/i_am_salman_khan_founder_of_khan_academyama/c3bycv9/,IAmA
60,fightingowls,Please good sir!,1324485416.0,1324456616.0,/r/RandomKindness/comments/nkzjp/offer_humble_indie_bundle_4_because_a_fellow/c39xd76/,RandomKindness
61,fightingowls,Gran Torino. This could work...,1324227061.0,1324198261.0,/r/AskReddit/comments/ngqpl/male_redditors_the_last_movie_you_just_watched_is/c39231j/,AskReddit
62,fightingowls,ಠ_ಠ,1322983533.0,1322954733.0,/r/WTF/comments/mysu1/oh_4chan_you_so_silly_nsfw_text/c350hpd/,WTF
63,fightingowls,"Approaching the ""overused"" stage...",1322410488.0,1322381688.0,/r/AskReddit/comments/mqo7s/reddit_can_you_help_me_to_get_a_blowjob/c332wey/,AskReddit
64,fightingowls,ಠ_ಠ,1322224765.0,1322195965.0,/r/WTF/comments/mojle/it_probably_took_30_minutes_to_type_that_status/c32kgpr/,WTF
65,fightingowls,Too soon,1321498526.0,1321469726.0,/r/AskReddit/comments/mecub/if_you_could_choose_one_thing_to_become_socially/c30aib0/,AskReddit
66,fightingowls,ಠ_ಠ,1320587254.0,1320558454.0,/r/WTF/comments/m1z5t/kick_him_out/c2xgi5h/,WTF
67,fightingowls,Brown '14! BSWB,1312451530.0,1312422730.0,/r/riceuniversity/comments/j8bv3/to_add_some_flair_to_this_subreddit_which_college/c29z7zu/,riceuniversity
68,fightingowls,I'm replying to this so I can come back and get the high res version later. Amazing shot!,1311720195.0,1311691395.0,/r/pics/comments/j04eh/up_at_sunrise_taking_my_favorite_photo/c281oxp/,pics
69,fightingowls,Anybody have a higher resolution version?,1311662775.0,1311633975.0,/r/reddit.com/comments/izff3/canyon/c27x1y0/,reddit.com
18,fightingowls,"Could someone fully explain the Murdoch scandal?. I've been fairly busy lately and haven't been keeping up with the news, and now it seems to be moving so quickly I can't catch up. Could someone explain to me how this all started, what it entails, how people like Rebekah Brooks are related etc. ",1310984090.0,1310955290.0,/r/AskReddit/comments/isfw3/could_someone_fully_explain_the_murdoch_scandal/,AskReddit
19,fightingowls,Great site gives away one licensed program daily for free!. ,1310035584.0,1310006784.0,/r/freebies/comments/iio5m/great_site_gives_away_one_licensed_program_daily/,freebies
70,fightingowls,I wonder what algorithm it uses to determine what the optimum way to draw it is because the order in which it chose seemed a bit random,1309906682.0,1309877882.0,/r/videos/comments/igs3i/sharpie_printer/c23q1ff/,videos
20,fightingowls,"After all the chatter/debate about Google+, what is your final opinion on it? . I think it really isn't like Facebook as people keep saying. It's features seem more oriented towards connecting people in real-time interactions as opposed to simply giving a way for people to socially communicate in general on their own time.
",1309401575.0,1309372775.0,/r/AskReddit/comments/icj9m/after_all_the_chatterdebate_about_google_what_is/,AskReddit
71,fightingowls,The worst is when it's both...,1309389998.0,1309361198.0,/r/funny/comments/iccud/every_remotely_attractive_female_lately/c22m1q9/,funny
72,fightingowls,"Visa > Pepsi, so push? ",1309172568.0,1309143768.0,/r/pics/comments/i9yqc/i_stood_there_for_hours/c2236d4/,pics
73,fightingowls,They're clearly appealing to the conservatives ,1308962202.0,1308933402.0,/r/pics/comments/i86lg/fox_news_has_a_new_tactic/c21nr6o/,pics
74,fightingowls,No the 15k loans are private loans the government loans aren't covering anywhere near the amount. Do you think it'll be worth it? ,1308829933.0,1308801133.0,/r/IAmA/comments/i6foq/iama_professional_done_with_school_and_working/c21d6h2/,IAmA
75,fightingowls,"What's wrong? It's authentic, fresh Chinese!",1308801757.0,1308772957.0,/r/funny/comments/i6hk4/think_ill_get_some_chinese_food_waitwhat/c21abai/,funny
76,fightingowls,"So I need some advice. This post really speaks to me because currently I'm facing the toughest decision of my life. I go to a top 15 school and was paying out of my pocket because I could afford it with financial aid. They cut my financial aid by over 75% because I no longer have a dependent sibling (because of her age) and now I have to decide between taking a loan for 15k a year for 3 more years or go to a state school that's obviously nowhere near the status of a top 15 school. 

Main argument right now is that the difference in the degree will pay off in the end, but I have to pay for a MBA a couple years after I graduate too. What do you think? ",1308801405.0,1308772605.0,/r/IAmA/comments/i6foq/iama_professional_done_with_school_and_working/c21a9r3/,IAmA
77,fightingowls,Just make sure Shrek isn't behind you,1308798349.0,1308769549.0,/r/pics/comments/i6fwn/thats_not_dodgy_at_all/c219vnz/,pics
78,fightingowls,How many years has it been since you graduated and what is the amount you've paid to get it back to its original amount? ,1308798315.0,1308769515.0,/r/IAmA/comments/i6foq/iama_professional_done_with_school_and_working/c219vi5/,IAmA
79,fightingowls,Remove the identification so we can safely comment on how idiotic these people are,1308628136.0,1308599336.0,/r/reddit.com/comments/i4kjv/is_stephen_hawking_even_that_smart_pic/c20ul6b/,reddit.com
80,fightingowls,I think it might be infected,1308627594.0,1308598794.0,/r/pics/comments/i4kqu/i_think_ill_have_what_shes_having/c20uip3/,pics
81,fightingowls,I started to reach out to tip it over when I realized...,1308627552.0,1308598752.0,/r/pics/comments/i4kr7/found_old_pack_of_plastic_cards_nailed_it_on_the/c20uiia/,pics
82,fightingowls,"2 girls brought their horses to the school and rode around it all day. At one point, they rode through a middle school P.E. class on them",1308627433.0,1308598633.0,/r/AskReddit/comments/i4ku2/what_is_the_best_highschool_prank_you_either_did/c20uhwc/,AskReddit
21,fightingowls,Coincidence? I think not. ,1308622073.0,1308593273.0,/r/pics/comments/i4igp/coincidence_i_think_not/,pics
83,fightingowls,"""It's as cold as arctanica in here!"" No I didn't misspell that...",1308363225.0,1308334425.0,/r/AskReddit/comments/i2ba9/what_are_the_funniest_things_you_have_heard/c20ayxy/,AskReddit
84,fightingowls,"And he huffed, and puffed, and bleeeewwww the house down",1308362976.0,1308334176.0,/r/pics/comments/i2bge/just_another_photo_of_a_tornado/c20axt5/,pics
85,fightingowls,[Relevant](http://www.youtube.com/watch?v=fajgdd708Ls),1308289571.0,1308260771.0,/r/pics/comments/i1abx/yo_dawg_i_heard_you_like_dunking/c204v4x/,pics
86,fightingowls,"I really want to try this, but there are just so many ways I can/will hurt myself...",1308277269.0,1308248469.0,/r/reddit.com/comments/i1ey7/like_a_boss/c2039ow/,reddit.com
87,fightingowls,I woke up at 5 in the morning to watch this in the days it started dying down because it was the only time they'd play it...such a great show,1308277053.0,1308248253.0,/r/pics/comments/i1f0g/i_miss_this_tv_show_on_cartoon_network/c2038n9/,pics
88,fightingowls,They're just milking their vacation time,1308276806.0,1308248006.0,/r/pics/comments/i1en9/unusual_scene/c2037j3/,pics
89,fightingowls,But who is the third kid?!,1308276589.0,1308247789.0,/r/pics/comments/i1egc/i_had_no_idea/c2036hv/,pics
90,fightingowls,I imagine this is what every person on the end of a conversation with Glenn Beck must constantly feel like,1308276050.0,1308247250.0,/r/funny/comments/i1e6e/no_no_im_still_listening/c20340t/,funny
91,fightingowls,"People need to stop jumping to conclusions. This genetic defect could very well just have been caused by a natural mutation rather than one caused by radiation. Being careful about the levels is good. Creating unwarranted hysteria is, however, not.",1308193589.0,1308164789.0,/r/worldnews/comments/hzv5n/rabbit_born_without_ears_near_fukushima_nuclear/c1zvo37/,worldnews
92,fightingowls,I was talking about the woman,1308190139.0,1308161339.0,/r/reddit.com/comments/i0gh5/people_like_this_make_me_sick/c1zv8io/,reddit.com
93,fightingowls,Please stop breathing my air. Please.,1308189825.0,1308161025.0,/r/reddit.com/comments/i0gh5/people_like_this_make_me_sick/c1zv74y/,reddit.com
94,fightingowls,Nintendo is exactly right. Adding Blu-ray makes the price way too high and seriously you can get a regular DVD player for as low as like $20 now. Hope this makes the overall price affordable for more people,1308189628.0,1308160828.0,/r/gaming/comments/i0gwf/wii_u_wont_play_dvds_or_blurays_again/c1zv684/,gaming
95,fightingowls,I think it might be a serial number...odd place to put it though,1308189423.0,1308160623.0,/r/pics/comments/i0h0x/at_this_point_i_think_theyre_just_using_the/c1zv5a5/,pics
96,fightingowls,This is quite disturbing,1308189285.0,1308160485.0,/r/pics/comments/i0h4u/sexy_bunny_goes_on_and_on_and_on/c1zv4ml/,pics
97,fightingowls,Basically anything by Russell Peters e.g. somebody gonna getta hurt real bad,1308182337.0,1308153537.0,/r/AskReddit/comments/i0dij/so_reddit_whats_your_favorite_comedy_quote/c1zub0a/,AskReddit
98,fightingowls,Stupid things annoyed me so much...,1308182188.0,1308153388.0,/r/gaming/comments/i0ckk/sad_fact/c1zuact/,gaming
99,fightingowls,Very narrow statement. I'd say something like bombing the regime in Libya would bring peace to the country wouldn't it?,1308182153.0,1308153353.0,/r/pics/comments/i0dl1/so_true/c1zua6w/,pics
100,fightingowls,What's the worst reaction you've ever gotten when you told someone the truth?,1308182063.0,1308153263.0,/r/IAmA/comments/i0dj0/iama_woman_who_left_my_husband_to_live_with_my/c1zu9sl/,IAmA
22,fightingowls,"Anyone know how much a person like Steve Jobs or Bill Gates directly gets for each product sold? . For example if someone buys an iPhone for $400, how much of that money goes directly to Steve Jobs? ",1307662995.0,1307634195.0,/r/reddit.com/comments/hvkye/anyone_know_how_much_a_person_like_steve_jobs_or/,reddit.com
101,fightingowls,MANBEARPIG!,1307061207.0,1307032407.0,/r/pics/comments/hpvwy/the_1_threat_to_america/c1xe4ht/,pics
102,fightingowls,"Some people say that although we perceive patients in mental hospitals as being completely devoid of understanding, they are actually more insightful because they see the world in such a black and white way. Is there anything you heard or saw these patients do that you feel like people in the ""regular world"" should do? ",1306982091.0,1306953291.0,/r/IAmA/comments/hp01p/iama_teenager_who_has_spent_time_in_a_mental/c1x7z29/,IAmA
103,fightingowls,"Of the few people alive in this world, one of them is Bill Fucking Murray!!",1306900360.0,1306871560.0,/r/AskReddit/comments/hnuph/what_celebrity_would_survive_a_zombie_outbreak/c1x15xf/,AskReddit
