,author,body,created,created_utc,permalink,subreddit
0,incredible-mee,Hi I'm interested. Can you send me a sample?,1574440526.0,1574411726.0,/r/slavelabour/comments/dzkzl2/offer_genealogist_i_will_make_your_family_tree_25/f8atxv4/,slavelabour
0,incredible-mee,Task failed successfully.. ,1573707017.0,1573678217.0,/r/memes/comments/dvy2bd/task_failed_successfully/,memes
1,incredible-mee,No there is a big dormitory where all the international students live together.,1573597229.0,1573568429.0,/r/cmu/comments/dvaaam/where_do_all_the_international_students_live/f7bgr50/,cmu
1,incredible-mee,God is watching us from above.. ,1573447156.0,1573418356.0,/r/WatchPeopleDieInside/comments/duh1ma/god_is_watching_us_from_above/,WatchPeopleDieInside
2,incredible-mee,">háţ thè fuçk iś gõińg on hęre

î hàvê nö fûçkïng ïdëà.",1573333777.0,1573304977.0,/r/memes/comments/dtstcs/mix_it_up_a_little/f6yzmql/,memes
3,incredible-mee,"Can't relate.

Introverts Assemble!!",1573322685.0,1573293885.0,/r/meirl/comments/dtpgq6/meirl/f6yrxwx/,meirl
4,incredible-mee,!remindme 70 days,1573092983.0,1573064183.0,/r/SelfDrivingCars/comments/dsder0/open_call_for_self_driving_car_engineers/f6ptx08/,SelfDrivingCars
2,incredible-mee,Fucking Windows Update.. ,1572380990.0,1572352190.0,/r/softwaregore/comments/dop3ie/fucking_windows_update/,softwaregore
5,incredible-mee,"Technically, ""Ape of culture""",1572190994.0,1572162194.0,/r/Damnthatsinteresting/comments/dnhsb4/everyone_hates_getting_wet/f5dzdua/,Damnthatsinteresting
6,incredible-mee,u/skierinut1,1571893272.0,1571864472.0,/r/SelfDrivingCars/comments/dm4icw/self_driving_uber_in_las_vegas/f4xcy7r/,SelfDrivingCars
3,incredible-mee,SELF DRIVING UBER IN LAS VEGAS. ,1571888568.0,1571859768.0,/r/SelfDrivingCars/comments/dm4icw/self_driving_uber_in_las_vegas/,SelfDrivingCars
7,incredible-mee,Got it.. THanks a lot..,1570155779.0,1570126979.0,/r/FREE/comments/dcuehy/giving_100x_nordvpn_premium_accounts/f2birdm/,FREE
8,incredible-mee,Available now?,1570155517.0,1570126717.0,/r/FREE/comments/dcuehy/giving_100x_nordvpn_premium_accounts/f2bi2hy/,FREE
4,incredible-mee,Gotta cross the road!!. ,1570061017.0,1570032217.0,/r/Wellthatsucks/comments/dcc97h/gotta_cross_the_road/,Wellthatsucks
9,incredible-mee,https://www.youtube.com/playlist?list=PLpUPoM7Rgzi_7YWn14Va2FODh7LzADBSm Very good lecture series for beginners.,1570025567.0,1569996767.0,/r/computervision/comments/dc4jol/tutorials_on_slam/f267i98/,computervision
10,incredible-mee,RemindMe! 300 days,1569365044.0,1569336244.0,/r/GTA6/comments/d8bwiy/throwaway_for_obv_reasons/f1bjrdh/,GTA6
11,incredible-mee,"Use Stereo camera , you can accurately measure the distance.",1568986741.0,1568957941.0,/r/computervision/comments/d6pbup/what_is_the_best_method_for_my_situation_to/f0v0nev/,computervision
12,incredible-mee,Murdered by coke!,1568678761.0,1568649961.0,/r/memes/comments/d52q1l/cokepepsi/f0j1p9i/,memes
13,incredible-mee,That's a lot of effort man!!,1568676280.0,1568647480.0,/r/memes/comments/d4zbf8/took_a_long_while_to_make/f0ivfs3/,memes
5,incredible-mee,This is a table fan from 1845. It still works fine without electricity!!. ,1568569554.0,1568540754.0,/r/interestingasfuck/comments/d4igcu/this_is_a_table_fan_from_1845_it_still_works_fine/,interestingasfuck
14,incredible-mee,Use Securedrop. Safest among all the options mentioned above.,1568553756.0,1568524956.0,/r/india/comments/d4e7xq/first_time_whistle_blower/f0bbqna/,india
15,incredible-mee,What are you waiting for?,1568505464.0,1568476664.0,/r/softwaregore/comments/d45qds/i_love_playing_games_under_25mb/f087g7x/,softwaregore
16,incredible-mee,Me please!!,1568231136.0,1568202336.0,/r/FREE/comments/d2ot1s/giving_my_old_gta_v_account_pc/ezvygk0/,FREE
17,incredible-mee,u/vredditdownloader,1568213001.0,1568184201.0,/r/woof_irl/comments/d2euho/woof_irl/ezvm4lz/,woof_irl
18,incredible-mee,This might take,1568211694.0,1568182894.0,/r/softwaregore/comments/d2hz6q/hi_hi_hi_this_might_take_hi/ezvl6kv/,softwaregore
19,incredible-mee,Pm me with your profile I might be able to help you out.,1568148723.0,1568119923.0,/r/learnmachinelearning/comments/d25rb8/research_assistantship_positions_for_mldl_in/ezt36u1/,learnmachinelearning
20,incredible-mee,4K UHD Wide Screen Curved TV!!!,1567996186.0,1567967386.0,/r/woof_irl/comments/d1en5c/woof_irl/ezkvsso/,woof_irl
21,incredible-mee,Because you are dumb!!,1567995974.0,1567967174.0,/r/memes/comments/d1ent4/loading_screen_tips_be_like/ezkvbu9/,memes
22,incredible-mee,It's rewind time!!!,1567995922.0,1567967122.0,/r/memes/comments/d1enub/jesus_be_like/ezkv7vy/,memes
23,incredible-mee,Give Award!,1567995845.0,1567967045.0,/r/memes/comments/d1eofa/nice_but_which_ones_nicer/ezkv2a7/,memes
24,incredible-mee,"Sad news guys!!

https://twitter.com/cgbassa/status/1170070679250714624",1567830425.0,1567801625.0,/r/ISRO/comments/d01ux1/chandrayaan2_vikram_landing_attempt_updates_and/ezahlh3/,ISRO
25,incredible-mee,"Don't remind him, bro!!!",1567650030.0,1567621230.0,/r/india/comments/czjm6a/wish_immigration_was_always_like_this_t3_delhi/eyzmrko/,india
26,incredible-mee,Marry her!!,1567610439.0,1567581639.0,/r/Tinder/comments/cz9ipw/her_bio_read_its_a_bio_no_a_cv/eyydkos/,Tinder
27,incredible-mee,OP copied the video from the original source  [https://www.youtube.com/watch?v=1W9q5SjaJTc](https://www.youtube.com/watch?v=1W9q5SjaJTc),1567402585.0,1567373785.0,/r/learnmachinelearning/comments/cydu67/machine_learning_ride_in_selfdriving_car/eyro8aw/,learnmachinelearning
28,incredible-mee,It's a shame that OP copied the video from the original NVIDIA demo  [https://www.youtube.com/watch?v=1W9q5SjaJTc](https://www.youtube.com/watch?v=1W9q5SjaJTc),1567402526.0,1567373726.0,/r/computervision/comments/cydu0m/machine_learning_ride_in_selfdriving_car/eyro5jy/,computervision
29,incredible-mee,"while True:
     Eat same chapati.",1567079120.0,1567050320.0,/r/india/comments/cwioi0/this_genuinely_makes_me_sad_imagine_a_world/eyfknqw/,india
30,incredible-mee,This is such a wholesome conversation!!!,1566957613.0,1566928813.0,/r/bangalore/comments/cw62jj/how_to_get_a_social_life_in_bangalore_besides/ey8utrd/,bangalore
6,incredible-mee,Suggest free good resources ( eBook / Websites) for learning C++ large software designing practices.. [removed],1566875547.0,1566846747.0,/r/cpp/comments/cvsl77/suggest_free_good_resources_ebook_websites_for/,cpp
7,incredible-mee,"Suggest free good resources ( eBook / Websites) for learning C++ large software designing practices.. The caption pretty much explains my question.  Resources with latest C++11 features explained is preferable. 

Thanks in advance!!",1566874950.0,1566846150.0,/r/cpp_questions/comments/cvsgfx/suggest_free_good_resources_ebook_websites_for/,cpp_questions
8,incredible-mee,The cheapest treadmill.... ,1566746220.0,1566717420.0,/r/funny/comments/cv5iis/the_cheapest_treadmill/,funny
31,incredible-mee,Yeah ! you made the meme with mematic.,1566347288.0,1566318488.0,/r/memes/comments/ct1n6v/happens_me_more_than_it_should/exi0mxb/,memes
32,incredible-mee,Omg!! Best fucking thing I have seen today! Haha,1566330276.0,1566301476.0,/r/Wellthatsucks/comments/csx746/horsepower_medical_extraction/exhcxyx/,Wellthatsucks
33,incredible-mee,Watch BETTER CALL SAUL.,1566066173.0,1566037373.0,/r/breakingbad/comments/crihmg/post_series_depression_what_did_yall_do_to_help/ex626di/,breakingbad
34,incredible-mee,Ha,1565913103.0,1565884303.0,/r/RoastMe/comments/cqnpc4/destroy_me_reddit/ewyo9hm/,RoastMe
35,incredible-mee,r/oddlysatisfying,1565364274.0,1565335474.0,/r/Wellthatsucks/comments/cnsbxg/oh_thats_a_big_hive/ewes89m/,Wellthatsucks
36,incredible-mee,Head over to this sub r/learnmachinelearning mate..,1565192241.0,1565163441.0,/r/deeplearning/comments/cn25z2/new_to_deep_learning/ew6d0pb/,deeplearning
37,incredible-mee,Good bot,1564794725.0,1564765925.0,/r/screenshots/comments/cl2f1m/this_is_what_i_got_when_trying_to_search_area_51/evt9xo1/,screenshots
38,incredible-mee,That's really a cool library man. Great job !!!,1564023977.0,1563995177.0,/r/computervision/comments/ch9fc3/project_vidgear_fast_flexible_threaded_video/eurk7kx/,computervision
9,incredible-mee,"Whats your views?. Daimler and Bosch have reached a milestone on the way to automated driving: the two companies have now obtained approval from the relevant authorities in Baden-Württemberg for their automated parking system in the Mercedes-Benz Museum parking garage in Stuttgart.

The automated valet parking service is accessed via a smartphone app and requires no safety driver. This makes it the world’s first fully automated driverless SAE Level 4 parking function to be officially approved for everyday use.

https://mb4.me/AutomatedValetParking_fb

https://ww.facebook.com/story.php?story_fbid=10157407745551670",1563920233.0,1563891433.0,/r/SelfDrivingCars/comments/cgt5z6/whats_your_views/,SelfDrivingCars
10,incredible-mee,"A road trip through the outskirts of Bangalore, India on a foggy morning.. ",1563721082.0,1563692282.0,/r/roadtrip/comments/cfwbjt/a_road_trip_through_the_outskirts_of_bangalore/,roadtrip
39,incredible-mee,So tank water suppliers will also not be available?,1563569773.0,1563540973.0,/r/bangalore/comments/cf4rku/water_shutdown_in_bengaluru_on_july_21_and_22/eu7rhoe/,bangalore
11,incredible-mee,Here is a detailed analysis. The shit is getting real.. ,1563488807.0,1563460007.0,/r/Area51memes/comments/cet6ai/here_is_a_detailed_analysis_the_shit_is_getting/,Area51memes
40,incredible-mee,r/HistoryMemes,1563067843.0,1563039043.0,/r/findareddit/comments/ccot2z/whats_the_name_of_the_reddit_where_they_make/etow060/,findareddit
41,incredible-mee,I haven't used these two so no idea. But the names I mentioned are industry grade products used in actual self-driving cars and are pretty accurate.,1557880304.0,1557851504.0,/r/SelfDrivingCars/comments/bois9l/popular_sensor_options_on_current_self_driving/enhh2ot/,SelfDrivingCars
42,incredible-mee,"Answering your questions:

* GPS/GNSS --   SwiftNav Piksi 
* LiDAR -- Quanergy , Velodyne 
* Camera - Zed Vision
* IMU/INS ---( Integrated with Zed Vision)",1557872993.0,1557844193.0,/r/SelfDrivingCars/comments/bois9l/popular_sensor_options_on_current_self_driving/enh0cnz/,SelfDrivingCars
43,incredible-mee,He deleted himself also!!,1557855827.0,1557827027.0,/r/memes/comments/boesj8/my_computer_nearly_had_a_seizure_with_all_these/eng2ik6/,memes
44,incredible-mee,"Yes!! Surely. The Training curve reaches the maximum after some  epochs,  while the validation curve remains more or less constant. 

>There is a gap between the curves. This means that the model performs significantly better on the training data than on the validation data, which is the hallmark of an overfitting model. However, if you used a much larger training set, the two curves would continue to get closer.",1557842417.0,1557813617.0,/r/computervision/comments/boerfs/is_this_overfitting/enfddsk/,computervision
45,incredible-mee,U mean Ant??,1557688040.0,1557659240.0,/r/confessions/comments/bnntmk/i_just_ate_an_infant/en7f05n/,confessions
46,incredible-mee,Wholesome burger.,1557687999.0,1557659199.0,/r/funny/comments/bnntmr/im_so_hungry/en7eyb0/,funny
47,incredible-mee,use Github pages...it's free!!,1557670955.0,1557642155.0,/r/robotics/comments/bnfpnv/resume_question/en6vsbp/,robotics
12,incredible-mee,My Internet provider acts like a teenage girl.. ,1557400446.0,1557371646.0,/r/screenshots/comments/bmesgo/my_internet_provider_acts_like_a_teenage_girl/,screenshots
48,incredible-mee,CHARGE the phone buddy!!!,1556834213.0,1556805413.0,/r/ihavesex/comments/bjrbo2/a_great_text_i_received_from_my_roommate_knew_you/embexux/,ihavesex
49,incredible-mee,Take a look at this implementation.   [https://www.youtube.com/watch?v=SKXk6uB8348&feature=youtu.be](https://www.youtube.com/watch?v=SKXk6uB8348&feature=youtu.be)  .Though it is for multiple object tracking.,1553879380.0,1553850580.0,/r/computervision/comments/b6u1ms/handling_occlusions_in_video_for_detection_and/ejn895u/,computervision
50,incredible-mee,You should look at Kalman filter based object tracker.,1553873935.0,1553845135.0,/r/computervision/comments/b6u1ms/handling_occlusions_in_video_for_detection_and/ejn4ym4/,computervision
51,incredible-mee,Yeah rollercoaster seems to be more accurate. Thanks!!,1553868332.0,1553839532.0,/r/whatstheword/comments/b6tn69/whats_the_word_which_describes_extreme_ups_and/ejn13s0/,whatstheword
13,incredible-mee,What's the word which describes extreme ups and downs in ones life in a very short period of time?. ,1553868001.0,1553839201.0,/r/whatstheword/comments/b6tn69/whats_the_word_which_describes_extreme_ups_and/,whatstheword
52,incredible-mee,"Thanks a lot for your reply! But I found somewhere 

https://www.reddit.com/r/robotics/comments/904qmk/i_need_suggestions_for_ms_in_robotics_i_am/e2ptg52?utm_medium=android_app&utm_source=share

this which contradicts your statement. Can please take a look and tell me the actual situation? Because funding is a big issue for me. Thank you! ",1553443847.0,1553415047.0,/r/cmu/comments/b0hw6u/ms_robotics_vs_mcds/ej94yo0/,cmu
53,incredible-mee,Can you please clarify whether all MSR candidates at CMU are surely funded from the 1st semester itself?,1553382091.0,1553353291.0,/r/cmu/comments/b0hw6u/ms_robotics_vs_mcds/ej74t10/,cmu
54,incredible-mee,I also got my acceptance email yesterday.✌✌Best of luck to the other applicants.,1551365537.0,1551336737.0,/r/cmu/comments/asbfpc/cmu_riss_2019_thread/ehgjit7/,cmu
55,incredible-mee,Also do read the reference paper given at the end of the blog page.,1549839767.0,1549810967.0,/r/computervision/comments/ap3spm/rgbd_3d3d_vo_issue/eg5oil2/,computervision
56,incredible-mee,Thanks man!!,1549200585.0,1549171785.0,/r/MachineLearning/comments/amjiyj/d_growing_collection_of_deep_learning_machine/efn3ifp/,MachineLearning
57,incredible-mee,Cool!!,1549125852.0,1549097052.0,/r/computervision/comments/amb5zq/ascii_generator_image2text_image2image_and/efky1dt/,computervision
58,incredible-mee,"If you are looking for single object tracking, then other's have already answered. But if you are looking for multiple object tracking, take a look at this https://github.com/ZidanMusk/experimenting-with-sort/blob/master/README.md ",1547779937.0,1547751137.0,/r/computervision/comments/afuk9k/object_tracking/eeaj4g2/,computervision
59,incredible-mee,*Dick,1547609309.0,1547580509.0,/r/Tinder/comments/ag7nar/apologies_if_its_a_repost_it_madeth_me_laugh/ee53fhf/,Tinder
60,incredible-mee,There are far more pressing troubles in this chat😂😂,1547069725.0,1547040925.0,/r/Tinder/comments/ae488p/punless/edmrgo3/,Tinder
61,incredible-mee,True that!!😂😂,1547056285.0,1547027485.0,/r/Tinder/comments/ae488p/punless/edmgk27/,Tinder
62,incredible-mee,For the punch line only maan!!!,1547056171.0,1547027371.0,/r/Tinder/comments/ae488p/punless/edmghxy/,Tinder
63,incredible-mee,Haha😂,1547056059.0,1547027259.0,/r/Tinder/comments/ae488p/punless/edmgfs4/,Tinder
64,incredible-mee,This should be on r/watchpeopledeadinside ...😂😂,1547045537.0,1547016737.0,/r/WatchPeopleDieInside/comments/adzyqj/why_are_we_playing_this_game/edma13m/,WatchPeopleDieInside
14,incredible-mee,Pun-less 😶. ,1547045078.0,1547016278.0,/r/Tinder/comments/ae488p/punless/,Tinder
65,incredible-mee,LOL!! ALL OF YOU ARE BEING CONTROLLED BY NETFLIX!! 😈😈,1546057932.0,1546029132.0,/r/blackmirror/comments/aa9oym/almost_4_hours_after_release_and_i_think_i_have/ecr6r9v/,blackmirror
66,incredible-mee,'Kicker' might be the word.,1545871312.0,1545842512.0,/r/whatstheword/comments/a9ordy/wtw_another_word_for_plot_twist/eclebwn/,whatstheword
67,incredible-mee,Is OP's name actually Alex?? 😂😂,1545871082.0,1545842282.0,/r/Tinder/comments/a9oe3a/she_wins_this_round/ecle1hl/,Tinder
68,incredible-mee,F,1545574393.0,1545545593.0,/r/confessions/comments/a8keej/i_just_fell_asleep_while_jacking_off/ecdagiw/,confessions
69,incredible-mee,H a8,1545522954.0,1545494154.0,/r/darkjokes/comments/a8ioxo/as_we_landed_in_pakistan_the_pilot_announced/ecbq99g/,darkjokes
