,author,body,created,created_utc,permalink,subreddit
0,geewhizz90,Can anyone speak to this brand?,1573910358.0,1573881558.0,/r/triathlon/comments/dwwrpv/official_black_fridaycyber_monday_thread/f7n2arx/,triathlon
0,geewhizz90,Saw this red rocket on the way home today. ,1573799546.0,1573770746.0,/r/mildlyinteresting/comments/dwh32h/saw_this_red_rocket_on_the_way_home_today/,mildlyinteresting
1,geewhizz90,This is how I feel when I swim laps. I have to stop because I get freaked out.,1572254930.0,1572226130.0,/r/NoStupidQuestions/comments/dnta3x/anybody_else_randomly_get_flashes_of_hyperrealism/f5jeaeh/,NoStupidQuestions
1,geewhizz90,Serious question. How do you not poop your pants on long runs?. [removed],1572078525.0,1572049725.0,/r/running/comments/dn6gan/serious_question_how_do_you_not_poop_your_pants/,running
2,geewhizz90,You seen my downstairs mix up,1571794531.0,1571765731.0,/r/AskReddit/comments/dll2vs/what_are_some_classic_clips_like_old_gregg_that/f4rchjh/,AskReddit
3,geewhizz90,Awesome! I’ll check him out.,1571794460.0,1571765660.0,/r/AskReddit/comments/dll2vs/what_are_some_classic_clips_like_old_gregg_that/f4rcags/,AskReddit
2,geewhizz90,What are some classic clips like Old Gregg that are worth checking out?. ,1571793540.0,1571764740.0,/r/AskReddit/comments/dll2vs/what_are_some_classic_clips_like_old_gregg_that/,AskReddit
3,geewhizz90,Zoox? Spotted in San Francisco this morning.. ,1570929890.0,1570901090.0,/r/SelfDrivingCars/comments/dgy39j/zoox_spotted_in_san_francisco_this_morning/,SelfDrivingCars
4,geewhizz90,Tumbbad was a great watch!,1570797721.0,1570768921.0,/r/horror/comments/dg39i7/as_above_so_below_might_be_the_scariest_film_ive/f3adcvq/,horror
5,geewhizz90,"Halibut fishing out of homer I caught two in the same trip. Pretty disappointed when it wasn’t a fish, but super cool to see.",1569844335.0,1569815535.0,/r/NatureIsFuckingLit/comments/db1m2f/giant_pacific_octopus_swims_up_a_freshwater_creek/f1yfwcm/,NatureIsFuckingLit
6,geewhizz90,"I moved from the US to England and the first place I lived was Beverley, just outside of Hull.  Such a beautiful place! I loved the bus ride between the two places.",1569796128.0,1569767328.0,/r/oddlysatisfying/comments/datgnm/untouched_snow_is_so_satisfying/f1v5wi9/,oddlysatisfying
7,geewhizz90,"Listening to the Gorillaz outside with headphones during the middle of the night. Had a hoodie on with the hood up. I felt a tap on my shoulder on turned around, didn’t see anybody. Happened again, and again. Got chills and goosebumps start raising all over my body. I’m now convinced there is a ghost behind me. The next time it happens I jump up, scared shitless and my younger brother is behind me rolling on the ground laughing.",1569659768.0,1569630968.0,/r/AskReddit/comments/da5tt0/what_the_weirdest_thing_you_did_while_you_were/f1o001h/,AskReddit
4,geewhizz90,What hobby do you need to pick back up?. ,1569578713.0,1569549913.0,/r/AskReddit/comments/d9trza/what_hobby_do_you_need_to_pick_back_up/,AskReddit
8,geewhizz90,NOPE!!,1569479342.0,1569450542.0,/r/gifs/comments/d99064/dutch_king_shares_funny_video_with_dutch_prime/f1fqhwf/,gifs
9,geewhizz90,This beats waiting in line at the Apple store!,1569135450.0,1569106650.0,/r/apple/comments/d7ejpn/im_giving_away_an_iphone_11_pro_to_a_commenter_at/f1036eb/,apple
10,geewhizz90,The smell is going to be terrible a couple days after...,1568018453.0,1567989653.0,/r/natureismetal/comments/d1ft1h/lightning_kills_more_than_300_deer_in_a_storm_in/ezmbl1i/,natureismetal
11,geewhizz90,Guy on the left just hoping and hoping they will let him play too,1567572156.0,1567543356.0,/r/BeAmazed/comments/cz2rxg/cheerleading/eyx2iz4/,BeAmazed
12,geewhizz90,I could not agree more. I live in an apartment complex and people leave dog shit EVERYWHERE.,1565335134.0,1565306334.0,/r/AdviceAnimals/comments/cnn5ea/especially_if_you_share_outdoor_space_with_others/ewdrw7c/,AdviceAnimals
13,geewhizz90,Looks like the communication is coming along well!,1565225767.0,1565196967.0,/r/funny/comments/cn52y2/i_think_he_made_his_point_very_clear/ew7tjuu/,funny
14,geewhizz90,Waglburgers was like this too. I feel like the quality has gone down there..,1563998603.0,1563969803.0,/r/desmoines/comments/ch319i/giordanos/euq337g/,desmoines
15,geewhizz90,Never thought about making those trails into a loop! Will look into doing that this summer. Nice work!,1562584418.0,1562555618.0,/r/bicycling/comments/caec3s/i_quit_smoking_a_year_and_a_half_ago_and_wanted/et8g9d9/,bicycling
16,geewhizz90,"Along Came a Spider

On amazon prime right now",1561894539.0,1561865739.0,/r/MovieSuggestions/comments/c73sg5/movies_where_normal_good_people_commit_a_serious/esdqua5/,MovieSuggestions
17,geewhizz90,Just ride in the direction the mind is blowing... I wish!!,1561781241.0,1561752441.0,/r/cycling/comments/c6ksq5/a_cyclists_guide_to_biking_the_city_cartoon/esa67xt/,cycling
18,geewhizz90,"Damn Toyota, stops for nothing",1561636012.0,1561607212.0,/r/IdiotsInCars/comments/c5r9f1/thatll_buff_out/es5c7p9/,IdiotsInCars
19,geewhizz90,Never seen this before. What causes it?,1561624037.0,1561595237.0,/r/bikewrench/comments/c5y2tz/is_my_race_pitted/es4vtsd/,bikewrench
20,geewhizz90,"I have the bike, not the bar tape. I love it!",1561411245.0,1561382445.0,/r/bikecommuting/comments/c4i9x0/went_through_five_parks_on_my_ride/erxef9t/,bikecommuting
21,geewhizz90,It was a project one custom job. People definitely stare at me more on this bike than my other,1561409182.0,1561380382.0,/r/bicycling/comments/c4gwct/new_to_me_full_carbon_trek_with_ultegra_was/erxc33w/,bicycling
22,geewhizz90,"I can’t remember the exact dimensions, but I did need to make some changes. I ended up putting a shorter stem on because the reach was too far.",1561409097.0,1561380297.0,/r/bicycling/comments/c4gwct/new_to_me_full_carbon_trek_with_ultegra_was/erxbzrr/,bicycling
23,geewhizz90,"One of the guys at the shop talked me into a wide handlebar. They strange at first, but more normal now. When I’m on the drops my wrists aren’t straight, so I think I need to go to a more narrow setup.",1561408962.0,1561380162.0,/r/bicycling/comments/c4gwct/new_to_me_full_carbon_trek_with_ultegra_was/erxbuge/,bicycling
5,geewhizz90,"New to me! Full carbon trek with Ultegra was donated to my bike collective and I happened to be there. Picked up for a low price because I had to put it together. I have yet to come up with a clever name. Suggestions? (the bubbles are not my style, but the price was).. ",1561371232.0,1561342432.0,/r/bicycling/comments/c4gwct/new_to_me_full_carbon_trek_with_ultegra_was/,bicycling
24,geewhizz90,Curse you XR!,1561260737.0,1561231937.0,/r/iphone/comments/c3t0ps/i_love_apple/ert4503/,iphone
25,geewhizz90,What brand?,1560934394.0,1560905594.0,/r/Traeger/comments/c2a557/found_plastic_in_my_pellets/erirw64/,Traeger
26,geewhizz90,"Yeah, what are these bewbs I keep hearing about?",1560834913.0,1560806113.0,/r/Showerthoughts/comments/c1ojr5/there_are_tons_of_people_in_the_world_who_are/erfdzz5/,Showerthoughts
27,geewhizz90,Why doesn’t he have cancer?,1560834482.0,1560805682.0,/r/NatureIsFuckingLit/comments/c1qvft/this_shark_is_392_years_old_and_still_alive_today/erfdcwt/,NatureIsFuckingLit
28,geewhizz90,"Sometimes, it’s just time to die..",1560774400.0,1560745600.0,/r/yesyesyesyesno/comments/c1f1aw/be_free/erdkvp3/,yesyesyesyesno
29,geewhizz90,3030,1560643571.0,1560614771.0,/r/breakingbad/comments/c0wsxe/everthing_begun_with_that_missfire/er8zwtw/,breakingbad
30,geewhizz90,"My dad has ended up where he is because of not owning his situation, and I never want to be there. Maybe it’s easier to see from the outside?",1560304314.0,1560275514.0,/r/AskMen/comments/bzegki/how_many_of_you_are_aging_like_you_father_if_you/eqs2xvm/,AskMen
31,geewhizz90,"This is something I have started doing as well, but for different reasons. My dad seems tired and doesn’t ever seem up for doing anything that requires much energy. I hope to still be doing things for fun in my 50s and beyond.",1560304150.0,1560275350.0,/r/AskMen/comments/bzegki/how_many_of_you_are_aging_like_you_father_if_you/eqs2ojo/,AskMen
6,geewhizz90,"How many of you are aging like you father? If you have a very different lifestyle, what differences have you noticed?. ",1560298483.0,1560269683.0,/r/AskMen/comments/bzegki/how_many_of_you_are_aging_like_you_father_if_you/,AskMen
7,geewhizz90,"What was your last existential crisis, and what sparked it?. ",1560199960.0,1560171160.0,/r/AskReddit/comments/byxhg8/what_was_your_last_existential_crisis_and_what/,AskReddit
32,geewhizz90,Wiping,1559985483.0,1559956683.0,/r/AskReddit/comments/bxtqdb/adults_of_reddit_what_is_something_you_should/eqbucj0/,AskReddit
8,geewhizz90,"Shimano trim? Just leaned about this a year late... I have purchased two road bikes from my LBS (one for me, one for my wife).  They both have shimano drivetrains (tiagra and claris).  We are both fairly new into the sport, and learned a lot from the salesmen.  Something I don't think they ever mentioned through was the 'trim' feature of the front derailleur. I took my wifes' bike in right after her first ride on it because of excessive chain rub.  That is when I learned about this.  Is this something that everyone knows about so they don't  talk about it?  Are there other features like this that I should be aware of?",1559954563.0,1559925763.0,/r/bicycling/comments/bxwslo/shimano_trim_just_leaned_about_this_a_year_late/,bicycling
33,geewhizz90,Blue man group scrot,1559852460.0,1559823660.0,/r/Damnthatsinteresting/comments/bxerod/magnetic_putty_swallowing_a_metallic_ball/eq67jfy/,Damnthatsinteresting
34,geewhizz90,I do and I don’t want sound for this...,1559735548.0,1559706748.0,/r/gifs/comments/bwwz4t/giant_african_snail_eating_a_carrot/eq1djwn/,gifs
35,geewhizz90,Just finished Breaking Bad.,1559698470.0,1559669670.0,/r/AskReddit/comments/bwi25o/redditors_whats_the_most_metal_thing_youve_ever/epzol1p/,AskReddit
36,geewhizz90,Awesome! Looks great.,1559698292.0,1559669492.0,/r/subaruimpreza/comments/bwp185/aftermarket_horn_recommendations/epzo9dd/,subaruimpreza
9,geewhizz90,Aftermarket horn recommendations?. The other day I honked at someone at my two year old said it sounded like a baby duck.  That is motivation enough to make a change.  What upgrades have you made?,1559685672.0,1559656872.0,/r/subaruimpreza/comments/bwp185/aftermarket_horn_recommendations/,subaruimpreza
10,geewhizz90,Would is be possible to print a pair of prescription lenses for glasses?. I’m just a lurker with ideas of thing I would like to try printing someday. Is there filament that is clear enough? And would you be able to curve the lens to refract the light?,1559551237.0,1559522437.0,/r/3Dprinting/comments/bw4hhr/would_is_be_possible_to_print_a_pair_of/,3Dprinting
37,geewhizz90,It’s all about perspective and which side you are on,1559365859.0,1559337059.0,/r/Showerthoughts/comments/bvadyd/5_villains_attack_1_hero_is_bullying_but_5_heros/epo1y29/,Showerthoughts
38,geewhizz90,"Go away, baitn’!!",1559189061.0,1559160261.0,/r/Showerthoughts/comments/buc6fx/if_there_is_ever_a_zombie_apocalypse_just_go_to/epczikz/,Showerthoughts
39,geewhizz90,I tried this joke on my wife the other month. Did NOT work. She just said ok.,1558742846.0,1558714046.0,/r/funny/comments/bsfw0k/dad_joke_level_the_joker/eonjhlf/,funny
40,geewhizz90,Reheat is the best button on a microwave! Makes leftovers taste fresh,1558434431.0,1558405631.0,/r/starterpacks/comments/br08dc/microwave_starter_pack/eoa2axs/,starterpacks
41,geewhizz90,This answers a question I didn't know I had,1558079192.0,1558050392.0,/r/breakingbad/comments/bpas7i/rewatching_the_series_and_my_husband_pointed_out/enu0l1n/,breakingbad
42,geewhizz90,I bought my bike from a different salesman at the same shop and he was super helpful. I should just try talking to him again. We are looking for sub $1000. I didn’t see many options with Sora or tiagra. Either Claris or a big jump up to 105.,1557731980.0,1557703180.0,/r/bicycling/comments/bnus91/looking_for_recommendations_for_a_womens_bike_for/en9klq6/,bicycling
11,geewhizz90,"Looking for recommendations for a women’s bike for my wife.. She has been using an old men’s bike with down tube shifters but the fit is poor and makes it difficult to go for long rides (goal is to start doing ~20 miles together). We went to our LBS and the salesman basically just waited for me to pick a bike based on what I know without any good recommendations. 
 
They carry Liv and trek. Does a WSD frame make a significant difference? Should we look into other shops for different brands? What have you loved and what do you recommend?",1557727273.0,1557698473.0,/r/bicycling/comments/bnus91/looking_for_recommendations_for_a_womens_bike_for/,bicycling
43,geewhizz90,How are the trails? I figured the flooding would have trashed denmans.,1557660223.0,1557631423.0,/r/MTB/comments/bnjheo/we_dont_have_much_for_drops_in_central_iowa_but/en6hkrp/,MTB
44,geewhizz90,Not enough head,1557632117.0,1557603317.0,/r/funny/comments/bn6fz0/too_much_water/en588vb/,funny
45,geewhizz90,I love the eyesight feature! That alone was a huge upgrade from my old ride.,1557517274.0,1557488474.0,/r/subaru/comments/bmwyso/just_picked_her_up_last_nighthow_about_some_front/en0bdiv/,subaru
12,geewhizz90,"Reddit, what is a childhood game that taught you a life skill(s)?. ",1557427420.0,1557398620.0,/r/AskReddit/comments/bmi7en/reddit_what_is_a_childhood_game_that_taught_you_a/,AskReddit
46,geewhizz90,"But then you do, in a big way.",1557052773.0,1557023973.0,/r/theyknew/comments/bksb3z/no_fucking_way_they_didnt/emjajm4/,theyknew
47,geewhizz90,Just got this same year/trim and love it! What crossbars do you have? Would you recommend?,1557040350.0,1557011550.0,/r/subaruimpreza/comments/bkqab3/2015_impreza_sport_looking_at_home_at_camp/emiviln/,subaruimpreza
13,geewhizz90,Just got this Impreza and have a new parking buddy.. ,1556665424.0,1556636624.0,/r/subaru/comments/bj4cjv/just_got_this_impreza_and_have_a_new_parking_buddy/,subaru
48,geewhizz90,4% down in 4 min? I hate when the battery gets to that point...,1556620640.0,1556591840.0,/r/dankchristianmemes/comments/biupeb/he_holds_it_up/em3zgiy/,dankchristianmemes
49,geewhizz90,"It might be further than you want, but Valley View park is WDM has lights.",1556620140.0,1556591340.0,/r/desmoines/comments/bixkpi/outdoor_basketball_courts/em3yr3i/,desmoines
50,geewhizz90,Hahaha this is too familiar,1556453279.0,1556424479.0,/r/AskReddit/comments/bi2gc1/reddit_what_makes_you_more_uncomfortable_than_a/elyl6tm/,AskReddit
51,geewhizz90,I don’t know how to feel after watching that...,1556450487.0,1556421687.0,/r/Whatcouldgowrong/comments/bi6auv/if_we_drive_by_an_agitated_bull_in_our_4x4_jeep/elyi9o1/,Whatcouldgowrong
14,geewhizz90,"Reddit, what makes you more uncomfortable than a heavy breather in the bathroom stall next to you?. ",1556421046.0,1556392246.0,/r/AskReddit/comments/bi2gc1/reddit_what_makes_you_more_uncomfortable_than_a/,AskReddit
15,geewhizz90,"Reddit, is there something that makes you more uncomfortable than a heavy breather in the bathroom stall next to you?. [removed]",1556413605.0,1556384805.0,/r/AskReddit/comments/bi164g/reddit_is_there_something_that_makes_you_more/,AskReddit
52,geewhizz90,"02. It was rough letting it go, but it reached the point where it was too much to keep it going.",1556193926.0,1556165126.0,/r/subaru/comments/bh1qjr/my_legacy_bit_the_dust_so_i_replaced_it_with_an/elpvmck/,subaru
16,geewhizz90,"My legacy bit the dust, so I replaced it with an Impreza! Wife’s forester in there just because.. ",1556178335.0,1556149535.0,/r/subaru/comments/bh1qjr/my_legacy_bit_the_dust_so_i_replaced_it_with_an/,subaru
53,geewhizz90,"Absolutely. My mom passed from cancer and my dad did not take care of himself afterwards and made some poor financial decisions that he is paying for a decade later. I think talking to someone is a good idea. 

I’m sorry for your loss and wish you the best.",1555969848.0,1555941048.0,/r/personalfinance/comments/bg1hsq/wife_died_of_cancer_with_hundreds_of_thousands_of/elhsti0/,personalfinance
54,geewhizz90,"I ride a trek crossrip and it has been awesome for my commute and weekend rides. If I were to buy another bike for the same purpose, I would look into building a soma. You can throw wider tires on there and still have room for fenders. It rains a fair amount and fenders have been a big upgrade for commuting, so I would look for a bike that has mounts. 

Bike world is one of the big bike stores around, and they carry trek and giant, so they can get you set up with anything from those two brands if that’s the direction you want to go.",1555828519.0,1555799719.0,/r/desmoines/comments/bfg95c/one_bike_to_rule_them_all/eldso90/,desmoines
55,geewhizz90,"Also, the one I’m leaning towards is 2013",1555636792.0,1555607992.0,/r/subaru/comments/befn7t/cvt/el786bn/,subaru
56,geewhizz90,Looking for something with under 100K,1555630196.0,1555601396.0,/r/desmoines/comments/befbik/used_car_dealership/el6xvzl/,desmoines
57,geewhizz90,One day it'll be a WRX....,1555630164.0,1555601364.0,/r/subaru/comments/befn7t/cvt/el6xu8j/,subaru
58,geewhizz90,What is the easiest way to find that out? Should the dealer know for every vehicle or is that something I would have to go to Subaru directly to figure out?,1555630129.0,1555601329.0,/r/subaru/comments/befn7t/cvt/el6xscx/,subaru
59,geewhizz90,02 Subaru Legacy,1555609747.0,1555580947.0,/r/tifu/comments/be78zz/tifu_by_having_my_wife_drive_my_car_to_the/el6b09f/,tifu
17,geewhizz90,CVT?. Looking at getting an Impreza that has a CVT.  I've heard different opinions on them and wondering what good/bad you all have to say about them.,1555578973.0,1555550173.0,/r/subaru/comments/befn7t/cvt/,subaru
60,geewhizz90,Good to know about transferring.  Thanks!,1555578893.0,1555550093.0,/r/desmoines/comments/befbik/used_car_dealership/el5i7b2/,desmoines
18,geewhizz90,"Used Car Dealership. I need to do some car shopping, but am new to the area.  What are some good dealerships to check out?  Looking for a good all weather vehicle like a Subaru.  I am also out of a car at the moment so any dependable car that fits the budget will do. Any suggestions on where to start?",1555576991.0,1555548191.0,/r/desmoines/comments/befbik/used_car_dealership/,desmoines
61,geewhizz90,I was trying to save on labor costs.  I have some friends who have done the same job on the same car and it sounded like it would be straight forward.  I didn't realize i had a problem with either the alternator or a faulty ground that would keep the battery from holding a charge.,1555536373.0,1555507573.0,/r/tifu/comments/be78zz/tifu_by_having_my_wife_drive_my_car_to_the/el3l2hw/,tifu
19,geewhizz90,"TIFU by having my wife drive my car to the mechanic. A long sequence lead up to this FU...  I hit a deer during the winter and it caused some front end damage.  I didn't take the car into a shop because it seemed the damage was only cosmetic.  Last month, the car started overheating and found out that the car was losing coolant.  I'm living on student loans and trying to keep them to a minimum, so I decided to put a new radiator in myself.  During the few days I had the car out of commission, the battery died.  I had to jump it multiple times and decided it was time for a new battery. Everything seemed good...

&#x200B;

Then I noticed a leak under my car, it was coolant.  Tried tightening up everything to double check, didn't change.  My wife said she could take the car to the mechanic, which was super helpful due to a busy week. The car was dead the morning she was going to take the car, which should have raised a red flag.  Text her how to jump the car, which went fine, expect that my two year old locked himself in the car while this was happening.  Luckily we had a spare key and he was only a little sweaty before she got him out..... This all just adds to the stress of the day. 

&#x200B;

Wife starts driving the car, makes it a few miles from our house.  It's rush hour by now, and the car started to shake.  As she pulls us to a busy intersection, the car dies and wont start.  She had someone watching our kid, so she was the only one in the car. Tons of people were honking at her but there wasn't anything she could do.  Eventually a man tried helping her call a tow company, but they are all closed for the day. Ended up calling the cops, who were able to get a tow truck to her and helped divert traffic around the POS car I used to love...  I'll find out what the problem is this week, and hopefully it's manageable..

&#x200B;

&#x200B;

TLDR: Car had a leak, had wife drive to mechanic. Car died and wouldn't start in a busy intersection. Cops got called to help manage the situation.",1555533248.0,1555504448.0,/r/tifu/comments/be78zz/tifu_by_having_my_wife_drive_my_car_to_the/,tifu
20,geewhizz90,When the crew gets trashed and everyone ends up with something on their head.. ,1555242159.0,1555213359.0,/r/funny/comments/bcyv8y/when_the_crew_gets_trashed_and_everyone_ends_up/,funny
21,geewhizz90,"If you met the FBI agent that has been reading your texts for the past years, what would they think about you?. ",1554521716.0,1554492916.0,/r/AskReddit/comments/b9vlx0/if_you_met_the_fbi_agent_that_has_been_reading/,AskReddit
22,geewhizz90,[shitpost] When the symptoms of akinetic mutism sounds a little too familiar. ,1553910815.0,1553882015.0,/r/medicalschool/comments/b70f4y/shitpost_when_the_symptoms_of_akinetic_mutism/,medicalschool
62,geewhizz90,I've only been biking to and from school.  It might be better to branch out and get a wider variety of riding in. ,1553645302.0,1553616502.0,/r/bikecommuting/comments/b5q073/started_commuting_last_fall_just_hit_mile_1000/ejfccip/,bikecommuting
63,geewhizz90,"My commute is 12 miles, and it takes 20-25 min longer than driving because the freeway isn't usually too busy in Des Moines. It is a lot of fun, but sometimes its tough to be motivated at 530 in the morning.  If I bike in, I have to wake up that early to make sure I'm on time. If I don't prep my change of clothes/food the night before, I'm much more likely to grab the keys and just drive in. ",1553645240.0,1553616440.0,/r/bikecommuting/comments/b5q073/started_commuting_last_fall_just_hit_mile_1000/ejfc91j/,bikecommuting
23,geewhizz90,"Reddit, what is your cure for Monday blues?. ",1553637951.0,1553609151.0,/r/AskReddit/comments/b5q4ek/reddit_what_is_your_cure_for_monday_blues/,AskReddit
24,geewhizz90,"Started commuting last fall, just hit mile 1000! For those seasoned commuters, what keeps you going? It has been easier in some ways than I expected, and harder in others. I'm hoping to keep strong moving into this new season/year.. ",1553637354.0,1553608554.0,/r/bikecommuting/comments/b5q073/started_commuting_last_fall_just_hit_mile_1000/,bikecommuting
25,geewhizz90,"If cancer cells are just variants of normal cells, how does cancer actually kill someone?. [removed]",1553635461.0,1553606661.0,/r/askscience/comments/b5po06/if_cancer_cells_are_just_variants_of_normal_cells/,askscience
64,geewhizz90,Thanks. That’s where we went last night and it was nice. Hope there is some sand left when the water goes back down. ,1553331596.0,1553302796.0,/r/Iowa/comments/b3s2o1/any_state_parksrec_areas_that_are_not_flooded/ej5w3m8/,Iowa
65,geewhizz90,Thank you! That’s where we went and it was a blast! ,1553331539.0,1553302739.0,/r/Iowa/comments/b3s2o1/any_state_parksrec_areas_that_are_not_flooded/ej5w10o/,Iowa
26,geewhizz90,Any state parks/rec areas that are not flooded right now? I’m in the Des Moines area and there isn’t anything here I can find. I’m on spring break and desperate to get outside.. ,1553211915.0,1553183115.0,/r/Iowa/comments/b3s2o1/any_state_parksrec_areas_that_are_not_flooded/,Iowa
66,geewhizz90,I just assumed they didn’t. ,1553120342.0,1553091542.0,/r/specializedtools/comments/b3at76/always_wondered_how_they_cleaned_ball_pits/eiyiyjc/,specializedtools
67,geewhizz90,"My third grade teacher way my first crush. Saw her awhile back and still thinks she looks good 20 years later. I was her first year teaching, so she must have been really young. ",1553076660.0,1553047860.0,/r/AskReddit/comments/b30y0i/straight_people_of_reddit_when_and_how_did_you/eixgkil/,AskReddit
68,geewhizz90,I put this song on once and my two year old heard cat is the lyrics. Now he asks for the cat song every time we get in the car. It’s a good reminder of how I should balance my time. ,1552851417.0,1552822617.0,/r/AskReddit/comments/b20z5v/whats_a_good_song_that_tells_a_sad_story/eiq3hee/,AskReddit
27,geewhizz90,Reminders app. [removed],1551402504.0,1551373704.0,/r/apple/comments/avtgqj/reminders_app/,apple
69,geewhizz90,Can’t loose what you don’t have,1551346907.0,1551318107.0,/r/Showerthoughts/comments/avgzji/about_an_hour_after_the_final_scene_in_many/ehfz0tr/,Showerthoughts
70,geewhizz90,Poor dog is probably blind hahaha,1551258583.0,1551229783.0,/r/funny/comments/av573d/all_that_matters_is_that_youre_having_fun/ehd24gs/,funny
71,geewhizz90,Star whores,1551050345.0,1551021545.0,/r/funny/comments/au6vsk/low_budget_star_wars_cosplay/eh6e1yi/,funny
72,geewhizz90,This is what I have and it’s wonderful!,1550978873.0,1550950073.0,/r/bikecommuting/comments/atwnr6/long_time_lurker_finally_got_around_to_posting_a/eh4ddan/,bikecommuting
73,geewhizz90,"I love talking about lucid dreaming. It’s a pretty cool topic and experience. Don’t know why that is weird to people, but it is for some reason. ",1550881453.0,1550852653.0,/r/tifu/comments/atcydn/tifu_by_opening_up_to_my_boss/eh1dvy8/,tifu
74,geewhizz90,A few guys I know swear by them and put them on multiple bikes. I haven’t tried it out yet. ,1550801217.0,1550772417.0,/r/bicycling/comments/asws9z/a_gentleman_brought_this_c17_into_my_collective/egywe50/,bicycling
75,geewhizz90,Thanks for the heads up! Do you know of a good way to clean it?,1550782009.0,1550753209.0,/r/bicycling/comments/asws9z/a_gentleman_brought_this_c17_into_my_collective/egy78nc/,bicycling
28,geewhizz90,A gentleman brought this C17 into my collective today. I’ve been wanting one of these for quite awhile! My student loans thank you kind sir!. ,1550740989.0,1550712189.0,/r/bicycling/comments/asws9z/a_gentleman_brought_this_c17_into_my_collective/,bicycling
76,geewhizz90,Swiss army man. Weirdest I’ve ever seen. ,1550722711.0,1550693911.0,/r/MovieSuggestions/comments/asqwb0/movies_about_weirdos/egwhhl4/,MovieSuggestions
77,geewhizz90,Are we tagging truths as shitposts now?,1550707252.0,1550678452.0,/r/medicalschool/comments/asp149/shitpost_asking_a_question_in_omm_lab/egvubo6/,medicalschool
78,geewhizz90,"Love all the greys, makes the bike look great!",1549921729.0,1549892929.0,/r/bikecommuting/comments/ape0sh/wonderfull_winter_commutes_first_post_on_reddit/eg81656/,bikecommuting
79,geewhizz90,Great option. The rates seem good. Thank you!,1549863466.0,1549834666.0,/r/bicycling/comments/aowx5i/recommendations_for_taking_a_bike_on_a_plane_what/eg6i4vk/,bicycling
80,geewhizz90,Most albums by Between the buried and me. ,1549804414.0,1549775614.0,/r/AskReddit/comments/ap0kj5/what_album_has_no_filler_tracks/eg50gew/,AskReddit
81,geewhizz90,Offered to buy the guy a meal at a diner across the street. Told me there was an ATM in there and to just go get him some cash...,1549802760.0,1549773960.0,/r/AskReddit/comments/ap0m3c/whats_something_a_homeless_person_has_said_or/eg4ywem/,AskReddit
82,geewhizz90,Every night around 11pm..,1549802120.0,1549773320.0,/r/AskReddit/comments/ap0n7c/what_are_some_situations_in_which_your_anxiety/eg4y9cn/,AskReddit
83,geewhizz90,"Domestic, likely delta or Alaska airlines",1549788643.0,1549759843.0,/r/bicycling/comments/aowx5i/recommendations_for_taking_a_bike_on_a_plane_what/eg4j077/,bicycling
29,geewhizz90,Recommendations for taking a bike on a plane? What have you used or heard of others using?. ,1549776268.0,1549747468.0,/r/bicycling/comments/aowx5i/recommendations_for_taking_a_bike_on_a_plane_what/,bicycling
30,geewhizz90,"Car rental for a month?. Going to Alaska for a month. If I drive my car, it will cost about $400 in gas each way. Renting a car through an agency will cost at least $750. Is there a cheaper way to have access to a car for that long?",1549711690.0,1549682890.0,/r/Shoestring/comments/aooisi/car_rental_for_a_month/,Shoestring
84,geewhizz90,Feeling dead inside,1549572583.0,1549543783.0,/r/AskReddit/comments/anyx91/what_part_of_being_an_adult_were_you_absolutely/efxuo4r/,AskReddit
85,geewhizz90,"If you are into biking, you can also volunteer at the bicycle collective in east village. Although I think they just changed the name to Street Collective. ",1549544629.0,1549515829.0,/r/desmoines/comments/any8fd/volunteer_opportunities/efxbbq2/,desmoines
86,geewhizz90,"Trusting your husbands health to a physician is more appropriate that a student. If you are concerned about the doctors competence, seek out a second opinion from another physician. A doctor won’t maliciously hide something. If they did, they would suffer repeated lawsuits and loose their license. ",1549280554.0,1549251754.0,/r/medschool/comments/amwsym/not_getting_any_answers_in_the_real_world/efpbn00/,medschool
87,geewhizz90,"For me, napping. Am usually much more productive afterwards. ",1549258081.0,1549229281.0,/r/AskReddit/comments/amqm4b/what_is_considered_lazy_but_is_really/efokw59/,AskReddit
88,geewhizz90,Hahaha because who has time to poop during the week?,1549069515.0,1549040715.0,/r/medicalschool/comments/am3a4j/shitpost_i_cant_wait_to_relax_a_little_this/efj5dkq/,medicalschool
89,geewhizz90,G shock is where it’s at!,1549030741.0,1549001941.0,/r/gifs/comments/alwezb/opening_a_huge_185_millionyearold_cannon_ball/efi2pi6/,gifs
90,geewhizz90,"Workers comp, here I come!",1549011007.0,1548982207.0,/r/gifs/comments/alss7l/on_your_mark_get_set_go/efhgijl/,gifs
31,geewhizz90,What is your Non-Negotiable?. ,1548967894.0,1548939094.0,/r/AskReddit/comments/alp58k/what_is_your_nonnegotiable/,AskReddit
91,geewhizz90,It’s the step reflex. Bad sign if they dont do it. ,1548964358.0,1548935558.0,/r/funny/comments/almocu/beating_the_system/effle7e/,funny
92,geewhizz90,That’s gotta sting,1548906811.0,1548878011.0,/r/funny/comments/alde45/if_everybodys_undercover_then_nobody_is_undercover/efdum4k/,funny
32,geewhizz90,Is Sketchy still high yield for Step 1? [Step 1]. [removed],1548830701.0,1548801901.0,/r/medicalschool/comments/al5sy1/is_sketchy_still_high_yield_for_step_1_step_1/,medicalschool
33,geewhizz90,[shitpost] After a particularly difficult question block.... ,1548728137.0,1548699337.0,/r/medicalschool/comments/akq7ai/shitpost_after_a_particularly_difficult_question/,medicalschool
93,geewhizz90,Simons is the one place we’ve been that we really like!,1548588199.0,1548559399.0,/r/desmoines/comments/ak76h2/looking_for_a_spot_for_valentines_dinner_im_new/ef2gj7f/,desmoines
94,geewhizz90,"We live in WDM, but enjoy going downtown. ",1548588147.0,1548559347.0,/r/desmoines/comments/ak76h2/looking_for_a_spot_for_valentines_dinner_im_new/ef2ggyn/,desmoines
95,geewhizz90,Sorry about that. ~ $30 a plate,1548584516.0,1548555716.0,/r/desmoines/comments/ak76h2/looking_for_a_spot_for_valentines_dinner_im_new/ef2bxow/,desmoines
34,geewhizz90,Looking for a spot for valentines dinner. I’m new to the area and don’t know many good restaurants yet. Any good recommendations out there?. Around $30 a plate,1548579276.0,1548550476.0,/r/desmoines/comments/ak76h2/looking_for_a_spot_for_valentines_dinner_im_new/,desmoines
96,geewhizz90,That’s ikea ,1548576007.0,1548547207.0,/r/DunderMifflin/comments/ak35b5/i_finally_broke_down_and_bought_myself_a_plasma_tv/ef205x8/,DunderMifflin
97,geewhizz90,What program are you in?,1548483876.0,1548455076.0,/r/OBGYNresidency/comments/ait1jo/path_to_become_ob_hospitalist/eeyu58i/,OBGYNresidency
98,geewhizz90,"If your insurance covers an ophthalmologist, I would suggest going to one of them over an optometrist. The Wolfe eye clinic in wdm is good from what I’ve heard. ",1548471051.0,1548442251.0,/r/desmoines/comments/ajrpg8/a_good_optometrist_in_des_moines/eey9anv/,desmoines
99,geewhizz90,Get a job,1548418128.0,1548389328.0,/r/AskReddit/comments/ajbwrn/you_now_do_the_opposite_of_your_job_what_do_you/eewfi2q/,AskReddit
100,geewhizz90,This is true. I’ll look into that. Thanks for the heads up!,1548381909.0,1548353109.0,/r/bicycling/comments/aj70rh/looking_to_get_a_road_bike_my_lbs_only_sells_trek/eeuz9xn/,bicycling
101,geewhizz90,A corpse,1548366156.0,1548337356.0,/r/AskReddit/comments/aj61a8/given_your_physical_appearance_what_are_you_most/eeuc1rh/,AskReddit
102,geewhizz90,"Maintenance, yes. Haven’t had to do any major repairs on my trek yet. I restore old bikes at a bike collective and have access to a bench and tools. Im lacking the know-how with new bikes though. ",1548322860.0,1548294060.0,/r/bicycling/comments/aj70rh/looking_to_get_a_road_bike_my_lbs_only_sells_trek/eet8kjf/,bicycling
35,geewhizz90,"Looking to get a road bike. My LBS only sells trek and giant. I have a trek that I love, but am wondering about other brands. I can’t afford a carbon frame at this point. I am wondering if it is worth branching out to new companies or just stick with trek/giant? What are your recommendations?. ",1548321301.0,1548292501.0,/r/bicycling/comments/aj70rh/looking_to_get_a_road_bike_my_lbs_only_sells_trek/,bicycling
36,geewhizz90,"Mirror mirror on the wall, who’s the fairest of them all?. ",1548296422.0,1548267622.0,/r/AskReddit/comments/aj2o31/mirror_mirror_on_the_wall_whos_the_fairest_of/,AskReddit
103,geewhizz90,Ai- how emo computer systems deal with things ,1548248764.0,1548219964.0,/r/AskReddit/comments/aiobgd/take_one_letter_out_of_a_bands_name_what_is_their/eeqxowj/,AskReddit
104,geewhizz90,1 year in jail to pay off medical school debt? I’ve been through two years of prison so far so I could probably handle that..,1548247913.0,1548219113.0,/r/AskReddit/comments/airnhl/you_can_get_rid_of_all_of_your_debt_by_going_to/eeqwu3c/,AskReddit
105,geewhizz90,How did that start?,1548239182.0,1548210382.0,/r/AskReddit/comments/aiq69e/what_is_your_dirty_little_sexual_secret_that_you/eeqmjcs/,AskReddit
106,geewhizz90,That’s it?!?,1548235835.0,1548207035.0,/r/technology/comments/airq9f/netflix_would_lose_57_of_their_subscribers_if/eeqi4ph/,technology
107,geewhizz90,It would be difficult to dig a hole that deep and narrow.,1548235764.0,1548206964.0,/r/Showerthoughts/comments/ait1qn/if_we_buried_our_dead_vertically_instead_of/eeqi1b9/,Showerthoughts
108,geewhizz90,One zipper to mess up a dick,1548235643.0,1548206843.0,/r/Showerthoughts/comments/aio7vc/people_who_strategically_block_a_portion_of_the/eeqhvgf/,Showerthoughts
37,geewhizz90,"Path to become OB hospitalist?. Considering an OBGYN residency with the intent of practicing as an OB hospitalist.  I was told today by an OB/GYN physician that most hospitalists do not get hired to that position right after residency.  Is there a pathway, such as a high-risk fellowship, that would allow someone to be a hospitalist at the start of their career?  ",1548228271.0,1548199471.0,/r/OBGYNresidency/comments/ait1jo/path_to_become_ob_hospitalist/,OBGYNresidency
109,geewhizz90,That’s the awesome way to do it!,1548202995.0,1548174195.0,/r/funny/comments/aikofs/i_mean_thats_one_way_to_do_it/eep7sp6/,funny
110,geewhizz90,Wipe,1548157149.0,1548128349.0,/r/AskReddit/comments/ai8pr3/what_is_the_most_simple_thing_you_cannot_do/eeo1n6l/,AskReddit
111,geewhizz90,She has plans to get a Masters also! That’s awesome you’re working on that. Keep it up!,1548022715.0,1547993915.0,/r/AskReddit/comments/ahmgpl/whats_something_you_didnt_learn_about_your_so/eej796a/,AskReddit
112,geewhizz90,Yeah she got a GED,1548022640.0,1547993840.0,/r/AskReddit/comments/ahmgpl/whats_something_you_didnt_learn_about_your_so/eej753g/,AskReddit
113,geewhizz90,Dudes got style! ,1547956310.0,1547927510.0,/r/NatureIsFuckingLit/comments/ahnkrb/octopuses_are_attracted_shiny_reflective_objects/eegqrmp/,NatureIsFuckingLit
114,geewhizz90,"That she didn’t graduate high school. She swears she told me before. I was shocked when I learned for real, just assumed I guess. She has a nursing degree now ",1547954310.0,1547925510.0,/r/AskReddit/comments/ahmgpl/whats_something_you_didnt_learn_about_your_so/eegnmg9/,AskReddit
115,geewhizz90,Thanks for the clarification! Wouldn’t want anyone posting on here how they actually died. ,1547953614.0,1547924814.0,/r/AskReddit/comments/ahmgl9/how_did_you_almost_die/eegmi3y/,AskReddit
116,geewhizz90,Mike Wazowski?!,1547896217.0,1547867417.0,/r/climbing/comments/ahhujg/some_hardish_boulders_from_red_rock_yay/eeeqqji/,climbing
38,geewhizz90,"Just sat through “A Wrinkle in Time” (kids choice). Someone got paid to write this?!? For a $100,000,000 budget I expected a little more I guess.. [removed]",1547895395.0,1547866595.0,/r/movies/comments/ahi4lt/just_sat_through_a_wrinkle_in_time_kids_choice/,movies
117,geewhizz90,Shots fired back!,1547852798.0,1547823998.0,/r/Jokes/comments/ah9stp/how_many_democrats_does_it_take_to_change_a/eecxnnv/,Jokes
39,geewhizz90,Maybe Loki is the way he is because his name sounds so similar to Lochia (the normal discharge from the uterus after childbirth).. [removed],1547852753.0,1547823953.0,/r/Showerthoughts/comments/ahbbje/maybe_loki_is_the_way_he_is_because_his_name/,Showerthoughts
118,geewhizz90,"good hell!  it must be hard to think where they are

&#x200B;",1547770826.0,1547742026.0,/r/Whatcouldgowrong/comments/agonii/if_i_dont_respect_the_barriers/eea4n19/,Whatcouldgowrong
119,geewhizz90,"What am I missing?  Prime says it cannot be found.  Even Vudu isn't finding it.  Anyone else having problems?

&#x200B;",1547638198.0,1547609398.0,/r/MovieSuggestions/comments/agbjiv/suggestionjust_stop_everything_and_watch_tumbbad/ee65yd3/,MovieSuggestions
120,geewhizz90,It’ll be back... I realized it was a mistake when I saw how ugly my face is,1547617974.0,1547589174.0,/r/iphone/comments/agajhn/shaved_my_beard_after_two_years_my_iphone/ee5fzpm/,iphone
40,geewhizz90,Shaved my beard after two years. My iPhone recognizes me better than my friends do.. ,1547600134.0,1547571334.0,/r/iphone/comments/agajhn/shaved_my_beard_after_two_years_my_iphone/,iphone
121,geewhizz90,"AP History, the exams were repeated from year to year.  My buddy got ahold of one of the previous year mid term exams. He shaved the paint off one side of a wood pencil. He then had a color code: red = A, blue = B etc.... 

Worked super well, because you could turn the pencil to face down anytime the teacher was moving around. ",1547360028.0,1547331228.0,/r/AskReddit/comments/af89qi/teachers_of_reddit_what_is_the_smartestmost/edxd4fn/,AskReddit
41,geewhizz90,Thinking about putting a curt hitch on my 2010 forester. Has anyone done this or used a hitch they like better?. ,1547356236.0,1547327436.0,/r/subaru/comments/afbr1n/thinking_about_putting_a_curt_hitch_on_my_2010/,subaru
122,geewhizz90,That guy with the stick handled it like a pro!,1547191284.0,1547162484.0,/r/Roadcam/comments/aelm42/sri_lanka_mini_tractor_accident/edr8rqk/,Roadcam
123,geewhizz90,That’s why it’s such a good product. She’s down to the normal counts ,1547173797.0,1547144997.0,/r/CrappyDesign/comments/aekfc8/im_fairly_sure_you_cant_rip_paper_that_way/edqbznj/,CrappyDesign
124,geewhizz90,I'm pretty sure mine is the vertically drilled rear bridge.  I have disc breaks on mine. I'm not familiar enough to say for sure...,1547159831.0,1547131031.0,/r/bikecommuting/comments/ad39gj/fender_recommendations/edppghp/,bikecommuting
125,geewhizz90,I’ve been slowing down my pace when I first start and that helps me go for quite a bit longer before needing a break. Instead of stopping I switch to the side stroke to keep moving but get my heart down and use different muscle groups. ,1547120955.0,1547092155.0,/r/triathlon/comments/aeelpa/training_advicetips_swimming/edoqjtf/,triathlon
126,geewhizz90,"Got the fenders on today.  They fit well, but don't think I'd be able to get much more than a 32 tire in.  I put on the 45mm fender. 

[https://velo-orange.com/collections/fenders/products/vo-45mm-hammered-polished-fenders-700c](https://velo-orange.com/collections/fenders/products/vo-45mm-hammered-polished-fenders-700c)

&#x200B;

And a front mudflap.

[https://velo-orange.com/collections/fender-parts/products/leather-mud-flap](https://velo-orange.com/collections/fender-parts/products/leather-mud-flap)

&#x200B;

They look like they have great coverage.  With the mudflat on, it is only a couple inches off the ground.  It looks like they will do good at keeping my feet and components dry. 

&#x200B;

&#x200B;

&#x200B;",1547088267.0,1547059467.0,/r/bikecommuting/comments/ad39gj/fender_recommendations/ednid8l/,bikecommuting
127,geewhizz90,I can’t wait for my friends to wake up to this as their first message hahaha thank you!,1547076489.0,1547047689.0,/r/gifs/comments/ae5q0v/nobody_noticed_just_act_normal/edn14ho/,gifs
128,geewhizz90,"If there is a bike collective near you, they can help you find a used bike for a good price. Depending on the bike you have, it may be difficult to move the components over to a new frame, unless you find a frame that matches up. It will likely be cheaper and a better fit to get a bike that is already put together. 

Unless you have specific needs/wants out of a new bike, buying a used bike is a great way to go. A lot of steel frame bikes from the 80s/90s are still awesome rides with a little love. ",1546952661.0,1546923861.0,/r/bikecommuting/comments/adqrc4/looking_for_advice_for_replacing_my_bike/edjhgs7/,bikecommuting
129,geewhizz90,"My Velo Orange fenders should get here today or tomorrow. I run disc breaks and 32s as well, so I’ll give you an update if I remember!",1546948520.0,1546919720.0,/r/bikecommuting/comments/ad39gj/fender_recommendations/edjbye3/,bikecommuting
130,geewhizz90,That face is so calm and focused. ,1546601375.0,1546572575.0,/r/NatureIsFuckingLit/comments/acc5sg/mountain_lion/ed76hra/,NatureIsFuckingLit
131,geewhizz90,I fear the day where the government controls one of the most important decisions a couple can make.   ,1546563927.0,1546535127.0,/r/AskReddit/comments/ac7m7v/in_the_future_if_human_population_becomes_a/ed5sjbm/,AskReddit
132,geewhizz90,Catharsis. That emotional release is important and can present as what you said. Can be channeled in other ways though. ,1546563811.0,1546535011.0,/r/AskReddit/comments/ac7meg/why_do_we_sometimes_feel_the_need_to_break_or/ed5sds9/,AskReddit
133,geewhizz90,"Just the other day, an old lady was walking her dog in the middle of the street. The road is semi busy, has a 40 mph speed limit and was covered in ice. ",1546556406.0,1546527606.0,/r/AskReddit/comments/ac6cee/what_is_the_dumbest_thing_someone_did_or_dumbest/ed5ips4/,AskReddit
134,geewhizz90,"Don’t agree at all. Most likely a personality thing. I know many women, my wife included, who had a difficult time feeling like a mother and had to grow into it. I definitely had to grow into it. Growing a family by adding a kid is a huge change and people adjust to it differently. ",1546556240.0,1546527440.0,/r/AskReddit/comments/ac6cn3/parents_do_you_think_there_is_any_truth_to_the/ed5ihon/,AskReddit
135,geewhizz90,Maybe the dog isn’t a paw patrol fan,1546555875.0,1546527075.0,/r/gifs/comments/ac6czu/testing_the_cold_water_at_the_beach/ed5hzy3/,gifs
136,geewhizz90,I wish my friendship handshakes were that coordinated,1546510519.0,1546481719.0,/r/gifs/comments/abyxfz/dog_sees_best_friend_after_a_week/ed4ehzx/,gifs
42,geewhizz90,The in-laws got me a new biking shirt for Christmas. ,1546323706.0,1546294906.0,/r/bicycling/comments/abbxot/the_inlaws_got_me_a_new_biking_shirt_for_christmas/,bicycling
137,geewhizz90,And just because you wear glasses doesn’t mean you have bad eye sight. They could be dummy frames. ,1546083031.0,1546054231.0,/r/Showerthoughts/comments/aafli4/if_you_think_that_glasses_are_attractive_then_you/ecs216s/,Showerthoughts
138,geewhizz90,The crossrip 2 is my commuter and I’ve been super happy with it. Started late July and hit 1000 miles. Hoping to double it this year!,1546056420.0,1546027620.0,/r/bikecommuting/comments/aa9pcw/some_yearend_statistics/ecr46yt/,bikecommuting
139,geewhizz90,Whoa... I was not prepared for that.  I’m not sure I’ll get any  sleep tonight.  No movie has messed with me like that just did. ,1546004673.0,1545975873.0,/r/horror/comments/aa59fs/hereditary_is_now_on_amazon_prime_us/ecpmdxi/,horror
140,geewhizz90,This is one of my favorite series,1545988290.0,1545959490.0,/r/horror/comments/aa3zuq/any_good_horror_tv_show/ecp3xn2/,horror
141,geewhizz90,Username checks out. This falls under the 98% of the time when you are wrong. ,1545912437.0,1545883637.0,/r/AskReddit/comments/a9ryod/formerly_homeless_of_reddit_how_do_you_tell_if_a/ecmv8xx/,AskReddit
142,geewhizz90,Love the stealth frame! ,1545879805.0,1545851005.0,/r/bicycling/comments/a9qq90/repaired_repainted_and_rebuilt_after_a_brutal/eclpxp8/,bicycling
143,geewhizz90,"Yeah, better not to buy someone a gift for a specific hobby/activity, unless you are into it as much as they are. Otherwise what they get you just isn’t right",1545807223.0,1545778423.0,/r/climbing/comments/a9i5kc/when_your_family_means_well_but/ecjrcyn/,climbing
144,geewhizz90,Nice! I thought I recognized those arches!,1545475591.0,1545446791.0,/r/bicycling/comments/a8e8s1/such_a_cool_light_installation_to_come_into_at/ecalmyv/,bicycling
145,geewhizz90,First time hearing about dynamos. Have you used one that also has a usb port?,1545470652.0,1545441852.0,/r/bikecommuting/comments/a8dy9t/what_are_some_addons_or_modifications_that_have/ecaghfd/,bikecommuting
146,geewhizz90,I was looking at the Cambium saddles today and was wondering if they were worth it! Why do you like it so much?,1545469728.0,1545440928.0,/r/bikecommuting/comments/a8dy9t/what_are_some_addons_or_modifications_that_have/ecafj05/,bikecommuting
43,geewhizz90,"What are some add-on's or modifications that have made a difference in your commute?. I have only been commuting for a few months and don't know what I don't know.  I am wondering if there are some add on's I should looking into getting that have made your ride better. Right now, I have a rear rack with panniers for a change of clothes and food for the day, but thats about it.  The bike has full mounts and spots for three water bottle cages.  ",1545452198.0,1545423398.0,/r/bikecommuting/comments/a8dy9t/what_are_some_addons_or_modifications_that_have/,bikecommuting
147,geewhizz90,No deaths with this run in. ,1545448764.0,1545419964.0,/r/subaru/comments/a8cli8/front_end_friday_is_sad_this_week_luckily_the/ec9qe56/,subaru
44,geewhizz90,Front end Friday is sad this week... Luckily the deer didn’t break the headlight.. ,1545444232.0,1545415432.0,/r/subaru/comments/a8cli8/front_end_friday_is_sad_this_week_luckily_the/,subaru
148,geewhizz90,This is the best thing I’ve read in awhile. Thank you! ,1545392278.0,1545363478.0,/r/medicalschool/comments/a847kj/shitpost_we_need_more_mandatory_events/ec87ez8/,medicalschool
149,geewhizz90,Thanks for the breakdown! I’ll look into the route. I’m trying to plan out a couple century routes for next spring. ,1545391063.0,1545362263.0,/r/Iowa/comments/a7zhlr/has_anyone_here_biked_on_highway_6_between_des/ec863ny/,Iowa
150,geewhizz90,"Good ideas! Thank you.  I live in West Des Moines, and go to school downtown.  ",1545359441.0,1545330641.0,/r/Iowa/comments/a7zhlr/has_anyone_here_biked_on_highway_6_between_des/ec73dk0/,Iowa
45,geewhizz90,What is your best snooping for Christmas presents story?. ,1545352227.0,1545323427.0,/r/AskReddit/comments/a7zlfq/what_is_your_best_snooping_for_christmas_presents/,AskReddit
46,geewhizz90,Has anyone here biked on Highway 6 between Des Moines and Iowa City? Fairly new to the area and not sure if this is a good route to take. Thanks.. ,1545351615.0,1545322815.0,/r/Iowa/comments/a7zhlr/has_anyone_here_biked_on_highway_6_between_des/,Iowa
47,geewhizz90,"Are people who drive slow in the last lane oblivious, self important, or concerned citizens trying to keep anyone else from speeding?. ",1545295346.0,1545266546.0,/r/AskReddit/comments/a7sijq/are_people_who_drive_slow_in_the_last_lane/,AskReddit
151,geewhizz90,South Africa is a country...,1545294038.0,1545265238.0,/r/funny/comments/a7ozna/this_is_beyond_movement/ec5cn3r/,funny
152,geewhizz90,What did you use for starter/tinder?,1545291582.0,1545262782.0,/r/Outdoors/comments/a7qu4h/swedish_torch_i_made/ec59wpm/,Outdoors
153,geewhizz90,"Right, I’ve been writing in the screen and haven’t had any scratches from the pencil. I’m more concerned that something else (like my kid) will scratch it. But I’m also not interested in putting on a $10 dollar protector every couple months. ",1545291343.0,1545262543.0,/r/apple/comments/a7qof0/any_recommendations_for_an_ipad_pro_screen/ec59n2n/,apple
154,geewhizz90,That’s what I had. Was just surprised how quickly it needed to be replaced. How frequently do you replace yours?,1545291210.0,1545262410.0,/r/apple/comments/a7qof0/any_recommendations_for_an_ipad_pro_screen/ec59hl3/,apple
48,geewhizz90,Any recommendations for an iPad pro screen protector? I use the pencil heavily and the last protector I used scratched easily from the pencil.. ,1545282971.0,1545254171.0,/r/apple/comments/a7qof0/any_recommendations_for_an_ipad_pro_screen/,apple
155,geewhizz90,Tiagra. Yeah I was just looking at the Giant tcx xlr and thinking that looked like a sweet option!,1545278997.0,1545250197.0,/r/bicycling/comments/a7g4tz/just_got_into_biking_this_year_because_i_was/ec4tzq8/,bicycling
156,geewhizz90,"It has been great for commuting.  I love that it has mounts for everything, and should have some fenders on there soonish.  On longer rides I sometimes wish I had a better group set. Not really race ready, but it’s been treating me great.  Only maintenance has been cable tightening.  Not even a flat yet (knock on wood). ",1545275594.0,1545246794.0,/r/bicycling/comments/a7g4tz/just_got_into_biking_this_year_because_i_was/ec4pjmj/,bicycling
157,geewhizz90,Which are?,1545223706.0,1545194906.0,/r/AskReddit/comments/a7it8e/whats_your_best_piece_of_advice_to_someone/ec3e3ea/,AskReddit
158,geewhizz90,"Outdoor exercise. Road biking right now, but depends on the season and where I’m living. ",1545223513.0,1545194713.0,/r/AskReddit/comments/a7iuqj/serious_how_do_you_cope_with_your_mental_health/ec3dwca/,AskReddit
159,geewhizz90,"Sorcery, contempt, poetry. I can’t wait to meet the new me!",1545223412.0,1545194612.0,/r/funny/comments/a7iv1d/i_got_worship_juan_naked_happy_new_years/ec3dsjs/,funny
160,geewhizz90,"On a first date, the girl jumped on my back as we were walking to the ice skating rink. This happened at the exact moment I was extremely focused on letting a fart out as quite as possible. It wasn’t quite at all. But we both were for the next 5 minutes. ",1545223269.0,1545194469.0,/r/AskReddit/comments/a7ivou/what_is_the_weirdest_experience_youve_ever_had_on/ec3dn6q/,AskReddit
161,geewhizz90,The nearest Taco Bell ,1545223098.0,1545194298.0,/r/AskReddit/comments/a7ivz2/people_of_reddit_how_far_have_you_gone_to_satisfy/ec3dgoc/,AskReddit
162,geewhizz90,Someone knows,1545222792.0,1545193992.0,/r/Showerthoughts/comments/a7ixhu/people_must_fart_a_lot_in_their_sleep_without/ec3d58d/,Showerthoughts
163,geewhizz90,"Was thinking on a similar line today. I have mostly got rid of the negative people in my life who bring me down (either intentionally or otherwise). Spending time with people who are encouraging and supportive makes a huge difference. 

I was thinking about this while on a bike ride. Spending time to myself doing something I enjoy (+ exercise) clears my head and keeps me optimistic. ",1545222771.0,1545193971.0,/r/AskReddit/comments/a7ixl5/happy_people_of_reddit_what_helps_you_stay_happy/ec3d4fo/,AskReddit
164,geewhizz90,Absolutely! The days I ride in are always more productive. ,1545222279.0,1545193479.0,/r/bicycling/comments/a7g4tz/just_got_into_biking_this_year_because_i_was/ec3cl82/,bicycling
165,geewhizz90,Yeah as long as it’s above 25 or so it ends up being a good ride. ,1545222242.0,1545193442.0,/r/bicycling/comments/a7g4tz/just_got_into_biking_this_year_because_i_was/ec3cjwp/,bicycling
166,geewhizz90,Agreed. I love that I can lose myself during a ride. It’s harder to get into a flow like that when studying. ,1545222178.0,1545193378.0,/r/bicycling/comments/a7g4tz/just_got_into_biking_this_year_because_i_was/ec3chlk/,bicycling
167,geewhizz90,I live in Des Moines. The ride today was just north east of there. ,1545221928.0,1545193128.0,/r/bicycling/comments/a7g4tz/just_got_into_biking_this_year_because_i_was/ec3c8su/,bicycling
168,geewhizz90,With every fiber of my being ,1545218282.0,1545189482.0,/r/AskReddit/comments/a7g1un/whats_a_popular_quote_that_you_think_is_absurd/ec38grx/,AskReddit
169,geewhizz90,It’s the crossrip 2. It’s pretty similar to a hybrid with drops though. ,1545212861.0,1545184061.0,/r/bicycling/comments/a7g4tz/just_got_into_biking_this_year_because_i_was/ec325rm/,bicycling
49,geewhizz90,"Just got into biking this year because I was getting burned out with school. I’ve been commuting as much as I can since July and just hit mile 1000! Absolutely love the change and the extra time I get to spend outside. Grades haven’t improved, but my sanity sure has.. ",1545201524.0,1545172724.0,/r/bicycling/comments/a7g4tz/just_got_into_biking_this_year_because_i_was/,bicycling
170,geewhizz90,Or it’s a power move,1545076071.0,1545047271.0,/r/CrappyDesign/comments/a6ube4/why_would_red_block_when_he_could_win/ebz0qn5/,CrappyDesign
171,geewhizz90,When there just aren’t any positions left for your true passion,1545075878.0,1545047078.0,/r/funny/comments/a6vhgy/bruh/ebz0mox/,funny
172,geewhizz90,The ultimate Swedish torch,1544917454.0,1544888654.0,/r/NatureIsFuckingLit/comments/a6dow1/tree_struck_by_lightning_and_burning_within_its/ebuh36q/,NatureIsFuckingLit
50,geewhizz90,Ironic how the #metoo movement means ‘pound me too’ to the older generation.. [removed],1544875828.0,1544847028.0,/r/Showerthoughts/comments/a6c5xr/ironic_how_the_metoo_movement_means_pound_me_too/,Showerthoughts
173,geewhizz90,Maybe they are trying to attract the gravel riders ,1544858548.0,1544829748.0,/r/bikecommuting/comments/a69o0t/this_is_a_road_i_ride_regularly_it_was_chip/ebt60jv/,bikecommuting
174,geewhizz90,Love fishing in the Hobie!,1544799825.0,1544771025.0,/r/Outdoors/comments/a5z9mf/no_where_else_id_rather_be/ebr60rj/,Outdoors
51,geewhizz90,Is the eradication of malaria an actual possibility?. [removed],1544766977.0,1544738177.0,/r/askscience/comments/a5y5y0/is_the_eradication_of_malaria_an_actual/,askscience
175,geewhizz90,Everyone is staring at me for chuckling now. Thanks ,1544766017.0,1544737217.0,/r/bicycling/comments/a5vezs/thought_this_might_be_enjoyed_here_cleaned_her_up/ebq4q8p/,bicycling
176,geewhizz90,"I bought a bike very similar to that this year, the trek Crossrip. It’s made a huge difference since I’ve been riding it! Enjoy the bike and keep it up!

Just curious though, why the ALR 5 instead of the 4?",1544702963.0,1544674163.0,/r/bicycling/comments/a5ool0/first_drop_bar_bike_tomorrow/ebog1dh/,bicycling
177,geewhizz90,Awesome contrast!,1544685919.0,1544657119.0,/r/NatureIsFuckingLit/comments/a5h1f5/iceberg/ebnx4oq/,NatureIsFuckingLit
178,geewhizz90,"I'm a big time procrastinator with somethings, especially when it comes to other people/relationships....",1544667979.0,1544639179.0,/r/AskReddit/comments/a5kjbx/what_is_something_you_learned_too_late/ebn92ta/,AskReddit
179,geewhizz90,Absolutely love that trick! Just found out a week ago!,1544667916.0,1544639116.0,/r/AskReddit/comments/a5kjbx/what_is_something_you_learned_too_late/ebn8zrj/,AskReddit
180,geewhizz90,Damn...  Thats rough.  I have been struggling with similar thoughts about an addict brother who passed. Thanks for sharing.  ,1544667885.0,1544639085.0,/r/AskReddit/comments/a5kjbx/what_is_something_you_learned_too_late/ebn8y5s/,AskReddit
52,geewhizz90,What is something you learned too late?. ,1544666333.0,1544637533.0,/r/AskReddit/comments/a5kjbx/what_is_something_you_learned_too_late/,AskReddit
181,geewhizz90,"Slimy, yet satisfying ",1544605534.0,1544576734.0,/r/NatureIsFuckingLit/comments/a5a0wd/lion_cub_in_tanzania/ebloc9p/,NatureIsFuckingLit
182,geewhizz90,I have fleece lined gloves and they are good down into the 20s. ,1544585967.0,1544557167.0,/r/bikecommuting/comments/a58thn/suggestions_for_gloves_for_commuting_in_30f_to/ebkz354/,bikecommuting
183,geewhizz90,"75-80% of dui arrests are male, so take it easy. The gender isn’t really the point anyway. ",1544302501.0,1544273701.0,/r/desmoines/comments/a47v86/i_was_hitandran_by_a_suspected_drunk_driver_in/ebcpm5j/,desmoines
184,geewhizz90,Of without having TSA tackle you for suspicious behavior. ,1544236505.0,1544207705.0,/r/gifs/comments/a40s6r/the_future_of_travel_luggage/ebb0dwc/,gifs
185,geewhizz90,Looks like you borrowed Ralphie’s pajamas!,1544183806.0,1544155006.0,/r/bicycling/comments/a3vcw3/local_cycling_club_had_a_jingle_bell_ride_had_to/eb9m0kp/,bicycling
186,geewhizz90,That doesn’t make me happy.. ,1544182194.0,1544153394.0,/r/Jokes/comments/a3t5ob/a_good_girl_doesnt_kiss_until_the_third_date/eb9k2kx/,Jokes
187,geewhizz90,I think it has something to do with vibration frequency. The slo mo guys have some videos on YouTube I think showing a similar thing,1544182128.0,1544153328.0,/r/NatureIsFuckingLit/comments/a3q3k1/this_waterflow/eb9jzlm/,NatureIsFuckingLit
188,geewhizz90,Looks like this came from Mad Max,1544181371.0,1544152571.0,/r/NatureIsFuckingLit/comments/a3vcu5/crab_riding_an_albino_crocodile/eb9j1hh/,NatureIsFuckingLit
189,geewhizz90,"Not mine, but at a family gift exchange one of the in-law sisters gave another in-law sister a big fat vibrating dildo. It was completely unexpected, and most the family is really conservative. The gift was meant as genuine also, not a gag. ",1544179923.0,1544151123.0,/r/AskReddit/comments/a3r750/reddit_what_is_the_most_umm_thanks_gift_that/eb9hc00/,AskReddit
190,geewhizz90,One of my all time favorite burns,1544179599.0,1544150799.0,/r/DunderMifflin/comments/a3tlfw/toby/eb9gxj7/,DunderMifflin
191,geewhizz90,"Just learned that the mouth holds the widest variety of bacteria anywhere on the body, so yeah..",1544179434.0,1544150634.0,/r/Jokes/comments/a3t5ob/a_good_girl_doesnt_kiss_until_the_third_date/eb9gq00/,Jokes
53,geewhizz90,[meme] When someone near you in the library is unnecessarily loud... ,1544064322.0,1544035522.0,/r/medicalschool/comments/a3f7gy/meme_when_someone_near_you_in_the_library_is/,medicalschool
54,geewhizz90,Someones post for earlier really made me miss being up in Alaska earlier this year. Bro-in-law had just got his license and took me around to see the Wrangell's.. ,1544060137.0,1544031337.0,/r/Outdoors/comments/a3eio5/someones_post_for_earlier_really_made_me_miss/,Outdoors
192,geewhizz90,Are you drunk??,1544009382.0,1543980582.0,/r/AskReddit/comments/a33drq/whats_your_tightest_butthole_moment/eb467cr/,AskReddit
55,geewhizz90,What is a home/personal product you swear by and will remain a loyal customer?. ,1543977503.0,1543948703.0,/r/AskReddit/comments/a33g0m/what_is_a_homepersonal_product_you_swear_by_and/,AskReddit
194,geewhizz90,Not all progress is forward,1543914443.0,1543885643.0,/r/funny/comments/a2ropc/uhh_yea/eb1ff4a/,funny
195,geewhizz90,Mine were blue today,1543914416.0,1543885616.0,/r/funny/comments/a2ra87/decembers_in_dallas/eb1fe07/,funny
196,geewhizz90,Love that symbol ,1543914286.0,1543885486.0,/r/NatureIsFuckingLit/comments/a2s7e2/when_threatened_the_girdled_armadillo_lizard_puts/eb1f8nd/,NatureIsFuckingLit
56,geewhizz90,Poor placement in the trash.... ,1543885594.0,1543856794.0,/r/funny/comments/a2qkxl/poor_placement_in_the_trash/,funny
197,geewhizz90,Pretty sure it’s a Cape buffalo ,1543435033.0,1543406233.0,/r/natureismetal/comments/a14h7a/im_thinking_the_lion_lost_this_one/eamtqzj/,natureismetal
198,geewhizz90,I build dream bikes on Project One all the time!  One day...,1543364096.0,1543335296.0,/r/bicycling/comments/a0vf2n/ive_waited_a_long_time_for_this_nbd/eakttun/,bicycling
199,geewhizz90,"I live in Waukee/west Des Moines and there are a few options. Whisper ridge apartments has low income, but no waiting list. You just have to call each day until a spot opens up. The apartments are nice though and most people are happy with the quality. Waukee family town homes also offer subsidized housing. They are nicer apartments but a higher cost than whisper ridge. There is also a whisper ridge complex in Ankeny, but I don’t know any specifics about that location. ",1543315896.0,1543287096.0,/r/desmoines/comments/a0pmik/moving_to_des_moines_in_january_looking_for_low/eajogd7/,desmoines
57,geewhizz90,"A woman is pregnant for 9 months, the baby is full term at 40 weeks, but 40/4 = 10.. ",1543306510.0,1543277710.0,/r/Showerthoughts/comments/a0pa18/a_woman_is_pregnant_for_9_months_the_baby_is_full/,Showerthoughts
200,geewhizz90,"From what I understand, most of them put in quite a bit more than 40 hours. They may only be at the school for 40, but put in plenty of time at home. ",1543303218.0,1543274418.0,/r/teslamotors/comments/a0o9u5/there_are_way_easier_places_to_work_but_nobody/eaja8kz/,teslamotors
201,geewhizz90,"When I would go hiking after watch Criminal Minds, I expected to find a body",1543270759.0,1543241959.0,/r/reactiongifs/comments/a0f95g/when_i_see_another_human_after_binging_6_hours_of/eai3hi4/,reactiongifs
202,geewhizz90,Or just get a bigger piece of meat!,1543134288.0,1543105488.0,/r/CrappyDesign/comments/9zyyce/these_tongs_i_got_for_my_barbeque_today/eaebw1r/,CrappyDesign
203,geewhizz90,"I was going on a medical mission to Haiti and we brought infant models to teach resuscitation. They were in a carry-on, and they showed up pretty well when they got X-rayed. They security officer jumped off his chair shouting, “what’s in there?!?!” We opened the bag and he still super amped, thinking they were real kids. He asked for warning next time, but the reaction was so good I don’t think that will happen. ",1543134090.0,1543105290.0,/r/AskReddit/comments/a017ri/airport_security_personnel_of_reddit_what_is_the/eaebmu4/,AskReddit
204,geewhizz90,Ouch....,1542898358.0,1542869558.0,/r/AskReddit/comments/9zatd4/what_cool_tech_are_you_actually_buying_on_black/ea7v1rz/,AskReddit
205,geewhizz90,Checkout the band Blackmill ,1542805565.0,1542776765.0,/r/AskReddit/comments/9yzs7o/what_is_a_good_song_to_listen_to_while_studying/ea5dv6a/,AskReddit
58,geewhizz90,"Am I the only one who would rather eat what I am actually grateful for, rather than turkey?. [removed]",1542805050.0,1542776250.0,/r/AskReddit/comments/9z02ee/am_i_the_only_one_who_would_rather_eat_what_i_am/,AskReddit
206,geewhizz90,Lasagna ,1542804813.0,1542776013.0,/r/AskReddit/comments/9yzw01/whats_something_you_hated_as_kid_but_likelove_now/ea5d8a0/,AskReddit
207,geewhizz90,"Just a baby, that turns out to be a genius who develops time travel. ",1542804708.0,1542775908.0,/r/AskReddit/comments/9yzw80/you_wake_up_in_a_cold_sweat_in_the_middle_of_the/ea5d4yu/,AskReddit
208,geewhizz90,"Reebok - I am what I am + VW - think small

I am what I am, think small. ",1542804602.0,1542775802.0,/r/AskReddit/comments/9yzwci/what_two_companys_slogans_when_blended_together/ea5d1nm/,AskReddit
209,geewhizz90,Because it’s confident. ,1542804228.0,1542775428.0,/r/AskReddit/comments/9yzwra/why_is_death_sexy/ea5cpxk/,AskReddit
210,geewhizz90,Music that I am very familiar with. When I know all the notes/words it doesn’t pull my attention to the music as much and I am able to get in a flow state easier. ,1542804165.0,1542775365.0,/r/AskReddit/comments/9yzwu0/what_do_you_do_to_focus/ea5cnxc/,AskReddit
211,geewhizz90,"I think a lot of it will be similar to having a vision. So much information, knowledge, emotion etc etc can be communicated through a dream/vision. Much more efficient and thorough than spoken word. ",1542804034.0,1542775234.0,/r/AskReddit/comments/9yzww4/christian_redditors_what_language_do_you_think/ea5cjry/,AskReddit
212,geewhizz90,"This year, Iowa. According to US News and World Report. I live here now and not sure I buy it. ",1542803871.0,1542775071.0,/r/AskReddit/comments/9yzwxf/whats_the_best_state_in_america_to_live_in/ea5celr/,AskReddit
213,geewhizz90,The clerk sure did! ,1542797012.0,1542768212.0,/r/instant_regret/comments/9yqje4/pulling_a_gun_on_a_store_clerk/ea55yv8/,instant_regret
214,geewhizz90,LEGO movie should be the top of this list. I surprised my phone doesn’t autocorrect a trademark after I type it!®️,1542795138.0,1542766338.0,/r/AskReddit/comments/9yprlr/which_movie_was_really_just_a_giant_advertisement/ea541sg/,AskReddit
215,geewhizz90,"Handled really well.  Glad people out there take responsibility, bummer about the driver who did not..

&#x200B;

I'm applauding the motorcyclist right now . ",1542768547.0,1542739747.0,/r/bicycling/comments/9yu1on/yikes/ea48tqv/,bicycling
216,geewhizz90,Just need some caffeine ,1542716209.0,1542687409.0,/r/interestingasfuck/comments/9ymd3x/turtle_coming_out_of_hibernation/ea2yaw4/,interestingasfuck
217,geewhizz90,I just did the same with my Xr and love it!,1542698128.0,1542669328.0,/r/iphone/comments/9yla99/i_decided_to_use_my_xs_max_caseless_from_now_on/ea2dbta/,iphone
218,geewhizz90,"It might be a lipoma, which is basically a ball of hard fat. ",1542550086.0,1542521286.0,/r/AskReddit/comments/9y2gg7/what_is_your_should_probably_go_see_a_doctor/e9xxuac/,AskReddit
219,geewhizz90,Beautiful! What bar tape is that?,1542491879.0,1542463079.0,/r/bicycling/comments/9xvrug/a_couple_of_months_ago_i_posted_about_finding_my/e9vrcbr/,bicycling
220,geewhizz90,Are you the Ass Man??,1542491438.0,1542462638.0,/r/Jokes/comments/9xv1vw/a_university_student_wanted_to_sit_next_to_one_of/e9vqrqw/,Jokes
221,geewhizz90,Love the look of the old school carbon. How do you like those pedals? I’m trying to decide between that set and a couple others. ,1542456887.0,1542428087.0,/r/bicycling/comments/9xrpfb/giant_cadex_980c/e9v0uy0/,bicycling
222,geewhizz90,The cascade is definitely a problem. I feel like better communication between doctors and pharmacists could cut back on that. ,1542452639.0,1542423839.0,/r/AskReddit/comments/9xpwlv/what_is_the_biggest_disappointment_you_have_had/e9ux6c6/,AskReddit
223,geewhizz90,Yeah the HIV drugs have definitely come a long way. I am unfamiliar with the Milwaukee method. I’ll have to look into that. ,1542452574.0,1542423774.0,/r/AskReddit/comments/9xpwlv/what_is_the_biggest_disappointment_you_have_had/e9ux47o/,AskReddit
59,geewhizz90,What is the biggest disappointment you have had with modern medicine?. ,1542429136.0,1542400336.0,/r/AskReddit/comments/9xpwlv/what_is_the_biggest_disappointment_you_have_had/,AskReddit
224,geewhizz90,I always appreciate good foreshadowing. ,1542417296.0,1542388496.0,/r/funny/comments/9xnr3a/got_super_strength_viagra_last_night/e9tptea/,funny
225,geewhizz90,"I was eating at a restaurant and heard the hostess ask a couple she was seating if they were out for anything special. The husband replied, “No, it’s just our anniversary.” It has inspired my father in law to drop that line almost anytime he goes out to eat now. ",1542402034.0,1542373234.0,/r/AskReddit/comments/9xkeuc/waiters_and_waitresses_of_reddit_what_is_the_most/e9t96lc/,AskReddit
226,geewhizz90,That fastback Mustang in the back is a beauty!!,1542367404.0,1542338604.0,/r/subaru/comments/9xdjgs/in_good_company/e9skxj4/,subaru
227,geewhizz90,Haha you’d think right? Is was a small chain store out west. ,1542334973.0,1542306173.0,/r/AskReddit/comments/9x6s3w/what_is_the_strangest_human_interaction_youve/e9rfq33/,AskReddit
228,geewhizz90,"My wife was pregnant and we were checking out at the grocery store. The cashier asked how she planned on delivering and suggested that my wife not get an epidural. The cashier, who was maybe 20, said how amazing it felt to feel her baby slide through the birth canal. Getting an epidural would ruin that experience. ",1542286124.0,1542257324.0,/r/AskReddit/comments/9x6s3w/what_is_the_strangest_human_interaction_youve/e9q8v7h/,AskReddit
229,geewhizz90,Lucky charms come in a ziplock ,1542283345.0,1542254545.0,/r/Showerthoughts/comments/9x74tw/its_2018_and_we_still_dont_have_ziploc_cereal_bags/e9q69q1/,Showerthoughts
230,geewhizz90,Heading to a Comicar convention?,1542199586.0,1542170786.0,/r/gifs/comments/9wuxa4/my_childhood_on_the_back_of_a_transporter/e9nwcov/,gifs
60,geewhizz90,What is the worst part about having a colonoscopy?. [removed],1542199006.0,1542170206.0,/r/AskReddit/comments/9wwsw7/what_is_the_worst_part_about_having_a_colonoscopy/,AskReddit
231,geewhizz90,The Chucky doll was some nice flair!,1542172162.0,1542143362.0,/r/funny/comments/9wswg1/how_to_eat_dinner_and_then_straight_to_cake/e9n2n0g/,funny
232,geewhizz90,"Either that dog is a genius, or I need someone to care for me to that degree",1542171926.0,1542143126.0,/r/gifs/comments/9wskwr/winter_mood/e9n2c4a/,gifs
233,geewhizz90,"I use notabilty, mostly for my iPad though. But can be used on iPhone. ",1542166160.0,1542137360.0,/r/iphone/comments/9wqljq/what_notes_app_do_yall_recommend_im_looking_for_a/e9mv08p/,iphone
234,geewhizz90,That's because its for drinking,1542164429.0,1542135629.0,/r/funny/comments/9wov98/tides_new_packaging_looks_like_boxed_wine/e9mst70/,funny
235,geewhizz90,Wish I had this much dedication and confidence about anything! ,1542164320.0,1542135520.0,/r/funny/comments/9wqnbq/this_frances_got_talent/e9mso87/,funny
236,geewhizz90,Would you recommend? I’m going to purchase a set soon. ,1542146696.0,1542117896.0,/r/bikecommuting/comments/9wmes2/first_ride_after_too_long_of_a_break_it_feels/e9m7zkm/,bikecommuting
237,geewhizz90,Would be less funny if we found out all these cats have depression and that’s all they can manage to do. ,1542143341.0,1542114541.0,/r/funny/comments/9wnlyc/my_mom_sent_me_this_today_on_email_with_a_title/e9m55bw/,funny
238,geewhizz90,What fenders do you have on?,1542142500.0,1542113700.0,/r/bikecommuting/comments/9wmes2/first_ride_after_too_long_of_a_break_it_feels/e9m4iqj/,bikecommuting
239,geewhizz90,He’s the hero Gotham deserves,1542085506.0,1542056706.0,/r/funny/comments/9wflq7/wingman_of_the_year/e9ks6om/,funny
61,geewhizz90,"Do the chambers of the heart collapse after contraction, before another filling phase begins?. [removed]",1541936558.0,1541907758.0,/r/askscience/comments/9w0qn3/do_the_chambers_of_the_heart_collapse_after/,askscience
240,geewhizz90,Trying to jump out of moving cars,1541851130.0,1541822330.0,/r/AskReddit/comments/9vpxwn/whats_something_you_consistently_did_as_a_child/e9ehy8f/,AskReddit
241,geewhizz90,That birth was the most uncomfortable a gummy bear has ever made me feel. ,1541850933.0,1541822133.0,/r/TrollYChromosome/comments/9vq97c/so_this_is_where_gummy_bears_come_from/e9ehrwu/,TrollYChromosome
242,geewhizz90,This is the one is was going to recommend. Quite a few choices of people to work with. ,1541819360.0,1541790560.0,/r/desmoines/comments/9vmmng/recommended_therapists_in_des_moines/e9dj6y8/,desmoines
243,geewhizz90,I’ve read about this and the idea is that charging and using charge at the same time causes the battery to go through “microcycles” which can be detrimental to battery health. The source said this was a myth though and is not likely to cause early aging. It is difficult to find solid advice about battery heath for lithium ions. ,1541731774.0,1541702974.0,/r/iphone/comments/9vbzj7/does_charging_while_playing_games_affect_the/e9b326i/,iphone
244,geewhizz90,"Life of Pi. 

Ending blew my mind. ",1541721567.0,1541692767.0,/r/AskReddit/comments/9v7bv2/whats_a_movie_you_wish_you_could_unwatch_and/e9aprpo/,AskReddit
245,geewhizz90,This looks like a handout from my local Jehovah's Witness. ,1541548518.0,1541519718.0,/r/DunderMifflin/comments/9un8yj/all_hail_the_magnificent_dwight_k_schrute/e95xrt4/,DunderMifflin
246,geewhizz90,Sometimes switching my route helps a bit. I put up mental walls on the route I ride the most. Changing things up gives fresh views and can help the ride be more enjoyable. ,1541422304.0,1541393504.0,/r/bicycling/comments/9uafwm/been_riding_for_2_months_and_still_get_tired/e92vul2/,bicycling
247,geewhizz90,I was having similar issues and started biking into school to study. I’ve been way more productive since I started getting exercise at the start of the day. ,1541419602.0,1541390802.0,/r/medicalschool/comments/9u9snh/seriousi_cannot_focus_for_the_life_of_me_until/e92tajn/,medicalschool
248,geewhizz90,"Switching your settings to “draft quality” reduces the amount of ink used with each print. It often looks the same, especially if a word document. ",1541327453.0,1541298653.0,/r/AskReddit/comments/9tyzp9/what_shouldnt_be_as_expensive_as_it_is/e90f58q/,AskReddit
249,geewhizz90,I know a guy who has had good luck welding seat tubes like this. Give it a shot if you know a guy. ,1541327260.0,1541298460.0,/r/bicycling/comments/9txwdz/can_this_be_fixed/e90exyv/,bicycling
250,geewhizz90,"I should have been more specific. Kids bikes are usually fine. The coaster breaks I’ve seen have been consistent and sufficient. I know not everyone has the same options, but I volunteer at a non-profit bike shop and you can get a much better bike for the same price. As long as riding a used bike isn’t an issue. ",1541326874.0,1541298074.0,/r/bicycling/comments/9txb79/found_a_professional_assembled_bike_at_target/e90ejfp/,bicycling
251,geewhizz90,I bought a mongoose from Walmart and the brakes are completely unreliable. I often ride with my kid behind me so I need them to work right. The only way I can get them to be responsive is if they are rubbing the rim all the time. I’ve been working on Schwinn’s from the 80s lately and they are much much better bikes. And that’s with completely original parts. ,1541324411.0,1541295611.0,/r/bicycling/comments/9txb79/found_a_professional_assembled_bike_at_target/e90c01h/,bicycling
252,geewhizz90,Should never go with a department store/super store bike,1541312495.0,1541283695.0,/r/bicycling/comments/9txb79/found_a_professional_assembled_bike_at_target/e9000s6/,bicycling
253,geewhizz90,"Paramedics for sure.  I have a buddy who works as a paramedic and he has to deal with the craziest situations.  He has to react within minutes, if not sooner if some situations to provide life saving treatment.  Similar for those who are medics in the armed forces.  Mad respect for what those people do. ",1541300267.0,1541271467.0,/r/AskReddit/comments/9tt6w7/which_profession_takes_a_lot_of_skill_but_isnt/e8znjgs/,AskReddit
254,geewhizz90,"Pee after eating asparagus smells terrible, almost immediately after! But not everyone has the gene needed to smell it, unfortunately I do. ",1541222330.0,1541193530.0,/r/AskReddit/comments/9tm58i/people_of_reddit_what_is_one_thing_you_thought/e8xsugi/,AskReddit
255,geewhizz90,"Yeah the cost can climb pretty quick.  It has definitely made me realize how new bikes can cost so much with the quality of components. I volunteer and at non-profit bike shop and they have used parts that are in good condition, but at a fraction of the cost.  So I use those parts when possible. ",1541131192.0,1541102392.0,/r/bicycling/comments/9t0qxw/instead_of_studying_yesterday_i_decided_to_strip/e8vaoko/,bicycling
256,geewhizz90,"People who breath super loud, especially through their nose. ",1541075851.0,1541047051.0,/r/AskReddit/comments/9t2ent/what_is_your_nails_on_a_chalkboard_sound_that/e8tzq2m/,AskReddit
257,geewhizz90,"It was pretty quick actually. Usually the bearings are a mess if the bike has been ridden. The grease was basically absent throughout, so it was easy to clean. Most bikes I’ve done had been much messier. Fine steel wool on any bare metal works like a charm though!",1541063737.0,1541034937.0,/r/bicycling/comments/9t0qxw/instead_of_studying_yesterday_i_decided_to_strip/e8toy65/,bicycling
258,geewhizz90,"I replaced all the cables/housing,  bar tape, repacked all the bearings, swapped out the tubes, tires, and seat. The frame and drive train were in good shape though. ",1541063362.0,1541034562.0,/r/bicycling/comments/9t0qxw/instead_of_studying_yesterday_i_decided_to_strip/e8tol81/,bicycling
259,geewhizz90,My bad.  There should definitely be a comma after strip. These student loans aren’t paying themselves!,1541048312.0,1541019512.0,/r/bicycling/comments/9t0qxw/instead_of_studying_yesterday_i_decided_to_strip/e8t8p16/,bicycling
260,geewhizz90,"I didn’t do anything to the frame! I bought it from the original owner and it was basically garaged after they got their drivers license from the sounds of it. I wasn’t planning on getting one but couldn’t pass when I saw the condition. 

Is it pretty easy to switch over to single speed?",1541048175.0,1541019375.0,/r/bicycling/comments/9t0qxw/instead_of_studying_yesterday_i_decided_to_strip/e8t8ixl/,bicycling
62,geewhizz90,"Instead of studying yesterday, I decided to strip and restore this late 80's Schwinn.. ",1541034645.0,1541005845.0,/r/bicycling/comments/9t0qxw/instead_of_studying_yesterday_i_decided_to_strip/,bicycling
261,geewhizz90,Epic!! ,1540939616.0,1540910816.0,/r/bicycling/comments/9snxmn/witness_me/e8q7hul/,bicycling
262,geewhizz90,I think it might be something I like!! OREOOOOOOS!!!,1540843696.0,1540814896.0,/r/funny/comments/9s9y0g/watch_what_i_can_do/e8np29p/,funny
263,geewhizz90,HAVE YOU MET ME!!,1540627842.0,1540599042.0,/r/funny/comments/9rn5t5/lol/e8irtju/,funny
63,geewhizz90,XR just showed up!. ,1540617455.0,1540588655.0,/r/apple/comments/9roq5f/xr_just_showed_up/,apple
264,geewhizz90,Looks sharp! What’s your take on the future shock?,1540546971.0,1540518171.0,/r/bicycling/comments/9rf4li/nbd_nbd_nbd/e8gpf0z/,bicycling
265,geewhizz90,You got it!  The gate was closed.  Not sure if for the season or for the high water. ,1540418401.0,1540389601.0,/r/bicycling/comments/9pkpsd/nice_ride_around_iowa_city/e8cxsf2/,bicycling
64,geewhizz90,"Cardio help [preclinical]. We have a new cardio professor this year who is using a flipped classroom style.  The class just started, but it is not working for me.  What resources have helped you learn cardio?",1540417933.0,1540389133.0,/r/medicalschool/comments/9qzum1/cardio_help_preclinical/,medicalschool
65,geewhizz90,Cardio help. [removed],1540416086.0,1540387286.0,/r/medicalschool/comments/9qzlkt/cardio_help/,medicalschool
266,geewhizz90,Great follow through!!,1540355584.0,1540326784.0,/r/funny/comments/9qphx7/the_great_meow_tyson/e8bht19/,funny
267,geewhizz90,Did you repaint the frame?,1540244595.0,1540215795.0,/r/bicycling/comments/9qap3q/nbd_to_me_mid_80s_specialized_allez_as_my_work/e88g1yz/,bicycling
268,geewhizz90,"Love that city, actually plan to move there someday. ",1540116560.0,1540087760.0,/r/Outdoors/comments/9pyqlp/near_exit_glacier_kenia_alaska_oc/e85jrni/,Outdoors
269,geewhizz90,It’s been great! This is the first new bike I’ve purchased and I love riding it. ,1540034891.0,1540006091.0,/r/bicycling/comments/9pkpsd/nice_ride_around_iowa_city/e83nx64/,bicycling
66,geewhizz90,Purchasing a Salvage Title? How to find a good one that isn’t a lemon?. ,1540020664.0,1539991864.0,/r/AskReddit/comments/9pp5nm/purchasing_a_salvage_title_how_to_find_a_good_one/,AskReddit
270,geewhizz90,My silver lining by First Aid Kit,1540015097.0,1539986297.0,/r/AskReddit/comments/9pn810/what_are_the_songs_that_act_like_an_instant/e835ne4/,AskReddit
271,geewhizz90,Some of those red babies look pretty interested,1540003133.0,1539974333.0,/r/BadAnatomy/comments/9plozg/breasts/e82s9ei/,BadAnatomy
272,geewhizz90,"Hahaha right? Part of the trail was flooded over, but easy enough to find a way around",1539999408.0,1539970608.0,/r/bicycling/comments/9pkpsd/nice_ride_around_iowa_city/e82nosa/,bicycling
67,geewhizz90,Nice ride around Iowa City.. ,1539990728.0,1539961928.0,/r/bicycling/comments/9pkpsd/nice_ride_around_iowa_city/,bicycling
273,geewhizz90,I’m visiting right now and went to Shorts Burgers and Shine and it was tough to choose. There were a bunch a good options.,1539948534.0,1539919734.0,/r/IowaCity/comments/9pg2g5/suggestions_for_group_of_guys_in_town_for_a/e81iyu8/,IowaCity
274,geewhizz90,I’m tempted to find out. That would be terrible to miss out on,1539947830.0,1539919030.0,/r/funny/comments/9pfziu/the_wallpaper_at_my_hotel_has_capn_crunch_on_it/e81i98o/,funny
275,geewhizz90,"The graduate, Iowa City ",1539947762.0,1539918962.0,/r/funny/comments/9pfziu/the_wallpaper_at_my_hotel_has_capn_crunch_on_it/e81i6t4/,funny
68,geewhizz90,The wallpaper at my hotel has Cap’n Crunch on it!! 🤣🤣. ,1539947324.0,1539918524.0,/r/funny/comments/9pfziu/the_wallpaper_at_my_hotel_has_capn_crunch_on_it/,funny
276,geewhizz90,Love that place! Went there the first time this summer and think about going back all the time. The camp spots at the base are great! Wish it didn’t take 10 hours to get there,1539947192.0,1539918392.0,/r/bicycling/comments/9pdg4a/some_of_the_best_biking_ive_ever_done_fruita_co/e81hm0b/,bicycling
277,geewhizz90,"Not yet, I’ve just found a group who goes on gravel rides that I’m going to try and join for rides. The link is great though! That will be super useful for planning routes. Thank you!",1539926870.0,1539898070.0,/r/IowaCity/comments/9ohzp6/iowa_city_cyclists_where_to_ride/e80vsrs/,IowaCity
278,geewhizz90,"Credit card debt, and paying back the interest.  It’s a bad cycle to get in and it really messed up my dads credit and financial situation. ",1539852454.0,1539823654.0,/r/AskReddit/comments/9p198d/what_do_you_see_as_the_biggest_waste_of_money/e7yybop/,AskReddit
279,geewhizz90,These pretzels..... ARE MAKING ME THIRSTY!!!!,1539736898.0,1539708098.0,/r/funny/comments/9op9q7/rold_gold_pretzels_commercial_with_jason/e7vn2ip/,funny
280,geewhizz90,"Missed the last train home one night and one of the employees had just got off at the stop I was at. The button wasn’t working to open the door and he saw that it wasn’t working but couldn’t help before the train pulled off. He tried helping me find another way (these are pre-Uber times).  He offered me a ride home, 30 min out of his way (maybe not such a simple gesture). Ended up having a really good conversation that later helped me work through some things with family. This all happened right before I was leaving the country for a couple years, so leaving on good terms made a huge difference. Not sure the man would ever remember, but I think about that chance meeting frequently. ",1539689790.0,1539660990.0,/r/AskReddit/comments/9ohvru/serious_reddit_what_was_a_simple_gesture_from_a/e7un0vb/,AskReddit
69,geewhizz90,"Iowa City Cyclists, where to ride?. I will be visiting Iowa City for the first time this Thursday and Friday.  I would like to get a couple bike rides in while I'm there.  What are some road bike routes I should consider?  I am considering bringing my mountain bike also if there are some good trails to hit (assuming it doesn't end up raining between now and then).",1539674346.0,1539645546.0,/r/IowaCity/comments/9ohzp6/iowa_city_cyclists_where_to_ride/,IowaCity
281,geewhizz90,"Have you ever been blackout drunk?

Have you?? 😢",1539590364.0,1539561564.0,/r/europe/comments/9ns92n/an_ottoman_judge_gives_sexual_advice_and_a_dildo/e7s16s4/,europe
282,geewhizz90,"Good read, thanks for the link. Some of the other busted myths answered questions I had. ",1539586873.0,1539558073.0,/r/bicycling/comments/9o6im9/best_tires_for_commuting/e7rxoas/,bicycling
283,geewhizz90,It’s really flat. Only 300 feet elevation gain over 12 miles.  I might try those continental tires in the spring time. ,1539586137.0,1539557337.0,/r/bicycling/comments/9o6im9/best_tires_for_commuting/e7rwx43/,bicycling
284,geewhizz90,"It rains quite a bit where I am and I try to not let that stop me. I almost always have mud splatter up my back, but I shower when I get to school. ",1539585736.0,1539556936.0,/r/bicycling/comments/9o6im9/best_tires_for_commuting/e7rwi5j/,bicycling
285,geewhizz90,Are road tires bad for commuting?,1539583205.0,1539554405.0,/r/bicycling/comments/9o6im9/best_tires_for_commuting/e7rtvkj/,bicycling
286,geewhizz90,No flats yet. Do you have any recommendations for fenders? I have mounts for them but haven’t looked into them much yet. ,1539582844.0,1539554044.0,/r/bicycling/comments/9o6im9/best_tires_for_commuting/e7rthr5/,bicycling
287,geewhizz90,Should be more zoomed in,1539581582.0,1539552782.0,/r/gifs/comments/9o4vp4/kill_it_with_fire/e7rs2yf/,gifs
288,geewhizz90,Thank you! Now just trying to find a matching saddle. ,1539581145.0,1539552345.0,/r/bicycling/comments/9mp2zl/my_first_rebuild_1992_club_fuji/e7rrl7z/,bicycling
289,geewhizz90,Good find! How did you come across that?,1539581112.0,1539552312.0,/r/bicycling/comments/9mp2zl/my_first_rebuild_1992_club_fuji/e7rrjv9/,bicycling
70,geewhizz90,"Best tires for commuting?. I started commuting to school this semester, 12 miles each way. I have been using the bontrager tires that came with the bike (Crossrip 2). Over the winter I’m going to make some changes to the bike and am considering changing the tires. I haven’t purchased tires before and am curious what people have liked. The ride is 10% road 90% blacktop/concrete trail. Should I just switch over to road tires? What are some that you have liked?",1539581042.0,1539552242.0,/r/bicycling/comments/9o6im9/best_tires_for_commuting/,bicycling
71,geewhizz90,Everything that has been born or hatched from an egg started life with a near death experience.. ,1539511637.0,1539482837.0,/r/Showerthoughts/comments/9nzbhb/everything_that_has_been_born_or_hatched_from_an/,Showerthoughts
290,geewhizz90,And that our skin doesn’t need to be removed like our finger nails ,1539511131.0,1539482331.0,/r/Showerthoughts/comments/9nvcvp/lets_all_just_take_a_moment_and_appreciate_that/e7q587g/,Showerthoughts
291,geewhizz90,Airfare ,1539508756.0,1539479956.0,/r/AskReddit/comments/9nvpz6/americans_what_do_you_envy_about_europeans/e7q2yoy/,AskReddit
292,geewhizz90,That song makes me not happy,1539508264.0,1539479464.0,/r/AskReddit/comments/9nxbn7/what_song_do_you_absolutely_hate/e7q2i5v/,AskReddit
293,geewhizz90,Gotta love the Nard dog!,1539506585.0,1539477785.0,/r/DunderMifflin/comments/9nxg6n/nobody_tell_him/e7q0x99/,DunderMifflin
294,geewhizz90,"Clean look, love it!",1539503391.0,1539474591.0,/r/bicycling/comments/9nwvi0/nbd_felt_ar5_maiden_voyage_to_the_top_of_box_hill/e7pxwpp/,bicycling
72,geewhizz90,Thinking of getting some artwork for the apartment.. ,1539439962.0,1539411162.0,/r/funny/comments/9nrnq7/thinking_of_getting_some_artwork_for_the_apartment/,funny
295,geewhizz90,"Caskets
",1539439632.0,1539410832.0,/r/AskReddit/comments/9nqp91/what_is_something_costco_should_never_sell/e7ohtia/,AskReddit
296,geewhizz90,r/theflatearthsociety ,1539438958.0,1539410158.0,/r/AskReddit/comments/9nq6bf/if_reddit_existed_in_the_1400s_what_would_be_some/e7ohgb6/,AskReddit
297,geewhizz90,“DNA” by Ludovico Einaudi,1539431438.0,1539402638.0,/r/AskReddit/comments/9nokv4/youve_met_someone_who_says_they_dont_really/e7ocesn/,AskReddit
73,geewhizz90,"If you are going to die from cancer, there is a good chance the first cell has already started to mutate.. ",1539429645.0,1539400845.0,/r/Showerthoughts/comments/9nqpy0/if_you_are_going_to_die_from_cancer_there_is_a/,Showerthoughts
298,geewhizz90,Ridiculousness is basically the same show as “Oww my Balls!”,1539164245.0,1539135445.0,/r/Showerthoughts/comments/9mt8cc/the_movie_idiocracy_is_getting_less_and_less/e7hl6mc/,Showerthoughts
299,geewhizz90,"Yep.  It had a stem the same color as the bike, but swapped it out because my wife rides it and wanted to sit a little more upright.  Starting to regret that though because it looked so good!",1539126610.0,1539097810.0,/r/bicycling/comments/9mp2zl/my_first_rebuild_1992_club_fuji/e7ge3dh/,bicycling
74,geewhizz90,My first rebuild! 1992 Club Fuji. ,1539120032.0,1539091232.0,/r/bicycling/comments/9mp2zl/my_first_rebuild_1992_club_fuji/,bicycling
