,author,body,created,created_utc,permalink,subreddit
0,Blanksparkk,"Diablo 3 pvp didnt happen because it would just be to boring. 
In diablo 2 what made the game addictive was its item farming. Items were always a achievement in its self if youre legit. Players would proudly show off their gear in trade windows to other pvp players. 
Pvp was truely for the top players though. They usally had the best gear with best stats.",1560863455.0,1560834655.0,/r/diablo3/comments/c1ogjm/remember_when_blizzard_promised_pvp_in_diablo_iii/ergdd3h/,diablo3
0,Blanksparkk,Car with no driver cant go past 60mph california. So no freeway for self driving cars with no driver.,1560736373.0,1560707573.0,/r/SelfDrivingCars/comments/c1cqdu/car_with_no_driver_cant_go_past_60mph_california/,SelfDrivingCars
1,Blanksparkk,It says make between 2.99 and 7.99 per delivery. Do every delivery unless ur driving a gas gussler then good luck man. Every order adds up in the end unless people arent ordering food also.,1558776403.0,1558747603.0,/r/doordash/comments/bsntlg/south_orange_county_ca_i_havent_dashed_in_a_while/eootmjy/,doordash
2,Blanksparkk,"Yeah once a customer sent me a sarcastic text telling me to keep and enjoy the food. I was like hey its not my fault ur school doesnt allow food delivery. I was still able to complete the delivery but yeesh the customer thought i wanted to keep the food. I wasnt bothered by it, but still lik um okay its your fault not mine kid.",1558776269.0,1558747469.0,/r/doordash/comments/bsl2qa/ever_had_a_situation_where_a_customers_text/eootffh/,doordash
3,Blanksparkk,People take the slots in less than a min dude. No time. Every second counts.,1558592928.0,1558564128.0,/r/doordash/comments/brv3du/scheduling_is_dumb_im_driving_and_its_time_to/eogrjop/,doordash
1,Blanksparkk,Scheduling is dumb. Im driving and its time to sign up. So time after time i found it hard to choose my work hours since im driving while it turns 3pm pst. How am i suppose to get any hours while in driving.,1558592324.0,1558563524.0,/r/doordash/comments/brv3du/scheduling_is_dumb_im_driving_and_its_time_to/,doordash
2,Blanksparkk,New schedule system still doesn't help... [removed],1556522485.0,1556493685.0,/r/doordash/comments/bihfng/new_schedule_system_still_doesnt_help/,doordash
