,author,body,created,created_utc,permalink,subreddit
0,malekhai,"New Home Owners -> Major issues found 3 month after moving in. I purely want to understand what, if any, legal recourse we might have on related issues. 

&#x200B;

August 2019, wife and I purchased our first home in Michigan. Inspection report came through with a few minor issues, but nothing that affected our interest in purchasing. The home is \~1000sqft, 2 bedroom, 1 bath, partial finished basement with unfinished crawlspace. Inspector is licensed with NACHI. Purchased 1 year home warranty with Americas Preferred  


August/September 2019, while going through and doing a thorough clean of each room, discovered dampness in carpet of one finished room in basement. On closer inspection there is significant water damage to entire baseboard running along exterior facing walls of room (2 sides). On tearing back the wall to the foundation (concrete block), we found there was significant water damage/moisture buildup as plastic sheeting was put between studs and drywall (Unsure if this is common practice). Visual damage is limited to base of wall, large number of minor cracks in foundation behind drywall, and one hole (?) leading under the upstairs front entrance and below a metal support beam. We are still in process of removing remainder of drywall to know full extent of damage. In inspection report, there is no reported damage near baseboards, only indicates of non-active moisture damage near beam (based on description provided to us, we saw no reason for it to impact purchase). Based on documentation from insurance and warranty, we assumed there would be no assistance with this issue. This issue was harder to find and is a bit more understandable to have missed (Despite obvious water damage between baseboard and carpet)

October/November 2019 discover water leak around toilet and one weekend have extreme sewage smell (dissipates after 1 weekend). Plumber out several days later, finds toilet tank was damaged from chlorinated tablet and leaking from bolts to tank. Additionally, finds toilet was improperly installed (missing 1 bolt to floor) and that it was the wrong size (indicated it is 12"" rough in, should be 10"" rough in). On further inspection by plumber of crawlspace, finds there is significant wood rot in subfloor under toilet (enough that it would not have developed in 3 months of 2 people living there). Without removing toilet from floor (only toilet in house), he believes this to be because of a mismatch between flange and toilet, likely exacerbated by the wax ring being damaged. Plastic sheeting under leak in unfinished crawlspace shows buildup of water from slow drip from subfloor. Inspection report notes no issues with subfloor or the toilet, nor any mention of water damage under toilet. Home warranty does not cover any damages resulting from improper installation, and I assume the same from home insurance. The plumber found this issue within 10 seconds of getting in the crawlspace with how significant the wood rot is.

&#x200B;

Of the two issues, I am far more worried about the toilet given it is the only toilet in the house and to properly fix and repair the right way would cost a significant amount.  


Overall, inspector indicated that the house was in good shape, with no major issues. Do we have any legal recourse? NACHI contract indicates liability is limited to cost of inspection ($350), which wouldn't even be worth the hassle of pursuing against the total cost of repair

&#x200B;

We thought the inspector was fairly thorough and didn't see two major repairs coming so soon into purchasing on a house after being given a pretty positive feedback",1572755441.0,1572726641.0,/r/legaladvice/comments/dqpyk8/new_home_owners_major_issues_found_3_month_after/,legaladvice
0,malekhai,I heard you got some dice,1571197591.0,1571168791.0,/r/DnD/comments/di7jco/oc_rdnd_dice_giveaway_see_comments_for_rules/f3uxjss/,DnD
1,malekhai,"No city government is going to let autonomous cars run wild in its streets without a safety backstop, much less as a part of their regular busing infrastructure.",1564717976.0,1564689176.0,/r/SelfDrivingCars/comments/ckp1h6/driverless_shuttles_officially_launching_in_grand/evq9nkq/,SelfDrivingCars
2,malekhai,Grand Rapids is also working on deploying a localized air quality network to provide neighborhood level AQIs to citizens. Current model has a SINGLE giant EPA sensor to generate an AQI for the entire city. Localized sensors will show spikes when a semi drives by for example,1564713333.0,1564684533.0,/r/SelfDrivingCars/comments/ckp1h6/driverless_shuttles_officially_launching_in_grand/evq1kpw/,SelfDrivingCars
3,malekhai,"It is driverless, attendant is meant for consumer confidence and safety as machine vision is not perfect anywhere.",1564713207.0,1564684407.0,/r/SelfDrivingCars/comments/ckp1h6/driverless_shuttles_officially_launching_in_grand/evq1cn0/,SelfDrivingCars
4,malekhai,"The attendants are meant for consumer confidence. Machine vision is not perfect, and to become 'perfect' further data is needed. Best way to get that data is vehicles on the road.",1564713140.0,1564684340.0,/r/SelfDrivingCars/comments/ckp1h6/driverless_shuttles_officially_launching_in_grand/evq18k7/,SelfDrivingCars
1,malekhai,"Driverless shuttles officially launching in Grand Rapids, MI this week as official part of city busing route. ",1564698844.0,1564670044.0,/r/Futurology/comments/ckp5tm/driverless_shuttles_officially_launching_in_grand/,Futurology
2,malekhai,"Driverless shuttles officially launching in Grand Rapids, MI this week as official part of city busing route. ",1564698240.0,1564669440.0,/r/SelfDrivingCars/comments/ckp1h6/driverless_shuttles_officially_launching_in_grand/,SelfDrivingCars
