,author,body,created,created_utc,permalink,subreddit
0,SchnauzerLogic,"In order to even hazard a guess at answering we have to ask two additional questions:  


1. Where?
2. Doing What?

As folks have noted L5 means no restriction on ODD (go anywhere/anytime), so that feels to me more like a blind guess than a grounded prediction. And since guessing is free (just like on the SAT), I'll guess 2055.

With respect to L4, by tweaking the ODD (of which the oft-mentioned 'geofence' is an element), you can arrive at a range of answers going from 'now' to sometime just before 2055😉.

For me the real question is: Available to do what? Provide point-to-point fixed route transportation in a simple, stable environment at relatively low speeds... yea there are a number of companies who are or close to having an autonomous shuttle in places without tons of unpredictable agents. Be a replacement for human-driven TNC vehicles (Uber/Lyft)? Again the question is where...  In a city like San Francisco, unless there are streets designated as AV (or possibly AV/Bus) only, we may see small pockets of autonomy in the less-dense neighborhoods, but downtown, i don't expect to see that wholesale transformation for quite a while. (Solving autonomy 99% leaves an awful lot of no-go's for a taxi service.)  OTOH, in a city where there is a lower population/traffic density or where the regulators designate AV only paths, we could see some kind of commercial offering sooner (and outside of the US it might happen even quicker where governments can decree no more private cars and the population will comply.)

My sense is we'll see meaningful/revenue generating commercial AV offerings (limited in scope but actual transportation and not simply a novelty or demonstration) sometime in 2025... little bits and pieces before then... sure, but the beginning of critical mass (like the second generation of cell phones here in the US), sometime in the next 5-10 years.

(And at least to me FSD (Full Self Driving) means no backup driver is necessary to 'take over'... otherwise we're just talking about the best kind of ADAS... and personally I think Level 3 is a bad idea [https://www.dailymail.co.uk/sciencetech/article-7247855/Using-driverless-car-make-worse-driver-study-suggests.html](https://www.dailymail.co.uk/sciencetech/article-7247855/Using-driverless-car-make-worse-driver-study-suggests.html) [https://www.racfoundation.org/research/safety/drivers-and-conditionally-autonomous-cars](https://www.racfoundation.org/research/safety/drivers-and-conditionally-autonomous-cars))",1574062185.0,1574033385.0,/r/SelfDrivingCars/comments/dxqc8t/what_is_the_best_estimate_of_when_l4_and_l5/f7wht1v/,SelfDrivingCars
0,SchnauzerLogic,I rode in one of Zoox's self-driving cars in San Francisco — and it was more comfortable than the Uber and Lyft I took to and from the airport (Business Insider - Mark Matousek). ,1572169953.0,1572141153.0,/r/SelfDrivingCars/comments/dnn5ay/i_rode_in_one_of_zooxs_selfdriving_cars_in_san/,SelfDrivingCars
1,SchnauzerLogic,"Agreed. Tried to take the survey but got stuck at the first question:  


Legality: AI protection of driver not okay

Ethical mindset if car kills to save your life: Regretful, Happy to be alive

Code of Ethics: Intermix of Universal & Personal Rules

AI Behaviour: Purely rational

&#x200B;

Not sure what the scale, ""AI Acts Wrong to AI Acts Right"" is intended to measure?",1571995143.0,1571966343.0,/r/SelfDrivingCars/comments/dmc7cy/important_were_doing_a_research_on_ai_ethics_in/f53y16m/,SelfDrivingCars
2,SchnauzerLogic,"Just got my first Libratone Zipp and while I agree that the update screen and text is confusing/annoying, I think its actually performing an update on the firmware within the speaker (not updating the App), so not sure how that could be handled through the Play store.",1562838977.0,1562810177.0,/r/assholedesign/comments/bym75y/libratone_app_developers_seemingly_unaware_of/ethagax/,assholedesign
3,SchnauzerLogic,Chekhov’s Gun ,1553781008.0,1553752208.0,/r/YouretheworstFX/comments/b657zp/youre_the_worst_s05e12_we_were_having_such_a_nice/ejjz8gw/,YouretheworstFX
4,SchnauzerLogic,"The seat sensor in my old (non Clarity) car was super sensitive so I purchased a seat belt buckle from Amazon (something like this [https://www.amazon.com/CarNeed-Buckle-Universal-Carbon-Suitable/dp/B07JQHC8N2](https://www.amazon.com/CarNeed-Buckle-Universal-Carbon-Suitable/dp/B07JQHC8N2/ref=sr_1_sc_3?ie=UTF8&qid=1546109509&sr=8-3-spell&keywords=seatbelt+buckel)) and that solved the problem.

&#x200B;

(Apparently there are different seat belt buckle sizes, so this might not be the right one for a Clarity... eBay also has a bunch.)

&#x200B;",1546138497.0,1546109697.0,/r/Clarity/comments/aahcu6/what_default_settings_to_change/ectg837/,Clarity
5,SchnauzerLogic,"This happened to me as well (also AT&T)... Tried the 'cycle airplane mode' trick, but no luck...  then went into the MyAT&T App on my phone, clicked on the magnifying glass icon and typed in ""reset wireless voicemail password"" (first option) and then got to the Reset screen where it says, ""We'll send you a text message with your new password. Are you sure...?"" Yes/Cancel and after selecting Yes (which sets your password to your 7 digit phone number) my Visual Voicemail all came back.  

Hope this helps someone else.",1510838844.0,1510810044.0,/r/iOSBeta/comments/7d19mr/bugs_visual_voicemail_gone_112_beta/dpw9dch/,iOSBeta
6,SchnauzerLogic,[I can speak with a small bit of authority on this matter...](https://i.imgur.com/EEBAJOQ.jpg),1506489407.0,1506460607.0,/r/transgender/comments/71c9e2/trump_judicial_pick_called_transgender_children/dnjudka/,transgender
7,SchnauzerLogic,Lou? Is that you?,1506401845.0,1506373045.0,/r/transgender/comments/723sde/the_heroines_of_my_life_interview_with_robin/dni2yjj/,transgender
8,SchnauzerLogic,"just came across this post... this is 31grams of a course grind  of Street Level from Verve coffee in Santa Cruz... use the inverted method, 85 grams of water/30 seconds bloom, then fill to  top, stir and steep for a minute and then 45 second press into a 20oz cup... add a bit of water and cream and enjoy! 
http://imgur.com/a/asPij",1491788173.0,1491759373.0,/r/AeroPress/comments/5ynlc9/are_any_of_yalls_coffee_pucks_ever_this_big/dg1fqku/,AeroPress
1,SchnauzerLogic,Father's Day (Groucho Marx) Chords and Lyrics for Ukulele. ,1466375937.0,1466347137.0,/r/ukulele/comments/4otjq9/fathers_day_groucho_marx_chords_and_lyrics_for/,ukulele
2,SchnauzerLogic,"Tony Fadell Steps Down Amid Tumult at Nest, a Google Acquisition. ",1465017704.0,1464988904.0,/r/apple/comments/4mf4qk/tony_fadell_steps_down_amid_tumult_at_nest_a/,apple
3,SchnauzerLogic,"Filled in the Postcard asking for a Democratic Crossover Ballet but got NONPARTISAN today. Don't know if I messed up (the simplest answer is usually correct), but I specifically remember getting my postcard (as a permanent vote by mail voter) and requested the Democratic ballot... My Cal ballot arrived today and, not finding Bernie, I realized I received a Nonpartisan ballot.  I think i still have time to ask for the Democratic ballot, but be sure to check before the deadline or you may have to go to the polls in person to Feel the Bern...",1463052574.0,1463023774.0,/r/CaliforniaForSanders/comments/4iysn4/filled_in_the_postcard_asking_for_a_democratic/,CaliforniaForSanders
9,SchnauzerLogic,Bruce? Is that you?,1452465759.0,1452436959.0,/r/AskReddit/comments/40axat/people_who_work_for_airlines_what_are_secrets/cysvut1/,AskReddit
4,SchnauzerLogic,iStroboSoft on the App Store for 99¢ (CyberMonday Sale). ,1448977489.0,1448948689.0,/r/ukulele/comments/3uyp57/istrobosoft_on_the_app_store_for_99_cybermonday/,ukulele
10,SchnauzerLogic,most awesome... thanks!,1442202582.0,1442173782.0,/r/AppleWatch/comments/3kt5td/apples_first_foray_into_luxury_with_hermès_watch/cv0casd/,AppleWatch
11,SchnauzerLogic,"sorry... just realized if you click through directly it doesn't show the entire article (unless you are a WSJ subscriber) - you can search for the headline in google, and then click through via google news, and that should give you a one-time bypass of the WSJ paywall...",1442197146.0,1442168346.0,/r/AppleWatch/comments/3kt5td/apples_first_foray_into_luxury_with_hermès_watch/cv08m80/,AppleWatch
5,SchnauzerLogic,Apple’s First Foray Into Luxury With Hermès Watch Breaks Tradition. ,1442196953.0,1442168153.0,/r/AppleWatch/comments/3kt5td/apples_first_foray_into_luxury_with_hermès_watch/,AppleWatch
12,SchnauzerLogic,"just noticed that the amazing Jim Carey has updated his ukulele songbook to V3 for 2015 (he's added a section that highlights changes and it looks like there's more than 80 new songs)... the whole thing now comes in at over 1200 pages (not a typo), so you're gonna find something you want to play!",1442114031.0,1442085231.0,/r/ukulele/comments/3kp1b9/august_2015_version_of_jim_careys_ukulele_songbook/cuz8suq/,ukulele
6,SchnauzerLogic,August 2015 Version of Jim Carey's Ukulele Songbook. ,1442113866.0,1442085066.0,/r/ukulele/comments/3kp1b9/august_2015_version_of_jim_careys_ukulele_songbook/,ukulele
13,SchnauzerLogic,"not completely sure of the version... he is playing it in F#, so i'm guessing he tuned his uke up 1/2 a tone to make it easier for his daughter to sing and is play the fingering in ""F""... this seems to be a similar (though not identical) version:
https://ukutabs.com/s/steve-martin/tonight-you-belong-to-me/?transpose=-2#point 

(edit: looks like dad is an accomplished guitar player, so he may not have up-tuned his instrument, but is simply playing the song up 1/2 a tone... show off! 😜)",1440647602.0,1440618802.0,/r/ukulele/comments/3ih3cy/fatherdaughter_tonight_you_belong_to_me/cugmvpt/,ukulele
14,SchnauzerLogic,"i realize this was posted a bit over a year ago, but a friend just sent it to me for the first time, and i thought it was worth reviving for those new to the sub",1440630404.0,1440601604.0,/r/ukulele/comments/3ih3cy/fatherdaughter_tonight_you_belong_to_me/cugb8mf/,ukulele
7,SchnauzerLogic,"Father/Daughter ""Tonight You Belong To Me"". ",1440630341.0,1440601541.0,/r/ukulele/comments/3ih3cy/fatherdaughter_tonight_you_belong_to_me/,ukulele
15,SchnauzerLogic,The Honeymoon Song - Everclear (it was because of the ukulele in that song that I decided to learn to play the ukulele),1438574103.0,1438545303.0,/r/ukulele/comments/3fg3ul/what_was_the_first_song_you_learned_on_the/ctp5clf/,ukulele
8,SchnauzerLogic,"7:30 AM by SLOTHRUST (Opening Sequence Music for ""You're the Worst"" on FX). i recently binge-watched the first season of ""You're the Worst"" and became obsessed by the opening sequence music (a snippet from SLOTHRUST's ""7:30 AM"")... i then figured out what i -think- is the correct chord progression (i wouldn't swear to the Gsus4 chord, but its close) and used UkeGeek's web tool to create some sheet music:

http://goo.gl/jKoxUQ

if you're feeling particularly brave, you can see my own 'electrified' cover version here:

https://www.youtube.com/watch?v=jpfKuila4-g

my performance actually has a number of mistakes in phrasing, etc, but what the hell... 

please to enjoy (and please be kind!)",1438574004.0,1438545204.0,/r/ukulele/comments/3fjfbe/730_am_by_slothrust_opening_sequence_music_for/,ukulele
16,SchnauzerLogic,"https://support.apple.com/en-us/HT203032

From the article:

Note: Wi-Fi Calling isn't supported on Apple Watch.",1436551458.0,1436522658.0,/r/AppleWatch/comments/3cll4r/wifi_calls_on_ee_in_the_uk_anyone_else_having/csyfhw1/,AppleWatch
9,SchnauzerLogic,"Chords for the Groucho Marx/Harry Ruby Song, ""Father's Day"". (my attempt at a transcription... please feel free to suggest corrections)

(F) Today, (C) father, is (F) Father's Day
And (C7) we're giving you a (F) tie (F7)
It's (B♭)not much we know
It's (F) just our way of (F/C) showing you
We (G7) think you’re a (G7sus) regular (C) guy

You (B♭) say that it was nice of us to (F) bother
But it (C) really was a (C7) pleasure to (D7) fuss
For (Gm7) according to our (C) mother
(C7) You're our (F) (A7) (Dm) father
(B♭)And (F) that's (Dm) good (F) enough (C) for (F♯dim)(D7) us
(B♭)Yes, (F) that's (B♭)good (C) enough (C7) for (F) us",1434930075.0,1434901275.0,/r/Guitar/comments/3am2k5/chords_for_the_groucho_marxharry_ruby_song/,Guitar
10,SchnauzerLogic,"""Father's Day"" (Groucho Marx) Transcribed For Ukulele. a favorite memory from childhood was seeing Groucho sing ""Father's Day"" on the late-night talk shows...  i used to sing it to my dad each year and decided to see if i could find the chords to play on the ukulele... nothing turned up, so i prepared the transcription below... feel free to suggest corrections... (the original song was written by famed composer/screenwriter Harry Ruby, who wrote the music and screenplays for both Duck Soup and Horse Feathers, as well as writing the music for Animal Crackers)... enjoy and Happy Father's Day! 

=====
(F) Today, (C) father, is (F) Father's Day
And (C7) we're giving you a (F) tie (F7)
It's (B♭)not much we know
It's (F) just our way of (F/C) showing you
We (G7) think you’re a (G7sus) regular (C) guy

You (B♭) say that it was nice of us to (F) bother
But it (C) really was a (C7) pleasure to (D7) fuss
For (Gm7) according to our (C) mother
(C7) You're our (F) (A7) (Dm) father
(B♭)And (F) that's (Dm) good (F) enough (C) for (F♯dim)(D7) us
(B♭)Yes, (F) that's (B♭)good (C) enough (C7) for (F) us",1434929547.0,1434900747.0,/r/ukulele/comments/3am1oj/fathers_day_groucho_marx_transcribed_for_ukulele/,ukulele
17,SchnauzerLogic,Meh,1433021949.0,1432993149.0,/r/AppleWatch/comments/37ryvn/dope_apple_watch_song_by_matthew_patrick_davis/crpv8u7/,AppleWatch
18,SchnauzerLogic,The only thing truly waterproof is a duck in a raincoat. ,1431330096.0,1431301296.0,/r/apple/comments/35g7i2/kayaking_with_the_apple_watch/cr4yo9t/,apple
19,SchnauzerLogic,"From
https://support.apple.com/en-us/HT204506

Get help if your Apple Watch is lost or stolen
To remove the ability to make payments using credit and debit cards on your device, go to iCloud.com. Sign in, click Settings, choose your device, and click Remove All. You can also call your bank to suspend or remove your cards from Apple Pay.
*If you turn off Wrist Detect, remove your passcode, or sign out of iCloud, all credit and debit cards will be removed from your Apple Watch.

",1431329645.0,1431300845.0,/r/apple/comments/35ie78/how_to_disable_apple_pay_on_a_lost_apple_watch/cr4yggq/,apple
20,SchnauzerLogic,"Calibrating your Apple Watch for improved Workout and Activity accuracy

https://support.apple.com/en-us/HT204516",1430042505.0,1430013705.0,/r/AppleWatch/comments/33vm41/workout_app_bug/cqosqeg/,AppleWatch
21,SchnauzerLogic,https://support.apple.com/en-us/HT204518,1429870205.0,1429841405.0,/r/AppleWatch/comments/33o006/question_about_watch_backups/cqmq8ic/,AppleWatch
22,SchnauzerLogic,"Not to be a nerd but technically it's trademark infringement. Copyright covers works of authorship (books, songs, paintings, photographs, etc) and trademark covers ""source identifying function"" like a logo. (And patents cover new, useful and non-obvious inventions). Certainly something can fall into more than one category, but this is clearly trading on the good will of a famous trademark.

*not legal advice. probably not even correct. ",1428891217.0,1428862417.0,/r/TACSdiscussion/comments/32cgr2/how_has_ant_not_been_sued_yet_for_plagiarism/cq9z6d1/,TACSdiscussion
23,SchnauzerLogic,"thanks! i should have been clearer: movies where the characters don't know they're father/son, mother/daughter, etc. -other- than Star Wars! (lol)",1427672636.0,1427643836.0,/r/movies/comments/30pfxs/movies_where_characters_dont_know_theyre/cpujbdv/,movies
11,SchnauzerLogic,"Movies Where Characters Don't Know They're Father/Son (Mother/Daughter, etc.) - Examples, Please?. ",1427672231.0,1427643431.0,/r/movies/comments/30pfxs/movies_where_characters_dont_know_theyre/,movies
24,SchnauzerLogic,https://www.facebook.com/ozbcoz,1424503244.0,1424474444.0,/r/ukulele/comments/2w8rou/new_version_of_jim_careys_ukulele_songbook_feb_15/corzdik/,ukulele
25,SchnauzerLogic,"got a tweet from Jim (@cong_boy) asking me, ""Did you see the new book has been uploaded?"" to which i replied, ""I did now!""... if you're one of the many who appreciate Jim's work, feel free to throw a 'thanks, mate!' his way...",1424240816.0,1424212016.0,/r/ukulele/comments/2w8rou/new_version_of_jim_careys_ukulele_songbook_feb_15/cool0m4/,ukulele
12,SchnauzerLogic,New Version of Jim Carey's Ukulele Songbook (Feb 15 2015) Available for Download - Over 1000 Pages. ,1424240581.0,1424211781.0,/r/ukulele/comments/2w8rou/new_version_of_jim_careys_ukulele_songbook_feb_15/,ukulele
13,SchnauzerLogic,Great Name for a Buddhist Gay Bar: Gin & Wang. ,1419395308.0,1419366508.0,/r/Showerthoughts/comments/2q7hz5/great_name_for_a_buddhist_gay_bar_gin_wang/,Showerthoughts
14,SchnauzerLogic,Why the mighty ukulele deserves a little respect. ,1419365172.0,1419336372.0,/r/ukulele/comments/2q62td/why_the_mighty_ukulele_deserves_a_little_respect/,ukulele
26,SchnauzerLogic,"accurate intonation up and down the fretboard is one of the things that separates a higher quality instrument from an inexpensive mass-produced unit (except perhaps for some polycarbonate molded units, like those from MagicFluke where everything is set in the mold)... 

having said that you can often tweak a uke to make it better...  if the c string gets 'less sharp' as you move towards the saddle, then you may want to deepen the grove in the nut for that string (as you get further away from the nut, the depth of that groove has less of an impact on the intonation, so if by moving away from the nut you closer to being in tune, then increasing the nut depth may help)... otoh, if you are pretty much sharp about the same amount all the way up the fret board, then you may want to try and individually compensate the saddle for the C string (compensated saddles recognize the difference in string thickness and try to do this by design)... usually some combination of adjustments may be necessary (this is all assuming that the frets aren't completely out of whack)...

remember that on a uke small adjustments will have a significant impact, so many little changes is much better than a big change that goes too far.

finally don't try to get it 'perfect'... even the best instruments have variations (that adds to the warmth and character of the sound)... if you can get close you may find that tuning the c string a tiny bit flat (5 cents) will keep the entire playing range within +/- 10cents which may be plenty (as opposed to trying to get the open string to be perfect and then a fretted string is off by up to 20cents, which can sound pitchy, dawg.  

let us know what you find out.

*disclaimer: i am not a luthier and have no training to really know what i'm talking about... i'm an relative beginner with the enthusiasm of an idiot who started playing this summer and took a $30 AliExpress uke and messed around with it to understand how each adjustment affected the playability of the instrument... likely to be huge gaping holes in my knowledge, as well as stuff that's just simply wrong, but the enthusiasm of an idiot goes a long way!... good luck!
",1419231576.0,1419202776.0,/r/ukulele/comments/2pzqyz/new_ukulele_some_tuning_issues_on_the_fret_board/cn1okmc/,ukulele
15,SchnauzerLogic,Correction. ,1419023623.0,1418994823.0,/r/funny/comments/2ps9ji/correction/,funny
27,SchnauzerLogic,"Wondering why you didn't post the link to the latest version? It's over 800 pages. And yes, Jim Carey is amazing for sharing all this hard work for free!  http://www.chordstrum.com/pdf/Ukulele/Jims_songbook_2014-V10.pdf",1419022288.0,1418993488.0,/r/ukulele/comments/2pqg5b/500_pages_of_uke_music_enjoy/cmziqku/,ukulele
16,SchnauzerLogic,"Isn't it strange that Bill Murray, one of the funniest guys ever, stars in Lost in Translation, one of the saddest films ever?. ",1418615299.0,1418586499.0,/r/Showerthoughts/comments/2pa9ov/isnt_it_strange_that_bill_murray_one_of_the/,Showerthoughts
17,SchnauzerLogic,Peterson iStroboSoft App (iOS) on sale for 99cents (Early Cyber Monday 2014 Sale). ,1417084041.0,1417055241.0,/r/blackfriday/comments/2njg4v/peterson_istrobosoft_app_ios_on_sale_for_99cents/,blackfriday
28,SchnauzerLogic,"i've been interested in getting a strobe tuner for my uke to see what happens as a note decays, but haven't wanted to spend $10 on the app (or more for a stand-alone unit)...  so if you're like me (and i pray for all our souls that you're not), this is a sweet deal...  please to enjoy!",1417083529.0,1417054729.0,/r/ukulele/comments/2njezz/peterson_istrobosoft_app_ios_on_sale_for_99cents/cme4ld5/,ukulele
18,SchnauzerLogic,Peterson iStroboSoft App (iOS) on sale for 99cents. ,1417083389.0,1417054589.0,/r/ukulele/comments/2njezz/peterson_istrobosoft_app_ios_on_sale_for_99cents/,ukulele
29,SchnauzerLogic,"not sure if this is helpful, but Jeff Beal's pages on the Internet Archive Wayback Machine from 2003 provides links to page one and page two of the main title sheet music (with chords)...  possibly of help?

https://web.archive.org/web/20030214195349/http://www.jeffbeal.com/Pages/Extras.html

(his Monk page is back a few links, here: https://web.archive.org/web/20030202222545/http://www.jeffbeal.com/Pages/FILMS%20Pages/MONK.html)",1416192010.0,1416163210.0,/r/ukulele/comments/2mexam/anyone_know_the_backing_chords_to_the_monk_theme/cm47k12/,ukulele
19,SchnauzerLogic,Why they started making uke strings from catgut again... 😉. ,1413431550.0,1413402750.0,/r/ukulele/comments/2jcjoe/why_they_started_making_uke_strings_from_catgut/,ukulele
30,SchnauzerLogic,"again, remember i've only been playing for 3 months, and this is my first stringed instrument (i'm primarily a keyboard and sax player)... what i understand about ""setting up"" a ukulele is that there are a number of variables - the hight of the saddle (the white bone/plastic piece that transfers sound from the strings to the body of the ukulele), the hight of the nut (the white bone/plastic piece that lifts the strings off the fretboard and guides them to the tuning pegs), the height of each of the frets, etc...  'setting up' a ukulele means adjusting each of these parameters for each string, so that each individual note is in tune up and down the fretboard, that you can play without any buzzing, and that you don't need too much pressure to hold down a string to make a note. what you'll hear is that the inexpensive Chinese made instruments, they come from the factory in a completely unknown state... sometimes you get one that's pretty close to being spot on, and some times they're horribly off...  if you look on amazon or other musical instrument mass marketers, you'll see folks return 2, 3 or more instruments before they get a 'good one'... if you buy one from a shop that can do the set up for you, they'll check the nut and saddle to try and get the intonation and action (string height/tension) as close as they can for the instrument. obviously no one spends hours tweaking $200 instrument, but you can get close enough pretty quickly and whatever micro-mistunings will add to the character of the instrument.  the reason i recommended the flea (and fluke) is that by the nature of their molded polycarbonate saddle and fret board, there are no adjustments... if you're interested in sticking with a wood instrument, i might look to new england music store - they carry a range of makai, moku and hawaii kai ukuleles (chinese made) that are very reasonable, will do a setup for just a few bucks... i'm partial to the Makai LK-80W (solid cedar top, willow laminate side/back) - it has a very 'singy' sound that i like, and has a low action without buzzing - give 'em a call and ask for Jim - he really seems to want satisfied customers. and let us know what you wind up getting! ",1413329742.0,1413300942.0,/r/ukulele/comments/2j0elv/which_ukulele_would_you_recommend_for_a_beginner/cl97qdh/,ukulele
31,SchnauzerLogic,"as others have said, a lot depends on your budget. i started playing 3 months ago and have collected about 6 different ukes since ranging from a $50 Jun Qin from AliExpress, to a solid body koa uke... if i knew then what i know now, and had a few hundred bucks to spend, i'd start with a Magic Fluke Flea restrung with Martin Flurocarbon strings...  why?  first the Flea, having a molded plastic saddle and fingerboard has pretty perfect intonation (meaning the notes don't tend to go sharp or flat as you move up the fingerboard. second, with fluorocarbon strings (and even without) the action on the flea is pretty low (don't have to press so hard to make a cord) without any buzzing.  third, it tends to stay in tune, looks fun, stands up by itself, sounds nice, doesn't weigh much (so easy to play without a strap, etc etc.... i don't know what the rules are on giving shopping links, but if you do a google search you can find a natural or mango colored fluke flea for about $165 (look for M30N)

btw, i restrung the JunQin with fluorocarbon strings, cleaned up the wood finished it with a light oil and lots of rubbing, and took down the saddle (it was WAY too high) with a bid of sand paper, and its now an awesome mahogany uke worth way more than the $50 i paid for it, but i still prefer the fluke!)",1413289480.0,1413260680.0,/r/ukulele/comments/2j0elv/which_ukulele_would_you_recommend_for_a_beginner/cl8wd8k/,ukulele
