,author,body,created,created_utc,permalink,subreddit
0,SilverAzoth,"Vertical Farming, a Failure Through No Fault of its Own. ",1574200357.0,1574171557.0,/r/tech/comments/dykogt/vertical_farming_a_failure_through_no_fault_of/,tech
0,SilverAzoth,Ford doesn't have any experience in software design so this will be a valuable lesson. Time to catch up old timer.,1574165417.0,1574136617.0,/r/tech/comments/dyf8bp/the_weakest_part_of_fords_mustang_mache_reveal/f80rwiz/,tech
1,SilverAzoth,The weakest part of Ford’s Mustang Mach-E reveal was the software. ,1574165336.0,1574136536.0,/r/tech/comments/dyf8bp/the_weakest_part_of_fords_mustang_mache_reveal/,tech
2,SilverAzoth,Elon Musk's Boring Company breaks ground on Las Vegas Tunnel. ,1573892594.0,1573863794.0,/r/tech/comments/dwzhc7/elon_musks_boring_company_breaks_ground_on_las/,tech
1,SilverAzoth,I think it's a smart move for twitter to take a step back from political ads especially as 2020 heats up. still it's gonna piss a lot of people off.,1573891968.0,1573863168.0,/r/tech/comments/dwzbb7/twitter_will_ban_candidate_ads_and_limit_issue_ads/f7mh54m/,tech
3,SilverAzoth,Twitter will ban candidate ads and limit issue ads. ,1573891798.0,1573862998.0,/r/tech/comments/dwzbb7/twitter_will_ban_candidate_ads_and_limit_issue_ads/,tech
2,SilverAzoth,I don't know man. This seems dangerously close to fucking with squirrels.,1573780756.0,1573751956.0,/r/tech/comments/dwcl3q/deepsqueak_ai_decodes_mice_chatter/f7i2vim/,tech
4,SilverAzoth,‘DeepSqueak’ A.I. Decodes Mice Chatter. ,1573780671.0,1573751871.0,/r/tech/comments/dwcl3q/deepsqueak_ai_decodes_mice_chatter/,tech
3,SilverAzoth,I'm not quite sure. Theres been video of a tesla avoiding a family of ducks but I can't verify it's legitimacy.,1573732189.0,1573703389.0,/r/SelfDrivingCars/comments/dw1lap/tesla_autopilot_video_suggests_that_dogs_are_now/f7ggql7/,SelfDrivingCars
4,SilverAzoth,"Agreed, the drinking age is set in place because alcohol can stunt the physical and mental growth of children as they go through puberty.",1573721809.0,1573693009.0,/r/SelfDrivingCars/comments/dvxuw2/the_implications_of_fully_selfdriving_cars_for/f7g2oow/,SelfDrivingCars
5,SilverAzoth,Tesla Autopilot video suggests that dogs are now recognized as pedestrian objects. ,1573721641.0,1573692841.0,/r/SelfDrivingCars/comments/dw1lap/tesla_autopilot_video_suggests_that_dogs_are_now/,SelfDrivingCars
5,SilverAzoth,This seems like a easily solved problem. Make a trans man and trans woman category. Then nobody gets surprised and trans people will see people who already stated that they're interested.,1573721372.0,1573692572.0,/r/tech/comments/dvowcs/tinder_seeks_to_tackle_trans_harassment/f7g23jb/,tech
6,SilverAzoth,"Apple’s 16-inch MacBook Pro is here, and it has a good keyboard. ",1573720801.0,1573692001.0,/r/tech/comments/dw1ehu/apples_16inch_macbook_pro_is_here_and_it_has_a/,tech
6,SilverAzoth,It could decrease them if it fosters a culture of carpool kinda like uber pool. The cars could even be divided for those who don't want coversation. It's hard to say,1573450685.0,1573421885.0,/r/SelfDrivingCars/comments/dug1z6/the_pros_and_cons_of_selfdriving_cars/f7620k8/,SelfDrivingCars
7,SilverAzoth,I'm not so sure about this. Long haul accross the US is almost entirely straight interstates. I could see them being the first to feel the pinch. Employers could have autonomous vehiles only on interstates and drivers take over in cities.,1573450507.0,1573421707.0,/r/SelfDrivingCars/comments/dug1z6/the_pros_and_cons_of_selfdriving_cars/f761i7x/,SelfDrivingCars
8,SilverAzoth,"I hope so, It's just unfortunate that that conversation might only be had after so many have already suffered the consequences. Not that many aren't already doing so.",1573444257.0,1573415457.0,/r/SelfDrivingCars/comments/dug1z6/the_pros_and_cons_of_selfdriving_cars/f75ib1h/,SelfDrivingCars
9,SilverAzoth,"Admittedly, I'm concerned  at the rate which driver jobs could be lost. There's a lot of incentives to replace them. We may lose them as quickly as we can manufacture autonomous vehicles which could be very fast.",1573443223.0,1573414423.0,/r/SelfDrivingCars/comments/dug1z6/the_pros_and_cons_of_selfdriving_cars/f75eqf2/,SelfDrivingCars
7,SilverAzoth,The Pros and Cons of Self-Driving Cars. ,1573443008.0,1573414208.0,/r/SelfDrivingCars/comments/dug1z6/the_pros_and_cons_of_selfdriving_cars/,SelfDrivingCars
10,SilverAzoth,"I'm excited for self-driving cars, but I wonder how quickly the job loss in driving jobs will be. The incentives are huge to replace human drivers so it may be exactly as fast as autonomous vehicles can be produced which could be really fast.",1573442967.0,1573414167.0,/r/tech/comments/duftry/the_pros_and_cons_of_selfdriving_cars/f75dx3p/,tech
8,SilverAzoth,The Pros and Cons of Self-Driving Cars. ,1573442040.0,1573413240.0,/r/tech/comments/duftry/the_pros_and_cons_of_selfdriving_cars/,tech
11,SilverAzoth,Ha CRISPR tenders. Taste the future!,1572998317.0,1572969517.0,/r/biology/comments/drszuu/what_is_crispr_and_why_is_it_important/f6maqqt/,biology
12,SilverAzoth,Interesting. so until we can refine it to be more precise we're still going to run into unintended mutations which muddy the waters. Thank you!,1572958180.0,1572929380.0,/r/biology/comments/drszuu/what_is_crispr_and_why_is_it_important/f6l58xg/,biology
13,SilverAzoth,Agreed. Still technology ever improves. I'm willing to bet the success rate increases pretty quickly.,1572957553.0,1572928753.0,/r/biology/comments/drszuu/what_is_crispr_and_why_is_it_important/f6l4kah/,biology
14,SilverAzoth,hmm so there are other places in the DNA that match the sequence we give it which also get snipped? or it sometimes snips the wrong sequence?,1572956111.0,1572927311.0,/r/biology/comments/drszuu/what_is_crispr_and_why_is_it_important/f6l2t96/,biology
15,SilverAzoth,"hey guys, I wanted to write a quick explanation of CRISPR for my blog but admittedly biology isn't my area of expertise.   I wanted to get the opinion of a community that specializes in it to see if I left any glaring oversights. Let me know what you think",1572951916.0,1572923116.0,/r/CRISPR/comments/drt59g/what_is_crispr_and_why_is_it_important/f6kxe33/,CRISPR
9,SilverAzoth,"What Is CRISPR, and why is it Important?. ",1572951762.0,1572922962.0,/r/CRISPR/comments/drt59g/what_is_crispr_and_why_is_it_important/,CRISPR
16,SilverAzoth,"Hey guys, So I Wanted to write a layman's explanation of CRISPR but admittedly biology is not my area of expertise. I wanted to get the opinion of a community more informed about the topic and see if I overlooked any glaring oversights.",1572951261.0,1572922461.0,/r/biology/comments/drszuu/what_is_crispr_and_why_is_it_important/f6kwhy4/,biology
10,SilverAzoth,"What Is CRISPR, and why is it Important?. ",1572951068.0,1572922268.0,/r/biology/comments/drszuu/what_is_crispr_and_why_is_it_important/,biology
