,author,body,created,created_utc,permalink,subreddit
0,ScientistDaddy,Perkele? Perkele.,1570787794.0,1570758994.0,/r/Finland/comments/dg82dy/perkele/f3a059v/,Finland
1,ScientistDaddy,Concussion for science!,1566205290.0,1566176490.0,/r/interestingasfuck/comments/cs9vck/when_caught_in_super_slomo_the_shifting_and/exdh3fq/,interestingasfuck
2,ScientistDaddy,Other dadcore rappers are small potatoes compared to these cool cucumbers.,1564904877.0,1564876077.0,/r/dadjokes/comments/clpiz8/going_to_start_a_band_for_kids_to_raise_the/evwxiy3/,dadjokes
3,ScientistDaddy,"Statues of a jolly fat man often depict [Hotei, a Chinese Buddhist monk](https://www.britannica.com/topic/Hotei), not Siddartha Gautama, the original Buddha.",1564889673.0,1564860873.0,/r/explainlikeimfive/comments/clmpnc/eli5_why_is_buddha_sometimes_portrayed_as_fat_and/evwcsy5/,explainlikeimfive
0,ScientistDaddy,Can AI 'virtually bargain' to negotiate traffic?. ,1564438836.0,1564410036.0,/r/SelfDrivingCars/comments/cjbvhs/can_ai_virtually_bargain_to_negotiate_traffic/,SelfDrivingCars
4,ScientistDaddy,Darude.,1564393176.0,1564364376.0,/r/Suomi/comments/ciyj69/frederik_rensselit_pykälään_musiikkivideo/evb2yi4/,Suomi
5,ScientistDaddy,Where in Fremont is this?,1564360092.0,1564331292.0,/r/Fremont/comments/cix5vr/fremont_landmark_series_3/ev9u3el/,Fremont
6,ScientistDaddy,Mr. Mish S. Mash,1564356801.0,1564328001.0,/r/lego/comments/ciws3s/any_ideas_for_a_name/ev9pj1v/,lego
7,ScientistDaddy,Great joke; you're killing it!,1562758293.0,1562729493.0,/r/dadjokes/comments/cbaswn/i_saw_glass_coffins_are_now_a_thing_and_i_wonder/etedfqm/,dadjokes
8,ScientistDaddy,A text generator to write employee performance reviews.,1562757889.0,1562729089.0,/r/rstats/comments/cbawvu/what_is_your_favorite_program_youve_created_in_r/etecxse/,rstats
9,ScientistDaddy,"People have reflexes, which means that your body can sometimes act faster than your brain can think. For example, when your eyes notice that something is about to hit your face, they blink to try protect themselves from whatever is flying at them. This is called the [menace reflex](https://en.m.wikipedia.org/wiki/Menace_reflex). So, yes, you do flinch before anything hits your face. If you didn't, it might mean something is wrong with your nerves (or at least you'd have something on your eye more often).",1562712480.0,1562683680.0,/r/explainlikeimfive/comments/cb1moi/eli5_when_im_weed_whacking_and_something_hits_me/etcfotu/,explainlikeimfive
1,ScientistDaddy,A bird in the stand is worth two in the parts bucket. ,1562662889.0,1562634089.0,/r/lego/comments/catqr0/a_bird_in_the_stand_is_worth_two_in_the_parts/,lego
10,ScientistDaddy,Hair of the creepy stone angels from Doctor Who?,1562621375.0,1562592575.0,/r/Damnthatsinteresting/comments/cakiys/park_in_australia_completely_covered_in_spider/et9bno8/,Damnthatsinteresting
11,ScientistDaddy,"Ouranium, comrade!",1562573994.0,1562545194.0,/r/dadjokes/comments/cadz6y/what_happens_when_someone_steals_uranium/et834cn/,dadjokes
12,ScientistDaddy,This joke gave me good vibrations.,1562573784.0,1562544984.0,/r/dadjokes/comments/cadga2/despite_what_you_think_earthquakes_arent_perfect/et82uw1/,dadjokes
13,ScientistDaddy,Big bada boom put it in there.,1562456644.0,1562427844.0,/r/Damnthatsinteresting/comments/c9utwv/first_picture_taken_of_chernobyls_reactor_4_taken/et34n81/,Damnthatsinteresting
14,ScientistDaddy,"Ackshually, the radiation is not destroying the camera itself, rather than overexposing the film in it. On the other hand, a lot of the equipment became so contaminated that they were a health hazard to use, but remained mechanically functional.",1562456540.0,1562427740.0,/r/Damnthatsinteresting/comments/c9utwv/first_picture_taken_of_chernobyls_reactor_4_taken/et34f4c/,Damnthatsinteresting
15,ScientistDaddy,It's called a [paternoster elevator](https://en.m.wikipedia.org/wiki/Paternoster).,1561731197.0,1561702397.0,/r/Damnthatsinteresting/comments/c6ggty/efficient_elevator/es8le2l/,Damnthatsinteresting
16,ScientistDaddy,Watch your waistline.,1561350230.0,1561321430.0,/r/dadjokes/comments/c4977j/i_made_a_belt_out_of_watches/ervoz7w/,dadjokes
17,ScientistDaddy,"Weirdly long trailer, but I cannot wait until the full movie comes out.",1560893484.0,1560864684.0,/r/The_Mueller/comments/c21wg0/mueller_report_in_30_mins_genuinely_shocking/erh1jfw/,The_Mueller
18,ScientistDaddy,"I have to say, scrubs in the UK are so much fancier than in the USA. Were the patients waiting for them to get a party started?",1560893181.0,1560864381.0,/r/IdiotsInCars/comments/c21yn0/worth_the_watch/erh15pp/,IdiotsInCars
19,ScientistDaddy,The ceiling in the Mirror Room in the Belgian Royal Palace of Brussels is covered in such beetles: https://www.monarchie.be/en/heritage/royal-palace-of-brussels,1560729862.0,1560701062.0,/r/interestingasfuck/comments/c1bf1z/this_beetle_has_a_metallic_green_color/erc2kg7/,interestingasfuck
20,ScientistDaddy,Point taken.,1560468999.0,1560440199.0,/r/wikipedia/comments/c05x6o/zerodimensional_space/er24r52/,wikipedia
2,ScientistDaddy,Where to eat in Ninjago City. ,1557236201.0,1557207401.0,/r/lego/comments/blmwm7/where_to_eat_in_ninjago_city/,lego
21,ScientistDaddy,/r/predaddit,1551005613.0,1550976813.0,/r/AskMen/comments/atugdf/about_to_become_a_father_what_advice_do_you_have/eh5be50/,AskMen
22,ScientistDaddy,"Nice job! I really like the concept. Congrats for bringing your idea to fruition!

How detailed item data do you have? One interesting dimension to choose items by would be preparation time (e.g., I'd rather have ready-to-eat snacks, but the app suggested me potstickers that need cooking).",1546692238.0,1546663438.0,/r/Automate/comments/acpgyk/created_and_automatic_meal_planner_for_trader_joes/eda1mvt/,Automate
23,ScientistDaddy,"Info from another thread says it's a trail left behind by a meteor:
https://www.reddit.com/r/bayarea/comments/a7sztt/anyone_know_what_this_white_flare_is/ec5j0xn",1545312438.0,1545283638.0,/r/Fremont/comments/a7t57i/crazy_light_in_sky_121918_540pm/ec5w7lh/,Fremont
24,ScientistDaddy,Please do!,1512943611.0,1512914811.0,/r/rstats/comments/7iq1ej/r_programmer_dr_steven_nawara_explains_exactly/dr1cvx8/,rstats
25,ScientistDaddy,"Check out [Exploratory](http://exploratory.io)! In my opinion, it's the best thing that's happened to R since R itself and dplyr. It takes away a lot of the pain from learning R and gets you productive with your data right away. Under the hood, it's all R though, so everything you learn by using it will be directly applicable when/if you need to start writing your own code from scratch.",1485429400.0,1485400600.0,/r/rstats/comments/5q4iia/recommendations_for_how_to_learn_r_for_someone/dcx1u84/,rstats
26,ScientistDaddy,"Yup, probably.",1476614875.0,1476586075.0,/r/whatsthisbug/comments/57p23p/sf_bay_area_ca_small_black_bugs_in_apartment/d8tva5l/,whatsthisbug
27,ScientistDaddy,"Thanks for linking to the other posts. My best guess is that they're [termite alates](http://www.whatsthatbug.com/category/termites/page/8/) that have dropped their wings. Swarming season occurs September–October, usually after a rainfall.",1476614837.0,1476586037.0,/r/whatsthisbug/comments/57p23p/sf_bay_area_ca_small_black_bugs_in_apartment/d8tv9bz/,whatsthisbug
3,ScientistDaddy,"[SF Bay Area, CA] Small black bugs in apartment bathroom. Any identification guesses?. ",1476607230.0,1476578430.0,/r/whatsthisbug/comments/57p23p/sf_bay_area_ca_small_black_bugs_in_apartment/,whatsthisbug
28,ScientistDaddy,That's a pretty good idea... I'll give it a shot.,1471324568.0,1471295768.0,/r/mturk/comments/4xu3qu/workers_whats_the_easiest_way_to_upload_mobile/d6iu1wa/,mturk
29,ScientistDaddy,"Not for yoolotto, but it sounds like a very similar task (although I'm intending to run a more legit operation—their requester reviews seem quite bad). Mine would entail visiting a mobile website, taking screenshots, and completing a short rating survey, probably about 5 minutes.

When you say ""send from there,"" do you mean uploading the images as files or sending a link only?",1471312267.0,1471283467.0,/r/mturk/comments/4xu3qu/workers_whats_the_easiest_way_to_upload_mobile/d6ikfal/,mturk
4,ScientistDaddy,Workers: What's the easiest way to upload mobile screenshots?. I'm about to design a HIT that asks workers to take two screenshots on their mobile device and I want to make this as quick and easy as possible. Have you seen HITs that have done this well? What would be your preferred way to send images to a requester?,1471303837.0,1471275037.0,/r/mturk/comments/4xu3qu/workers_whats_the_easiest_way_to_upload_mobile/,mturk
5,ScientistDaddy,Minimalism summarized by Antoine de Saint-Exupéry. ,1373304460.0,1373275660.0,/r/minimalism/comments/1husfs/minimalism_summarized_by_antoine_de_saintexupéry/,minimalism
30,ScientistDaddy,Don't let perfect become the enemy of good enough.,1371445848.0,1371417048.0,/r/minimalism/comments/1ggvf1/raptitudecom_getting_better_at_being_human_why/cak53n9/,minimalism
31,ScientistDaddy,That sounds interesting. Care to elaborate?,1368826088.0,1368797288.0,/r/zen/comments/1ei6vf/good_ole_bankei/ca0kf85/,zen
6,ScientistDaddy,Creating the best workplace on Earth. ,1366735229.0,1366706429.0,/r/Entrepreneur/comments/1cxbbl/creating_the_best_workplace_on_earth/,Entrepreneur
7,ScientistDaddy,TED talk on agile families. ,1364360608.0,1364331808.0,/r/agileparenting/comments/1b2drr/ted_talk_on_agile_families/,agileparenting
8,ScientistDaddy,"Want to be a predaddit moderator?. **Newsflash: Babies are time-consuming.**

Since my baby boy popped out back in May, I haven't had much time for my other baby (i.e., this awesome subreddit).

Predaddit deserves a mod who still has disposable time and ideas how to take the community up a notch. It would be ideal to get someone whose baby is still in the 1st or 2nd trimester.

Please post your application below.",1360474928.0,1360446128.0,/r/predaddit/comments/187nwh/want_to_be_a_predaddit_moderator/,predaddit
32,ScientistDaddy,You might want to look into R. It is very good for statistics.,1360210179.0,1360181379.0,/r/learnprogramming/comments/180ms4/what_language_should_i_learn_and_program_in_for_a/c8ainzv/,learnprogramming
33,ScientistDaddy,"The definition varies by field of research and researcher, but typically emotions are seen as short-lived and have an object (i.e., you are angry at someone) whereas moods are more diffuse and spread over a longer time period.",1358110427.0,1358081627.0,/r/AskSocialScience/comments/16hh31/psychology_do_psychologists_differentiate_mood/c7w3vfh/,AskSocialScience
34,ScientistDaddy,"Oh, yes, of course. I forgot to mention that these bug hunts have come after several days worth of training in the basics, incrementally building toward regressions with continuous and categorical predictors with interactions. The challenge is that the students have always done menu-driven analyses in SPSS and getting them to work with code results in a lot of bugs.
",1352346528.0,1352317728.0,/r/rstats/comments/12oknz/teaching_r_through_bugs_and_typos/c6xx2z2/,rstats
35,ScientistDaddy,That's a good point and could be combined with the read.csv string/factor issue CosinQuaNon and TeslaIsAdorable are talking about.,1352222049.0,1352193249.0,/r/rstats/comments/12oknz/teaching_r_through_bugs_and_typos/c6x6fhw/,rstats
36,ScientistDaddy,"I agree with your, but I am not 100% sure how to put it into practice. I could supplement the bug hunt with small example scripts that work and ask the students to tweak them to do something slightly different. What did you have in mind in terms of exercises?",1352221943.0,1352193143.0,/r/rstats/comments/12oknz/teaching_r_through_bugs_and_typos/c6x6f4n/,rstats
37,ScientistDaddy,"Oh, they are making their own bugs well by now.",1352221711.0,1352192911.0,/r/rstats/comments/12oknz/teaching_r_through_bugs_and_typos/c6x6ebl/,rstats
9,ScientistDaddy,"Teaching R through bugs and typos. I need help a group of students to become proficient with R, since they will be soon working with a monster of a dataset. Since they lack programming experience, the biggest stumbling block right now is working with code.

To remedy the situation, I am giving the students self-contained example scripts that are rife with small bugs like:

    x <- c(1, 4, 2, 5, 6)
    mean(""x"")

I am starting with rather obvious bugs, but the students will (hopefully) graduate to tackle hairier bugs soon. Do you have suggestions for devilish bugs that contain important lessons?",1352172458.0,1352143658.0,/r/rstats/comments/12oknz/teaching_r_through_bugs_and_typos/,rstats
10,ScientistDaddy,"If you use R in your work, what's your job title and what do you do on a daily basis?. To get things rolling, I am a postdoctoral researcher in social sciences and use R to analyze data from various sources, ranging from Facebook ego networks to psychophysiological recordings from experiments. Most of my work seems to consisting of data cleaning and munging :)

But enough about me, what do you do?",1350932378.0,1350903578.0,/r/rstats/comments/11w283/if_you_use_r_in_your_work_whats_your_job_title/,rstats
38,ScientistDaddy,Pay no attention to the man behind the curtain!,1346941573.0,1346912773.0,/r/Futurology/comments/vecnl/the_future/c646wta/,Futurology
39,ScientistDaddy,"Keep in mind that the size of a newborn stomach is tiny, about the size of a marble. It is easy to fill in 8 minutes. Your baby is probably fine.",1345472967.0,1345444167.0,/r/beyondthebump/comments/yi60v/just_got_home_with_babyneed_advice/c5vukcs/,beyondthebump
40,ScientistDaddy,"[This](http://www.birdsoff.co.uk/product_images/n/256/duct-tape__41583_zoom.jpg) could work, too.",1344045171.0,1344016371.0,/r/beyondthebump/comments/xmmxu/swaddle_for_just_the_arms/c5np1k6/,beyondthebump
41,ScientistDaddy,"In practice, you are done when your funding runs out.",1344042164.0,1344013364.0,/r/GradSchool/comments/xmg7b/phd_in_science_how_do_you_know_when_youre_done/c5no71s/,GradSchool
42,ScientistDaddy,"Bachelor of Science. It is an undergraduate degree. Although, there is also a lot of other kind of BS in economics, too.",1342448594.0,1342419794.0,/r/AskAcademia/comments/wmp5l/what_degree_should_i_go_for_if_im_interested_in/c5enkah/,AskAcademia
43,ScientistDaddy,"Enjoy them now. Once the baby is out, their function becomes more utilitarian.",1342217238.0,1342188438.0,/r/predaddit/comments/wgtlc/hey_predaddits_who_are_around_the_15th_week_boobs/c5dgr91/,predaddit
44,ScientistDaddy,"I just tried to make a point that populations in areas far beyond Northern Ukraine could have been impacted. The Black Sea may be ""more of a huge lake,"" but Georgia, Turkey, Bulgaria, and Romania border it (in addition to Russia and Ukraine). Furthermore, there is a direct waterway from the Black Sea to the Mediterranean and I would imagine the Greeks would not have been cool with a glow-in-a-dark Black Sea. Thank goodness the Soviets managed to contain the disaster, because it could have been much, much worse. While entire Europe may not have been rendered uninhabitable, the worst case scenario of a massive secondary explosion and polluted groundwater would have still involved large portions of Europe.",1342049070.0,1342020270.0,/r/todayilearned/comments/wcb83/til_that_3_divers_nicknamed_the_chernobyl_suicide/c5chqdq/,todayilearned
45,ScientistDaddy,"In addition to the threat of a secondary explosion, the core could have melted through containment and into the aquifer beneath the reactor. If the radioactive magma had reached groundwater, it would have polluted the Pripyat river, then Dniepre, Kiev, the Black Sea.",1341991304.0,1341962504.0,/r/todayilearned/comments/wcb83/til_that_3_divers_nicknamed_the_chernobyl_suicide/c5c7i26/,todayilearned
46,ScientistDaddy,"Heh, no worries. My little larva is just a hair short of two months, so I am glad I still can type anything intelligible and not fall asleep at the keyboard.",1341620191.0,1341591391.0,/r/daddit/comments/w2r5b/could_tablets_be_used_to_communicate_with/c5a8cpk/,daddit
47,ScientistDaddy,"Info about her singing is adorable and interesting in its own right, but I asked about her signing.",1341588446.0,1341559646.0,/r/daddit/comments/w2r5b/could_tablets_be_used_to_communicate_with/c5a3ua7/,daddit
48,ScientistDaddy,"Just out of curiosity, at which age did she start signing herself?",1341547228.0,1341518428.0,/r/daddit/comments/w2r5b/could_tablets_be_used_to_communicate_with/c59usw5/,daddit
11,ScientistDaddy,Could tablets be used to communicate with pre-verbal babies? It seems to work with apes.. ,1341524878.0,1341496078.0,/r/daddit/comments/w2r5b/could_tablets_be_used_to_communicate_with/,daddit
12,ScientistDaddy,"How to encourage supervisor to show up?. An undergrad student in our group is gearing up to give a big conference presentation. As a practice run, she's giving her presentation to our group first. It would be important for the PI (who supervised her research) to attend, but he is dragging his feet about coming to see the presentation. I don't want to reschedule the whole thing, so how could I encourage the supervisor to come?",1340791093.0,1340762293.0,/r/AskAcademia/comments/vnvg0/how_to_encourage_supervisor_to_show_up/,AskAcademia
13,ScientistDaddy,Something rotten in Rotterdam? Marketing professor resigns due to alleged data fudging. ,1340727441.0,1340698641.0,/r/socialscience/comments/vmcuf/something_rotten_in_rotterdam_marketing_professor/,socialscience
49,ScientistDaddy,There's no fate but what we make for ourselves.,1340386914.0,1340358114.0,/r/Futurology/comments/vecnl/the_future/c540lhl/,Futurology
14,ScientistDaddy,A free open source alternative to Amazon Mechanical Turk. ,1339344115.0,1339315315.0,/r/programming/comments/uudi9/a_free_open_source_alternative_to_amazon/,programming
50,ScientistDaddy,I think the limiting factor is the lack of musical notation/recording from those eras.,1339261613.0,1339232813.0,/r/AskSocialScience/comments/usijd/what_was_music_like_before_the_classical_music/c4y9grs/,AskSocialScience
15,ScientistDaddy,"Ideal space for academic writing?. If you had the wherewithal to set up your ideal private writing space somewhere, what would it look like?",1338935047.0,1338906247.0,/r/AskAcademia/comments/um3ie/ideal_space_for_academic_writing/,AskAcademia
51,ScientistDaddy,"[Dacher Keltner from UC Berkeley has an answer for you:](http://greatergood.berkeley.edu/article/item/born_to_blush)
> Embarrassment is a sign of our respect for others, our appreciation of their view of things, and our commitment to the moral and social order. Far from reflecting confusion, it turns out that embarrassment can be a peacemaking force that brings people together—both during conflict and after breeches of the social contract, when there’s otherwise great potential for violence and disorder.
",1338384598.0,1338355798.0,/r/AskSocialScience/comments/ubdxi/does_embarrassment_have_an_evolutionary_purpose/c4tzcwi/,AskSocialScience
52,ScientistDaddy,"Yes, they did. However, learning proper breastfeeding is more tricky than being shown the right latch once. Therefore, I advise you get all the help you can, either through the hospital or privately.",1338344787.0,1338315987.0,/r/predaddit/comments/tx9ek/advice_from_a_graduate_and_thank_you_for_all_the/c4tqjrw/,predaddit
53,ScientistDaddy,True. Least useful thing I ever purchased.,1338318357.0,1338289557.0,/r/Parenting/comments/u9sn3/will_i_ever_stop_doing_this_as_a_parent/c4tltcv/,Parenting
16,ScientistDaddy,"Advice from a graduate (and thank you for all the fish). My baby boy was born a week ago and this is the first time I have had time to visit Reddit long enough to post. I wanted to share some of the things that caught me by surprise so that you would not have to.

I did not expect to feel as incompetent as I did. The first night taking the baby home from the hospital I felt completely clueless, even though I had done my fair share of reading beforehand. If at all possible, go find opportunities to watch newborns in action to know that most of the things they do and sounds they make are almost always normal. Ask every parent you see for advice. They will invariably say “every baby is different,” so ask what made life easier for them when their baby was born.

If you are planning to breast-feed, it is much harder than what it seems. It is very important that the mother-to-be and you go observe how it is done right. Nipples get damaged very easily, which makes later breast-feeding attempts excruciatingly painful. Talk to people who have done it and hire a lactation consultant to visit you before the baby is born and schedule a meeting immediately after birth. Medically, breast-feeding is very advantageous for both the child and the mother, so making an effort to stick with it is worth it. Despite the convenience, infant formula increases the chances of colic and a red-headed screaming baby. It may also change the gut bacteria for good, so giving formula to a baby is a one-way ticket.

The first few days may seem like hell and you may start checking out the hospital return policy (mine did not have one, so we were stuck with the baby). However, keep repeating to yourself “it will get better” and within few days, it will.

Prepare for a marathon, not for a sprint. Getting all the right gear is important, but not as important as knowing what to do with it.

This is ScientistDaddy, signing off.",1337617932.0,1337589132.0,/r/predaddit/comments/tx9ek/advice_from_a_graduate_and_thank_you_for_all_the/,predaddit
17,ScientistDaddy,Greetings from the other side. ,1337615982.0,1337587182.0,/r/predaddit/comments/tx8np/greetings_from_the_other_side/,predaddit
54,ScientistDaddy,Expected Cake Day post with cats. Was not disappointed.,1336716571.0,1336687771.0,/r/daddit/comments/tgp3h/a_year_on_reddit_my_cake_day_i_feel_like_this/c4mkody/,daddit
18,ScientistDaddy,"Moderator apologies. Also, WTF spam filter?. Hey predadditors,

I have been deep in thesis-land and have not checked the spam filter recently (i.e., in a month or so). My apologies to anyone whose post got caught in the over-eager spam filter. All posts have now been liberated from their hammy detention.

I guess this is a good wake-up call to get more people involved. Please step forward if you are interested in becoming a moderator.",1336143672.0,1336114872.0,/r/predaddit/comments/t6isl/moderator_apologies_also_wtf_spam_filter/,predaddit
55,ScientistDaddy,Bump for R. Free and full of awesome.,1336068178.0,1336039378.0,/r/statistics/comments/t44qh/regression_modelling_anyone/c4jjzlh/,statistics
56,ScientistDaddy,"Congrats, buddy! I used to be in the same boat for several years: lots of trying, but no luck. Wife and I had already given up hope when all of a sudden a wild pregnancy appeared. Now we only have a few weeks to go until my graduation to /r/daddit.",1336055869.0,1336027069.0,/r/predaddit/comments/t2zl6/moving_from_rinfertility_to_rpredaddit/c4jituq/,predaddit
57,ScientistDaddy,"Welcome on board. You can never be 100% ready for a baby, but you can be 99% prepared.",1335749330.0,1335720530.0,/r/predaddit/comments/sy84c/hey_predaddit_i_just_wanted_to_share_my_good_news/c4i01ei/,predaddit
58,ScientistDaddy,Everyone in the Senate?,1335305218.0,1335276418.0,/r/TrueReddit/comments/spk8k/who_keeps_blocking_senate_legislation_to_move/c4fz679/,TrueReddit
59,ScientistDaddy,Hospital. Now.,1335234060.0,1335205260.0,/r/BabyBumps/comments/so85u/heavy_bleeding_and_cramping_at_6_wks/c4fnjvi/,BabyBumps
60,ScientistDaddy,Ouch. Touché.,1334777909.0,1334749109.0,/r/GenX/comments/sfja9/were_not_young/c4dolee/,GenX
19,ScientistDaddy,[IIL] Arrival of The Birds & Transformation [WEWIL?]. ,1334775752.0,1334746952.0,/r/ifyoulikeblank/comments/sftyh/iil_arrival_of_the_birds_transformation_wewil/,ifyoulikeblank
61,ScientistDaddy,...gradually,1334728815.0,1334700015.0,/r/explainlikeimfive/comments/senwp/more_questions_from_a_grade_34_class/c4dgtho/,explainlikeimfive
62,ScientistDaddy,Thanks for all your help. I'll hit the books and start hacking—as soon as I find a peaceful moment. Might be a while...,1334609622.0,1334580822.0,/r/MachineLearning/comments/sba0e/how_would_you_find_patterns_in_conversations/c4cuzr3/,MachineLearning
63,ScientistDaddy,"I am a ML n00b, so your help is very much appreciated. My PhD is in another field, but the standard tools of my trade (i.e., basic stats) are becoming woefully inadequate to cope with the new data pouring in. However, rather than becoming a ML expert myself, I'll be probably better off finding expert co-authors :)",1334592484.0,1334563684.0,/r/MachineLearning/comments/sba0e/how_would_you_find_patterns_in_conversations/c4ctlvc/,MachineLearning
64,ScientistDaddy,And would that be a solved problem with ready-made software available or a PhD dissertation?,1334557630.0,1334528830.0,/r/MachineLearning/comments/sba0e/how_would_you_find_patterns_in_conversations/c4cnjsx/,MachineLearning
65,ScientistDaddy,"For a text-based approach, how would you use a topic model to predict each person's age (or a value on a 1 to 5 scale), for example?",1334555042.0,1334526242.0,/r/MachineLearning/comments/sba0e/how_would_you_find_patterns_in_conversations/c4cn1sl/,MachineLearning
20,ScientistDaddy,"How would you find patterns in conversations?. If you had records of conversations between pairs of people (with associated profile data: age, gender, etc.), how would you go about finding predictive conversation patterns in either the audio or transcripts?",1334552304.0,1334523504.0,/r/MachineLearning/comments/sba0e/how_would_you_find_patterns_in_conversations/,MachineLearning
66,ScientistDaddy,"You, sir, are a gentleman and a scholar. This seems like a fantastic, hands-on way for kids to ""get"" programming.",1334543894.0,1334515094.0,/r/Parenting/comments/saqz2/how_to_train_your_robot_or_an_ingenious_way_to/c4ckx3e/,Parenting
67,ScientistDaddy,"I agree with you that intelligence does not require self-awareness. I think the problem is how Turing test is defined: the goal is not to demonstrate intelligence but to fake being human. Since humans are self-aware, passing as a human might be easier if the system at least appears to be self-aware. A Turing test judge could ask questions that require self-reflection to weed out systems that cannot produce convincing answers. That said, self-awareness is still not *required* to pass the test. But at least faking self-awareness to some degree would increase the odds of passing the test.",1334460821.0,1334432021.0,/r/science/comments/s7ljz/artificial_intelligence_could_be_on_brink_of/c4c9haa/,science
68,ScientistDaddy,"No, not sure at all. I just tried to point out that although ""self-aware"" and ""intelligent"" are not the same, they could still be related. The emphasis was meant to be on the word ""might."" And as mungdiboo points out, acing Turing Test could depend on a host of other factors, too.",1334380242.0,1334351442.0,/r/science/comments/s7ljz/artificial_intelligence_could_be_on_brink_of/c4bye7q/,science
21,ScientistDaddy,Has anyone heard of Cycle by Zoltan Sostai? Looks interesting.. ,1334362022.0,1334333222.0,/r/scifi/comments/s831i/has_anyone_heard_of_cycle_by_zoltan_sostai_looks/,scifi
69,ScientistDaddy,"Although the test was not meant to assess self-awareness, the trick to passing the test might as well hinge upon developing a self-aware system.",1334356459.0,1334327659.0,/r/science/comments/s7ljz/artificial_intelligence_could_be_on_brink_of/c4bt7zk/,science
22,ScientistDaddy,"My Terrible, Horrible, No Good, Very Bad Dissertation. ",1334288899.0,1334260099.0,/r/GradSchool/comments/s6obg/my_terrible_horrible_no_good_very_bad_dissertation/,GradSchool
70,ScientistDaddy,"Hell no. Circumcision is a form of Bronze Age brutality. There are vanishingly small number of cases where the procedure is medically warranted. Most of the ""medical"" explanations (easier to clean etc.) are old wives tales with no scientific evidence. The most common ""medical reason"" is to tack on an extra charge to your medical bill.

Besides, it's not your decision to make, really. If your kid wants a piece of his penis chopped off to fit in at high school locker room or something, he can always do it later out of his own volition later.",1334256992.0,1334228192.0,/r/daddit/comments/s5yjt/circumsize/c4bcop6/,daddit
71,ScientistDaddy,"Think of it like this: measurement error is more likely with small babies. A relatively small mistake in sizing the baby early on might make it appear really big or really small (hence the 97th percentile figure).

Let's say that the next scan shows that the baby is perfectly average at 50th percentile. This would be great for you, but on paper, your baby looks like a high-risk case, since it is ""shrinking."" In reality, an overeager ultrasound technician just jumped the gun in measuring your baby. The headache for the OB is to add extra notes to your paperwork to set the record straight, because otherwise, somebody looking just at the measurements might get alarmed and think the baby is not gaining weight as it should be. 

If the OB said not to worry about it, don't worry about it. Wait until the next scan, because the measurements will be more accurate then.",1334256369.0,1334227569.0,/r/predaddit/comments/s5fwx/16_week_appointment_have_a_few_questions/c4bcn4a/,predaddit
72,ScientistDaddy,"Stephenie Meyer, stage, and eggs. $1 per throw.",1334119553.0,1334090753.0,/r/technology/comments/s2fex/if_piracy_is_so_devastating_why_are_we_seeing_an/c4ap7gd/,technology
73,ScientistDaddy,"I am quite enjoying this. Mathematicians should publish their speeches more often, because it forces them to explain their logic in a more human-readable form.",1334031721.0,1334002921.0,/r/statistics/comments/s0rhq/the_dawning_of_the_age_of_stochasticity/c4aae9m/,statistics
74,ScientistDaddy,"Contact the person who wrote the paper on the captive monkeys and ask if s/he would be interested in being a senior co-author. Also, add your old professors as co-authors in order not to burn bridges, because it sounds like your field is very small.",1333586312.0,1333557512.0,/r/academicpublishing/comments/rssym/advice_on_publishing_small_studies_with_little/c48f9xw/,academicpublishing
75,ScientistDaddy,"The process is more like this: I have an idea of what I need and a rough idea how to get there. I draw things on paper for a few minutes and start to code. Trial and error. Recently, I learned about design patterns and realized I have always programmed for implementation, not interface.

Thanks for the book recommendation, but I doubt I will ever use C++. Are there language-agnostic guides to OOP?",1333435470.0,1333406670.0,/r/learnprogramming/comments/rq3uu/how_to_take_my_game_to_the_next_level/c47r6nm/,learnprogramming
76,ScientistDaddy,"You're right, the post was a bit misleading. I wasn't hoping to get all those questions answered in one go. I included them to give an idea of the kind of stuff I'd like to tackle in the future. I've edited the post.",1333434930.0,1333406130.0,/r/learnprogramming/comments/rq3uu/how_to_take_my_game_to_the_next_level/c47r2s3/,learnprogramming
77,ScientistDaddy,I was hoping to stand on the shoulders of giants and hear suggestions about particularly good things to read.,1333433396.0,1333404596.0,/r/learnprogramming/comments/rq3uu/how_to_take_my_game_to_the_next_level/c47qrsm/,learnprogramming
78,ScientistDaddy,"Ex-marketer here. Often people do not know what they want, which makes the figuring it out part difficult. Once you know what people want, even then it is not trivial to tell it to them. But overall, you are spot on.",1333431031.0,1333402231.0,/r/explainlikeimfive/comments/rpumn/eli5_marketing/c47qa4n/,explainlikeimfive
23,ScientistDaddy,"How to take my game to the next level?. I've self-taught myself to program, mostly by trial and error... lots of error. But I think I am an okay programmer on a good day: I know enough Ruby (also on Rails), Python, R, AppleScript, JavaScript, CSS, and MySQL to hack together hobby projects, script away boring tasks, or Sweave together an occasional research paper. 

However, I feel my coding is sloppy and hard to maintain, since my projects evolve without much planning. Not that I'd know how to, so I ""design"" as I go. Now, I'd like to start learning how to build *systems,* because it would help my research work. Modular code, design patterns, all of that good stuff. I don't want to quit my day job, just become better, faster, stronger^Work_It^Make_It^Do_It^Makes_Us^Harder

I would love to hear advice on how to up my game. ~~I am be especially curious about:~~

* ~~Object-oriented programming (a lot of my code still reads like recipes)~~
* ~~git (I get version control for backup, but all that pushing and pulling and branching... Woosh!)~~
* ~~Open Sourcing some of my stuff (but I am shy and self-conscious about my code)~~
* ~~Best practices on securing web servers (on the cloud)~~
* ~~Machine learning and cluster computing (my field is heavy on stats)~~
* ~~iPad apps (not for profit research)~~
* ~~Arduino~~

EDIT: A lot of coding help online is for learning to program at the detail level and I think I'm past that stage. How can I learn to make pieces of code fit together into manageable and maintainable systems?",1333430490.0,1333401690.0,/r/learnprogramming/comments/rq3uu/how_to_take_my_game_to_the_next_level/,learnprogramming
79,ScientistDaddy,Publishing at PLoS One could be a political decision. The authors might be proponents of open access publishing.,1333054826.0,1333026026.0,/r/science/comments/ri9br/from_mit_a_cure_for_all_viruses/c468bru/,science
80,ScientistDaddy,[Similar mechanical solutions](http://www.reddit.com/r/LifeProTips/comments/o5tzl/how_to_keep_the_straw_from_rising_out_of_your/) apply to many different problems.,1332899879.0,1332871079.0,/r/LifeProTips/comments/rfs40/lpt_dry_it_keep_the_holder_clean/c45j9py/,LifeProTips
81,ScientistDaddy,**TL;DR: Neuromancer meets Gordon Gekko.**,1332711995.0,1332683195.0,/r/technology/comments/rc5dd/us_government_pays_250000_for_an_ios_zeroday/c44qd4h/,technology
82,ScientistDaddy,Absolutely.,1332692414.0,1332663614.0,/r/predaddit/comments/rcc53/how_to_get_a_little_more_rest_on_day_two/c44p4u8/,predaddit
83,ScientistDaddy,"I was. If OP lives in the US, he should get the kid to a magnet school.",1332691673.0,1332662873.0,/r/learnprogramming/comments/rbs7p/my_five_yearold_is_intensely_interested_in_what_i/c44p2ij/,learnprogramming
84,ScientistDaddy,"setwd() is the command to change the working directory. For help, type ?setwd.",1332691055.0,1332662255.0,/r/learnprogramming/comments/r9bvi/hang_ups_in_r/c44p0gt/,learnprogramming
85,ScientistDaddy,"As a basic check, type getwd() to see that your working directory is what you think it is. Then check with list.files() that pulse.txt is in there.",1332516368.0,1332487568.0,/r/learnprogramming/comments/r9bvi/hang_ups_in_r/c441nij/,learnprogramming
24,ScientistDaddy,Papers aren't just for people. ,1332172226.0,1332143426.0,/r/academicpublishing/comments/r37db/papers_arent_just_for_people/,academicpublishing
25,ScientistDaddy,DAE use DEVONthink to organize their literature?. ,1331661252.0,1331632452.0,/r/AskAcademia/comments/quck4/dae_use_devonthink_to_organize_their_literature/,AskAcademia
86,ScientistDaddy,"Well, that was the plot in [Cowboys and Aliens](http://www.imdb.com/title/tt0409847/).",1331316021.0,1331287221.0,/r/explainlikeimfive/comments/qolb9/eli5_why_everyone_is_buying_gold_right_now/c3z842t/,explainlikeimfive
87,ScientistDaddy,"> I essentially ""turn off all systems"" and block her out whenever we start to disagree or she vents her frustration near me.

Your response style is called [""stonewalling"" (pdf)](http://www.isoulseek.com/sitebranches/relationskills/articles/6signs.pdf), and it is one of the predictors of divorce according to research. It is good that you are recognizing that you are doing it. First step to recovery and all that.

It is also good that you are reaching out for help, because a lot of marital problems can be solved. You need to take care of each other and communicate in order to stay together. It often helps to have a neutral third party to keep the communication from spiraling out of control. If spending quality time together does not solve your issues, bringing in a marriage counselor might help.",1331315273.0,1331286473.0,/r/daddit/comments/qo1y1/fatherhood_is_great_but/c3z829s/,daddit
88,ScientistDaddy,I think we need that subreddit.,1331273304.0,1331244504.0,/r/explainlikeimfive/comments/qnfcd/eli5_why_is_jimi_hendrix_considered_the_best/c3z1viz/,explainlikeimfive
89,ScientistDaddy,So you wish to do a t-test in reverse?,1331272748.0,1331243948.0,/r/statistics/comments/qntme/is_there_a_test_whose_null_hypothesis_is_that/c3z1rq1/,statistics
90,ScientistDaddy,Feeling like a the world's dumbest person on most days and a (narcissistic) genius on some.,1331272281.0,1331243481.0,/r/GradSchool/comments/qnq6n/whats_your_best_description_of_what_grad_school/c3z1oms/,GradSchool
91,ScientistDaddy,Welcome on board. It's gonna be a wild ride! :),1331272129.0,1331243329.0,/r/predaddit/comments/qnti1/just_now_found_out_about_rpredaddit/c3z1nkh/,predaddit
92,ScientistDaddy,Congrats! Remember to come back to share vital knowledge from the trenches.,1331175459.0,1331146659.0,/r/predaddit/comments/qlsbo/well_gents_im_outta_here/c3yn4pb/,predaddit
93,ScientistDaddy,"I am glad I could help. Pregnancy is a life-changing process for both mommy and daddy (and the baby, of course). Everyone benefits from mutual understanding and compassion, because the whole family is in the same boat in the end.",1330730724.0,1330701924.0,/r/BabyBumps/comments/qd92k/how_do_i_make_pregnancy_sex_good/c3wygey/,BabyBumps
94,ScientistDaddy,"Here's a link to a [discussion about this on predaddit](http://www.reddit.com/r/predaddit/comments/ovu0j/men_of_predaddit_i_need_your_help_sex_drive/). Yeah, it is normal. Your man is probably starting to feel fatherly towards your bump and is having hard time reconciling that with the completely different emotions involved in sex. It is hard for a man to feel like a sex panther when he's worried about squishing the baby.",1330659302.0,1330630502.0,/r/BabyBumps/comments/qd92k/how_do_i_make_pregnancy_sex_good/c3wobnm/,BabyBumps
95,ScientistDaddy,Agreed. Freakiest thing ever. I have no idea how I would react if my bowels started moving all of a sudden.,1330654254.0,1330625454.0,/r/predaddit/comments/qcxpz/pregnancymind_blown_every_day/c3wnbut/,predaddit
96,ScientistDaddy,"That is an awesome carpet, by the way.",1330581816.0,1330553016.0,/r/daddit/comments/qbinp/just_made_it_a_full_week_with_mom_away_at_a/c3wcxxy/,daddit
97,ScientistDaddy,At least the mental image of painting someone's house hot pink as a response to a flame war is an interesting one.,1330563128.0,1330534328.0,/r/TrueReddit/comments/qb1xg/banksys_thoughts_on_advertising/c3w963i/,TrueReddit
98,ScientistDaddy,"Oh man, that sounds like a weird mixture of feelings. Are you doing anything to try and use that nervous energy (e.g., exercise) or diffuse it (e.g., meditation)?",1330562823.0,1330534023.0,/r/predaddit/comments/qbg6l/the_tension_leading_up_to_the_big_day/c3w941b/,predaddit
99,ScientistDaddy,"I think this takes the cake in terms of the ""Wow!"" factor. Very cool.",1330561303.0,1330532503.0,/r/rstats/comments/qa4ph/demoing_r_maximum_wow_with_fewest_lines_of_code/c3w8tzd/,rstats
100,ScientistDaddy,"Thanks for a great answer. I did emphasize the time saving aspect and showed a demo how to automate tasks in R (e.g., data extraction). A lot of the other stuff made it into my slides as well.",1330561258.0,1330532458.0,/r/rstats/comments/qa4ph/demoing_r_maximum_wow_with_fewest_lines_of_code/c3w8tpc/,rstats
101,ScientistDaddy,You are preaching to the choir re: open source. I'm a big fan and pointed it out (free like speech/beer). I used ggplot2 and showed one of the bar charts from the page you linked.,1330561126.0,1330532326.0,/r/rstats/comments/qa4ph/demoing_r_maximum_wow_with_fewest_lines_of_code/c3w8suj/,rstats
102,ScientistDaddy,"Yup, I used RStudio for the live demonstration.",1330560989.0,1330532189.0,/r/rstats/comments/qa4ph/demoing_r_maximum_wow_with_fewest_lines_of_code/c3w8rxu/,rstats
103,ScientistDaddy,"Thanks. I used the diamonds data from the package for a neat multicolor plot (price by carat, groups colored by clarity).",1330560811.0,1330532011.0,/r/rstats/comments/qa4ph/demoing_r_maximum_wow_with_fewest_lines_of_code/c3w8qrw/,rstats
26,ScientistDaddy,"Demoing R: Maximum ""wow"" with fewest lines of code?. I am giving a demonstration of R to psychology graduate students tomorrow. This is a non-programmer crowd and I need some help convincing them to start using R over SPSS/PASW.

I'd like to run scripts to show off R's capabilities, but the code would need to be very short and easy to understand. Any ideas?
",1330488843.0,1330460043.0,/r/rstats/comments/qa4ph/demoing_r_maximum_wow_with_fewest_lines_of_code/,rstats
104,ScientistDaddy,I would add DEVONthink into the list. It is great for organizing your PDFs and has nearly magical abilities to find related literature.,1330378447.0,1330349647.0,/r/AskAcademia/comments/q63zm/i_am_having_issues_staying_organized_and_keeping/c3vh3w1/,AskAcademia
105,ScientistDaddy,I second this suggestion. I love Scrivener for organizing my ideas when writing longer pieces.,1330378365.0,1330349565.0,/r/AskAcademia/comments/q63zm/i_am_having_issues_staying_organized_and_keeping/c3vh3mh/,AskAcademia
106,ScientistDaddy,[R](http://www.r-project.org/),1330045903.0,1330017103.0,/r/AskAcademia/comments/q2oda/is_it_okay_if_you_dont_know_about_any_other/c3u7os5/,AskAcademia
107,ScientistDaddy,"I sympathize with you. Grad school devastated my ability to say anything with confidence. ""It depends"" is probably the best I can manage anymore :)",1329970493.0,1329941693.0,/r/GradSchool/comments/q124f/is_it_normal_to_be_nervous_about_getting_your_phd/c3twk3d/,GradSchool
108,ScientistDaddy,Especially Hybrid's Unfinished Symphony in the heli drop mountain level.,1329457878.0,1329429078.0,/r/AskReddit/comments/psfmx/reddit_what_childhood_video_game_do_you_still/c3rywhi/,AskReddit
109,ScientistDaddy,Mindfulness meditation.,1329148349.0,1329119549.0,/r/explainlikeimfive/comments/pmbjp/eli5_why_is_it_that_i_always_think_of_the_best/c3qpcm6/,explainlikeimfive
110,ScientistDaddy,"Welcome on board. You are facing a difficult situation, but from what I am reading, it sounds like you are dealing with it very well.",1328770827.0,1328742027.0,/r/predaddit/comments/pfub6/is_there_room_for_one_more/c3p9vqf/,predaddit
111,ScientistDaddy,"You don't have to store the PDFs online. I have 3+ gigabytes of PDFs stored locally, so I am using very little storage space on Mendeley's servers.",1328723536.0,1328694736.0,/r/AskAcademia/comments/pfnvl/an_alternative_to_endnote/c3p2kv2/,AskAcademia
112,ScientistDaddy,So what's the bonus for producing a worldwide economic crisis?,1328673750.0,1328644950.0,/r/TrueReddit/comments/pd5i1/is_this_the_end_of_wall_street_as_they_knew_it/c3ou8na/,TrueReddit
113,ScientistDaddy,"I wholeheartedly believe that this would be a better way of doing things. However, ""a better way"" often clashes with ""this is the way it is done."" The current system is not needed, it just has a lot of institutional inertia.",1328668030.0,1328639230.0,/r/TrueReddit/comments/pej6f/spread_the_word_scientists_are_tearing_down/c3ot0w9/,TrueReddit
114,ScientistDaddy,"> How exactly are you going to publish a free journal without these people

Many open source projects manage quite well without the personnel overhead that a corporate structure and a physical distribution of the product requires. Science—the ultimate open source enterprise, IMHO—is no longer based on paper, and any business model based on staining wood fibers with ink and mailing them to scientists is outdated. Even the idea of a one-shot peer-review taking place BEFORE publication is obsolete: let the scientists decide by upvoting a publication with citations.

You could have a better system through researchers self-publishing in a commonly agreed repository/format with a persistent and citable identifier. Add verifiable version control system and an issue tracker on top of that and you can run a much more efficient system than any journal today. Typos in the manuscript? Submit a bug report and let the authors fix it. Fatal flaw in the paper? Submit a bug report and see if the authors can fix the issue, probably by issuing a new publication.

It is ridiculous that science is beholden to business practices invented hundreds of years ago.",1328667726.0,1328638926.0,/r/TrueReddit/comments/pej6f/spread_the_word_scientists_are_tearing_down/c3osyp3/,TrueReddit
115,ScientistDaddy,"If I ever saw a corporate hit piece on science, this would be it. ""Cui bono?"" indeed.",1328495309.0,1328466509.0,/r/softscience/comments/pbuzc/planet_earth_could_even_be_heading_for_an_icy/c3o5l8i/,softscience
116,ScientistDaddy,Six-packs are regularly on sale at various grocery stores.,1327987100.0,1327958300.0,/r/AskReddit/comments/p3bu8/whats_on_your_bucket_list_reddit/c3m72g3/,AskReddit
27,ScientistDaddy,This is how I feel about postdoc applications. ,1327973734.0,1327944934.0,/r/GradSchool/comments/p37qb/this_is_how_i_feel_about_postdoc_applications/,GradSchool
117,ScientistDaddy,Komichi ist der Babynator.,1327930532.0,1327901732.0,/r/predaddit/comments/p24uc/idea_for_cheaper_diaper_bags_for_daddy_diaper_bag/c3lzowk/,predaddit
118,ScientistDaddy,And a [bandolier](http://www.webstaurantstore.com/nylon-bandoleer-belt-holds-33-1-25-oz-plastic-bullet-shots/280BPBAN%20%20%20%20BK.html) for milk bottles.,1327928010.0,1327899210.0,/r/predaddit/comments/p24uc/idea_for_cheaper_diaper_bags_for_daddy_diaper_bag/c3lzah8/,predaddit
119,ScientistDaddy,"Predad here, going through this exact same thing. My love for my wife has certainly changed towards cuddly. She is gorgeous as ever and our sex life has always been A-M-A-Z-I-N-G... However, for some reason,  my mojo has gone off on a vacation. The turtle has retreated into its shell, so to speak. Whereas sex used to be always on my mind and three days without felt like eternity, now there just is too much on my mind about parenthood (and thesis writing and academic work and financial planning and cloth diapers and insurances and...) to get even think about sex.

It's like a horny switch has been turned off in my head. There have been times when she has taken the initiative and it's easy to rise to the challenge, so it's not a physical issue. But left to my own devices, sex rarely crosses my mind anymore. It's weird. I hope it comes back, because I miss the crazy wild sex. 

I know being pregnant is hard for women from the body image perspective, but maybe intentionally turning up the sexiness would help. If she started talking dirty to my ear, I'm sure sex would ensue pretty easily. But I'd hate to put the responsibility on her, especially as I know that something in me has changed. I just don't know how to turn the mojo back on by myself.

Oh, and the whole ""there's a baby in there"" thing does get mentally in the way. Especially as I like to hold my hand on her belly in the mornings while spooning to feel the little guy moving. It's hard to go from feeling such tender feelings to wild humping.

I'd like to hear how other predads cope with this.",1327559952.0,1327531152.0,/r/predaddit/comments/ovu0j/men_of_predaddit_i_need_your_help_sex_drive/c3kmxyw/,predaddit
120,ScientistDaddy,"I have no first-hand experience with chickens, so I am not qualified to say for sure. However, I would imagine that homestead eggs lay longer in contact with organic matter and are kept at higher temperatures. Whether it makes any difference is a different question.",1327471302.0,1327442502.0,/r/LifeProTips/comments/okadl/lpt_how_to_make_any_crunchy_cookie_into_a_soft/c3k9ks1/,LifeProTips
28,ScientistDaddy,Recreational play may be more important than childhood academics (x-post from TrueReddit). ,1326852876.0,1326824076.0,/r/Parenting/comments/ol45x/recreational_play_may_be_more_important_than/,Parenting
121,ScientistDaddy,"You are both right in a sense. Eggs themselves are safe, but some eggs have been contaminated with nasty germs. (They come out of the chicken's ass, after all.) While discarding a rotten egg is easy just by the smell, contamination is impossible to detect just by looking/smelling the egg. Luckily, modern production methods reduce the risk of contamination and makes contaminated eggs rare. Because only very, very few eggs are contaminated, it is a low-risk gamble to eat one raw. This is why you can always find people who eat raw uncontaminated eggs without problems. However, if you happen eat a contaminated egg raw, you might get ill, which is unpleasant for most people and dangerous to people with compromised immune systems. Cooking an egg above a certain temperature kills the nasty germs in it, making even a contaminated egg safe to eat.

**tl;dr: Most eggs are safe to eat, because they are not contaminated. Cooking kills germs, making even a contaminated egg safe to eat.**",1326817381.0,1326788581.0,/r/LifeProTips/comments/okadl/lpt_how_to_make_any_crunchy_cookie_into_a_soft/c3i09vx/,LifeProTips
122,ScientistDaddy,Beautiful.,1326816331.0,1326787531.0,/r/explainlikeimfive/comments/ok84h/eli5_rpickle_raskpickle_their_war_with_rbanana/c3i06ba/,explainlikeimfive
29,ScientistDaddy,"Science-inspired boys' names?. The scan of the mothership revealed that we're expecting a baby boy. For the name, we'd like to have something unique and science-related. Here's what I have so far:

* Sagan
* Niels
* Tesla
* Gene
* Max(well)
* Linus
* Rutherford
* Erasmus

Any others?",1326786828.0,1326758028.0,/r/predaddit/comments/ok0hs/scienceinspired_boys_names/,predaddit
123,ScientistDaddy,"Ooohh... If I had the skills/time/tools, I would totally build my own. Pimp my stroller, anyone?",1326766663.0,1326737863.0,/r/predaddit/comments/ojajp/dae_notice_that_almost_all_strollers_are_really/c3hrp88/,predaddit
124,ScientistDaddy,"I have discovered a truly marvelous proof of this, which this thesis is too narrow to contain.",1326484808.0,1326456008.0,/r/AskAcademia/comments/oe6zf/alternative_ways_of_saying_in_other_words/c3grv6q/,AskAcademia
125,ScientistDaddy,"You both make a good point: clear and concise writing is important. However, my thesis bridges two rather distinct topics with different methodologies and conceptual frameworks. Because of this, I often need to express things from one in the terms of the other.",1326484413.0,1326455613.0,/r/AskAcademia/comments/oe6zf/alternative_ways_of_saying_in_other_words/c3grue5/,AskAcademia
30,ScientistDaddy,"Alternative ways of saying ""In other words?"". I'm writing up my thesis, and I am using too much the expression ""In other words"" when I start a sentence to elucidate any point that I am making. [Thesaurus.com](http://thesaurus.com/browse/in+other+words) is failing me here.

Can you give me some fresh expressions I could use instead?",1326421175.0,1326392375.0,/r/AskAcademia/comments/oe6zf/alternative_ways_of_saying_in_other_words/,AskAcademia
126,ScientistDaddy,"The best words of advice I can give: ""It will get better.""",1326408291.0,1326379491.0,/r/NewParents/comments/odvgd/i_had_no_idea_what_demanding_meant/c3gghin/,NewParents
127,ScientistDaddy,"Ultrasound images always remind me of that Friends episode :)
*CHANDLER:* ""I dunno, but.. I think it's about to attack the Enterprise.""",1326400850.0,1326372050.0,/r/predaddit/comments/odrf9/just_about_to_go_in_for_the_12wk_scan/c3gfrqa/,predaddit
128,ScientistDaddy,"While I would lose my shit as well it that were to happen to me, I'd still like to see the story fact checked. New York Post is not exactly the paragon of truth.",1326159218.0,1326130418.0,/r/Mommit/comments/o9glk/i_would_lose_my_shit_if_i_couldnt_see_my_newborn/c3fgbcc/,Mommit
129,ScientistDaddy,"Depends on what you want to do after school. If you want to become a neuroscientist, take up math, stats, and every research methods class you can find. Experience with programming in languages suitable for big data sets will be golden, too.

However, there are a number of interesting philosophical questions in cognition and artificial intelligence, which allows you to leverage your existing major. If you partner up with neuroscientists, you can do a lot of interesting experimental philosophy without having to become a neuroscientist yourself. Your university might have a ""Philosophy of Neuroscience/consciousness/mind/science"" course that could be helpful in helping you figure out your preferred academic path.",1325965706.0,1325936906.0,/r/AskAcademia/comments/o6k8c/id_really_like_some_advice_neuroscience/c3esrkh/,AskAcademia
130,ScientistDaddy,Snacks,1325648246.0,1325619446.0,/r/predaddit/comments/o1ddh/packing_list_for_the_hospital/c3dlybv/,predaddit
131,ScientistDaddy,A book,1325648170.0,1325619370.0,/r/predaddit/comments/o1ddh/packing_list_for_the_hospital/c3dlxul/,predaddit
132,ScientistDaddy,MP3 player,1325648143.0,1325619343.0,/r/predaddit/comments/o1ddh/packing_list_for_the_hospital/c3dlxo3/,predaddit
133,ScientistDaddy,Camera,1325648101.0,1325619301.0,/r/predaddit/comments/o1ddh/packing_list_for_the_hospital/c3dlxeq/,predaddit
134,ScientistDaddy,Entertainment for dad,1325648096.0,1325619296.0,/r/predaddit/comments/o1ddh/packing_list_for_the_hospital/c3dlxdf/,predaddit
135,ScientistDaddy,Entertainment for mom,1325648083.0,1325619283.0,/r/predaddit/comments/o1ddh/packing_list_for_the_hospital/c3dlxam/,predaddit
136,ScientistDaddy,"I am in the same boat, but I don't feel bad about it. My legacy will be in the genes and memories of the family I leave behind.",1325638009.0,1325609209.0,/r/predaddit/comments/o1697/how_important_is_your_lineage_to_you_ie_having_a/c3dk6o9/,predaddit
137,ScientistDaddy,Bump for 2nd trimester :),1325626917.0,1325598117.0,/r/predaddit/comments/o0x3d/why_dont_we_organize_into_three_teams_by_trimester/c3dit9w/,predaddit
138,ScientistDaddy,"For better or worse, [Mihaly Csikszentmihalyi](http://en.wikipedia.org/wiki/Mihaly_Csikszentmihalyi) (""chick-sent-me-high"") is one of the commonly cited psychologists in the field of creativity and peak experiences.",1325560402.0,1325531602.0,/r/TrueReddit/comments/nzu68/the_creative_personality_ten_paradoxical_traits/c3dalsw/,TrueReddit
139,ScientistDaddy,"> baby can become underdeveloped from neglect. I'm sorry but what hogwash.

Babies can become underdeveloped from severe neglect. [Feral children](http://en.wikipedia.org/wiki/Feral_child) are a documented example of this. Of course, what level of neglect is safe for normal child development is another question, for which I do not have an answer (just private opinions).",1325540811.0,1325512011.0,/r/BabyBumps/comments/nzpeq/1_dangers_of_crying_it_out_psychology_today/c3d8851/,BabyBumps
140,ScientistDaddy,"Thanks! I am glad you like it. Yes, I did it myself (besides the baby from *2001: Space Odyssey* in the background, of course).",1325490324.0,1325461524.0,/r/predaddit/comments/nxmhg/baby_debugger_a_missing_21st_century_parenting_app/c3d2gqc/,predaddit
141,ScientistDaddy,"Thanks! If you have any friends in tech support, you could ask how they would modify their tools to implement a help desk for parents.

I think such a system would be a mashup of already existing tools (of which many are open source). Heck, a 24/7 baby help desk system could almost copy the Linux tech support infrastructure directly. The app would just be the mobile aspect of it.",1325454584.0,1325425784.0,/r/predaddit/comments/nxmhg/baby_debugger_a_missing_21st_century_parenting_app/c3cy93y/,predaddit
142,ScientistDaddy,"That is rough. Hang in there. Hopefully 2012 will unfold more peacefully and happily for you, your wife, and the little man.",1325393331.0,1325364531.0,/r/predaddit/comments/nxrqr/happy_new_year_predaddit/c3csh1e/,predaddit
31,ScientistDaddy,Do your kids endlessly dwell on problems with their friends?. ,1325380371.0,1325351571.0,/r/Parenting/comments/nxmt0/do_your_kids_endlessly_dwell_on_problems_with/,Parenting
32,ScientistDaddy,Baby debugger: A missing 21st century parenting app. ,1325379769.0,1325350969.0,/r/predaddit/comments/nxmhg/baby_debugger_a_missing_21st_century_parenting_app/,predaddit
143,ScientistDaddy,This is an example of a common statistical phenomenon known as [regression toward the mean](http://en.wikipedia.org/wiki/Regression_toward_the_mean).,1325348183.0,1325319383.0,/r/todayilearned/comments/nwx1y/til_that_idiocracys_premise_that_iq_is_declining/c3cof95/,todayilearned
144,ScientistDaddy,"I agree with you about the gender binary issue in a general sense. However, due to pretty fundamental biological reasons, the experience of pregnancy is very different to men and women. Therefore, having separate forums to discuss these experiences might be useful. That said, there are no genital checks at the door: everyone's welcome (at least at [predaddit](http://www.reddit.com/r/predaddit).)",1325316457.0,1325287657.0,/r/Parenting/comments/nws1s/easy_guide_to_pregnancy_reddits_with_an_upgrade/c3ck6h9/,Parenting
33,ScientistDaddy,"Easy guide to pregnancy reddits (with an ""upgrade"" path). ",1325313058.0,1325284258.0,/r/Parenting/comments/nws1s/easy_guide_to_pregnancy_reddits_with_an_upgrade/,Parenting
145,ScientistDaddy,"Yes, emotionality seems contagious. Usually, I cry maybe once a decade, but watching the Doctor Who Christmas Special with my wife got me bawling like a baby.",1325306959.0,1325278159.0,/r/predaddit/comments/nvi8s/getting_itmaybe/c3cirtj/,predaddit
146,ScientistDaddy,Sounds like you had a very nice epiphany into your SO's experience. I hope it is something you both can cherish.,1325269858.0,1325241058.0,/r/predaddit/comments/nvi8s/getting_itmaybe/c3ceduy/,predaddit
34,ScientistDaddy,Calm-down jar for kids. ,1325207568.0,1325178768.0,/r/Parenting/comments/nv2v0/calmdown_jar_for_kids/,Parenting
147,ScientistDaddy,"It takes a global village to raise a child, they say. As for the 9 month scheduled learning period: evolution makes the darnest things.",1325203456.0,1325174656.0,/r/predaddit/comments/ntwzl/welcome/c3c53a2/,predaddit
148,ScientistDaddy,I hear you. I would love it if predaddit could be the user's manual and strategy guide to managing a pregnant woman. My doctor forgot to give me one.,1325202606.0,1325173806.0,/r/predaddit/comments/ntwzl/welcome/c3c4z6x/,predaddit
149,ScientistDaddy,"Just thought of something: in very near future, your household will turn into a factory that produces dirty items and smelly organic matter. From what I understand, babies pee and poop with frightening frequency and a lot of items go into containing that. When you have a dirty diaper in hand, where is that human manure going to go and how will its residue get cleaned up? All the fabric stuff on the list will get dirty at some point, which requires higher throughput and performance from your laundry system. Remember that in the first months of your baby's life, anytime when the literal and figurative shit hits the fan, you are on clean-up duty. Do you have the necessary tools?

We should have AMA with someone in waste management/recycling to ask how the pros take care of business?

*edit:* clarity",1325190653.0,1325161853.0,/r/predaddit/comments/ntxxx/xpost_from_daddit_comprehensive_list_of_stuff_we/c3c3xhb/,predaddit
150,ScientistDaddy,"Ours is due early June, so we're in the same boat. I guess we all are, in a way.",1325187396.0,1325158596.0,/r/predaddit/comments/ntwzl/welcome/c3c3r1m/,predaddit
151,ScientistDaddy,"[Look, we want you to express yourself, ok? If you think the bare minimum is enough, then ok. But some people choose to wear more and we encourage that, ok?](http://www.youtube.com/watch?v=Bsl2Wa32u1s)

In other words, I just enabled user-editable flair. I'll contact the mods of babybumps, daddit, and parenting about the sidebar links.

edit: My wife reminded me that not everyone is obsessed about movie quotes from 1999.",1325181947.0,1325153147.0,/r/predaddit/comments/ntwzl/welcome/c3c3f6d/,predaddit
152,ScientistDaddy,"You certainly aren't alone with this. I am irrationally afraid of causing a prenatal ""shaken baby"" syndrome or repeatedly hitting the little one on the head with my (*ahem*... not so) little one.

I think the trick is to tickle the ""I'd hit that"" brain region with loads of sexy stimulus to crowd out thoughts that are non-conducive for sex.",1325180984.0,1325152184.0,/r/predaddit/comments/nuokw/not_sure_if_im_in_the_only_one_but/c3c3crt/,predaddit
153,ScientistDaddy,"This seems a very comprehensive list. I may be jumping ahead of things here, but this info should be a part of a new dad FAQ.",1325140547.0,1325111747.0,/r/predaddit/comments/ntxxx/xpost_from_daddit_comprehensive_list_of_stuff_we/c3by4ma/,predaddit
154,ScientistDaddy,I think 'useful' is a good descriptor for the kind of content I'd be interested in as well.,1325140223.0,1325111423.0,/r/predaddit/comments/ntwzl/welcome/c3by2tm/,predaddit
35,ScientistDaddy,"Welcome!. Now that you are here, let's brainstorm. What would you like to see in here?

Also, I am under a lot of time pressure right now (writing a doctoral thesis), so let me know if you are interested in becoming a moderator.",1325129709.0,1325100909.0,/r/predaddit/comments/ntwzl/welcome/,predaddit
36,ScientistDaddy,What is the best quality in a dad?. ,1325126933.0,1325098133.0,/r/Parenting/comments/ntuxa/what_is_the_best_quality_in_a_dad/,Parenting
155,ScientistDaddy,"There was some talk about [male-oriented reddit similar to BabyBumps](http://www.reddit.com/r/BabyBumps/comments/nt9i3/is_there_a_babybumps_subreddit_for_the/) that inspired me to create one. Since this newborn is less than 10 minutes old, it is very much a blank slate. You are welcome to join.",1325125592.0,1325096792.0,/r/BabyBumps/comments/ntts5/if_you_build_it_they_will_come_a_predaddit_for/c3bvik6/,BabyBumps
37,ScientistDaddy,"If you build it, they will come: a pre-daddit for male BabyBumpers.. ",1325125380.0,1325096580.0,/r/BabyBumps/comments/ntts5/if_you_build_it_they_will_come_a_predaddit_for/,BabyBumps
38,ScientistDaddy,The thread that got the whole thing started (x-post from r/BabyBumps). ,1325124990.0,1325096190.0,/r/predaddit/comments/ntthx/the_thread_that_got_the_whole_thing_started_xpost/,predaddit
156,ScientistDaddy,I proudly present to you: [pre-daddit](http://www.reddit.com/r/predaddit/),1325124923.0,1325096123.0,/r/BabyBumps/comments/nt9i3/is_there_a_babybumps_subreddit_for_the/c3bve9w/,BabyBumps
157,ScientistDaddy,"""Protective lovey cuddly feelings"" may not be absolute turn-offs in their own right, rather than factors that distract you from sex. Have you ever had difficulties getting in the mood because of a distracting thought, like whether the oven was left on? If yes, then you can see that the oven itself isn't a turn-off or that there is anything wrong with the sex—there just is a distraction that gets in the way of getting it on.

Your belly may be a sexual speed bump, but I don't think it is an insurmountable obstacle. Perhaps your husband would prefer more foreplay to stoke his libido? You said that he is very visual. Have you considered role play that incorporates your belly in a naughty way?

edit: Please note that I am a guy and tend to jump right in to solve the problem.",1325114486.0,1325085686.0,/r/BabyBumps/comments/ntknf/friend_zoned_by_pregnancy_baby_bump_killing_my/c3btuq3/,BabyBumps
158,ScientistDaddy,"There is also r/mommit, but I think it would be useful to have a ""pre-parenthood"" type of transitional community for each expecting gender. Any such out there?",1325113048.0,1325084248.0,/r/BabyBumps/comments/nt9i3/is_there_a_babybumps_subreddit_for_the/c3btp2q/,BabyBumps
159,ScientistDaddy,Is there an iPad App for finger-painting with Bob Ross? I think that would be awesome.,1325097089.0,1325068289.0,/r/videos/comments/nsubm/painting_in_mspaint_with_bob_ross/c3bsmv2/,videos
160,ScientistDaddy,"Let's start one, if it does not already exist.",1325083170.0,1325054370.0,/r/BabyBumps/comments/nt9i3/is_there_a_babybumps_subreddit_for_the/c3brdtp/,BabyBumps
161,ScientistDaddy,What's the proper reddiquet of letting the OP know?,1325053232.0,1325024432.0,/r/ADHD/comments/nr2pv/adhd_is_similar_to_entrepreneurs_idea_disease/c3bn53c/,ADHD
162,ScientistDaddy,"Yes, you're right. I did not mean ""similar"" in a diagnostic sense rather than I recognized a lot of the ""idea chasing"" in myself.",1324934212.0,1324905412.0,/r/ADHD/comments/nr2pv/adhd_is_similar_to_entrepreneurs_idea_disease/c3b9v9f/,ADHD
39,ScientistDaddy,"ADHD is similar to entrepreneur's ""idea disease"". ",1324925093.0,1324896293.0,/r/ADHD/comments/nr2pv/adhd_is_similar_to_entrepreneurs_idea_disease/,ADHD
163,ScientistDaddy,Carbs and kisses.,1324525776.0,1324496976.0,/r/BabyBumps/comments/nlhin/how_to_be_supportive_when_youre_emotionally/c3a1n0d/,BabyBumps
164,ScientistDaddy,But... Aren't I now supposed to reverse all that was said in the essay?,1324160150.0,1324131350.0,/r/Foodforthought/comments/nf8op/the_next_future/c38uznl/,Foodforthought
165,ScientistDaddy,"I have been told—in a serious tone of voice—that it has and research has shown that it can recognize after birth voices heard in utero. But even if it didn't, I figure talking to the bump would be good for Father–bump bonding.",1323916657.0,1323887857.0,/r/BabyBumps/comments/nbjao/just_witnessed_the_first_pregnancy_hormone/c381bem/,BabyBumps
166,ScientistDaddy,Clusterfuck.,1323846923.0,1323818123.0,/r/language/comments/ms1zu/if_austerity_was_the_word_of_2010_whats_the_word/c37sy0c/,language
167,ScientistDaddy,I have been very lucky. I haven't been sent out for midnight snack hunt yet.,1323846787.0,1323817987.0,/r/BabyBumps/comments/nbjao/just_witnessed_the_first_pregnancy_hormone/c37sx7u/,BabyBumps
168,ScientistDaddy,"Well, the whole incident dissolved into her crying and laughing. Once I realized this was one of those ""I am angry and there is nothing that can be done about it"" situations, I started laughing. Luckily she joined me.",1323846706.0,1323817906.0,/r/BabyBumps/comments/nbjao/just_witnessed_the_first_pregnancy_hormone/c37swrf/,BabyBumps
169,ScientistDaddy,"Happened while lovely wife and I tried to have some quality time by getting the groove on. During the pre-cuddles she asked why I have not talked to bumpy although she has asked. I have a vague recollection of such a request, but I had filed it to my mental tickler folder ""To do once we know the gender."" In about three minutes she transformed from a nice, sane woman into The Incredibly Hormonal She-Hulk. It started as an eye twitch...",1323843374.0,1323814574.0,/r/BabyBumps/comments/nbjao/just_witnessed_the_first_pregnancy_hormone/c37scdc/,BabyBumps
40,ScientistDaddy,Just witnessed the first pregnancy hormone meltdown. It went something like.... ,1323842812.0,1323814012.0,/r/BabyBumps/comments/nbjao/just_witnessed_the_first_pregnancy_hormone/,BabyBumps
170,ScientistDaddy,"Constantly ruminating on how bad one feels is not good for mental health. When this dwelling is done with others, it is called [co-rumination](http://en.wikipedia.org/wiki/Corumination). It may make the co-ruminators feel closer to each other, but also makes them vulnerable to depression. To me it sounds like this is going on with your daughter and her friends.",1323727891.0,1323699091.0,/r/Parenting/comments/n9mq3/cut_off_all_of_my_teenage_daughters_internet/c37cp3t/,Parenting
171,ScientistDaddy,"In Finnish language, it is simply known as an ""r defect.""",1323645064.0,1323616264.0,/r/todayilearned/comments/n84n8/til_that_there_is_a_name_for_the_condition_where/c372zua/,todayilearned
172,ScientistDaddy,"Be my guest, and may the Force be with you :-)",1323497326.0,1323468526.0,/r/Parenting/comments/n5feu/am_i_missing_something_here_fb_family_discussion/c36oq37/,Parenting
173,ScientistDaddy,"I agree that ""stalking"" and ""hunting"" sets up a negative metaphor (child as prey) that lacks trust and warmth. I believe children are to be loved, mentored, and taught in an atmosphere of trust. There is an inherent power differential between the parent and the child, but not in the sense of ""warden/prisoner"" or ""prey/hunter"" in my opinion. I would rather think parent–child relationship is akin to the one between a padawan and a Jedi Master.

Rather than ""stalking,"" a Jedi Master checks in with the padawan to get a sense his or her level of understanding and competence. Trust, but verify. Whenever a Jedi Master intervenes, it is to steer clear of real danger without losing opportunities to learn through trial and error. If shit hits the fan and a padawan goes missing, a Jedi Master mounts a ""rescue mission,"" not a ""search-and-destroy mission.""

I just wish parenting would come with the ability to use the Force.",1323454973.0,1323426173.0,/r/Parenting/comments/n5feu/am_i_missing_something_here_fb_family_discussion/c36jd9g/,Parenting
41,ScientistDaddy,Rats are helpful little fellas: the evolutionary roots of empathy and altruism. ,1323412477.0,1323383677.0,/r/cogsci/comments/n5fk5/rats_are_helpful_little_fellas_the_evolutionary/,cogsci
174,ScientistDaddy,I wish my colleagues were [actors](http://www.youtube.com/watch?v=H0FoAilP1K0).,1323239533.0,1323210733.0,/r/BabyBumps/comments/n2zu8/pardon_my_french_but_is_there_anything_to_calm/c35vt71/,BabyBumps
175,ScientistDaddy,She does like milk and dairy products. We'll experiment by having a couple of milk-free days.,1323237509.0,1323208709.0,/r/BabyBumps/comments/n2zu8/pardon_my_french_but_is_there_anything_to_calm/c35vgan/,BabyBumps
176,ScientistDaddy,It's not just me; we have a Christmas party to go to. My poor colleagues won't know what hit them.,1323237095.0,1323208295.0,/r/BabyBumps/comments/n2zu8/pardon_my_french_but_is_there_anything_to_calm/c35vdhh/,BabyBumps
42,ScientistDaddy,"Pardon my French, but is there anything to calm the deadly farts?. I love my wife. She is beautiful and radiant... and recently also very aromatic. Please share your advice on how to 1) make the farts go away, 2) make the smell go away, or at least 3) make my eyes sting less.",1323236185.0,1323207385.0,/r/BabyBumps/comments/n2zu8/pardon_my_french_but_is_there_anything_to_calm/,BabyBumps
177,ScientistDaddy,You guys seem alright.,1321582216.0,1321553416.0,/r/Parenting/comments/mfrl7/my_friends_and_i_started_a_new_dad_blog_stunt_dad/c30kqsj/,Parenting
178,ScientistDaddy,"As a researcher, my short answer is ""Parents should not use TV as a babysitter or allow unrestricted TV watching."" As you pointed out, it is the content being watched that matters. Watching a video of clouds versus Itchy & Scratchy Show is bound to have different effect on the child. The best approach would be to select the programming, take out commercials (the marketers aren't trying to teach your children, just stuff their own pockets with your money), and focus on being a good parent.",1320954899.0,1320926099.0,/r/Parenting/comments/m722b/is_television_really_that_horrible_for_young/c2yoeob/,Parenting
179,ScientistDaddy,Some fucks may be given in college. Chicks dig scars.,1320953713.0,1320924913.0,/r/daddit/comments/m77z2/my_son_had_to_get_stitches_to_his_eyebrow/c2yoce7/,daddit
180,ScientistDaddy,"This is what I have been trying to say as well. Besides, I suspect our scale isn't really a precision instrument either.",1320436202.0,1320407402.0,/r/BabyBumps/comments/m055k/how_much_weight_did_you_gain_first_trimester/c2wzss8/,BabyBumps
