,author,body,created,created_utc,permalink,subreddit
0,spaceghett0s,Zoox’s self-driving car will provide a smooth ride via independent active suspension – TechCrunch. ,1562824497.0,1562795697.0,/r/SelfDrivingCars/comments/cbn26g/zooxs_selfdriving_car_will_provide_a_smooth_ride/,SelfDrivingCars
1,spaceghett0s,Zoox - Passing Two Double-Parked Vehicles and Boxes on Road. ,1559953369.0,1559924569.0,/r/SelfDrivingCars/comments/bxwkbw/zoox_passing_two_doubleparked_vehicles_and_boxes/,SelfDrivingCars
0,spaceghett0s,"The last one they posted was Columbus onto Green, this one's onto Lombard.",1557140479.0,1557111679.0,/r/SelfDrivingCars/comments/bknlf3/zoox_handling_san_franciscos_6way_intersections/emm2ifi/,SelfDrivingCars
2,spaceghett0s,Podcast: The Chemistry of Self Driving Cars. [removed],1547781558.0,1547752758.0,/r/SelfDrivingCars/comments/ah1c3g/podcast_the_chemistry_of_self_driving_cars/,SelfDrivingCars
