,author,body,created,created_utc,permalink,subreddit
0,rcywongaa,Flying batteries: In-flight battery switching to increase multirotor flight time. ,1571222155.0,1571193355.0,/r/robotics/comments/diisus/flying_batteries_inflight_battery_switching_to/,robotics
1,rcywongaa,Baidu's open source self driving platform Apollo 5.0 released. ,1561980580.0,1561951780.0,/r/SelfDrivingCars/comments/c7njmb/baidus_open_source_self_driving_platform_apollo/,SelfDrivingCars
2,rcywongaa,Are Singapore businesses allowed to deny service based on residence status?. [removed],1561500272.0,1561471472.0,/r/singapore/comments/c591i1/are_singapore_businesses_allowed_to_deny_service/,singapore
0,rcywongaa,"I'm not aware of that.  Personally, I would just go through the course and do a personal project using the knowledge learnt.  In job interviews, you can use that as a conversation starter on LQR controllers, trajectory optimization, etc. to further demonstrate your knowledge",1557396747.0,1557367947.0,/r/robotics/comments/bm5h3h/getting_started_in_robotics_can_you_recommend/emvwug1/,robotics
1,rcywongaa,"http://underactuated.mit.edu/underactuated.html

Course by MIT, if you want to do dynamic robots (quadrotors, legged, etc.) and want to learn controls other than PID",1557389692.0,1557360892.0,/r/robotics/comments/bm5h3h/getting_started_in_robotics_can_you_recommend/emvmyue/,robotics
2,rcywongaa,more like chronological vs geographical,1536692243.0,1536663443.0,/r/programming/comments/9erc8b/git_219_released_some_highlights/e5s01e7/,programming
3,rcywongaa,baidu's SDC stack is completely open source on github: https://github.com/ApolloAuto/apollo,1529364507.0,1529335707.0,/r/robotics/comments/8rvpeh/any_advice_for_getting_started_with_autonomous/e0vhskx/,robotics
4,rcywongaa,"CV engineers tend to be more specialized than robotics engineers.  CV engineers usually only concern themselves on making sense of (visual) sensor data, e.g. given a LIDAR point cloud / video stream, where are all the obstacles?  Once all the obstacles are found, the CV engineer's job is done.  It is then up to the robotics engineer (or sometimes a more specialized navigation / motion planning engineer) to direct the robot to properly navigate and avoid the obstacles.

Of course, this also depends on companies.  It is not uncommon for companies, especially startups short on manpower, to require robotics engineer to do CV stuff and vice versa.",1523062369.0,1523033569.0,/r/robotics/comments/8a6obj/robotics_software_engineer_vs_computer_vision/dwx79ou/,robotics
5,rcywongaa,"There are also many courses available on edX when searching ""robotics"".
All of which are highly informative.  I recommend the following

Robotics from Columbia - general robot arms

Autonomous Navigation of Flying Robots from TUM- Drones & Navigation

Robot Mechanics & Control from SNU - More in depth mechanics for robots

Underactuated Robotics from MIT - only if you're up for a (highly rewarding) graduate level course on robot controls  

For the MIT one, the most up to date version is found here: http://underactuated.csail.mit.edu/Spring2018/index.html
it's not for the faint of heart..",1523029705.0,1523000905.0,/r/robotics/comments/8a0yvg/computing_student_trying_to_learn_about_robotics/dwwhmxc/,robotics
6,rcywongaa,"From my job search, for robotics software engineer, you are usually expected to know more on kinematics & manipulation, motion planning, trajectory optimization, control theories, sensor fusions, state estimations, etc. while for computer vision engineer, more on computer vision (duh), machine learning, sometimes a bit of big data and sensor data manipulation (e.g. LIDAR point clouds).

Computer vision engineer positions also seem to expect you to have research experience (quite often a PhD) in computer vision while robotics software engineer seems to be more accessible to bachelor graduates.

I personally find that these two jobs are more different than they are similar, they really focus on quite different parts of a robot",1523028723.0,1522999923.0,/r/robotics/comments/8a6obj/robotics_software_engineer_vs_computer_vision/dwwh61c/,robotics
7,rcywongaa,"consider including unit of measure in variable names, might save a space mission",1516734130.0,1516705330.0,/r/programming/comments/7s5rdm/variable_name_antipatterns/dt3x108/,programming
3,rcywongaa,"Why does the train go so slow from clementi to jurong east?. I travel from the east to west daily for work.  I've noticed that while it is usually smooth during most of the ride before reaching clementi, there seems to always be a delay when the train travels from clementi to jurong east.  The train is always moving far below it's usual speed and there's always a traffic congestion causing delay.  The problem tends to persist between every station after jurong east.  Does anyone know why that is the case?",1506333122.0,1506304322.0,/r/singapore/comments/729ghl/why_does_the_train_go_so_slow_from_clementi_to/,singapore
8,rcywongaa,"ah ok, cool!  Thanks!",1505821590.0,1505792790.0,/r/electronics/comments/70xtvi/stripboard_wirewrap_20mhz_are_you_out_of_your_mind/dn78dqz/,electronics
9,rcywongaa,"Hi, electronics noob here, could someone kindly explain what's so special about this setup?  Is it dangerous or something?",1505819926.0,1505791126.0,/r/electronics/comments/70xtvi/stripboard_wirewrap_20mhz_are_you_out_of_your_mind/dn776o5/,electronics
4,rcywongaa,"Wouldn't the US losing net neutrality just push the internet elsewhere?. So the FCC's law will allow ISPs to throttle websites to and from american websites (e.g. Reddit).  

My understanding is that an ""American"" website simply means that the main servers are located in the US.  So while being forced to migrate it to a server outside US will be a hassle (or perhaps cost way more than I'm imaging...), it seems like it's something do-able and not catastrophic.  In effect, this law is just equivalent to US committing suicide on it's internet / server business.  Most of the internet will be able to survive outside of US.  Other than that, the US losing net neutrality is only damaging to Americans who have no choice of ISP...

Am I getting something wrong here?  I feel like I may be greatly oversimplifying the issue...",1499900212.0,1499871412.0,/r/Futurology/comments/6mug9k/wouldnt_the_us_losing_net_neutrality_just_push/,Futurology
10,rcywongaa,"This, and also hot keys to resize by increments, say 5-10% of the screen size...",1497446698.0,1497417898.0,/r/linux/comments/6gxtlz/smarter_half_tiling_in_gnome_shellmutter/divoq4b/,linux
5,rcywongaa,"What is your experience with using Bazel build system?. The simplistic example provided [here](https://github.com/bazelbuild/bazel/blob/master/examples/cpp/BUILD) really turns me on but this is a very trivial example.  I'd like to know how well Bazel worked for you in larger projects where the BUILD file is less trivial.

",1490791235.0,1490762435.0,/r/cpp/comments/624lhv/what_is_your_experience_with_using_bazel_build/,cpp
11,rcywongaa,why would one want to write a game using Rust as opposed to more commonly used languages such as Java or C++?  (I have yet to hear of a game written in Rust) ,1489583707.0,1489554907.0,/r/programming/comments/5zby28/getting_started_with_piston_a_game_library_for/dey5tc3/,programming
12,rcywongaa,can someone explain the actual implications of this breakthrough like I'm five? ,1489107200.0,1489078400.0,/r/linux/comments/5yfkp7/the_intel_management_engine_is_neutralized/deppjlv/,linux
6,rcywongaa,Will foveated rendering allow mobile phones to power Vive?. [removed],1488482413.0,1488453613.0,/r/Vive/comments/5x2o8q/will_foveated_rendering_allow_mobile_phones_to/,Vive
