,author,body,created,created_utc,permalink,subreddit
0,tanvirh48,Donald Trump's Tweet Analysis. ,1574175090.0,1574146290.0,/r/inthenews/comments/dygvi5/donald_trumps_tweet_analysis/,inthenews
1,tanvirh48,Donald Trump's Tweet Analysis.. ,1574174442.0,1574145642.0,/r/politics/comments/dygs5w/donald_trumps_tweet_analysis/,politics
2,tanvirh48,Keratin Hair Treatment. You need to try it once. The result will blow your mind.. ,1573785480.0,1573756680.0,/r/u_tanvirh48/comments/dwdr37/keratin_hair_treatment_you_need_to_try_it_once/,u_tanvirh48
1,tanvirh48,We found this tree in Kings Canyon National Park.,1573723750.0,1573694950.0,/r/pics/comments/dw2139/what_is_the_name_of_this_flowertree_this_flower/f7g5byc/,pics
3,tanvirh48,What is the name of this flower/tree? This flower has an amazing scent.. ,1573723697.0,1573694897.0,/r/pics/comments/dw2139/what_is_the_name_of_this_flowertree_this_flower/,pics
3,tanvirh48,Gives a ghost busters vibe... awesome look.,1573658640.0,1573629840.0,/r/vandwellers/comments/dvlqo0/bought_my_van_this_past_weekend/f7dtyac/,vandwellers
4,tanvirh48,Petrified Forest National Park. Few useful links and helpful tips.. ,1573540781.0,1573511981.0,/r/NationalPark/comments/dv0ax7/petrified_forest_national_park_few_useful_links/,NationalPark
5,tanvirh48,Shenandoah National Park. Some helpful information.. ,1573396551.0,1573367751.0,/r/NationalPark/comments/du81ng/shenandoah_national_park_some_helpful_information/,NationalPark
6,tanvirh48,Vising New York City? These tips might help you... ,1573179948.0,1573151148.0,/r/travel/comments/dt1tx9/vising_new_york_city_these_tips_might_help_you/,travel
7,tanvirh48,Visiting New York City? These Tips Will Make Your Next Tour Enjoyable.. ,1573179621.0,1573150821.0,/r/u_tanvirh48/comments/dt1qy3/visiting_new_york_city_these_tips_will_make_your/,u_tanvirh48
4,tanvirh48,Its an addiction. This year I did car camping and now I'm dying to go again.,1573137044.0,1573108244.0,/r/vandwellers/comments/dsh899/last_summer_i_spent_two_weeks_living_out_of_the/f6rl3ye/,vandwellers
8,tanvirh48,Pros and Cons of Tankless Water Heater.. ,1573092407.0,1573063607.0,/r/u_tanvirh48/comments/dsk3vc/pros_and_cons_of_tankless_water_heater/,u_tanvirh48
9,tanvirh48,What is the saddest things you have seen in your life?. ,1573050158.0,1573021358.0,/r/AskReddit/comments/dscbvu/what_is_the_saddest_things_you_have_seen_in_your/,AskReddit
10,tanvirh48,Pros and Cons of Leasing a vehicle.. ,1572939811.0,1572911011.0,/r/cars/comments/drqgyi/pros_and_cons_of_leasing_a_vehicle/,cars
11,tanvirh48,Pros and Cons of Leasing a vehicle.. ,1572926922.0,1572898122.0,/r/u_tanvirh48/comments/drnav6/pros_and_cons_of_leasing_a_vehicle/,u_tanvirh48
12,tanvirh48,Bangladeshi married women are modern day salves.. ,1572707213.0,1572678413.0,/r/Feminism/comments/dqguem/bangladeshi_married_women_are_modern_day_salves/,Feminism
13,tanvirh48,Bangladeshi married women are modern day slaves.. ,1572706603.0,1572677803.0,/r/women/comments/dqgrqn/bangladeshi_married_women_are_modern_day_slaves/,women
14,tanvirh48,Pros and cons of air fryer.. ,1572588111.0,1572559311.0,/r/airfryer/comments/dpur01/pros_and_cons_of_air_fryer/,airfryer
15,tanvirh48,BBC Top gear cheats again. Porche vs Tesla drag race. Top Gear uses 2017 data to show porche won.. ,1572567958.0,1572539158.0,/r/TeslaLounge/comments/dppy9s/bbc_top_gear_cheats_again_porche_vs_tesla_drag/,TeslaLounge
5,tanvirh48,"Valid point, thanks.",1572422438.0,1572393638.0,/r/TeslaLounge/comments/dnyo5l/this_video_is_living_proof_of_how_the_body_shops/f5rfpre/,TeslaLounge
16,tanvirh48,20 Reasons Why You Should Buy a Tesla.. ,1572414973.0,1572386173.0,/r/TeslaLounge/comments/dowzi1/20_reasons_why_you_should_buy_a_tesla/,TeslaLounge
17,tanvirh48,This video is living proof of how the body shops are ripping us off.. ,1572235623.0,1572206823.0,/r/TeslaLounge/comments/dnyo5l/this_video_is_living_proof_of_how_the_body_shops/,TeslaLounge
18,tanvirh48,Cross country road trip in a Toyota Camry. Here are few helpful info for beginners.. ,1572233551.0,1572204751.0,/r/camping/comments/dnybrb/cross_country_road_trip_in_a_toyota_camry_here/,camping
19,tanvirh48,Cross country road trip in a Toyota Camry. Some helpful info for beginners.. ,1572232936.0,1572204136.0,/r/carcamping/comments/dny77u/cross_country_road_trip_in_a_toyota_camry_some/,carcamping
7,tanvirh48,Here's one example https://www.businessinsider.com/porsche-taycan-beats-tesla-model-s-drag-race-2019-10,1572187275.0,1572158475.0,/r/TeslaLounge/comments/dngt1d/comparing_2017_tesla_model_s_p100d_vs_2020/f5drop8/,TeslaLounge
20,tanvirh48,"Comparing 2017 Tesla Model S P100D vs 2020 Porsche Taycan is Dishonesty.. In recent news, I see a few videos and articles where a race between 2017 Tesla Model S P100D vs 2020 Porsche Taycan. Taycan wins in those races. But I think it is rather misleading. Why not race 2019 Model S vs 2020 Porsche?",1572139151.0,1572110351.0,/r/TeslaLounge/comments/dngt1d/comparing_2017_tesla_model_s_p100d_vs_2020/,TeslaLounge
21,tanvirh48,New York City is exploiting its taxi drivers.. ,1572049800.0,1572021000.0,/r/uberdrivers/comments/dmzwo5/new_york_city_is_exploiting_its_taxi_drivers/,uberdrivers
22,tanvirh48,New York City is exploiting its taxi drivers.. ,1572049195.0,1572020395.0,/r/newyorkcity/comments/dmzrkt/new_york_city_is_exploiting_its_taxi_drivers/,newyorkcity
23,tanvirh48,Currently Tesla body damage repair cost and time is relatively high. In long term will it hurt Tesla's reputation?. ,1571806639.0,1571777839.0,/r/TeslaLounge/comments/dloc8n/currently_tesla_body_damage_repair_cost_and_time/,TeslaLounge
24,tanvirh48,This post lists some stories where Tesla repair cost and time is very high. Is it still worth buying a Tesla as a first car? https://provscons.com/teslas-body-damage-repair-cost-and-time-is-insane-it-needs-to-be-fixed-reference/.. [removed],1571805344.0,1571776544.0,/r/AskReddit/comments/dlo0o7/this_post_lists_some_stories_where_tesla_repair/,AskReddit
25,tanvirh48,Tesla's body damage repair cost and time is insane.. ,1571804707.0,1571775907.0,/r/Autos/comments/dlnv1m/teslas_body_damage_repair_cost_and_time_is_insane/,Autos
26,tanvirh48,Tesla’s body damage repair cost and time is insane. It needs to be fixed. [Reference]. ,1571803472.0,1571774672.0,/r/u_tanvirh48/comments/dlnjih/teslas_body_damage_repair_cost_and_time_is_insane/,u_tanvirh48
27,tanvirh48,Joker is a massive success. But why critics disliked it?. ,1571789821.0,1571761021.0,/r/AskReddit/comments/dlk71p/joker_is_a_massive_success_but_why_critics/,AskReddit
28,tanvirh48,What is your opinion regarding TikTok?. ,1571749379.0,1571720579.0,/r/AskReddit/comments/dld0ev/what_is_your_opinion_regarding_tiktok/,AskReddit
29,tanvirh48,SpaceX’s Starlink Internet has Enormous Potential.. ,1571584024.0,1571555224.0,/r/Starlink/comments/dkgbai/spacexs_starlink_internet_has_enormous_potential/,Starlink
30,tanvirh48,SpaceX’s Starlink Internet has Enormous Potential.. ,1571583372.0,1571554572.0,/r/spacex/comments/dkg7yf/spacexs_starlink_internet_has_enormous_potential/,spacex
31,tanvirh48,Here's why we should buy Tesla Model 3 SR+ instead of Toyota Camry.. ,1571488562.0,1571459762.0,/r/TeslaLounge/comments/djz0w7/heres_why_we_should_buy_tesla_model_3_sr_instead/,TeslaLounge
32,tanvirh48,Here's why we should buy Tesla Model 3 SR+ instead of Toyota Camry. ,1571487927.0,1571459127.0,/r/teslamotors/comments/djyxam/heres_why_we_should_buy_tesla_model_3_sr_instead/,teslamotors
33,tanvirh48,Here's why hydrogen vehicle's are not the future.. ,1571396462.0,1571367662.0,/r/electricvehicles/comments/djhait/heres_why_hydrogen_vehicles_are_not_the_future/,electricvehicles
34,tanvirh48,Here's why hydrogen vehicles are not the future.. ,1571395843.0,1571367043.0,/r/cars/comments/djh5yd/heres_why_hydrogen_vehicles_are_not_the_future/,cars
35,tanvirh48,Hydrogen vehicles are not the future.. ,1571392718.0,1571363918.0,/r/u_tanvirh48/comments/djgiok/hydrogen_vehicles_are_not_the_future/,u_tanvirh48
36,tanvirh48,Self driving taxi seems easy but its not.. ,1571295587.0,1571266787.0,/r/SelfDrivingCars/comments/dixee6/self_driving_taxi_seems_easy_but_its_not/,SelfDrivingCars
37,tanvirh48,Self driving taxi seems easy but its not.. ,1571295424.0,1571266624.0,/r/u_tanvirh48/comments/dixd39/self_driving_taxi_seems_easy_but_its_not/,u_tanvirh48
