,author,body,created,created_utc,permalink,subreddit
0,HappyAI,You aren't dating the girl that you think you're dating right now.,1569607332.0,1569578532.0,/r/AskReddit/comments/d9urph/if_you_could_call_yourself_10_years_ago_and_speak/f1m01mg/,AskReddit
0,HappyAI,clouds. ,1568089358.0,1568060558.0,/r/Layer/comments/d1whjm/clouds/,Layer
1,HappyAI,r/subredditsifellfor,1567540921.0,1567512121.0,/r/funny/comments/cz2ll9/you_are_full_of_shit/eyvugcf/,funny
2,HappyAI,r/BirdsArentReal,1567358820.0,1567330020.0,/r/funny/comments/cy2zu5/poultry_in_motion/eyq7wd2/,funny
3,HappyAI,They look like selkie from song of the sea,1561307817.0,1561279017.0,/r/aww/comments/c3vr1w/look_at_these_two_charmers/erugu93/,aww
4,HappyAI,Ron Swanson is badass,1558976378.0,1558947578.0,/r/gifs/comments/bthwsg/marcos_chaves_nissan_maxima_vs_porsche/eoyvup3/,gifs
5,HappyAI,Witness me,1558325637.0,1558296837.0,/r/funny/comments/bqimc6/reddit_battle_royale/eo5gpzg/,funny
6,HappyAI,I am hiding,1558325569.0,1558296769.0,/r/funny/comments/bqimc6/reddit_battle_royale/eo5gl4o/,funny
7,HappyAI,"Very interesting article. 

The author says

""They are trying to generate scenarios that cause the car to have to brake hard. How hard? Somewhere between a “rats, not gonna make the light” hard stop and “my armpits started involuntarily sweating and my phone flew onto the floor” really hard stop.""

  ""The other car approaches and cuts us off like a Porsche driver trying to beat us to an exit. We brake hard and fast and smooth. I’m impressed. Then they check the deceleration numbers and realize that we had not braked nearly hard enough.""

How do we quantify the hardness of break? And how do we compute the reference/groundtruth for a given scenario? Because it seems they are validating via ""feelings"".",1558103230.0,1558074430.0,/r/SelfDrivingCars/comments/bp9s31/how_do_we_test_a_module_in_autonomous_vehicle/enve45e/,SelfDrivingCars
1,HappyAI,"How do we test a module in autonomous vehicle?. As I understand, there are four modules in AD - perception, localisation, planning and control. I have an idea how a perception module is validated. For example, there are manually annotated dataset (groundtruth). Perception module's output is validated using this dataset.

I want to know how groundtruth is generated for planning and control module? And how are they validated?",1558022305.0,1557993505.0,/r/SelfDrivingCars/comments/bp9s31/how_do_we_test_a_module_in_autonomous_vehicle/,SelfDrivingCars
8,HappyAI,So he didn't Shawshank,1557885517.0,1557856717.0,/r/Jokes/comments/bogz7t/several_years_ago_andy_was_sentenced_to_prison/enhsshb/,Jokes
9,HappyAI,Anian,1557492570.0,1557463770.0,/r/AskReddit/comments/bmqx7r/tonight_you_are_unknowingly_transported_to_an/emzobsz/,AskReddit
10,HappyAI,The Leftovers,1556818201.0,1556789401.0,/r/AskReddit/comments/bjpmb4/whats_a_show_thats_at_least_three_or_four_seasons/emavxid/,AskReddit
11,HappyAI,"Listen, Morty",1556352556.0,1556323756.0,/r/mildlyinteresting/comments/bhpfe0/found_someones_cut_ankle_monitor/elvlrzi/,mildlyinteresting
12,HappyAI,More like 🖖,1553267434.0,1553238634.0,/r/aww/comments/b3zcb2/chinchilla_say/ej3oq3j/,aww
13,HappyAI,Wild wild country,1551587064.0,1551558264.0,/r/AskReddit/comments/awher4/what_documentary_would_you_recommend_to_someone/ehnfr71/,AskReddit
14,HappyAI,The Starry Night cap,1550077622.0,1550048822.0,/r/aww/comments/aq25i9/apparently_my_wife_likes_to_dress_my_son_to_look/egddsm5/,aww
2,HappyAI,Snow folds like cloths. ,1550000875.0,1549972075.0,/r/mildlyinteresting/comments/apsjej/snow_folds_like_cloths/,mildlyinteresting
3,HappyAI,Somewhere in Prague. ,1549764674.0,1549735874.0,/r/pics/comments/aouu4m/somewhere_in_prague/,pics
15,HappyAI,"In movies, for night scenes, they pour water on roads so that they reflect light. It makes the scene more happening and pretty.",1548086130.0,1548057330.0,/r/AskReddit/comments/ahzlfd/what_is_one_thing_you_had_never_noticed_before_it/eels5od/,AskReddit
16,HappyAI,Modern family ,1524508745.0,1524479945.0,/r/AskReddit/comments/8e72b6/what_tv_show_do_you_always_end_up_going_back_to/dxtmcfd/,AskReddit
17,HappyAI,Cute dog,1520468771.0,1520439971.0,/r/funny/comments/82lwf6/this_is_what_having_a_poor_connection_looks_like/dvbrufn/,funny
