,author,body,created,created_utc,permalink,subreddit
0,sigmoidp,"Humans of Ai Podcast: Dr Stewart Worrall of the University of Sydney on Engineering Autonomous Vehicle Systems. Straight off the back of our succesful meetup hosted at Tesla we recorded the following podcast with Dr Stewart Worrall of the University of Sydney - covering the history of autonomous driving, autonomous submarines!, the difference between different sensor suites, how successfull Tesla's ""pure vision"" approach might be & finally if Tesla's engineering approach is the right way to build an autonomous vehicle system.

The Humans of Ai podcast is available on iTunes here:

[https://podcasts.apple.com/au/podcast/the-humans-of-ai/id1464995550](https://podcasts.apple.com/au/podcast/the-humans-of-ai/id1464995550)

On Spotify here:

[https://open.spotify.com/show/2RY5mcNl0iAs8HUTNbwT0J](https://open.spotify.com/show/2RY5mcNl0iAs8HUTNbwT0J)

On Sticher here:

[https://www.stitcher.com/s?fid=414486&refid=stpr](https://www.stitcher.com/s?fid=414486&refid=stpr)",1570125543.0,1570096743.0,/r/teslamotors/comments/dcoq5w/humans_of_ai_podcast_dr_stewart_worrall_of_the/,teslamotors
1,sigmoidp,"Humans of Ai Podcast: Dr Stewart Worrall of the University of Sydney on Engineering Autonomous Vehicle Systems. Dr Stewart Worrall is a research fellow at the Australian Centre for Field Robotics.  Relevant to this subreddit - in this episode of the Humans of Ai, we deep dive with Dr Worrall on a Autonomous Vehicle Driving systems covering the history of autonomous driving, autonomous submarines!, the difference between different sensor suites, how successfull the ""pure vision"" approach might be & finally discuss how to engineer an autonomous vehicle system.  

The Humans of Ai podcast is available on iTunes here:

[https://podcasts.apple.com/au/podcast/the-humans-of-ai/id1464995550](https://podcasts.apple.com/au/podcast/the-humans-of-ai/id1464995550)

On Spotify here:

[https://open.spotify.com/show/2RY5mcNl0iAs8HUTNbwT0J](https://open.spotify.com/show/2RY5mcNl0iAs8HUTNbwT0J)

On Sticher here:

[https://www.stitcher.com/s?fid=414486&refid=stpr](https://www.stitcher.com/s?fid=414486&refid=stpr)",1570124488.0,1570095688.0,/r/SelfDrivingCars/comments/dcol0h/humans_of_ai_podcast_dr_stewart_worrall_of_the/,SelfDrivingCars
0,sigmoidp,"man, this is the best thing ive seen on here in a while",1564601098.0,1564572298.0,/r/MachineLearning/comments/cj7cnn/d_we_find_it_extremely_unfair_that_schmidhuber/evjyjs5/,MachineLearning
1,sigmoidp,appreciate the kind words mate!,1563120912.0,1563092112.0,/r/MachineLearning/comments/c65qwh/p_starai_deep_reinforcement_learning_course/etqmn0v/,MachineLearning
2,sigmoidp,try our course we released last week. www.starai.io,1562527705.0,1562498905.0,/r/reinforcementlearning/comments/ca39lr/study_material_for_reinforcement_learning/et5zs83/,reinforcementlearning
3,sigmoidp,thanks!,1562527607.0,1562498807.0,/r/reinforcementlearning/comments/c65uye/starai_deep_reinforcement_learning_course/et5zptu/,reinforcementlearning
4,sigmoidp,you are welcome mate,1562527603.0,1562498803.0,/r/reinforcementlearning/comments/c65uye/starai_deep_reinforcement_learning_course/et5zpqw/,reinforcementlearning
2,sigmoidp,"Humans of Ai Podcast Episode featuring Starcraft 2's PySC contributor Steven Brown. Steven Brown is one of the primary contributors to the PySC2 interface- the API that Deepmind used to defeat humans in Starcraft 2 earlier in January this year (2019). 

&#x200B;

In this episode we discuss Steven’s history with how he got involved in the Starcraft 2 Ai community, what it was like to attend the original announcement of the Blizzard-Deepmind collaboration in 2017, discuss his contribution to the interface - and find out a little bit of info on what might on the horizon for the next phase of Starcraft Ai development.

&#x200B;

you can listen to it on itunes here:

[https://podcasts.apple.com/au/podcast/steven-brown-on-deepminds-pysc2-starcraft-interface/id1464995550?i=1000443664110](https://podcasts.apple.com/au/podcast/steven-brown-on-deepminds-pysc2-starcraft-interface/id1464995550?i=1000443664110)

Or on Spotify here:

[https://open.spotify.com/episode/2xxSwlq14kyoJJ318y5654](https://open.spotify.com/episode/2xxSwlq14kyoJJ318y5654)",1562343187.0,1562314387.0,/r/starcraft/comments/c9dfkg/humans_of_ai_podcast_episode_featuring_starcraft/,starcraft
3,sigmoidp,"Humans of Ai Podcast Episode featuring Starcraft 2's PySC contributor Steven Brown. Steven Brown is one of the primary contributors to the PySC2 interface- the API that Deepmind used to defeat humans in Starcraft 2 earlier in January this year (2019). 

In this episode we discuss Steven’s history with how he got involved in the Starcraft 2 Ai community, what it was like to attend the original announcement of the Blizzard-Deepmind collaboration in 2017, discuss his contribution to the interface - and find out a little bit of info on what might on the horizon for the next phase of Starcraft Ai development.

&#x200B;

you can listen to it on itunes here:

[https://podcasts.apple.com/au/podcast/steven-brown-on-deepminds-pysc2-starcraft-interface/id1464995550?i=1000443664110](https://podcasts.apple.com/au/podcast/steven-brown-on-deepminds-pysc2-starcraft-interface/id1464995550?i=1000443664110)

Or on Spotify here:

[https://open.spotify.com/episode/2xxSwlq14kyoJJ318y5654](https://open.spotify.com/episode/2xxSwlq14kyoJJ318y5654)",1562343069.0,1562314269.0,/r/sc2ai/comments/c9df50/humans_of_ai_podcast_episode_featuring_starcraft/,sc2ai
5,sigmoidp,"hey there, no sign up is required & the syllabus is located here 

https://www.starai.io/course/

the syllabus is located in the extra menu button if you are viewing it on mobile",1561793231.0,1561764431.0,/r/MachineLearning/comments/c65qwh/p_starai_deep_reinforcement_learning_course/esaodza/,MachineLearning
6,sigmoidp,Hi mate & thanks for the kind words. We did intend to cover Monte Carlo but just ran out of time :(,1561721820.0,1561693020.0,/r/MachineLearning/comments/c65qwh/p_starai_deep_reinforcement_learning_course/es8bxor/,MachineLearning
7,sigmoidp,"Ouch mate,

&#x200B;

By no means do we avoid the maths. It is in there. I personally think that leaving it out would be a sin. This course is our attempt at trying to make the content a bit more accessible as we realise everyone has a different learning style & in this attempt we use stories as analogues for the underlying ideas.

&#x200B;

We also reference David Silver course, the gold standard IMO, multiple times through out the course for those who might prefer to take a more mathematical approach to learning the content. Up to you.",1561721660.0,1561692860.0,/r/MachineLearning/comments/c65qwh/p_starai_deep_reinforcement_learning_course/es8bqqs/,MachineLearning
4,sigmoidp,"StarAi: Deep Reinforcement Learning Course.  Way back in 2017 when Deepmind released their PySC2 interface - we thought it would be a fantastic opportunity to create a competition to help accelerate the current state of the art in ML.

&#x200B;

We thought that such a competition would need a big $ prize pool in order to attract talent to try help solve the ""Starcraft problem"". We tried to copy the model of the original [Xprize](https://en.wikipedia.org/wiki/Ansari_X_Prize) and use insurance bonds to try finance the $ prize purse. [This document,](https://github.com/star-ai/StarAi-LectureSlides/blob/master/StarAi%20Artificial%20Intelligence%20Competition2.pdf) literally bounced around to insurance brokers all around the world- but we got no takers :). Lucky for us - as we all know by now Deepmind more or less solved the Starcraft problem this year.

&#x200B;

One thing we realised, early circa 2018 is that there were no bringing RL down to earth courses out there to help people get involved in the envisioned Starcraft competition. So we went ahead and made it ourselves :)

&#x200B;

I know that other great resources such as OpenAi's spinning up have come out since then, but we would like to present our work and open source it to the community. We hope this content inspires someone out there to do great things!

&#x200B;

[https://www.starai.io/](https://www.starai.io/)

.",1561672804.0,1561644004.0,/r/reinforcementlearning/comments/c65uye/starai_deep_reinforcement_learning_course/,reinforcementlearning
5,sigmoidp,"StarAi: Deep Reinforcement Learning Course.  Way back in 2017 when Deepmind released their PySC2 interface - we thought it would be a fantastic opportunity to create a competition to help accelerate the current state of the art in ML.

&#x200B;

We thought that such a competition would need a big $ prize pool in order to attract talent to try help solve the ""Starcraft problem"". We tried to copy the model of the original [Xprize](https://en.wikipedia.org/wiki/Ansari_X_Prize) and use insurance bonds to try finance the $ prize purse. [This document,](https://github.com/star-ai/StarAi-LectureSlides/blob/master/StarAi%20Artificial%20Intelligence%20Competition2.pdf) literally bounced around to insurance brokers all around the world- but we got no takers :). Lucky for us - as we all know by now Deepmind more or less solved the Starcraft problem this year.

&#x200B;

One thing we realised, early circa 2018 is that there were no bringing RL down to earth courses out there to help people get involved in the envisioned Starcraft competition. So we went ahead and made it ourselves :)

&#x200B;

I know that other great resources such as OpenAi's spinning up have come out since then, but we would like to present our work and open source it to the community. We hope this content inspires someone out there to do great things!

&#x200B;

[https://www.starai.io/](https://www.starai.io/)

&#x200B;

.",1561672292.0,1561643492.0,/r/starcraft/comments/c65ros/starai_deep_reinforcement_learning_course/,starcraft
6,sigmoidp,"[P] StarAi: Deep Reinforcement Learning Course. Way back in 2017 when Deepmind released their PySC2 interface - we thought it would be a fantastic opportunity to create a competition to help accelerate the current state of the art in ML.

&#x200B;

We thought that such a competition would need a big $ prize pool in order to attract talent to try help solve the ""Starcraft problem"". We tried to copy the model of the original [Xprize](https://en.wikipedia.org/wiki/Ansari_X_Prize) and use insurance bonds to try finance the $ prize purse. [This document,](https://github.com/star-ai/StarAi-LectureSlides/blob/master/StarAi%20Artificial%20Intelligence%20Competition2.pdf) literally bounced around to insurance brokers all around the world- but we got no takers :). Lucky for us - as we all know by now Deepmind more or less solved the Starcraft problem this year.

&#x200B;

One thing we realised, early circa 2018 is that there were no bringing RL down to earth courses out there to help people get involved in the envisioned Starcraft competition. So we went ahead and made it ourselves :)

&#x200B;

I know that other great resources such as OpenAi's spinning up have come out since then, but we would like to present our work and open source it to the community. We hope this content inspires someone out there to do great things!

&#x200B;

[https://www.starai.io/](https://www.starai.io/)

&#x200B;

.",1561672165.0,1561643365.0,/r/MachineLearning/comments/c65qwh/p_starai_deep_reinforcement_learning_course/,MachineLearning
8,sigmoidp,"Fun fact. Ian Goodfellow posed a ML webscraper as the next big challenge for Ai research the other day on Lex's podcast.

So there you go...",1556646367.0,1556617567.0,/r/MachineLearning/comments/bj0e1j/p_ml_web_scraper/em4kbmk/,MachineLearning
9,sigmoidp,"RL is a framework, a framework that we mammals use on a day to day basis. So I think that RL still has a long way to go before we could argue that is has hit its ""limits"".

The real question though is that ""deep"" part. Neural nets are just trained on distributions and like you say succumb to any out of distribution data. 

Some major new idea(s) will most likely be needed to address the out of distribution issue-perhaps even a new paradigm of machine learning entirely...",1556177632.0,1556148832.0,/r/MachineLearning/comments/bgvefd/d_have_we_hit_the_limits_of_deep_reinforcement/elp86u7/,MachineLearning
10,sigmoidp,"you are not going to like this but:

SQL",1556177280.0,1556148480.0,/r/MachineLearning/comments/bgxz0x/d_skills_to_focus_on_as_a_phd_student_if_you_know/elp7orc/,MachineLearning
7,sigmoidp,Life Lessons from Machine Learning. [removed],1553198770.0,1553169970.0,/r/philosophy/comments/b3pq89/life_lessons_from_machine_learning/,philosophy
8,sigmoidp,"[D] Life Lessons from Epsilon Greedy. Howdy folks,

Started writing this blog post out of my notes on a lecture I gave on Epsilon Greedy at the Microsoft Reactor here in Sydney last year. Long story short, the post ended up being something quite different from the original lecture notes  but believe that hopefully the form it ended up being is more valuable.

 The title of the the post is not what it seems and would really like to hear any feedback / criticism the community has to offer on this one.

&#x200B;

Anyways, here it is:

[http://www.humanalgorithms.co/post/how-to-find-your-life-partner-using-machine-learning/](http://www.humanalgorithms.co/post/how-to-find-your-life-partner-using-machine-learning/)",1553198417.0,1553169617.0,/r/MachineLearning/comments/b3po99/d_life_lessons_from_epsilon_greedy/,MachineLearning
11,sigmoidp,"wow mate, just checked out the link to your old blog and you been doing this stuff for a while hey & congrats on your results for Bandit Swarm Networks",1550738475.0,1550709675.0,/r/MachineLearning/comments/aspmas/r_bandit_swarm_networks/egx43iq/,MachineLearning
12,sigmoidp,"logged on here to post ""A Practical Guide to Applying Echo State Networks"" but @weeeeewooooo beat us to it!",1548680519.0,1548651719.0,/r/MachineLearning/comments/ajcx50/d_best_learning_resources_for_reservoir_computing/ef5i3e9/,MachineLearning
13,sigmoidp,Are you still using the Pysc2 framework and training off raw pixels or have you moved on to something else?,1548444835.0,1548416035.0,/r/MachineLearning/comments/ajgzoc/we_are_oriol_vinyals_and_david_silver_from/eex27du/,MachineLearning
14,sigmoidp,"Hi Inori, you are indeed correct - for example if you figured out how Pysc2 passes it's frames over websockets or what have you- you could used this method to theoretically display Starcraft in Colaboratory , or Vizdoom, or whatever.

And yup, did not see that bug until you pointed it out- will update it & thanks mate",1543517692.0,1543488892.0,/r/MachineLearning/comments/a1bihm/p_how_to_render_openai_gym_in_google_colaboratory/eapim0k/,MachineLearning
9,sigmoidp,"[P] how to render OpenAi Gym in Google Colaboratory. We found it really useful to get visual feedback when training your models on OpenAi Gym- its also really fun to see your models training too!

Out of the Deep RL course that we ran earlier this year, we developed a method in order to render OpenAi Gym in  Colaboratory.

Thought it might be useful for others in the community:

[https://star-ai.github.io/Rendering-OpenAi-Gym-in-Colaboratory/](https://star-ai.github.io/Rendering-OpenAi-Gym-in-Colaboratory/)

&#x200B;",1543475393.0,1543446593.0,/r/MachineLearning/comments/a1bihm/p_how_to_render_openai_gym_in_google_colaboratory/,MachineLearning
15,sigmoidp,makes you wonder above the CVPR reviewing process.,1538228486.0,1538199686.0,/r/MachineLearning/comments/9jhhet/discussion_i_tried_to_reproduce_results_from_a/e6u9qq0/,MachineLearning
16,sigmoidp,"surprised this is not getting more upvotes, great library cheers for the share",1537546492.0,1537517692.0,/r/MachineLearning/comments/9hk8k2/n_stablebaselines_v200_released/e6d9mr7/,MachineLearning
17,sigmoidp,what is your loss function?,1536476218.0,1536447418.0,/r/MachineLearning/comments/9e47u6/d_qlearning_works_while_dqn_fails_any_suggestions/e5mvtca/,MachineLearning
18,sigmoidp,"you can add dropout, it's called beer.

&#x200B;",1535526041.0,1535497241.0,/r/MachineLearning/comments/8kbmyn/d_if_you_had_to_show_one_paper_to_someone_to_show/e504ovw/,MachineLearning
19,sigmoidp,"it is a real shame. It is currently the de facto tool to use to learn / RL and by the looks of activity here, plenty of researchers use it too.

I don't think it will stay that way if the repo is not maintained on a regular basis.",1535277397.0,1535248597.0,/r/MachineLearning/comments/99y28b/d_openai_gym_poorly_maintained/e4ub5ot/,MachineLearning
20,sigmoidp,"also to chime in with the others. If you are using cross-validation - be sure to use ""stratified"" cross validation as this ensures that there are, in this case, ""fraudulent examples"" in your validation set.

If you don't do this, sometimes it is possible that cross-validation will not have positive (fraudulent) examples in the validation set to test against- again making it hard to see if your model has learnt anything or not.",1534835364.0,1534806564.0,/r/MachineLearning/comments/98v4dj/d_i_worked_on_credit_card_fraud_detection_data/e4jnfjk/,MachineLearning
21,sigmoidp,"hi there, perhaps check out the [Ray framework ](https://ray.readthedocs.io/en/latest/index.html)from berkeley & their ppo implementation. As for practical PPO implementations your best bet is searching through Github.  Doing a quick search myself heres [one](https://github.com/dragen1860/PPO-Pytorch).",1534249628.0,1534220828.0,/r/MachineLearning/comments/975b48/d_best_framework_for_practical_ppo/e45mw8p/,MachineLearning
22,sigmoidp,"thanks mate, will check both of these out",1531600788.0,1531571988.0,/r/MachineLearning/comments/8yggag/p_foundations_of_machine_learning_a_course_by/e2dfqpf/,MachineLearning
23,sigmoidp,thanks so much David!,1531600751.0,1531571951.0,/r/MachineLearning/comments/8yggag/p_foundations_of_machine_learning_a_course_by/e2dfpv6/,MachineLearning
24,sigmoidp,"found it, you part of the original team by any chance? Insane

[https://pdfs.semanticscholar.org/af34/2af4d0e674aef3bced5fd90875c6f2e04abc.pdf](https://pdfs.semanticscholar.org/af34/2af4d0e674aef3bced5fd90875c6f2e04abc.pdf)",1531559012.0,1531530212.0,/r/MachineLearning/comments/8xqcz3/n_research_published_in_nature_describes_an/e2cpt9y/,MachineLearning
25,sigmoidp,"hi there David, thanks so much for sharing this - the content looks amazing. Just a quick heads up, in the mathematical  class you suggested as a prerequisite - the videos are no longer available. Might you know of any other course that might be a good place to start to build a foundation?",1531558504.0,1531529704.0,/r/MachineLearning/comments/8yggag/p_foundations_of_machine_learning_a_course_by/e2cpcyp/,MachineLearning
26,sigmoidp,paper / link ?,1531420409.0,1531391609.0,/r/MachineLearning/comments/8xqcz3/n_research_published_in_nature_describes_an/e28x1sb/,MachineLearning
27,sigmoidp,Star Citizen in a nutshell.,1531307254.0,1531278454.0,/r/MachineLearning/comments/8xqdpn/p_converting_fortnite_to_pubg_using_cyclegan/e265mmy/,MachineLearning
28,sigmoidp,do you work for Amazon by any chance?,1531130812.0,1531102012.0,/r/MachineLearning/comments/8wywex/d_how_big_of_a_generalist_are_you/e21a2w7/,MachineLearning
29,sigmoidp,Starcraft is actually really hard man. It will be a few years yet before DM or some other team take it down,1530908319.0,1530879519.0,/r/MachineLearning/comments/8wh1tn/d_libratus_the_worlds_best_poker_player/e1vxmsy/,MachineLearning
30,sigmoidp,finally- vtrace!,1530073508.0,1530044708.0,/r/MachineLearning/comments/8u1chu/r_impala_implementation_from_deepmind/e1c9ap3/,MachineLearning
31,sigmoidp,Cartpole probably does not need RNNs models like LSTM. Check the definition of a [markov decision process](https://en.wikipedia.org/wiki/Markov_decision_process).,1529713202.0,1529684402.0,/r/MachineLearning/comments/8t05i1/project_why_my_a3c_with_lstm_can_not_converge_for/e146aeg/,MachineLearning
32,sigmoidp,thanks!,1529349564.0,1529320764.0,/r/MachineLearning/comments/8rue4t/d_what_machine_learning_hypothesis_are_you/e0v58d3/,MachineLearning
33,sigmoidp,lol,1528144703.0,1528115903.0,/r/MachineLearning/comments/8oepi3/d_advice_on_machine_learninggenetic_algorithms/e037fad/,MachineLearning
34,sigmoidp,"dude, this is really great work, thank you for sharing!",1527451495.0,1527422695.0,/r/MachineLearning/comments/8mh2j9/p_rladventure2_pytorch4_tutorial_of_actor_critic/dznjyhf/,MachineLearning
35,sigmoidp,"yeah, I don't see it either... lame.",1527226870.0,1527198070.0,/r/MachineLearning/comments/8lsz13/n_google_and_coursera_launch_a_new_machine/dzixh3c/,MachineLearning
36,sigmoidp,where is the source code by any chance?,1525206237.0,1525177437.0,/r/artificial/comments/7vxkpy/deepminds_impala_importanceweighted_actorlearner/dy9i4ov/,artificial
37,sigmoidp,as it should be no?,1524203870.0,1524175070.0,/r/MachineLearning/comments/8di9nk/d_ai_researchers_are_making_more_than_1_million/dxnedd3/,MachineLearning
10,sigmoidp,How to optimise your Starcraft Machine Learning model for Google Colaboratory. ,1524175069.0,1524146269.0,/r/MachineLearning/comments/8detnv/how_to_optimise_your_starcraft_machine_learning/,MachineLearning
38,sigmoidp,"Frank & I worked on this together, here is my version & also with an optimised version of DQN for Colabs & PySc2",1524031106.0,1524002306.0,/r/MachineLearning/comments/8d0fo3/how_to_get_blizzard_google_deepminds_pysc2/dxj90h4/,MachineLearning
11,sigmoidp,How to get Blizzard & Google Deepmind’s PySc2 working for free on Colabs. ,1524031005.0,1524002205.0,/r/MachineLearning/comments/8d0fo3/how_to_get_blizzard_google_deepminds_pysc2/,MachineLearning
12,sigmoidp,How to get Blizzard & Google Deepmind’s PySC2 working for free on Colabs. ,1524030938.0,1524002138.0,/r/starcraft/comments/8d0fdw/how_to_get_blizzard_google_deepminds_pysc2/,starcraft
39,sigmoidp,this is massive!,1522491328.0,1522462528.0,/r/MachineLearning/comments/88copd/p_tensorflowjs/dwk8lkb/,MachineLearning
40,sigmoidp,"generating hype is probably intentional mate, gets more people to see your work",1522236828.0,1522208028.0,/r/MachineLearning/comments/87nqbz/r_world_models/dweh1d3/,MachineLearning
41,sigmoidp,lol,1520342775.0,1520313975.0,/r/MachineLearning/comments/80ivcw/r_one_big_net_for_everything_schmidhuber/dv94l0m/,MachineLearning
42,sigmoidp,this is sick OP!,1514416385.0,1514387585.0,/r/starcitizen/comments/7mezo4/i_put_my_ship_in_a_real_orbit_of_yela/drtiati/,starcitizen
43,sigmoidp,lol,1513726972.0,1513698172.0,/r/MachineLearning/comments/7knbip/r_welcoming_the_era_of_deep_neuroevolution/drh3tuj/,MachineLearning
44,sigmoidp,*cough* networking *cough*?,1512526817.0,1512498017.0,/r/starcitizen/comments/7hq7d1/thank_you_cig_for_creating_this_beautiful_game/dqt7rtq/,starcitizen
45,sigmoidp,"Add inertia, so that you know, when you are traveling planetary side, you cannot just instantaneously stop.

Every time people do this on Youtube etc , it absolutely kills immersion.",1512117987.0,1512089187.0,/r/starcitizen/comments/7gnp06/ways_to_make_star_citizen_more_realistic/dql3q5n/,starcitizen
46,sigmoidp,first thing I thought.,1512029169.0,1512000369.0,/r/starcitizen/comments/7ge134/cig_developer_caught_in_action_fixing_in_game_npc/dqj82a5/,starcitizen
47,sigmoidp,I have always wanted an apartment on one of the rings of Olisar,1512029059.0,1512000259.0,/r/starcitizen/comments/7ge6nx/all_this_discussion_of_landclaims_i_want_an/dqj7yon/,starcitizen
48,sigmoidp,"secret shit, lol.",1512028049.0,1511999249.0,/r/starcitizen/comments/7gg5px/star_citizen_atv_anniversary_special_roberts/dqj726x/,starcitizen
49,sigmoidp,Reminds me of West World.,1512027882.0,1511999082.0,/r/starcitizen/comments/7geqha/crap_theyre_organizing/dqj6won/,starcitizen
50,sigmoidp,seriously cool!,1512027671.0,1511998871.0,/r/starcitizen/comments/7ghmti/the_moment_you_realize_that_the_moving_black_area/dqj6pv8/,starcitizen
51,sigmoidp,fuck,1511240914.0,1511212114.0,/r/starcitizen/comments/7e2y7w/release_timeline/dq3xg4d/,starcitizen
52,sigmoidp,"If it sounds to good to be true, it usually is.",1510994986.0,1510966186.0,/r/Entrepreneur/comments/7doaq1/looking_to_sell_100kmonth_profit_business_need/dpzgvfx/,Entrepreneur
53,sigmoidp,"just... just.... holy fuck. After reading the email chain, had no idea it would be such a pain in the ass to request a refund. That being said, I am now inspired to do so.",1509880513.0,1509851713.0,/r/starcitizen_refunds/comments/7amy04/refund_finally_cleared/dpd3faw/,starcitizen_refunds
54,sigmoidp,siiiiick image!,1505763214.0,1505734414.0,/r/starcitizen/comments/70p4uc/f7c_hornet_mastery_hint_shown_in_citizencon_2947/dn5x3uk/,starcitizen
55,sigmoidp,fuck off troll,1501921493.0,1501892693.0,/r/starcitizen/comments/6romqu/30_delayed_till_end_of_octoberproduction_report/dl6lu65/,starcitizen
56,sigmoidp,I hope they introduce tactical nukes at some stage,1501921307.0,1501892507.0,/r/starcitizen/comments/6rfgv3/cant_wait_to_try_this_in_30_soon/dl6lpes/,starcitizen
57,sigmoidp,in statistics this is called a sample.,1501843028.0,1501814228.0,/r/starcitizen/comments/6rdyg8/star_citizen_pre_30_survey/dl530oy/,starcitizen
58,sigmoidp,cheers mate,1501800243.0,1501771443.0,/r/starcitizen/comments/6rckww/つ_つ_gib_atv_つ_つ_its_that_time_of_the_week_atv/dl402o2/,starcitizen
59,sigmoidp,wtf does GIB stand for?,1501800013.0,1501771213.0,/r/starcitizen/comments/6rckww/つ_つ_gib_atv_つ_つ_its_that_time_of_the_week_atv/dl3zva2/,starcitizen
60,sigmoidp,cheers mate,1501292661.0,1501263861.0,/r/starcitizen/comments/6q2t90/star_citizen_around_the_verse_cyclone_and_ship/dkunzr8/,starcitizen
61,sigmoidp,"I need a photo-opportunity, I want a shot at redemption, Don't want to end up a cartoon, In a cartoon graveyard",1500689326.0,1500660526.0,/r/starcitizen/comments/6oola7/ai_getting_in_and_taking_off_atv_frankfurt_update/dkj6e5i/,starcitizen
13,sigmoidp,cs 109 home work 1 help. [removed],1500036383.0,1500007583.0,/r/datascience/comments/6n6zt9/cs_109_home_work_1_help/,datascience
62,sigmoidp,this is awesome,1499711077.0,1499682277.0,/r/starcitizen/comments/6m8job/inner_thoughtinteraction_ui_fixes_based_on/dk0r6ef/,starcitizen
63,sigmoidp,"this, this was insane!",1499425193.0,1499396393.0,/r/starcitizen/comments/6lqp6s/star_citizen_around_the_verse_crafting_procedural/djvwi4j/,starcitizen
64,sigmoidp,header spoof + ip rotate for the win!,1499425109.0,1499396309.0,/r/starcitizen/comments/6lqp6s/star_citizen_around_the_verse_crafting_procedural/djvwfu7/,starcitizen
65,sigmoidp,"sick mate, beautiful soup by any chance?",1499422974.0,1499394174.0,/r/starcitizen/comments/6lpyll/i_wrote_a_bot_to_monitor_atv_status_つ_つ/djvuqwo/,starcitizen
66,sigmoidp,this is sick mate!,1499422861.0,1499394061.0,/r/starcitizen/comments/6lo8hf/assuming_yela_is_1000km_wide_heres_how_it_fairs/djvunj7/,starcitizen
68,sigmoidp,upvoted,1498238528.0,1498209728.0,/r/starcitizen/comments/6ixk33/star_citizen_around_the_verse_building_solar/djafuz3/,starcitizen
69,sigmoidp,lol,1497591882.0,1497563082.0,/r/starcitizen/comments/6hhb4d/did_the_avocados_just_get_access_to_30/diyi2dd/,starcitizen
70,sigmoidp,"hi, yes, we are missing a star citizen API to write 3rd party apps. Wrong thread for the request I fear though..",1497548531.0,1497519731.0,/r/starcitizen/comments/6h9088/what_resource_or_tools_are_we_missing/dixk4jx/,starcitizen
71,sigmoidp,I literally logged into the subreddit to see if an eye candy edit was up - thanks so much for making these mate!,1497033564.0,1497004764.0,/r/starcitizen/comments/6g7j2a/star_citizen_around_the_verse_upgrading_ships_to/dio3bf3/,starcitizen
72,sigmoidp,"I would really like some ground attack vehicles for example:

-some kind of ground to air attack vehicle (denial of airspace)

-some kind of (armoured) troop transport

-ground to ground attack vehicle (future tank?)

Feel that the current ursa rover is designed to be more of a multipurpose / exploration type ground car - which is fine for it's role. A denial of airspace vehicle (so that you can gain ground superiority) should be the next vehicle IMHO!",1496905466.0,1496876666.0,/r/starcitizen/comments/6fwvcq/i_like_nasas_rover_better_is_it_too_late_to_get/dilnupr/,starcitizen
73,sigmoidp,"Not sure, but don't forget your towel!",1495356896.0,1495328096.0,/r/starcitizen/comments/6cboiw/not_to_keep_beating_a_dead_horse_but_wheres_the/dhtvd4o/,starcitizen
74,sigmoidp,comment!,1490500114.0,1490471314.0,/r/starcitizen/comments/60lc7l/rstarcitizen_100k_subscribers_giveaway/dfehmu1/,starcitizen
75,sigmoidp,"FTL: faster than light, one of the best games ever made imho",1488215074.0,1488186274.0,/r/starcitizen/comments/5wf4u8/what_do_you_play_till_star_citizen_gets_really/de9q2r0/,starcitizen
76,sigmoidp,"> !RemindMe August 22, 2017 ""free ship""

!RemindMe August 23, 2017 ""free ship""",1486957081.0,1486928281.0,/r/starcitizen/comments/5te662/prediction_30_and_31_are_going_to_be_rolled_into/ddnpooj/,starcitizen
77,sigmoidp,"!RemindMe August 22, 2017 ""free ship""",1486957062.0,1486928262.0,/r/starcitizen/comments/5te662/prediction_30_and_31_are_going_to_be_rolled_into/ddnpo60/,starcitizen
78,sigmoidp,lol,1485790801.0,1485762001.0,/r/starcitizen/comments/5qrup1/pc_gamer_article/dd3aatb/,starcitizen
79,sigmoidp,"yeah mate, to be fair, that sounds realistic",1485790672.0,1485761872.0,/r/starcitizen/comments/5qrup1/pc_gamer_article/dd3a8v5/,starcitizen
80,sigmoidp,"everything you said sir! we need less pew pew, more mechanics pretty please!",1484966270.0,1484937470.0,/r/starcitizen/comments/5p29t0/significance_of_planetary_tech_in_gameplay_and/dcokghm/,starcitizen
81,sigmoidp,how and when?,1484891759.0,1484862959.0,/r/starcitizen/comments/5ovzwb/where_are_we_on_the_roadmap_to_30/dcn9s2a/,starcitizen
82,sigmoidp,the light vector is coming from the wrong angle to cast a shadow on crusader,1484891094.0,1484862294.0,/r/starcitizen/comments/5oxb59/cellin_looks_huge_up_close_but_next_to_crusader/dcn96o0/,starcitizen
83,sigmoidp,your mum,1484282417.0,1484253617.0,/r/Entrepreneur/comments/5nilhs/whats_the_new_hot_opportunity/dcch8oq/,Entrepreneur
84,sigmoidp,gtfo,1483936293.0,1483907493.0,/r/starcitizen/comments/5msj0j/speak_up_if_you_have_been_censored_on_the_rsi/dc635zz/,starcitizen
85,sigmoidp,Full game as in 100 star systems?,1483779021.0,1483750221.0,/r/starcitizen/comments/5mgasw/full_star_citizen_newsletter_010617/dc3mgr9/,starcitizen
86,sigmoidp,this is probably one of the best alien encounters I have ever seen in Sci-fi! Props to E:D,1483715811.0,1483687011.0,/r/starcitizen/comments/5maptb/seems_some_developments_over_in_ed_i_hope_that_we/dc2gt5s/,starcitizen
87,sigmoidp,upvote for you good sir!,1483417891.0,1483389091.0,/r/starcitizen/comments/5ll3ka/where_can_we_report_cheaters/dbwyv1q/,starcitizen
88,sigmoidp,sick bro!,1483417778.0,1483388978.0,/r/starcitizen/comments/5llsxp/stormtrooper_paint_job_for_uee_armor/dbwyrrs/,starcitizen
89,sigmoidp,love you bro!,1483417620.0,1483388820.0,/r/starcitizen/comments/5llcbb/i_love_you_guys/dbwyn94/,starcitizen
90,sigmoidp,this is a great piece of work Alysianah,1483335356.0,1483306556.0,/r/starcitizen/comments/5lba76/birds_eye_view_of_patches_planned_to_40/dbvnuui/,starcitizen
91,sigmoidp,lol,1482895016.0,1482866216.0,/r/starcitizen/comments/5kjzrz/im_taking_a_break_from_star_citizen_mini_rant/dborb30/,starcitizen
92,sigmoidp,"you sir get an upvote, second this",1482893863.0,1482865063.0,/r/starcitizen/comments/5kl0p7/is_there_a_content_drought_incoming_i_think_so/dboqfck/,starcitizen
93,sigmoidp,cheers matie!,1482742784.0,1482713984.0,/r/starcitizen/comments/5k839e/sataball_professional_league_sbpl_confirmed/dbmo1bu/,starcitizen
94,sigmoidp,Where is this?,1482699809.0,1482671009.0,/r/starcitizen/comments/5k839e/sataball_professional_league_sbpl_confirmed/dbm1ops/,starcitizen
95,sigmoidp,do it!,1482699611.0,1482670811.0,/r/starcitizen/comments/5k7znj/firstperson_gladiusidris_flyby_wallpaper_4k/dbm1miz/,starcitizen
96,sigmoidp,lol,1482692558.0,1482663758.0,/r/starcitizen/comments/5k66ad/australia_needs_servers/dblzs0l/,starcitizen
97,sigmoidp,haha so cool!,1482441228.0,1482412428.0,/r/starcitizen/comments/5jpyr6/was_strolling_around_area_18_when/dbi4sen/,starcitizen
98,sigmoidp,real great video mate,1482348683.0,1482319883.0,/r/starcitizen/comments/5jhhvg/the_devil_is_in_the_details_amazing_facial/dbgl961/,starcitizen
99,sigmoidp,"mate, this looks sick!! wish I could get this skin ingame!",1482347157.0,1482318357.0,/r/starcitizen/comments/5jj6i8/an_avenger_model_and_render_i_have_been_working/dbgkqws/,starcitizen
100,sigmoidp,Yes please.,1482256307.0,1482227507.0,/r/starcitizen/comments/5jc846/star_marine_oceanic/dbf1xvd/,starcitizen
101,sigmoidp,sick man!,1482190289.0,1482161489.0,/r/starcitizen/comments/5j6m0a/new_gladius_hud_for_26/dbdsbg9/,starcitizen
102,sigmoidp,"Nice find dude, cheers for sharing!",1482173386.0,1482144586.0,/r/starcitizen/comments/5j5ocj/freelancer_depressurization_effect_once_turret_is/dbdkndj/,starcitizen
103,sigmoidp,they did not talk about any work with regards to fixing the turrets in any of the recent ATVs etc....this is amazing!,1482165181.0,1482136381.0,/r/starcitizen/comments/5j36um/26_ptu_turret_on_a_gyro/dbdi655/,starcitizen
104,sigmoidp,'twas a joke good sir...,1482164380.0,1482135580.0,/r/starcitizen/comments/5ivgfm/the_holiday_livestream_video_was_removed_from_the/dbdhwmw/,starcitizen
105,sigmoidp,"Man, cue the pool cue!",1482088061.0,1482059261.0,/r/starcitizen/comments/5ixob8/echo_11_fully_functional_pool_table_stolen_off/dbc7c2b/,starcitizen
106,sigmoidp,or is it?,1482087579.0,1482058779.0,/r/starcitizen/comments/5ivgfm/the_holiday_livestream_video_was_removed_from_the/dbc7780/,starcitizen
107,sigmoidp,"haha, thats it mate!",1482049938.0,1482021138.0,/r/starcitizen/comments/5ivgfm/the_holiday_livestream_video_was_removed_from_the/dbbpb6t/,starcitizen
108,sigmoidp,im betting gamescon 2017,1482048915.0,1482020115.0,/r/starcitizen/comments/5ivgfm/the_holiday_livestream_video_was_removed_from_the/dbbonym/,starcitizen
109,sigmoidp,fuck. that is not good...,1482048471.0,1482019671.0,/r/starcitizen/comments/5ix5q6/if_you_try_to_use_the_numpad_gestures_outside_of/dbbodoh/,starcitizen
110,sigmoidp,"good work man, good work",1482047048.0,1482018248.0,/r/starcitizen/comments/5ixc9p/some_images_comparing_hoplite_to_warden/dbbnhfp/,starcitizen
111,sigmoidp,"After 2.6 releases, not going to follow development until 3.0. Just too painful.",1481939361.0,1481910561.0,/r/starcitizen/comments/5ioypd/the_dark_months_are_coming/db9z1fx/,starcitizen
112,sigmoidp,What about the buccaneer?,1481514280.0,1481485480.0,/r/starcitizen/comments/5hr62a/what_is_a_good_cheap_escort_ship/db2fz5y/,starcitizen
113,sigmoidp,what this man said,1481438340.0,1481409540.0,/r/starcitizen/comments/5hmobd/do_you_think_we_will_see_sq42_in_this_holiday/db1bl11/,starcitizen
114,sigmoidp,"pretty sure they demo'ed an early version of the ingame starmap at this years gamescon,

on real slow internet at the moment so can not not find the link at the moment :S

Edit: here it is https://youtu.be/GucYhhLwIxg?t=5m5s",1481141331.0,1481112531.0,/r/starcitizen/comments/5gyu7v/dumb_idiot_is_amazed_at_stuff/daw7jtu/,starcitizen
115,sigmoidp,damn that is some good flying!,1481114597.0,1481085797.0,/r/starcitizen/comments/5gvbnc/gladius_in_squadron_battle_some_nice_dogfights/davxf4h/,starcitizen
116,sigmoidp,lame,1481004117.0,1480975317.0,/r/starcitizen/comments/5got5w/leaked_chris_roberts_personally_adds_1_week_to/datwdv3/,starcitizen
117,sigmoidp,interstellar reference.,1481001267.0,1480972467.0,/r/starcitizen/comments/5godvs/what_do_you_suppose_the_honesty_knob_does/dattvsp/,starcitizen
118,sigmoidp,holy shite that is one long title,1480988288.0,1480959488.0,/r/starcitizen/comments/5gkuvx/friends_will_you_please_use_the_spoiler_tag_when/datihzk/,starcitizen
119,sigmoidp,"This would be amazing to see, especially with support strikes incoming from space! great idea man, hopefully we see it oneday!",1480902440.0,1480873640.0,/r/starcitizen/comments/5gfxxf/does_anyone_else_hope_there_will_be_giant_land/das0yhb/,starcitizen
120,sigmoidp,Great idea man!,1480902270.0,1480873470.0,/r/starcitizen/comments/5gfbmq/racing_concept_for_26_and_beyond_drake_racing/das0tim/,starcitizen
121,sigmoidp,"WC3, you have my sword, you have my bow, AND MY AXE!",1480867899.0,1480839099.0,/r/starcitizen/comments/5g9qc2/is_it_worth_playing_wing_commander_to_get_an_idea/darmait/,starcitizen
122,sigmoidp,You can read the FAQ!,1480807883.0,1480779083.0,/r/starcitizen/comments/5g9ugj/been_a_backer_since_2014_want_to_know_what_i_can/daqkuyh/,starcitizen
123,sigmoidp,"I get you are joking, but I also take it you have never been to Africa.",1480782859.0,1480754059.0,/r/starcitizen/comments/5g4k5l/production_schedule_is_being_updated_260_release/daqccvz/,starcitizen
124,sigmoidp,probably sometime between June and Citizencon 2017,1480780520.0,1480751720.0,/r/starcitizen/comments/5g754w/i_bet_we_will_not_see_30_before_june/daqbmq0/,starcitizen
125,sigmoidp,soo keen for waypoint creation and sharing!,1480692697.0,1480663897.0,/r/starcitizen/comments/5g1fw9/host_racing_tournaments_as_a_career/daoutzy/,starcitizen
126,sigmoidp,awesome,1480629589.0,1480600789.0,/r/starcitizen/comments/5fwmp3/26_star_marine_exploration_prerelease_nonevocati/dankjxk/,starcitizen
127,sigmoidp,Avenger titan.,1480354522.0,1480325722.0,/r/starcitizen/comments/5f9onk/budget_ship_recommendation/daitcdc/,starcitizen
128,sigmoidp,"I agree with what you have to say bud, pretty silly rule",1480286886.0,1480258086.0,/r/starcitizen/comments/5f2o1s/meta_new_subreddit_rule_hardware/dahlg7z/,starcitizen
129,sigmoidp,Played the full game at your mum's house once. Good times.,1480030612.0,1480001812.0,/r/starcitizen/comments/5enpg8/glad_these_guys_have_raised_huge_money_but_when/dadvyy1/,starcitizen
130,sigmoidp,colonel Christopher Blair! ,1479917718.0,1479888918.0,/r/starcitizen/comments/5een0y/will_there_be_a_chance_to_start_a_career_that/dac74pd/,starcitizen
131,sigmoidp,cheers for the definition mate,1479887711.0,1479858911.0,/r/starcitizen/comments/5duoeh/weekly_question_and_answer_thread_november_19_2016/dabq85o/,starcitizen
132,sigmoidp,somebody made this same post 20 minutes ago bud. So far I do not think that Star Marine is with the avocados,1479793290.0,1479764490.0,/r/starcitizen/comments/5e6qm2/evocati_testing_26_and_star_marine/daa366y/,starcitizen
133,sigmoidp,communication man....,1479793206.0,1479764406.0,/r/starcitizen/comments/5e63jq/the_idrisp_brought_me_in_trouble/daa33pa/,starcitizen
134,sigmoidp,"ah, good to know - cheers mate",1479772492.0,1479743692.0,/r/starcitizen/comments/5duoeh/weekly_question_and_answer_thread_november_19_2016/da9lzc7/,starcitizen
135,sigmoidp,"hey guys, just wondering if the constellation taurus is on special at the moment or if it has a regular price of 150 USD , cheers",1479770339.0,1479741539.0,/r/starcitizen/comments/5duoeh/weekly_question_and_answer_thread_november_19_2016/da9kg1h/,starcitizen
136,sigmoidp,"I recommend buying the cheapest Star Citizen + squadron 42 package available, so that you can save some coin for when they finally release",1479713602.0,1479684802.0,/r/starcitizen/comments/5dzsk0/im_thinking_about_buying_this_game_but/da8sirz/,starcitizen
137,sigmoidp,probably sometime after squadron 42 releases...,1479712655.0,1479683855.0,/r/starcitizen/comments/5dyxjp/what_have_i_done_cr_please_stahp/da8rt52/,starcitizen
138,sigmoidp,yeah.,1479712561.0,1479683761.0,/r/starcitizen/comments/5dyxjp/what_have_i_done_cr_please_stahp/da8rqjd/,starcitizen
139,sigmoidp,I bless the rains down in Africa!,1479712413.0,1479683613.0,/r/starcitizen/comments/5dyxjp/what_have_i_done_cr_please_stahp/da8rmr2/,starcitizen
140,sigmoidp,sweet dude,1479658900.0,1479630100.0,/r/starcitizen/comments/5dvnml/85x_and_prowler_loaners_to_be_attributed_on_monday/da7ziks/,starcitizen
141,sigmoidp,"Haha yeah, I mean 3.0 (mayyybe 3.1) should be done by then. Am keen to start playing around this era of SC!",1479657008.0,1479628208.0,/r/starcitizen/comments/5ds767/so_i_finally_did_it_im_a_star/da7yx88/,starcitizen
142,sigmoidp,"Yeah, I imagine they are keeping it behind close doors to reveal at another event to keep the hype going. Personally, I would do the same thing if I had missed the first mark of Citizencon.",1479631350.0,1479602550.0,/r/starcitizen/comments/5duxg4/why_did_we_not_see_any_sq42_footage_at_citizencon/da7loe8/,starcitizen
143,sigmoidp,Do you have papers?,1479631034.0,1479602234.0,/r/starcitizen/comments/5dvda8/be_polite_be_professional_but_have_a_plan_to_kill/da7lhd7/,starcitizen
144,sigmoidp,most mustangs cannot jump either...,1479630611.0,1479601811.0,/r/starcitizen/comments/5dr37e/what_purpose_does_the_85x_serve_in_the_grand/da7l7wz/,starcitizen
145,sigmoidp,"haha, so true",1479617820.0,1479589020.0,/r/starcitizen/comments/5ds767/so_i_finally_did_it_im_a_star/da7cyw7/,starcitizen
146,sigmoidp,"hey bro, exact same story as you...

....just dropped $110 on this project,
 starter Aurora MR + sq 42 + 85X,

Cant wait to play in a year or so lol!

Best,

A fellow citizen!",1479617778.0,1479588978.0,/r/starcitizen/comments/5ds767/so_i_finally_did_it_im_a_star/da7cxwn/,starcitizen
147,sigmoidp,wood is the 90s bro,1479584796.0,1479555996.0,/r/starcitizen/comments/5ds379/does_anyone_else_think_the_previous_wooden/da6uxyt/,starcitizen
148,sigmoidp,Now where the heck did I leave my helmet?,1479577266.0,1479548466.0,/r/starcitizen/comments/5dr2dr/now_where_the_heck_did_i_leave_that_airlock/da6t2gv/,starcitizen
149,sigmoidp,"I heard JIRA, hell yeah!",1479542955.0,1479514155.0,/r/starcitizen/comments/5dpclf/lets_show_support_for_cigs_decision_to_share/da6dpp9/,starcitizen
150,sigmoidp,"oh sorry bud, missed that and thanks for the response!",1479531853.0,1479503053.0,/r/starcitizen/comments/5cip50/weekly_question_and_answer_thread_november_11_2016/da661rr/,starcitizen
151,sigmoidp,"the official anniversary live stream, where can one find the link to view it?",1479530979.0,1479502179.0,/r/starcitizen/comments/5cip50/weekly_question_and_answer_thread_november_11_2016/da65e6f/,starcitizen
152,sigmoidp,BarCitizen DTF,1479452878.0,1479424078.0,/r/starcitizen/comments/5dgmjl/barcitizen_dfw_bedford_icehouse_3pm_nov_19th/da4w5wb/,starcitizen
153,sigmoidp,Kerbal System,1479421361.0,1479392561.0,/r/starcitizen/comments/5dch31/loremakers_guide_to_the_galaxy_kabal_system/da472xs/,starcitizen
154,sigmoidp,"chris roberts said it a couple of months back, in an atv or rtv, cant remember which",1479305194.0,1479276394.0,/r/starcitizen/comments/5d4i2l/can_star_citizen_continue_its_funding_momentum/da2fgip/,starcitizen
155,sigmoidp,REMEMBER THE CANT!,1479172166.0,1479143366.0,/r/starcitizen/comments/5cqg8l/the_expanse/d9zzy57/,starcitizen
156,sigmoidp,"Makes a lot of sense, cheers for all the responses gents",1478891213.0,1478862413.0,/r/starcitizen/comments/5c8yoo/item_20_is/d9vp7mp/,starcitizen
157,sigmoidp,"18th nov, not sure on time",1478839982.0,1478811182.0,/r/starcitizen/comments/5ca9wp/anniversary_sale/d9uv66d/,starcitizen
158,sigmoidp,"lol, awesome",1478837684.0,1478808884.0,/r/starcitizen/comments/5ca0we/interesting_star_citizen_post_on_waypoint/d9ut75l/,starcitizen
159,sigmoidp,"so originally, there was no hierarchy - is that correct yeah?",1478835619.0,1478806819.0,/r/starcitizen/comments/5c8yoo/item_20_is/d9urfer/,starcitizen
160,sigmoidp,"upvoted, this is a real good explanation mate, just out of curiosity, why was this not implemented originally?

edit:question",1478835496.0,1478806696.0,/r/starcitizen/comments/5c8yoo/item_20_is/d9urbp1/,starcitizen
161,sigmoidp,https://www.youtube.com/watch?v=Q2O5gwHLujk   ?,1478673276.0,1478644476.0,/r/starcitizen/comments/5bvte5/looking_for_a_fanmade_sc_soundtrack_i_heard_a/d9rri38/,starcitizen
162,sigmoidp,might see you then mate!,1478629678.0,1478600878.0,/r/starcitizen/comments/5brqyi/uklondon_this_sunday_in_london_bar_citizen_meetup/d9qw8ch/,starcitizen
163,sigmoidp,rimjobs ftw!,1478593432.0,1478564632.0,/r/starcitizen/comments/5borzi/this_community_is_something_else/d9qcsm4/,starcitizen
164,sigmoidp,"Massive star citizen fan here, but I got to hand it to them, IW looks really impressive!",1478554758.0,1478525958.0,/r/starcitizen/comments/5blotd/impressions_of_a_hardcore_star_citizen_fan_of/d9pi7w8/,starcitizen
165,sigmoidp,"dude, its awesome that they, you know, gave us some information to work with",1478239594.0,1478210794.0,/r/starcitizen/comments/5aynlw/star_citizen_around_the_verse_312_austin/d9kml7m/,starcitizen
166,sigmoidp,"its a cultural reference to space quest, a game from ages ago",1478238796.0,1478209996.0,/r/starcitizen/comments/5aynlw/star_citizen_around_the_verse_312_austin/d9klzfh/,starcitizen
167,sigmoidp,dig it,1478238586.0,1478209786.0,/r/starcitizen/comments/5aynlw/star_citizen_around_the_verse_312_austin/d9kltjc/,starcitizen
168,sigmoidp,"here you go mate

https://youtu.be/GucYhhLwIxg?t=50m31s",1478070629.0,1478041829.0,/r/starcitizen/comments/5akzx2/grabby_hands/d9hk0nd/,starcitizen
169,sigmoidp,what this guy said. 3.0 *should* be out by then with way more to do. Better yet come back in a year and mining *should* be in patch 3.1. The game will really begin to start then...,1478070303.0,1478041503.0,/r/starcitizen/comments/5al78l/original_backer_from_kickstarter_and_ignored_til/d9hjrqh/,starcitizen
170,sigmoidp,hell yeah man,1477679438.0,1477650638.0,/r/starcitizen/comments/59tmj9/with_the_sandworm_revealed_lets_get_to_the_next/d9b8rsf/,starcitizen
171,sigmoidp,"Sorry man, was not specific enough - yeah RTS via in game tactical display or a holoviewer... that would be incredible.

I think that having this ability would make your co-pilot (or fleet commander?) much, much more useful in the long term. Imagine being able to drop way points on items of interest (in RTS /tactical view) and push these way points to other members of your group etc etc

Your specialised roles suggestion would be a massive selling point for many gamers out there I recon!",1477418138.0,1477389338.0,/r/starcitizen/comments/5986lt/16_imperium_members_assault_kareah_epic_21man/d96txfp/,starcitizen
172,sigmoidp,"completely agree, there needs to be a homeworld type view for fleet leaders to issue commands",1477412897.0,1477384097.0,/r/starcitizen/comments/5986lt/16_imperium_members_assault_kareah_epic_21man/d96sfs6/,starcitizen
173,sigmoidp,probably the coolest star citizen combat video that I have seen to date - cheers for sharing!,1477412695.0,1477383895.0,/r/starcitizen/comments/5986lt/16_imperium_members_assault_kareah_epic_21man/d96sdoc/,starcitizen
174,sigmoidp,super cool idea dude,1477318709.0,1477289909.0,/r/starcitizen/comments/58zoqm/when_planets_are_in/d95a82u/,starcitizen
176,sigmoidp,Has SpaceX been approached by any other parties with regards to using a Red Dragon to land a payload on mars?,1477288852.0,1477260052.0,/r/spacex/comments/590wi9/i_am_elon_musk_ask_me_anything_about_becoming_a/d94s6rl/,spacex
177,sigmoidp,"Hi there Elon, any plans for an ISRU test on the up and coming red dragon mission?",1477287814.0,1477259014.0,/r/spacex/comments/590wi9/i_am_elon_musk_ask_me_anything_about_becoming_a/d94rgeq/,spacex
178,sigmoidp,"real good idea mate, would like to hear Elon's response!",1477285688.0,1477256888.0,/r/spacex/comments/58yc14/elon_musk_will_be_doing_an_ama_on_rspacex_at_3pm/d94pw6p/,spacex
179,sigmoidp,good idea mate!,1477285453.0,1477256653.0,/r/spacex/comments/590o70/please_read_elon_musk_ama_rules_moderation_notes/d94pq32/,spacex
180,sigmoidp,yeah.,1477067928.0,1477039128.0,/r/starcitizen/comments/58kvs9/who_thinks_26_and_30_will_still_make_2016/d91j12q/,starcitizen
181,sigmoidp,probably linear? https://en.wikipedia.org/wiki/Exponential_function,1476635304.0,1476606504.0,/r/starcitizen/comments/57q0lz/the_polaris_a_sign_of_things_to_come/d8u4aux/,starcitizen
182,sigmoidp,this is solid work dude!,1472224244.0,1472195444.0,/r/MachineLearning/comments/4zjgwv/fork_of_google_deepminds_atari_code_to_play_super/d6x860y/,MachineLearning
183,sigmoidp,Nice work bud,1472106433.0,1472077633.0,/r/MachineLearning/comments/4zdpwb/reinforcement_learning_and_dqn_learning_to_play/d6vaost/,MachineLearning
184,sigmoidp,"Yeah man, this is my sentiment as well. I still fail to see how they are going to pay for the whole mars architecture, I guess we will have to wait until September to find out.",1469766354.0,1469737554.0,/r/spacex/comments/4v008r/chris_b_of_nsf_teases_a_little_insider_knowledge/d5uxwkn/,spacex
185,sigmoidp,"explanation of an rotovator can be found in this paper:

http://alnaspaceprogram.org/studies/tether_release/rotovator_release_orbits.html",1469538455.0,1469509655.0,/r/spacex/comments/4ujgu9/elonmusk_and_id_aa_carmack_tweeting_about/d5r3s6l/,spacex
186,sigmoidp,Would be a good way of advertising (building interest...) of their mission- I don't see how this would be a bad idea at all.,1469366878.0,1469338078.0,/r/spacex/comments/4u7bzy/spacex_should_run_a_mars_mooc_that_looks_at_the/d5oghn9/,spacex
187,sigmoidp,This is really interesting and great idea. Would love to participate and/ or contribute!,1469366802.0,1469338002.0,/r/spacex/comments/4u7bzy/spacex_should_run_a_mars_mooc_that_looks_at_the/d5oggl3/,spacex
188,sigmoidp,"Yeah, Elon Musk seems to think so to:

https://www.tesla.com/blog/master-plan-part-deux
",1469100943.0,1469072143.0,/r/MachineLearning/comments/4tsi2n/udacity_selfdriving_car_engineer_nanodegree_just/d5kiwey/,MachineLearning
190,sigmoidp,"it may not get the performance of SLS sure, but a fully reusable falcon heavy (including fairings) would most likely end up being cheaper than anything else in the market.",1468915696.0,1468886896.0,/r/spacex/comments/4thry7/really_tempting_to_redesign_upper_stage_for/d5hi1tw/,spacex
191,sigmoidp,nice one dude,1468915031.0,1468886231.0,/r/MachineLearning/comments/4thexz/geoff_hintons_neural_networks_for_machine/d5hhm49/,MachineLearning
192,sigmoidp,thanks for this bud,1468846698.0,1468817898.0,/r/spacex/comments/4t2umd/rspacex_spacex_crs9_official_launch_discussion/d5ggzju/,spacex
193,sigmoidp,oh yea!,1468846576.0,1468817776.0,/r/spacex/comments/4t2umd/rspacex_spacex_crs9_official_launch_discussion/d5ggxja/,spacex
194,sigmoidp,godspeed falcon 9!,1468845928.0,1468817128.0,/r/spacex/comments/4t2umd/rspacex_spacex_crs9_official_launch_discussion/d5ggmwr/,spacex
195,sigmoidp,https://www.torproject.org/projects/torbrowser.html.en,1468845847.0,1468817047.0,/r/spacex/comments/4t2umd/rspacex_spacex_crs9_official_launch_discussion/d5ggljg/,spacex
196,sigmoidp,quickly download tor browser!,1468845779.0,1468816979.0,/r/spacex/comments/4t2umd/rspacex_spacex_crs9_official_launch_discussion/d5ggke4/,spacex
197,sigmoidp,"ah thanks guys, yeah John is the man.",1468845724.0,1468816924.0,/r/spacex/comments/4t2umd/rspacex_spacex_crs9_official_launch_discussion/d5ggjf8/,spacex
198,sigmoidp,where is John?,1468845383.0,1468816583.0,/r/spacex/comments/4t2umd/rspacex_spacex_crs9_official_launch_discussion/d5ggdne/,spacex
199,sigmoidp,"ah sorry mate, I did not see this nor did reddit pick it up! :(",1468409003.0,1468380203.0,/r/MachineLearning/comments/4sdrvs/deepmind_learns_to_play_montezumas_revenge/d5a4ydo/,MachineLearning
200,sigmoidp,"good on you, this is awesome!",1468388880.0,1468360080.0,/r/MachineLearning/comments/4sh5cn/autonomous_robot_driven_by_tensorflow_cnn/d59s1u9/,MachineLearning
201,sigmoidp,"Hey guys, i got to meet the deputy administrator for NASA this evening- managed to take a selfie with her, she was really cool.

I asked a question wether NASA was planning to reboost hubble any time soon and she said that there is nothing in the works, which is unfortunate as I believe SpaceX pitched this as an idea for dragon a while back.

One interesting tid bid of SpaceX related information however came from a question that somebody else asked her about with regards to NASA's involvement in SpaceX's Mars Mission. She mentioned a ""scientific instrument package"" that NASA will be providing to get all the information out of the vehicle as it goes through Mars atmosphere during descent. Maybe she was just mincing words to answer the question as fast as she could, and I have heard that NASA will be cooperating with SpaceX- but this is first I have heard of an actual package provided by NASA to do it.

Also, were you there Luke?",1468343758.0,1468314958.0,/r/spacex/comments/4sdtip/new_nasa_document_outlying_the_economic/d5902qq/,spacex
202,sigmoidp,"Shes actually in New Zealand at the moment! Going to try and gatecrash this, on tonight @ 6pm!

http://www.royalsociety.org.nz/events/journey-to-mars/



",1468328607.0,1468299807.0,/r/spacex/comments/4sdtip/new_nasa_document_outlying_the_economic/d58uuqc/,spacex
203,sigmoidp,"Yeah, I guess it is an opinion piece. A collection of them actually, published by NASA. I found it here:

https://blogs.nasa.gov/newman/2016/07/11/building-a-commercial-market-in-low-earth-orbit/",1468328010.0,1468299210.0,/r/spacex/comments/4sdtip/new_nasa_document_outlying_the_economic/d58ukk7/,spacex
14,sigmoidp,New NASA document outlying the economic development of LEO with references to SpaceX. ,1468306806.0,1468278006.0,/r/spacex/comments/4sdtip/new_nasa_document_outlying_the_economic/,spacex
15,sigmoidp,Deepmind learns to play Montezuma's Revenge. ,1468306207.0,1468277407.0,/r/MachineLearning/comments/4sdrvs/deepmind_learns_to_play_montezumas_revenge/,MachineLearning
204,sigmoidp,"will investigate this, cheers bud",1468042647.0,1468013847.0,/r/MachineLearning/comments/4rrg5g/what_is_the_best_machine_learning_algorithm_for/d54tlo6/,MachineLearning
205,sigmoidp,"this is great, thanks mate",1468042565.0,1468013765.0,/r/MachineLearning/comments/4rrg5g/what_is_the_best_machine_learning_algorithm_for/d54tjpd/,MachineLearning
206,sigmoidp,"sweet man, thanks",1467970749.0,1467941949.0,/r/MachineLearning/comments/4rrg5g/what_is_the_best_machine_learning_algorithm_for/d53o9hp/,MachineLearning
207,sigmoidp,"mate, this is awesome. Cheers",1467970314.0,1467941514.0,/r/MachineLearning/comments/4rrg5g/what_is_the_best_machine_learning_algorithm_for/d53nz99/,MachineLearning
208,sigmoidp,thanks man,1467968046.0,1467939246.0,/r/MachineLearning/comments/4rrg5g/what_is_the_best_machine_learning_algorithm_for/d53miy6/,MachineLearning
209,sigmoidp,"Yeah, I guess it would be interesting to see if there is some structure there",1467962865.0,1467934065.0,/r/MachineLearning/comments/4rrg5g/what_is_the_best_machine_learning_algorithm_for/d53j6nr/,MachineLearning
210,sigmoidp,Cheers bud,1467962500.0,1467933700.0,/r/MachineLearning/comments/4rrg5g/what_is_the_best_machine_learning_algorithm_for/d53ixrk/,MachineLearning
16,sigmoidp,What is the best machine learning algorithm for predicting lotto ticket numbers?. [removed],1467961045.0,1467932245.0,/r/MachineLearning/comments/4rrg5g/what_is_the_best_machine_learning_algorithm_for/,MachineLearning
211,sigmoidp,Oh he/she could do both?,1467355678.0,1467326878.0,/r/spacex/comments/4qhupn/i_am_a_seasoned_aerospace_manufacturing/d4umfwl/,spacex
212,sigmoidp,"oh yup- see it now, nice spotting bud!",1466354133.0,1466325333.0,/r/spacex/comments/4or3p8/spacex_drone_ship_returns_to_cape_canaveral/d4f787g/,spacex
213,sigmoidp,looks like wings of OCISLY are up,1466325446.0,1466296646.0,/r/spacex/comments/4or3p8/spacex_drone_ship_returns_to_cape_canaveral/d4ev04d/,spacex
17,sigmoidp,Startup weekend Wellington: please help full out our survey monkey form to help validate our idea!. [removed],1464415362.0,1464386562.0,/r/Entrepreneur/comments/4ld2l0/startup_weekend_wellington_please_help_full_out/,Entrepreneur
