,author,body,created,created_utc,permalink,subreddit
0,hotdoggang,Your caller needs to chill and be on the front line,1574254595.0,1574225795.0,/r/albiononline/comments/dyun0p/nirnasha_castles/f83zu7r/,albiononline
0,hotdoggang,"Patrolling, from inside of Russian Tigr. ",1573624940.0,1573596140.0,/r/PublicFreakout/comments/dvha9b/patrolling_from_inside_of_russian_tigr/,PublicFreakout
1,hotdoggang,Unfinished floors and risky business slides mean deep slivers (heavy breathing warning). ,1573358956.0,1573330156.0,/r/FeltGoodComingOut/comments/du109a/unfinished_floors_and_risky_business_slides_mean/,FeltGoodComingOut
2,hotdoggang,This Japanese Rock Paper Scissors Competition. ,1573196298.0,1573167498.0,/r/InterdimensionalCable/comments/dt5yf3/this_japanese_rock_paper_scissors_competition/,InterdimensionalCable
1,hotdoggang,"I bet people don’t talk about it because it’s along the lines of: cut coke can kill you, it funds the cartels, and highly addictive",1573096010.0,1573067210.0,/r/HistoryMemes/comments/dsgrkr/weve_all_been_there/f6pyqq5/,HistoryMemes
3,hotdoggang,Huge botfly maggot in upper lip. ,1571953488.0,1571924688.0,/r/FeltGoodComingOut/comments/dmgm5f/huge_botfly_maggot_in_upper_lip/,FeltGoodComingOut
2,hotdoggang,"The top 180 (I think) guilds get battle mounts, that’s probably like 10k+ people",1571785772.0,1571756972.0,/r/albiononline/comments/dlbda3/new_beetle_mount_abilities/f4qqm9n/,albiononline
3,hotdoggang,"Also with how people gear up people will risk an almost equal amount to the supplies they bring. An inventory with pots and food can cost 100k and you will probably only make a little more than that for a kill. 

And you also have to be like a maxed account with barrows gloves and have access to a strong +1 or you are really disadvantaged, the other option is to make a pure but pures only risk a dds half the time.",1571616170.0,1571587370.0,/r/2007scape/comments/dkg3v8/not_surprising_anymore/f4h2b11/,2007scape
4,hotdoggang,Tesla on Autopilot senses three bears on highway. ,1571612497.0,1571583697.0,/r/SelfDrivingCars/comments/dkkq5w/tesla_on_autopilot_senses_three_bears_on_highway/,SelfDrivingCars
4,hotdoggang,Any full loot mmo is toxic due to the nature of it. In my experience other games are worse than albion,1571611706.0,1571582906.0,/r/albiononline/comments/dkdffp/mcdonalds_back_stabs_and_tries_to_extort_new_bros/f4go20h/,albiononline
5,hotdoggang,"So the standard gear that alliances use is 6.1, and if your in a guild you can probably get to their in 1 or 2 5 man fame farm sessions, for red/black zones you can go out in t4 and do fine.

If you are trying to gank their are many people out there that rock 4.1 and just try to kill anyone they can. 4 and 4.1 are really cheap so you don’t need to worry about dying so much.

Before you start hitting red zones or black zones you should buy a few sets of your gear in advance, that way when you die it doesn’t feel as bad and you can get geared up again quickly",1571429724.0,1571400924.0,/r/albiononline/comments/djkia2/pkpvp_at_what_tier/f45yxy2/,albiononline
6,hotdoggang,"That’s what I was thinking especially since it’s runescape, probably the kid is addicted to rs and the parents are helicopter parents that don’t want him to play anything. It’s probably making the kid more addicted",1571304779.0,1571275979.0,/r/unexpectedrunescape/comments/dite9i/being_kicked_out_of_the_house_for_playing_rs/f3zshob/,unexpectedrunescape
7,hotdoggang,"I just downvoted your comment.

FAQ

What does this mean?

The amount of karma (points) on your comment and Reddit account has decreased by one.

Why did you do this?

There are several reasons I may deem a comment to be unworthy of positive or neutral karma. These include, but are not limited to:

•	⁠Rudeness towards other Redditors, •	⁠Spreading incorrect information, •	⁠Sarcasm not correctly flagged with a /s.

Am I banned from the Reddit?

No - not yet. But you should refrain from making comments like this in the future. Otherwise I will be forced to issue an additional downvote, which may put your commenting and posting privileges in jeopardy.

I don't believe my comment deserved a downvote. Can you un-downvote it?

Sure, mistakes happen. But only in exceedingly rare circumstances will I undo a downvote. If you would like to issue an appeal, shoot me a private message explaining what I got wrong. I tend to respond to Reddit PMs within several minutes. Do note, however, that over 99.9% of downvote appeals are rejected, and yours is likely no exception.

How can I prevent this from happening in the future?

Accept the downvote and move on. But learn from this mistake: your behavior will not be tolerated on Reddit.com. I will continue to issue downvotes until you improve your conduct. Remember: Reddit is privilege, not a right.",1571288434.0,1571259634.0,/r/quityourbullshit/comments/diqdrm/repost_cause_im_an_idiot_and_forgot_to_cover_a/f3yugnp/,quityourbullshit
8,hotdoggang,"Makes sense, people probably go out in red zones with their top gear that they can’t replace, realize they need to farm t3/4 mobs and resources again and then they just quit. 

What really makes death less hardcore is when you already have gear to replace what you lost so when you die instead of exiting out you just run to the bank and get set up again.",1570857079.0,1570828279.0,/r/albiononline/comments/dg2zg8/just_a_reminder_of_how_many_new_players_stick/f3cu7i6/,albiononline
9,hotdoggang,"Keeping troops there was preventing war, we took troops out now there is war",1570840305.0,1570811505.0,/r/PublicFreakout/comments/dgexfp/volunteer_soldier_for_the_kurds_freaking_out_on/f3bj6y9/,PublicFreakout
10,hotdoggang,"I have been saying for over a year that while I understand the reasoning for pulling out troops overseas can make sense, leaving them in North East Syria where the Kurds are is actually preventing war due to a Turkish invasion and that the U.S soldiers stationed there are generally safe. People would downvote me for this, and now Trump pulls out the soldiers and guess what is happening? Turkey is invading the Kurds and a new development in the r/syriancivilwar is happening.",1570840231.0,1570811431.0,/r/PublicFreakout/comments/dgexfp/volunteer_soldier_for_the_kurds_freaking_out_on/f3bj2s4/,PublicFreakout
11,hotdoggang,"Yes but the media will say they are civilians and some will say they aren’t. And then troops will kill combatants and media will say that they just placed a weapon by their corpse, and sometimes the troops will kill civilians and leave weapons by their corpse. 

Civilians taking up arms is so messy",1570679391.0,1570650591.0,/r/syriancivilwar/comments/dfjbq3/woman_from_the_ypg_fighters_wearing_civilian/f346jcy/,syriancivilwar
12,hotdoggang,I’ve been meaning to post this guy’s stuff glad to see it getting attention.,1570617652.0,1570588852.0,/r/CombatFootage/comments/df301n/fresh_interviews_from_the_active_frontline_in/f31zcea/,CombatFootage
5,hotdoggang,June member gets ganked transporting GvG gear. ,1570540113.0,1570511313.0,/r/albiononline/comments/devhql/june_member_gets_ganked_transporting_gvg_gear/,albiononline
13,hotdoggang,He listed an omlette on the market for 1 billion silver and lost 10m from the tax lmao,1570511983.0,1570483183.0,/r/albiononline/comments/dejzou/sbi_refunded_my_10_mill_for_the_omlete_incident/f2xvzzt/,albiononline
14,hotdoggang,Not like the western world would care about anything unrelated to trump anyway,1570318659.0,1570289859.0,/r/PublicFreakout/comments/ddgnis/at_least_65_people_have_been_killed_and_1902/f2kwibo/,PublicFreakout
15,hotdoggang,"Don’t worry man, social media makes it easy for people in the spotlight to vent and look bad. Also unrelated question, were you in Redemption?",1570317738.0,1570288938.0,/r/2007scape/comments/ddf7e7/rendi_not_happy_with_the_golden_gnome_outcome/f2ksq9q/,2007scape
16,hotdoggang,People like to hate OOPS but atleast they didn’t merge 3 alliances with high quality guilds like Blue Army and June. No wonder oops canceled CTAs,1570316801.0,1570288001.0,/r/albiononline/comments/ddjazv/albions_gvg_encouraging_stacking_alliances_and/f2kp44q/,albiononline
17,hotdoggang,Cats,1570316719.0,1570287919.0,/r/WTF/comments/ddmw26/the_great_return_of_the_black_death/f2kow3u/,WTF
18,hotdoggang,Lol remember when the same was suggested with Venezuela?,1570099337.0,1570070537.0,/r/nextfuckinglevel/comments/dceatj/i_will_remember_this_speech_for_the_rest_of_my/f28tu7t/,nextfuckinglevel
19,hotdoggang,I would come back to the game for this,1569968031.0,1569939231.0,/r/2007scape/comments/dbqqah/suggestion_add_an_ornament_kit_for_a_rune/f23wa23/,2007scape
20,hotdoggang,I was p2p but I would spend all my time at f2p clan wars,1569823401.0,1569794601.0,/r/2007scape/comments/dav2ys/make_clan_wars_great_again/f1x723b/,2007scape
21,hotdoggang,"Cool stuff, good luck",1569820334.0,1569791534.0,/r/albiononline/comments/db0k06/when_me_and_the_boys_meet_up_in_blue_zone/f1wzkpt/,albiononline
22,hotdoggang,Is this guild related to the brave newbies in Eve online?,1569819826.0,1569791026.0,/r/albiononline/comments/db0k06/when_me_and_the_boys_meet_up_in_blue_zone/f1wyaun/,albiononline
23,hotdoggang,Make sure you are in a map with a high enchant rate,1569729619.0,1569700819.0,/r/albiononline/comments/d9migw/how_do_you_stay_positive/f1qhev9/,albiononline
24,hotdoggang,True true #hotdogs,1569049595.0,1569020795.0,/r/albiononline/comments/d6jogs/best_albion_original_song_to_date/f0x3pji/,albiononline
25,hotdoggang,"Lol

Eliozie and lil peep were from the osrs clanning scene make it big and rep albion",1568984017.0,1568955217.0,/r/albiononline/comments/d6jogs/best_albion_original_song_to_date/f0uyc3w/,albiononline
26,hotdoggang,Yes 200 people should beat 100 people that seems fair to me,1568934239.0,1568905439.0,/r/albiononline/comments/d6dse6/albion_online_queen_update_introduction/f0sif3b/,albiononline
27,hotdoggang,If there would be any way to have a 100v100 gvgs that would be interesting.,1568890158.0,1568861358.0,/r/albiononline/comments/d5uf4k/sbi_please/f0qkf9d/,albiononline
28,hotdoggang,BankShare = true;,1568882746.0,1568853946.0,/r/2007scape/comments/d5xgjy/introducing_old_school_runescape_leagues/f0q4xlv/,2007scape
29,hotdoggang,"If Player = GroupIronMan:
               trade = true;
There I did the engine one Jamflex time to implement it",1568882435.0,1568853635.0,/r/2007scape/comments/d5xgjy/introducing_old_school_runescape_leagues/f0q4ce9/,2007scape
30,hotdoggang,They said it would be easy to do but instead they are releasing something that will appeal to the 1% of people who like grinding 16 hrs a day and are able to,1568873956.0,1568845156.0,/r/2007scape/comments/d5xgjy/introducing_old_school_runescape_leagues/f0prmi9/,2007scape
31,hotdoggang,Some dudes just don’t wear shirts especially if your living in a hot area I bet he didn’t think anything of it,1564958118.0,1564929318.0,/r/PublicFreakout/comments/cluc47/dad_exposes_his_daughter_as_a_thot_to_all_of_her/evycruz/,PublicFreakout
32,hotdoggang,People use shark brew now,1563749851.0,1563721051.0,/r/2007scape/comments/cfqnp3/introduce_clan_wars_staking_where_clans_can_wager/eudlnt6/,2007scape
6,hotdoggang,Removal of a “splinter” from r/wtf. ,1562588118.0,1562559318.0,/r/FeltGoodComingOut/comments/cagcu8/removal_of_a_splinter_from_rwtf/,FeltGoodComingOut
33,hotdoggang,"Anti-pvp players cry about how toxic PvPers are yet they would be just as toxic in a competitive situation (like competing for a training spot) and also voting no to every pvp update so the other community can’t have fun. 

It’s funny how much they hate it but it really does bring a lot to the game, it’s a huge item sink for food and pots, kills bots, and most importantly provides content creators a ton of content. The most popular youtubers and sometimes streamers often are pking in their videos and that has a big potential for random people to stumble upon and find out about the game",1561126107.0,1561097307.0,/r/2007scape/comments/c2u583/wilderness_updates_and_dmm_summer_finals/erp2u1o/,2007scape
34,hotdoggang,I think new skills and updates would attract new players to the game and they are usually somewhat easy to implement. Remaking every model like Mod Mat K said would potentially take a year and for that cost it wouldn’t be worth it considering it probably would bring in the same if not less players as new content,1560588607.0,1560559807.0,/r/2007scape/comments/c0934u/i_just_want_updated_thoughts_from_jagex_on/er6wshv/,2007scape
35,hotdoggang,The sub is called r/pcmasterrace what do you expect,1560206532.0,1560177732.0,/r/pcmasterrace/comments/bywuy5/never_seen_before_like_never_seen_before/eqnmoaq/,pcmasterrace
36,hotdoggang,You got atleast 4 accounts to shill with I see,1559692428.0,1559663628.0,/r/2007scape/comments/bwjwqr/guy_got_interviewed_about_autism_on_tv_program_in/epzdpw3/,2007scape
7,hotdoggang,My cat sneezing out a larva that got stuck in her nose. This is about a year ago and she is happy and healthy today.. ,1559649078.0,1559620278.0,/r/FeltGoodComingOut/comments/bwk8ax/my_cat_sneezing_out_a_larva_that_got_stuck_in_her/,FeltGoodComingOut
8,hotdoggang,"Steve-O climbs a crane to protest Sea World, ends up shutting down Hollywood.. ",1558502612.0,1558473812.0,/r/chaoticgood/comments/brg45i/steveo_climbs_a_crane_to_protest_sea_world_ends/,chaoticgood
9,hotdoggang,"Nils Nilsson, pioneer in robotics and artificial intelligence, dies at 86. ",1556144738.0,1556115938.0,/r/technology/comments/bgv8xp/nils_nilsson_pioneer_in_robotics_and_artificial/,technology
37,hotdoggang,r/libyancrisis,1555757638.0,1555728838.0,/r/CombatFootage/comments/bf5jvy/the_sound_of_rockets_flying_overhead_in_tripoli/elbhjyv/,CombatFootage
38,hotdoggang,He smashed the back window for no reason 😭,1545876227.0,1545847427.0,/r/PublicFreakout/comments/a9pars/just_a_normal_traffic_accident_in_miami_fl/eclkye5/,PublicFreakout
39,hotdoggang,Reminds me of the navy seal video game on PS2,1542944145.0,1542915345.0,/r/CombatFootage/comments/9zf400/kataib_hezbollah_members_assault_and_eliminate_a/ea93o1e/,CombatFootage
10,hotdoggang,Super Scooter Shooter 🛴. ,1542943093.0,1542914293.0,/r/ShitPussiesDo/comments/9zh0e1/super_scooter_shooter/,ShitPussiesDo
40,hotdoggang,"⣿⣿⣿⣿⣿⠟⠉⠁⠄⠄⠄⠈⠙⠿⣿⣿⣿⣿⣿⣿⣿⣿⣿⣿ ⣿⣿⣿⣿⠏⠄⠄⠄⠄⠄⠄⠄⠄⠄⠸⢿⣿⣿⣿⣿⣿⣿⣿⣿ ⣿⣿⣿⣏⠄⡠⡤⡤⡤⡤⡤⡤⡠⡤⡤⣸⣿⣿⣿⣿⣿⣿⣿⣿ ⣿⣿⣿⣗⢝⢮⢯⡺⣕⢡⡑⡕⡍⣘⢮⢿⣿⣿⣿⣿⣿⣿⣿⣿ ⣿⣿⣿⣿⡧⣝⢮⡪⡪⡪⡎⡎⡮⡲⣱⣻⣿⣿⣿⣿⣿⣿⣿⣿ ⣿⣿⣿⠟⠁⢸⡳⡽⣝⢝⢌⢣⢃⡯⣗⢿⣿⣿⣿⣿⣿⣿⣿⣿ ⣿⠟⠁⠄⠄⠄⠹⡽⣺⢽⢽⢵⣻⢮⢯⠟⠿⠿⢿⣿⣿⣿⣿⣿ ⡟⢀⠄⠄⠄⠄⠄⠙⠽⠽⡽⣽⣺⢽⠝⠄⠄⢰⢸⢝⠽⣙⢝⢿ ⡄⢸⢹⢸⢱⢘⠄⠄⠄⠄⠄⠈⠄⠄⠄⣀⠄⠄⣵⣧⣫⣶⣜⣾ ⣧⣬⣺⠸⡒⠬⡨⠄⠄⠄⠄⠄⠄⠄⣰⣿⣿⣿⣿⣿⣷⣽⣿⣿ ⣿⣿⣿⣷⠡⠑⠂⠄⠄⠄⠄⠄⠄⠄⣿⣿⣿⣿⣿⣿⣿⣿⣿⣿ ⣿⣿⣿⣿⣄⠠⢀⢀⢀⡀⡀⠠⢀⢲⣿⣿⣿⣿⣿⣿⣿⣿⣿⣿ ⣿⣿⣿⣿⣿⢐⢀⠂⢄⠇⠠⠈⠄⣿⣿⣿⣿⣿⣿⣿⣿⣿⣿⣿ ⣿⣿⣿⣿⣧⠄⠠⠈⢈⡄⠄⢁⢀⣾⣿⣿⣿⣿⣿⣿⣿⣿⣿⣿ ⣿⣿⣿⣿⣿⡀⠠⠐⣼⠇⠄⡀⠸⣿⣿⣿⣿⣿⣿⣿⣿⣿⣿⣿ ⣿⣿⣿⣿⣯⠄⠄⡀⠈⠂⣀⠄⢀⠄⠈⣿⣿⣿⣿⣿⣿⣿⣿⣿ ⣿⣿⣿⣿⣿⣶⣄⣀⠐⢀⣸⣷⣶⣶⣶⣿⣿⣿⣿⣿⣿⣿⣿⣿ I'm gnot a gnelf, I'm gnot a gnoblin, I'm a gnome! And you've been... gnomed!",1542539323.0,1542510523.0,/r/u_drop_official/comments/9vcxoh/massdrop_x_sennheiser_hd6xx_50k_sold_19999_now/e9xo41g/,u_drop_official
11,hotdoggang,Make group chat subreddit links work. I can type r/funny in normal reddit and it will work but when in a group chat it doesn't show a link just text,1542085403.0,1542056603.0,/r/ideasfortheadmins/comments/9wi473/make_group_chat_subreddit_links_work/,ideasfortheadmins
12,hotdoggang,Let us like/react to each others posts in group chats like in IOS group chats. I want to be able to show the group members in the chat whether I thought there post was funny or cool or what not. ,1542084743.0,1542055943.0,/r/ideasfortheadmins/comments/9wi0cc/let_us_likereact_to_each_others_posts_in_group/,ideasfortheadmins
