,author,body,created,created_utc,permalink,subreddit
0,EcstaticYam9,"Cat-shaped heels, anyone?. ",1565870920.0,1565842120.0,/r/Shoes/comments/cqky3c/catshaped_heels_anyone/,Shoes
1,EcstaticYam9,#Bookcrossing: Translated Israeli books hit the streets of Ecuador. ,1565638338.0,1565609538.0,/r/books/comments/cpb4oa/bookcrossing_translated_israeli_books_hit_the/,books
2,EcstaticYam9,Translated Israeli books hit the streets of Ecuador. ,1565635408.0,1565606608.0,/r/ecuador/comments/cpaocd/translated_israeli_books_hit_the_streets_of/,ecuador
3,EcstaticYam9,This tech helps self-driving cars see well in all weather. ,1565614195.0,1565585395.0,/r/Futurology/comments/cp7nda/this_tech_helps_selfdriving_cars_see_well_in_all/,Futurology
4,EcstaticYam9,This tech helps self-driving cars see well in all weather. ,1565613476.0,1565584676.0,/r/SelfDrivingCars/comments/cp7j7r/this_tech_helps_selfdriving_cars_see_well_in_all/,SelfDrivingCars
5,EcstaticYam9,Meet the Israeli conductor harmonizing East and West. ,1565011517.0,1564982717.0,/r/classicalmusic/comments/cm6uft/meet_the_israeli_conductor_harmonizing_east_and/,classicalmusic
6,EcstaticYam9,The man who took us behind the scenes of Eurovision. ,1564987863.0,1564959063.0,/r/eurovision/comments/cm2tlp/the_man_who_took_us_behind_the_scenes_of/,eurovision
7,EcstaticYam9,The 21 top Israeli music albums since the 1980s. ,1564987256.0,1564958456.0,/r/Israel/comments/cm2pp1/the_21_top_israeli_music_albums_since_the_1980s/,Israel
