,author,body,created,created_utc,permalink,subreddit
0,asim1342,"help in applying. I am about to finish my bs mechatronics with CGPa of 2.9/4 I want to apply in some Low-cost US university in MS electrical ,do I stand a chance kindly guide",1573246453.0,1573217653.0,/r/gradadmissions/comments/dtf1dr/help_in_applying/,gradadmissions
1,asim1342,Raspberry Pi 4 psu. [removed],1572901844.0,1572873044.0,/r/raspberry_pi/comments/drheom/raspberry_pi_4_psu/,raspberry_pi
2,asim1342,My First Self drive RC car. [removed],1572901205.0,1572872405.0,/r/raspberry_pi/comments/drha3f/my_first_self_drive_rc_car/,raspberry_pi
3,asim1342,Self driving Car help.  So I am building my first scaled self-driving car using raspberry pi and pi camera; in order to steer the car I am doing frame center - the center of the lane an error is generated which I am using to steer the car; how can I improve my steering; how to apply PID to it,1572900557.0,1572871757.0,/r/donkeycar/comments/drh5pa/self_driving_car_help/,donkeycar
4,asim1342,Working on Self driving Car. So I am building my first scaled self-driving car using raspberry pi and pi camera in order to steer the car I am doing frame centre - the centre of the lane an error is generated which I am using this to my steer the car how can i improve my steering how to apply PID to it,1572697695.0,1572668895.0,/r/SelfDrivingCars/comments/dqfk9b/working_on_self_driving_car/,SelfDrivingCars
